Tweet_created_at,likes_count,replies_count,retweets_count,username,name,birth_date,country_name,tweet_text,id,year
Tue Feb 13 23:55:19 +0000 2024,1174,30,743,USER_00001,NAME_00001,,United States,"""...the first COVID shot was called the hepatitis B vaccine...
Vaccine AIDS is COVID-19 : Unintended consequences of three decades of liability-free vaccine...
So everything they're calling vaccines are not and so now we've got an explosion of chronic diseases...

There's no such thing as autoimmunity, you don’t attack yourself. We are poisoned with underlying conditions that go back three generations, as disease X was all about poisoning our X chromosome, the On-Off switch of our genes, our own god-given endogenous virome protects...
We saw it then, we see it now.
Hey, we heal it now!""

For the Autism Health conference  presentation replays, purchase a ""Virtual Recording Ticket"" :
@ https://t.co/ko82lVqlZG

#truth #health #news #vaccine #Autism #Covid_19 #DiseaseX #DiedSuddenly #XMRV #Fauci #CDC #FDA #Faith #GodWins @autism #AIDS #FreedomOfSpeech",1.76E+18,2024
Thu Jan 04 16:22:17 +0000 2024,722,31,466,USER_00001,NAME_00001,,United States,"""Here's SARS CoV2 and the bio weapons. Nothing on the CDC schedule is a vaccine, all are synthetic viruses, synthetic! What did Elon Musk tell you? Oh, what was the silver lining in the whole COVID thing? Oh the knowledge gain on synthetic biology, HIV GP 120. And this comes straight from a picture from the New York Times. SARS ace receptor 2 binding domain it's not a Coronavirus. So every poor Doctor, MD, or anybody else who treated a Coronavirus, and I know many good doctors, like the good doctor Urso and others. The lessons Pierre Kory learned on ivermectin. It's a, it's a retrovirus. You don't test for it that way and you don't treat it that way. The public health even wrote XMRV, PCR is not a good test for XMRVs, because we have a whole genome full of our own god given endogenous viruses, they're bio weapons, they have to be injected. They're defective. They spread the bomb only through you and your family. Not another shot. Every shot has HIV or XMRV in them.""
Watch my full talk at ReAwaken America Tulare: On Bitchute full interview:
https://t.co/fSWAEQw9cR

#truth #health #news #vaccines #ExcessDeaths #thursdayvibes #thursdaymorning #CDC #Covid  #faith #GodWins @TheClayClark",1.74E+18,2024
Thu Jul 27 23:25:17 +0000 2023,141,0,66,USER_00001,NAME_00001,,United States,"Tomorrow 9AM PST, 5PM GMT, I will be talking live with Brian Rose on https://t.co/VjGpme902x! 

#news #truth #health #selfcare #DiedSuddenly #fauci #CDC #FDA #COVID19 #vaccine #government #NIH #HIV #AIDS #XMRV",1.68E+18,2023
Mon Feb 12 15:20:04 +0000 2024,47,2,36,USER_00002,NAME_00002,,,Could COVID Vaccines Lead to an AIDS-like Pandemic? https://t.co/haawv3LTTs,1.76E+18,2024
Mon Feb 12 15:22:08 +0000 2024,10,0,15,USER_00002,NAME_00002,,,Could COVID Vaccines Lead to an AIDS-like Pandemic? https://t.co/aWH7yjB0DJ,1.76E+18,2024
Sun Feb 11 14:32:00 +0000 2024,35,7,14,USER_00003,NAME_00003,,United States,"When people find out the COVID vaccines are owned by the NIH, AND were manufactured by Military contractors not Pfizer. Just like AIDS was created by the military. #WakeUp",1.76E+18,2024
Sun Feb 11 18:38:44 +0000 2024,0,0,1,USER_00004,NAME_00004,,,Long covid.  Aids virus added to covid vaccine.  You'll be good  for 8 or 9 years .,1.76E+18,2024
Wed Feb 14 13:58:07 +0000 2024,39,1,75,USER_00005,NAME_00005,,Australia,"Could COVID Vaccines Lead to an AIDS-like Pandemic?
#longcovid https://t.co/03qMrXSURa",1.76E+18,2024
Mon Jan 22 02:26:50 +0000 2024,55,0,110,USER_00005,NAME_00005,,Australia,"01/19/2024 Dr. Peter McCullough: Nine studies are reporting false positive HIV tests.
This can happen after Covid and Covid vaccination, which suggests a form of immunodeficiency.
So the investigation into VAIDS ( Vaccine Acquired Immune Deficiency Syndrome) is very important. https://t.co/iYfHnTjWQ2",1.75E+18,2024
Thu Dec 28 07:23:17 +0000 2023,59,4,101,USER_00005,NAME_00005,,Australia,"Professor Burkhardt said in a widely circulated speech that he would not advise women get pregnant with men who have been vaccinated with C19 vaccine.

In the interview, he provided more context for his statement and explained how the COVID-19 vaccine affects reproductive organs! https://t.co/6lWK2J1SLK",1.74E+18,2023
Tue Feb 13 12:51:21 +0000 2024,46,1,2,USER_00006,NAME_00006,,,"@DrJanKirsch @MakisMD AIDS by covid vaccine by Doctors 

https://t.co/BRQ22L7qu1",1.76E+18,2024
Sat Feb 10 00:48:21 +0000 2024,75,3,9,USER_00007,NAME_00007,,,"Abbot Laboratories is a top Amazon advertiser. 
Abbot manufactured the experimental hep b vaccine that spread the AIDS bioweapon in Manhatten, caused a baby formula shortage after their formula was recalled for bacterial infections, and made the first widely used covid tests. https://t.co/0fhG36kpRX",1.76E+18,2024
Wed Feb 14 23:14:15 +0000 2024,5,2,1,USER_00008,NAME_00008,,United Kingdom,The Covid denialist/anti-vaccine/AIDS denialist “crank magnetism” 😢,1.76E+18,2024
Wed Feb 14 20:51:48 +0000 2024,97,14,23,USER_00008,NAME_00008,,United Kingdom,"Such a surprise (not!) that prominent Covid denialists are also AIDS denialists/homophobes/Fauci haters

Reminder: Bret is one of the vaccine experts on Ron DeSantis's vaccine advisory panel; the other experts are listed at https://t.co/kvSnyMJokA",1.76E+18,2024
Mon Feb 12 11:36:14 +0000 2024,0,0,0,USER_00009,NAME_00009,,,Could COVID Vaccines Lead to an AIDS-like Pandemic? https://t.co/DS377Nzmby,1.76E+18,2024
Sat Feb 10 19:54:10 +0000 2024,12,3,1,USER_00010,NAME_00010,,,"@LFaraday The COVID vaccine was quickly synthesized due to the prior ten years of research and advancements successfully developing the AIDS vaccine.
Me thinks this is what sticks in the antivaxxers craw.
Geeze. Get a life.",1.76E+18,2024
Fri Feb 16 04:30:48 +0000 2024,0,0,0,USER_00011,NAME_00011,,United States,@GatorKush963 Once you take the booster shots of the covid-19 vaccine you will definitely have AIDS,1.76E+18,2024
Fri Feb 16 04:31:58 +0000 2024,0,0,0,USER_00011,NAME_00011,,United States,@BillboardChris Take a few of those covid-19 vaccine booster shots and you will truly have AIDS and a lot of other nasty s***,1.76E+18,2024
Fri Feb 16 04:30:28 +0000 2024,0,0,0,USER_00011,NAME_00011,,United States,"@OwenBenjamin You can get AIDS from the booster shots COVID-19 vaccine...
Keep Boosting 💉💉💉",1.76E+18,2024
Sun Feb 11 13:51:12 +0000 2024,9,2,6,USER_00012,NAME_00012,,United States,"Great post and point! 
I'm wondering why we don't talk about this more:
Covid came from bats... we know that's a FN lie. We don't talk much about the commonalities covid has to another killer disease, AIDS. 
We were told AIDS came from monkeys. 
Now the ""covid' vaccine is being accused of causing ""Vaids"" which is just Aids via 'V'accine. 
I think it's tough to link the 2 if you aren't old enough to remember the 80's but they did this to us before. 
I'll assume AIDS came from their demon lab as well.",1.76E+18,2024
Thu Feb 15 20:43:34 +0000 2024,1,1,0,USER_00013,NAME_00013,,,"𝙄𝙛 there’s a God judging us when we leave this earthly plane: is a man found less responsible for covid, measles &amp; aids deaths due to his reckless spreading of misinfo about vaccines &amp; antiretroviral therapies, as he would be for murdering them by putting a gun to their heads? https://t.co/x0VzHo0Wb1",1.76E+18,2024
Sat Feb 10 14:05:39 +0000 2024,3,0,1,USER_00014,NAME_00014,,United States,Fauci spent 30 years working on AIDS with no vaccine.  Made $Millions$ from Covid &amp; retired on the biggest Government pension.,1.76E+18,2024
Wed Feb 14 21:15:38 +0000 2024,0,3,0,USER_00015,NAME_00015,,United States,@krebiozen @Humans_R_Free @crabb_vicki @FrankDElia7 @Monstercoyliar @FUDyou2 @ToBornin @NewSeasonsSpa @vstefans @ktibus @Awithonelison @SkepticalMutant @mcfunny @chezronify @cappsie @gavleeham @dann58638436 @TheCrystalBrian @iXeno @TMGFlorida @handmadekathy @ReneeBa41879905 @wjack76995 @TheFrankmanMN @Augusti03401363 @ianfmusgrave @TruthTwt @natedoromal @jayjoseph22 @rightwingblack2 @IainMulady @doritmi @JCDeardeuff @Izzitreally2 @Jccalmond2 @TweetOfSteiner @BlueLionBlog @thisisnothappen @Blackcatprowl3 @isa_picard @HawkInATX @VVDeingott @foofdawg @4thEchelon22 @TinFoilAwards @F250Roush @Juanita87722370 @MsTrixter @Kathmarval Yes they admitted the similarities of long covid to AIDS. Because long covid is vaccine induced auto immune disorder.,8.52E+17,2024
Tue Feb 13 02:04:24 +0000 2024,0,0,0,USER_00016,NAME_00016,,,"I have been reflecting on how I sailed during the aids epidemic by only allowing people to take AZT. Similar to my vaccine plan for Covid. I realized I failed, because I’m a Babylonian, I love money, power, and influence more than the truth !",1.76E+18,2024
Sun Feb 11 08:04:04 +0000 2024,8,6,1,USER_00017,NAME_00017,,West Country UK,"IF YOU WATCH ONE VIDEO ON VACCINES IT SHOULD BE THIS ONE

The leading virologist in the United Kingdom

The man who made a world changing link between HIV &amp; AIDS

#Vaccine #vaccineinjuries #VaccineDeaths #VaccineSideEffects #excessdeaths #COVIDVACCINE 

https://t.co/gI32qQC8Ab",1.76E+18,2024
Fri Feb 16 04:15:27 +0000 2024,17,0,1,USER_00018,NAME_00018,,United States,"@alifeofinsanity @PrezLives2022 I’ve had 6 vaccine and boosters. No red band-aids. Not dead yet. No bad symptoms from injection other than a sore arm. Did get COVID 3/23 for a day with no long term effects. 

The one personal death was a HS friend who refused. Dead 12/21 within days.",1.76E+18,2024
Thu Feb 15 09:56:30 +0000 2024,2,1,0,USER_00019,NAME_00019,,United States,"It's clear that HIV causes AIDS.

It's clear that Hepatitis B &amp; C viruses cause forms of Hepatitis.

SARS-CoV-2 causes COVID-19.

Antiviral drugs &amp; vaccines save lives.

Denying the truth about antivirals and vaccines kills people.",1.76E+18,2024
Wed Feb 14 21:20:10 +0000 2024,0,0,0,USER_00020,NAME_00020,,,"Was HIV and AIDS manmade?
Was #covid just flu with a different name?
Was the covid vaccine part of a depopulation (genocide) agenda?

How much longer are we going to allow psychopaths who despise us to continue in positions of leadership?

#CrimesAgainstHumanity #Plandemic",1.76E+18,2024
Tue Feb 13 03:35:48 +0000 2024,1,1,0,USER_00021,NAME_00021,,United States,"HIV/AIDS research has gone nowhere for decades. No vaccine, one failed poisonous drug after another. Epidemiological failure. 

Those same clowns headed up COVID-19 solutions.",1.76E+18,2024
Mon Feb 12 01:04:16 +0000 2024,1,0,0,USER_00022,NAME_00022,,,"They are now trying to push the narrative that covid causes aids.

https://t.co/4QZ38YOqVv

But this recording says they added the aids virus to the covid vaccine.

The first one helps me believe the second one more.",1.76E+18,2024
Thu Feb 15 15:03:22 +0000 2024,3,0,0,USER_00023,NAME_00023,,United States,"HIV/AIDS denialism again? How many denialisms can one fight simultaneously? COVID denialism, Vaccine denialism, common sense denialism…….🤯",1.76E+18,2024
Wed Feb 07 07:48:30 +0000 2024,9,2,2,USER_00024,NAME_00024,,,"GET  TESTED 

“Fauci (face of COVID-19 vaccine) is best-known for his work during the HIV/AIDS crisis in 1981, when it began wreaking havoc in the gay community after Fauci’s Hep B Vaccine Human Trial in San Francisco.”

“Fauci stumbled upon 2 Hepatitis B virus studies from 1978-1979.
One In New York, the other in San Francisco, that had collected blood samples from gay men. Back then, people with a high-risk of catching Hepatitis B turned out be high-risk for HIV.”",1.76E+18,2024
Thu Feb 15 01:00:22 +0000 2024,15,2,2,USER_00025,NAME_00025,,United States,"It's no mystery why people who are into anti-vaccine nonsense are also into AIDS denialism and AIDS trutherism and covid trutherism and trans trutherism and, and, and...",1.76E+18,2024
Thu Feb 15 19:51:06 +0000 2024,2,0,1,USER_00026,NAME_00026,,,"@CubeRockRunners @Rolifornia You can also thank this black lady cells that are used and was used in COVID vaccines, aids, cancer her family just won lawsuit against big pharmaceutical companies for Henrietta stolen cancer cells taken without her permission so they allowed her to die and watch her cancer https://t.co/xSKBMAaR8R",1.76E+18,2024
Fri Feb 16 04:22:47 +0000 2024,0,0,0,USER_00027,NAME_00027,2004,,"Vaccines 100% work, I had all mine and I did however still get covid a few times yet the vaccine helped mellow it and basically I was just stuffy nosed at the worst, get your vaccs yall they don’t cause autism or aids",1.76E+18,2024
Thu Feb 15 13:58:37 +0000 2024,9,6,0,USER_00028,NAME_00028,,,"AIDS is short for Acquired ImmunoDeficiency Syndrome. VAIDS is short for Vaccine Acquired ImmunoDeficiency Syndrome. 

The only issue with this is that the COVID-19 vaccine, is no vaccine. 

It is at its best a gene therapeutic serum with a high risk of severe adverse reactions when injected into the human body. 

I get that you have no clue, Jimmy, but real people into the millions have died due to injecting this serum. 

You should be ashamed of yourself for spreading misinformation like this. Instead of acting like a disillusioned puppet echoing false information, you should research the truth. 

Here is a peer-reviewed study you can start with, just like us who conduct real research.
 https://t.co/FU6xLOlItU",1.76E+18,2024
Thu Feb 15 12:28:36 +0000 2024,0,0,0,USER_00029,NAME_00029,,,"“COVID-19 was good, it was a problem but also an opportunity, we can now exploit the pathogenic economy. We did it with AIDS by making our own ARVs. Now we are doing research on vaccines for humans, therapeutics, diagnostics etc and have created money &amp; jobs""- President Museveni https://t.co/ngVc4PkdIM",1.76E+18,2024
Thu Feb 15 15:38:51 +0000 2024,0,0,0,USER_00030,NAME_00030,,,Yamey is right for once. COVID vaccine skepticism turned me into an AIDS truther.,1.76E+18,2024
Thu Feb 15 19:56:55 +0000 2024,0,0,0,USER_00031,NAME_00031,,United States,"AIDS, Covid vaccine, and much more - people believe what they feel comfortable with.",1.76E+18,2024
Thu Feb 15 03:47:12 +0000 2024,0,1,0,USER_00032,NAME_00032,,Australia,@ChiariPaul @senatorbabet @ayrestim What researchers? This is bullshit. COVID is basically airborne AIDS. It’s COVID infections doing the damage. The rate of vaccine injury for the COVID vax is the same as for any other vax (incredibly low),1.76E+18,2024
Thu Feb 15 22:32:34 +0000 2024,0,0,0,USER_00033,NAME_00033,,,"Rogan is pretty open about his use of steriods, testosterone therapy &amp; other things, but some how he sees that as different from AIDS &amp; COVID vaccines and treatment? interesting",1.76E+18,2024
Thu Feb 15 05:26:31 +0000 2024,0,0,0,USER_00034,NAME_00034,,,Cancer AIDS Skyrocket After Covid 19 Vaccine CDC Freemasons Lie FBI Domestic Terrorist Threat To USA https://t.co/UiQcGYbONT,1.76E+18,2024
Fri Feb 09 14:49:48 +0000 2024,0,0,0,USER_00035,NAME_00035,,,"NOT every one... BUT NO VACCINE.. wow...how many people have died of aids... MORE than COVID and NO VACCINE
OR conspiracy that the Covid vaccine destroys the immune system and and and... yes.. GET  IT?????",1.76E+18,2024
Thu Feb 15 09:32:21 +0000 2024,0,1,0,USER_00036,NAME_00036,,,"@RagToo @THTorguk Pure strain HIV might finally be in decline, AIDS and VAIDS are about to skyrocket though.

CoVID and the ""vaccine"" that were developed both contain HIV elements because they are bio weapons released upon the unsuspecting public of the world.",1.76E+18,2024
Wed Feb 14 21:28:38 +0000 2024,1,0,0,USER_00037,NAME_00037,,United States,"@aspiringpeasant AIDS is caused by the Covid vaccine!  Pass it on.

Who is this guy, anyway?  Not familiar.",1.76E+18,2024
Wed Feb 14 20:04:27 +0000 2024,1,0,0,USER_00038,NAME_00038,,,"Did anyone catch the Pfizer Super Bowl commercial? Disgraceful! All the “science” and influential discoveries/people to help treat the turbo cancers Covid vaccines have created. All with a catchy Queen song! Freddy Mercury dies from AIDS, and their vaccines create VAIDS! Ironic?",1.76E+18,2024
Thu Feb 15 15:10:25 +0000 2024,1,0,0,USER_00039,NAME_00039,,United States,"You ever wondered why the covid vaccine was made and mass produced so fast, but not for AIDs, herpes, cancer, or even the common cold?",1.76E+18,2024
Mon Feb 12 16:44:00 +0000 2024,3,0,1,USER_00040,NAME_00040,,United States,@hstoorg @drdave1999 That was for flu and the latest Covid vaccine to educate the public you can get them both at the same time. 2 band aids!,1.76E+18,2024
Mon Feb 12 21:33:33 +0000 2024,0,1,0,USER_00041,NAME_00041,,,"@Penny_FL13 ""Sherri Tenpenny recently proclaimed that recipients of the COVID-19 vaccine will develop an AIDS-like illness sometime in 2022""

Since we're using VAERs xD",1.61E+18,2024
Wed Feb 14 16:13:18 +0000 2024,0,0,0,USER_00042,NAME_00042,,,"I love it when people who have no clue think they have something to add to the conversation.

HIV (human immunodeficiency virus) is not the only way you get AIDS.

AIDS stands for acquired immunodeficiency syndrome,
Covid vaccine can cause VAIDS vaccine-acquired immune deficiency syndrome.

https://t.co/JIcPbh6F2W",1.76E+18,2024
Fri Feb 09 13:11:18 +0000 2024,0,0,0,USER_00043,NAME_00043,,United States,It's funny how the world was able to find vaccine for COVID-19 within months and force people to take it  but can't find vaccine for HIV AIDS even after years it's insane. Sorry for those who took the jab 💔,1.76E+18,2024
Thu Feb 08 18:16:21 +0000 2024,6,0,0,USER_00044,NAME_00044,,,"He can tell us how that AIDS vaccine worked out. Er, I mean the COVID vaccine. Um…never mind. He can teach people how to fail up.",1.76E+18,2024
Thu Feb 15 00:12:00 +0000 2024,0,0,0,USER_00045,NAME_00045,,,"@thebadstats How's that AIDS vaccine coming along?  It should be ready any day now. 

Lucky covid got a vaccine in a few months.  AIDS has had to wait years for their vaccine. 🤔",1.76E+18,2024
Wed Feb 14 03:34:45 +0000 2024,6,1,1,USER_00046,NAME_00046,,United States,"@BlandyFisher Does this help? Let me walk you through this. Vaccines do not fully prevent Covid, and it’s foolish to keep claiming they do when the likely end point is widespread immune dysfunction and AIDS defining illnesses in HIV negative patients, such as reactivated TB and fungal infx. /1 https://t.co/86uO8iz1lj",1.76E+18,2024
Tue Feb 13 11:54:55 +0000 2024,0,0,0,USER_00047,NAME_00047,,United States,"Experts are raising the alarm over an AIDS-like illness that is rapidly spreading among people who have received Covid mRNA injections.

The devastating phenomenon has led to new calls for President Joe Biden’s administration to finally pull the vaccines from public use.

https://t.co/09JMgiGf5q",1.76E+18,2024
Thu Feb 15 03:44:52 +0000 2024,7,0,1,USER_00048,NAME_00048,,SE Asia,"@Wood_House76 I was late to the party &amp; only started investigating vaccines in 2020. My biggest disappointment since intersecting with the MFM was the glacial speed/refusal to look beyond COVID. Polio, AIDS, MMR, Flu. It's all there &amp; only takes a few weeks reading to conclude they're suspect.",1.76E+18,2024
Fri Feb 09 04:11:44 +0000 2024,4,1,0,USER_00049,NAME_00049,,,@drsimonegold Idk kinda feel like the real issue to be addressing is Long Covid as vaccine-induced cancer isn't real and you lot already tried vaccine-induced AIDS,1.76E+18,2024
Wed Feb 08 19:07:49 +0000 2023,2565,65,962,USER_00050,NAME_00050,,,"@RobertKennedyJr .@RepNancyMace said today in her testimony that she regrets getting the COVID vaccine.

She now has tremors, heart pain, and asthma. All new health issues she fears will never go away from the COVID vaccine.

 https://t.co/y42YSKG9s4",1.62E+18,2023
Wed Feb 15 16:23:01 +0000 2023,251,118,50,USER_00050,NAME_00050,,,"A new study says getting the COVID vaccine can now protect people from getting diabetes. 😹

“Failing to receive the COVID-19 vaccine could put patients at higher risk of developing Type 2 diabetes” https://t.co/mKIKkauP1Y",1.63E+18,2023
Wed Feb 08 17:11:30 +0000 2023,1580,67,687,USER_00051,NAME_00051,,,"Vaccine-injured @RepNancyMace grills Vijaya Gadde for censoring world class scientists @MartinKulldorff of Harvard and @DrJBhattacharya of Stanford. 

Rep Mace suffers from chest pains and asthma from the injuries of covid vaccine. 

 https://t.co/XIKYDp56uq",1.62E+18,2023
Tue Sep 05 08:17:08 +0000 2023,139,3,29,USER_00052,NAME_00052,,United Kingdom,"@kallmemeg What about those of us who aren’t eligible for the booster?

It’s been 21 months now since I had a Covid booster.

I have asthma &amp; am eligible for the flu booster jab each year, so why can’t I get a Covid jab too?

What’s the point of a ‘vaccine-only’ strategy with no vaccines??! https://t.co/hLB6jQEoPj",1.70E+18,2023
Wed Feb 14 08:19:41 +0000 2024,6,0,1,USER_00052,NAME_00052,,United Kingdom,"@ABridgen Yes, excess deaths in younger people are up.

But most younger people in the UK have not had a Covid jab for over 2 years now. They’ve not been eligible.

It’s not the vaccine, it’s Covid!

This is the official CDC data on risk of heart complications for Covid itself vs the jab: https://t.co/LdLZpcy4nL",1.75E+18,2024
Thu Feb 09 01:53:25 +0000 2023,5577,154,868,USER_00053,NAME_00053,,United States,"Sadden to hear Congresswoman Nancy Mace now struggles with heart issues, tremors, and asthma after getting the Covid vaccine.

No one deserves this.

Accountability MUST come.",1.62E+18,2023
Sat Nov 04 18:27:58 +0000 2023,238,24,146,USER_00054,NAME_00054,,Canada,"44 year old Jamie-Lee Emes died in her sleep Oct.16, 2023.

Advocate for Autism &amp; Down Syndrome Societies 

Had her toddler COVID-19 mRNA Vaccinated

""I got my vaccines today. Doctor says my asthma is back. He said COVID brought it back""

No words.

#DiedSuddenly #cdnpoli #ableg https://t.co/xyL0ldlVw1",1.72E+18,2023
Tue Feb 13 22:57:18 +0000 2024,704,32,414,USER_00054,NAME_00054,,Canada,"UK - 19 year old Carl Scott complained of back pains.

He was diagnosed with Alveolar Rhabdomyosarcoma that ""spread all over his body"" &amp; died in Sep.2022

Diagnosis to death: 3 weeks

Ddx: COVID-19 mRNA Vaccine Induced Turbo Cancer

#DiedSuddenly #cdnpoli #ableg #Pfizer #Moderna https://t.co/2M1Xz3Bjtq",1.76E+18,2024
Thu Feb 08 04:20:31 +0000 2024,520,44,292,USER_00054,NAME_00054,,Canada,"Tulsa, OK - 26 year old firefighter Harrison Moseby died on Jan.25, 2024.

He was diagnosed with sarcoma in March 2022, which led to amputations of his arm, shoulder, 2 ribs and clavicle.

Ddx: COVID-19 mRNA Vaccine Induced Turbo Cancer

#DiedSuddenly #cdnpoli #ableg #Pfizer https://t.co/hcIfifQFlb",1.76E+18,2024
Sun Feb 11 10:28:14 +0000 2024,1384,45,829,USER_00054,NAME_00054,,Canada,"NEW ARTICLE: RENAL TURBO CANCER - Young age at diagnosis, Stage 4 at presentation, aggressive recurrences, poor response to treatment and more, in the COVID-19 mRNA Vaccinated - 25 Tragic Cases

Pfizer & Moderna COVID-19 mRNA Vaccines cause Turbo Cancer, this is now well documented and described by competent doctors around the world.

I have noticed a rise in very aggressive KIDNEY cancers in young COVID-19 Vaccinated Individuals.

As with most Turbo Cancers, they present at a late Stage 3 or 4, don’t seem to respond to conventional treatments including new immunotherapy, and have a very poor prognosis.

It is very possible that RENAL CANCER will be in the Top 10 Turbo Cancers post COVID-19 mRNA vaccination.

I present 25 cases with examples such as:

July 2023 - Duluth, MN - 17 year old Shimia Nord started experiencing intense back pain in late 2022. By July 2023 she could barely stand and would throw up constantly. She was diagnosed with Stage 3 Renal Cell Carcinoma that rapidly progressed to Stage 4 and metastasized to the lungs. “This rapid growth has let us know the cancer is aggressive”

Feb.6, 2024 - Kansas City, MO - Jill Onyshkevich had kidney cancer in 1997, had her kidney removed and was in remission. In April 2023 her cancer returned as an aggressive Stage 4 Kidney cancer metastatic to the brain

Jan.29, 2024 - Carbondale, IL - 37 year old Mehmet Yilmaz, PhD at University of Wisconsin-Madison was diagnosed with Stage 4 Renal cancer in Nov.2023 and died 3 months later on Jan.29, 2024.

Jan.7, 2024 - Belgium - 33 year old Simon Vaernewyck, “The Voice” participant, died from incurable kidney cancer.

Dec.31, 2023 - Reno, NV - Rene Martinez was diagnosed with a golf ball sized tumor in his brain which originated from a grapefruit sized tumor in his kidney, Stage 4 Renal Cancer.

Dec.9, 2023 - San Francisco, CA - 30s year old Barak Haiby, who has a new baby, was just diagnosed with Stage 4 Renal Cancer spread to his lungs and brain.

Dec.5, 2023 - Columbus, OH - 19 year old Desmond Stuckey was just diagnosed with Stage 4 Renal Cancer metastatic to lungs and pelvis.

Nov.25, 2023 - Fort Collins, CO - Young mom Michelle Ann Austin was diagnosed with Stage 4 Renal Cancer in May 2023 and died 6 months later. “This aggressive disease has metastasized throughout her body to her lungs, abdomen, liver, pelvis, sacrum, femurs, and muscles”

Nov.21, 2023 - Yukon, OK - Chad Bristow was diagnosed with Stage 4 Renal Cancer with masses on his kidney, in his abdomen and metastases to the bones, after he fell off a ladder. “The results from a scan in early November have shown the cancer did not respond to the immunotherapy and radiation treatments as we hoped.”

Many of these Turbo Cancers of the Kidney are not responding to ANY treatments.

Looking forward to the Communist Notes @CommunityNotes to post fraudulent ""sources"" on how this is NOT happening, by mRNA con artists like Dr.David Gorski @gorskon, one of the most grossly incompetent Oncologists in the USA.

To my somnolent and sleeping Oncology colleagues: ""Please wake the hell up and start doing your job!""

Look at the ages of these cases. As young as 17.

Top 10 Turbo Cancers post Pfizer or Moderna mRNA Vaccination:
1.Lymphoma
2.Brain cancers (eg. glioblastoma)
3.Breast Cancer (mostly triple negative)
4.Colon Cancer
5.Lung Cancer
Leukemias
Sarcomas
Melanomas
Testicular/Ovarian
Kidney

Special thanks to @Tulloch1978 @toobaffled @resilient333 @Jonelesshomes for covering some of these tragic cases and doing the work that doctors are currently refusing or failing to do.

Article Link in photo to avoid shadowban, just re-type the URL in the 1st photo at the top, into your browser to access

@HighWireTalk @ClaytonMorris @VigilantFox @TheChiefNerd @LauraLynnTT @BLNewsMedia @OdessaOrlewicz @thevivafrei @TuckerCarlson @joerogan

#DiedSuddenly #cdnpoli #ableg",1.76E+18,2024
Tue Feb 13 12:08:26 +0000 2024,256,19,137,USER_00054,NAME_00054,,Canada,"NEW ARTICLE: LONG COVID Research = COVID-19 Vaccine Injury Research (except for Turbo Cancer!) - Eric Topol's Fraud (I dissect the largest review paper on Long COVID published in Jan.2023)

Dr.Eric Topol, funded with $282 million by NIH, was senior author on the largest Long COVID review publication that was a complete fraud.

2023 Jan (Eric Topol et al) - Long COVID: major findings, mechanisms and recommendations

Why is this paper a fraud?

It is a review of 210 Long COVID papers - none of them account for COVID-19 Vaccine status of the participants - a key omission that renders most of these papers null and void, and scientific frauds.

This review also ignores 3400+ peer-reviewed papers on the toxicity of the Spike protein to the human body. 

Topol does not recognize Spike protein injury or “spikeopathy”. Spike protein is mentioned only twice in the entire paper, and in no relation to pathogenesis of Long COVID.

Topol proposes these causes of Long COVID:

- persistent reservoirs of virus in tissues
- immune dysregulation
- reactivation of viruses like EBV, herpes
- microbiome dysfunction
- auto-immunity
- blood clotting with endothelial dysfunction
- dysfunctional CNS signaling

Except for the viral reservoirs, the rest are well known signs and symptoms of COVID-19 Vaccine injury. 

Big pharma's Long COVID fraud does not propose ANY plausible mechanisms of pathogenesis, beyond persistent viral reservoirs

That's why no one wants to treat those with ""Long COVID"" and they have no treatments to offer them beyond IVIG or beta blockers for POTS. You can't treat that which you don't understand.

Long COVID research is a fraudulent house of cards that relies ENTIRELY on ignoring COVID-19 Vaccine Injuries!

Every clinical manifestation of “Long COVID” in this paper is a well known COVID-19 Vaccine Injury.

Everything from myocarditis, blood clots, POTS, MCAS, autoimmune diseases, diabetes, ME/CFS, neurological injuries, tinnitus, vertigo, erectile dysfunction, menstrual irregularities, impaired sperm counts & motility, and more.

Interestingly, cancer is not mentioned once in this paper. That suggests to me that Turbo Cancers will ultimately not be blamed on Long COVID but will be blamed on something else.

HARVARD Oncologist Dr. Kimmie Ng already has a theory, in the Feb.6, 2024 story: “Cancer keeps coming for the young. Why?”:

“The main hypothesis is that some not-as-yet-identified environmental exposure is affecting individuals, starting in early life.” - Dr.Kimmie Ng MD MPH, Associate Chief Division of Gastrointestinal Oncology at Dana-Farber Cancer Institute

So they admit a tsunami of Turbo Cancers in the COVID-19 mRNA Vaccinated but it's due to a ""not-as-yet identified environmental exposure""??? 

Let me guess, Climate Change causes Turbo Cancer. They'll do it too.

That doesn't mean that Long COVID research belongs in the garbage. It has its value.

Best way to approach Long COVID papers is to replace the words ""Long COVID"" with ""COVID Vaccine Injury"" - and then there is some useful information that can be learned, such as:

Dogs can identify ""Long COVID"" patients from their sweat samples. Now that I didn't know!

All this and much more in my new article...

Article Link in photo to avoid shadowban, just re-type the URL in the 1st photo at the top, into your browser to access

@HighWireTalk @ClaytonMorris @VigilantFox
@TheChiefNerd @LauraLynnTT @BLNewsMedia
@OdessaOrlewicz @TuckerCarlson @joerogan

@twc_health

#DiedSuddenly #cdnpoli #ableg",1.76E+18,2024
Thu Feb 15 22:45:37 +0000 2024,103,9,47,USER_00054,NAME_00054,,Canada,"Sacramento, CA - Joyce Morrow was diagnosed with Stage 4 Colon cancer and is going into hospice after 3 weeks.

That is the speed of COVID-19 mRNA Vaccine Induced Turbo Colon Cancer progression.

#DiedSuddenly #cdnpoli #ableg #Pfizer #Moderna https://t.co/Ub3w1lsSsO",1.76E+18,2024
Wed Feb 14 23:13:16 +0000 2024,244,4,141,USER_00054,NAME_00054,,Canada,"31 year old pop artist Cat Janice was diagnosed with sarcoma in 2022 after finding a lump in her neck

In early 2023 she was cancer free. 

By May 2023 it metastasized to her lungs as Stage 4 and is terminal

Ddx: COVID-19 mRNA Vaccine Turbo Cancer
#DiedSuddenly #cdnpoli #ableg https://t.co/4WQT2KtKzn",1.76E+18,2024
Thu Feb 15 11:53:20 +0000 2024,1407,65,913,USER_00054,NAME_00054,,Canada,"NEW ARTICLE: mRNA Injury Series - TURBO Brain Cancer due to University COVID-19 Vaccine Mandates in the United States - three tragic cases

All COVID-19 Vaccine mandates were unscientific, unethical and illegal. 

Some of the worst crimes of the pandemic were committed by Universities & Colleges who mandated toxic mRNA products on their students.

35 year old Leeann Kaiser was a Bachelor of Science student at University of Maine at Fort Kent.

She didn't want to take COVID-19 Vaccines but was forced to by her University.

Months after her last mandated COVID-19 Vaccine, she developed a very large brain tumor. 

""I’m very concerned about possibly going completely blind before I have the surgery, which is scheduled for February 20th, four days after my 36 birthday.""

“I believe this tumor is a direct result of the Covid vaccine, which I never wanted and immediately stopped getting shots of after I was no longer mandated to have it anymore by the school and would not have to worry about facing any consequences such as not being able to set foot on campus anymore if I didn’t have it. If the vaccine wasn't the cause, I still believe that it may have significantly contributed to what happened.”

I present three cases of Turbo Cancers of the brain that developed after University mandated COVID-19 Vaccination.

May 2023 - Analucia Cabanillas Cespedes was diagnosed with a Grade 3 gemistocytic astrocytoma on June 15, 2021, and a 7.5cm tumor was surgically removed and she was cancer free.

She went on to pursue nursing school at University of Florida from 2021 to 2023, which mandated COVID-19 Vaccines (to be able to do rotations in the hospitals).

In May 2023 she was diagnosed with a new, more aggressive brain tumor, a Grade 4 Glioblastoma which is inoperable, has affected her mobility and has confined her to a wheelchair. It is “the size of a pear”.

Thousands of University and College students have developed Turbo Cancers after being mandated toxic, experimental mRNA products.

One day, every University and College leader must be held accountable for the harm they knowingly caused by mandating experimental pharma products.

Article Link in photo to avoid shadowban, just re-type the URL in the 1st photo at the top, into your browser to access

@HighWireTalk @ClaytonMorris @VigilantFox
@TheChiefNerd @LauraLynnTT @BLNewsMedia
@OdessaOrlewicz @TuckerCarlson @joerogan
@twc_health

#DiedSuddenly #cdnpoli #ableg",1.76E+18,2024
Thu Feb 15 20:09:31 +0000 2024,145,8,76,USER_00054,NAME_00054,,Canada,"Glasgow, Scotland - 51 year old Ultra Sonic DJ Mallorca Lee died after a short battle with Stage 4 Cancer

Diagnosis to death: 1 month (Jan.9 to Feb.5, 2024)

Ddx: COVID-19 mRNA Vaccine Induced Turbo Cancer

#DiedSuddenly #cdnpoli #ableg #Pfizer #Moderna https://t.co/gHWTRorQtH",1.76E+18,2024
Mon Feb 05 04:52:32 +0000 2024,608,16,330,USER_00054,NAME_00054,,Canada,"UK - 29 year old Hannah Williams died suddenly on Oct.1, 2023

just 4 months after being diagnosed with Stage 3 Lung Cancer while she was pregnant

Diagnosis to death: 4 months.

COVID-19 mRNA Vaccine Turbo Cancer high on Ddx

#DiedSuddenly #cdnpoli #ableg #Pfizer #Moderna https://t.co/tV7chnvijh",1.75E+18,2024
Mon Feb 05 17:39:05 +0000 2024,460,22,242,USER_00054,NAME_00054,,Canada,"Former newsreader at CBC Radio in Toronto, Canada Connie Sinclair died on Feb.2, 2024 after a recurrence of Multiple Myeloma (blood cancer) in early 2023.

COVID-19 mRNA Vaccine status is now the most important info in such cases due to Turbo Cancer

#DiedSuddenly #cdnpoli #ableg https://t.co/b22bw3fOf6",1.75E+18,2024
Wed Feb 14 23:51:10 +0000 2024,96,3,54,USER_00054,NAME_00054,,Canada,"Brownsville, TX - High School counselor Mari had surgery in May 2023 to remove a 12 inch tumor from her abdomen. It was a Stage 4 sarcoma.

Ddx: COVID-19 mRNA Vaccine Induced Turbo Cancer Sarcoma

#DiedSuddenly #cdnpoli #ableg #Pfizer #Moderna https://t.co/mUpxfwfPlL",1.76E+18,2024
Tue Feb 13 06:56:24 +0000 2024,428,124,100,USER_00054,NAME_00054,,Canada,"CA Medical Oncologist Dr.Jan Kirsch had her 6th COVID-19 Vaccine 

Believes mRNA is ""safe and effective""
Doesn't believe Turbo Cancer exists.

I'm at 0 mRNA. I'm the leading researcher on mRNA Induced Turbo Cancer

We may be opposites but every MD should be as upfront as she is.",1.76E+18,2024
Tue Feb 13 21:33:58 +0000 2024,305,16,167,USER_00054,NAME_00054,,Canada,"Kiwi family of 8 rocked by cancer battle:

37 year old Pania Dunne Tarei was diagnosed with Stage 4 Breast Cancer on May 14, 2023 &amp; died Jan.13, 2024.

Diagnosis to death: 8 months

Ddx: COVID-19 mRNA Vaccine Induced Turbo Cancer

#DiedSuddenly #cdnpoli #ableg #Pfizer #Moderna https://t.co/RMuWbQ7kxH",1.76E+18,2024
Wed Feb 07 05:43:35 +0000 2024,238,24,90,USER_00054,NAME_00054,,Canada,"Texas - Dr.Daniel Bockmann, DC (chiropractor)

was diagnosed with Stage 4 Pancreatic Cancer metastatic to liver.

Youtube Video: ""2-6 months to live &amp; the cool thing about cancer""

Ddx: COVID-19 mRNA Vaccine Induced Turbo 
Cancer

#DiedSuddenly #cdnpoli #ableg #Pfizer #Moderna https://t.co/MPSRC1CdSk",1.76E+18,2024
Fri Feb 09 16:57:54 +0000 2024,793,48,479,USER_00054,NAME_00054,,Canada,"UT - 28 yo Laycee Barnett was pregnant &amp; had flu sx Jan.10

By Jan.13 baby had no heartbeat, she was diagnosed with Acute Myeloid Leukemia on Jan.14 &amp; died 1 day later on Jan.15, 2024

Diagnosis to death: 1 day

COVID-19 Vaccine Turbo Cancer Leukemia on Ddx

#DiedSuddenly #ableg https://t.co/S2UNCjug9T",1.76E+18,2024
Mon Feb 12 03:26:38 +0000 2024,326,6,188,USER_00054,NAME_00054,,Canada,"LAPD Police Officer - 29 year old Austin Cronkrite died on Dec.17, 2023 after short battle with cancer

Diagnosis to death: 3 months

COVID-19 mRNA Vaccine Induced Turbo Cancer on top of Ddx, especially in a vaccine mandated job.

#DiedSuddenly #cdnpoli #ableg #Pfizer #Moderna https://t.co/EdA82T55OM",1.76E+18,2024
Wed Feb 14 23:38:09 +0000 2024,161,2,89,USER_00054,NAME_00054,,Canada,"Brazilian soccer player who played on Uruguay teams, died on Feb.2, 2024 from a very rare retroperitoneal cancer

Ddx: COVID-19 mRNA Vaccine Induced Turbo Cancer

#DiedSuddenly #cdnpoli #ableg #Pfizer #Moderna https://t.co/rbv3cNrApQ",1.76E+18,2024
Mon Feb 12 03:39:14 +0000 2024,322,9,180,USER_00054,NAME_00054,,Canada,"FL - 45 year old Jason Wilhelm was diagnosed with a very rare ""Ampullary Cancer"" at Stage 4.

He died 10 days later on Mar.19, 2022

Diagnosis to death: 10 days

COVID-19 mRNA Vaccine Turbo Cancer top of Ddx.
Very rapid progression

#DiedSuddenly #cdnpoli #ableg #Pfizer #Moderna https://t.co/K4vimQtpE2",1.76E+18,2024
Thu Feb 15 02:11:35 +0000 2024,205,17,73,USER_00054,NAME_00054,,Canada,"Brooklyn, CT - Young nurse Alisha Cooper was diagnosed with Grade 4 Glioblastoma on Aug.10, 2023

After 6 weeks of chemo and radiation everyday, the tumor has not responded.

Ddx: COVID-19 mRNA Vaccine Induced Turbo Cancer

#DiedSuddenly #cdnpoli #ableg #Pfizer #Moderna https://t.co/8h9dPvikcO",1.76E+18,2024
Tue Feb 13 01:23:09 +0000 2024,1183,48,244,USER_00054,NAME_00054,,Canada,"@JacquiDeevoy1 They are doing everything possible to cover up COVID-19 mRNA Vaccine Induced Turbo Cancer deaths.

It's the topic I get attacked on and threatened on the most.",1.76E+18,2024
Wed Feb 07 04:54:38 +0000 2024,654,39,387,USER_00054,NAME_00054,,Canada,"Ontario Hockey League morning loss of London Knights forward 39 year old Logan Hunter

who died on Feb.2, 2024. He was diagnosed with pancreatic cancer in Dec.2023.

Diagnosis to death: 1 month

Ddx: COVID-19 mRNA Vaccine Induced Turbo 
Cancer

#DiedSuddenly #cdnpoli #ableg https://t.co/z6En87DTiK",1.76E+18,2024
Wed Feb 14 23:49:32 +0000 2024,76,1,39,USER_00054,NAME_00054,,Canada,"Newburgh, NY - 23 year old Andrew Velasquez was diagnosed with a Stage 4 Desmoplastic Small Round Cell Tumor, very rare sarcoma in Feb.2023.

Ddx: COVID-19 mRNA Vaccine Induced Turbo Cancer Sarcoma

#DiedSuddenly #cdnpoli #ableg #Pfizer #Moderna https://t.co/OFGwzHzkes",1.76E+18,2024
Mon Feb 12 22:39:35 +0000 2024,213,14,107,USER_00054,NAME_00054,,Canada,"Pensacola, FL - 36 year old US Army soldier Adam McHugh was diagnosed with Stage 4 Lymphoma in Aug, 2023 &amp; died Nov.24, 2023

Diagnosis to death: 3.5 months

That's extremely rapid for lymphoma

Ddx: COVID-19 mRNA Vaccine Turbo Cancer

#DiedSuddenly #cdnpoli #ableg https://t.co/x6nDifgL7T",1.76E+18,2024
Thu Feb 08 03:01:32 +0000 2024,170,7,83,USER_00054,NAME_00054,,Canada,"Oxford, UK - 50 year old soccer player Stuart Gray died after a battle with cancer.

""Stuart had been bravely fighting cholangiocarcinoma""

Ddx: COVID-19 mRNA Vaccine Induced Turbo Cancer

#DiedSuddenly #cdnpoli #ableg #Pfizer #Moderna https://t.co/EUMZ2paRLm",1.76E+18,2024
Thu Feb 08 03:46:48 +0000 2024,168,11,82,USER_00054,NAME_00054,,Canada,"New Zealand - 30 year old Cam Hopkirk was diagnosed with  Grade 4 Glioblastoma brain cancer after suffering a seizure at work on Nov.21, 2022

He died 12 months later on Nov.19, 2023

Ddx: COVID-19 mRNA Vaccine Induced Turbo Cancer

#DiedSuddenly #cdnpoli #ableg #Pfizer #Moderna https://t.co/hxjCU1z9zV",1.76E+18,2024
Tue Feb 13 22:08:21 +0000 2024,618,49,385,USER_00054,NAME_00054,,Canada,"UK - 13 month old Harper developed a bruise under her eye

Diagnosis in April 2023: Stage 4 Neuroblastoma

Her parents are both COVID-19 mRNA Vaccinated teachers from Manchester, England

Baby's Vaccine status unknown

Turbo Cancers developing in babies of mRNA jabbed moms? 🤔 https://t.co/H64kwQa7eD",1.76E+18,2024
Wed Feb 07 04:33:21 +0000 2024,189,9,87,USER_00054,NAME_00054,,Canada,"Peoria, IL - 45 year old Tim Beck died on Jan.22, 2024

He was diagnosed with Stage 4 Colon cancer in Oct.2022 &amp; had 3 surgeries &amp; 12 rounds of Chemo.

Diagnosis to death: 15 months

Ddx: COVID-19 mRNA Vaccine Induced Turbo Cancer

#DiedSuddenly #cdnpoli #ableg #Pfizer #Moderna https://t.co/DfKwkgnXuX",1.76E+18,2024
Mon Feb 12 04:27:55 +0000 2024,239,6,111,USER_00054,NAME_00054,,Canada,"College Park, GA - 43 year old Police Sergeant Shakeya Lee-Shawn Walker died on her birthday on Jan.16, 2024

""medical complications""
""cancer team""

In a COVID-19 mRNA Vaccine mandated profession - any death requires investigation

#DiedSuddenly #cdnpoli #ableg #Pfizer #Moderna https://t.co/lBjVYZIori",1.76E+18,2024
Mon Feb 12 18:35:07 +0000 2024,216,5,114,USER_00054,NAME_00054,,Canada,"St. George, UT - 38 year old Curtis Blake died from complications of cancer on Oct.15, 2023

He had battled Acute Myeloid Leukemia for a year

Ddx: COVID-19 mRNA Vaccine Induced Turbo Cancer

#DiedSuddenly #cdnpoli #ableg #Pfizer #Moderna https://t.co/X7t9VICdm2",1.76E+18,2024
Mon Feb 12 04:44:52 +0000 2024,205,9,99,USER_00054,NAME_00054,,Canada,"San Antonio, TX - 37 year old Krystal Nicole Garza, pediatric nurse, died on Oct.9, 2023.

She died after a short battle with a very rare cancer, synovial sarcoma.

Ddx: COVID-19 mRNA Vaccine Induced Turbo Cancer

#DiedSuddenly #cdnpoli #ableg #Pfizer #Moderna https://t.co/AAqKRow543",1.76E+18,2024
Thu Feb 08 02:28:26 +0000 2024,143,7,48,USER_00054,NAME_00054,,Canada,"Ohio - 38 year old John W. Storms died on Jan.20, 2024 after a 9 month battle with leukemia.

Dx April 2023. ""remained positive and confident he would get to remission""

COVID-19 mRNA Vaccine status is key to identify Turbo Cancer Leukemia

#DiedSuddenly #cdnpoli #ableg https://t.co/0Msq5Hx4db",1.76E+18,2024
Mon Feb 05 05:07:28 +0000 2024,63,4,28,USER_00054,NAME_00054,,Canada,"UK - 39 year old Rowena Claire Stanyer died peacefully on Sep.8, 2023.

Donations to a breast cancer charity.

COVID-19 mRNA Vaccine Turbo Breast Cancer on Ddx.

#DiedSuddenly #cdnpoli #ableg #Pfizer #Moderna https://t.co/D7wiE46FtE",1.75E+18,2024
Thu Feb 15 22:57:13 +0000 2024,597,34,344,USER_00054,NAME_00054,,Canada,"Los Angeles, CA - 15 year old Nolan Yearout plays basketball and baseball at Estancia High School.

He was taken to ER for ""flu"" on Jan.20, has been in ICU for 16 days, has ""myocarditis"" and now waiting for possible heart transplant.

Parents don't know COVID-19 mRNA Vaccines do this

Ddx: COVID-19 mRNA Vaccine Induced Myocarditis

#DiedSuddenly #cdnpoli #ableg #Pfizer #Moderna",1.76E+18,2024
Thu Feb 15 18:11:43 +0000 2024,172,10,107,USER_00054,NAME_00054,,Canada,"New York City public servant 56 year old Paul Vallone, who pushed COVID-19 Vaccines, died suddenly on Jan.27, 2024 from a heart attack.

COVID-19 mRNA Vaccine sudden deaths are at an all time high

#DiedSuddenly #cdnpoli #ableg #Pfizer #Moderna https://t.co/OqOzXcmRvp",1.76E+18,2024
Thu Feb 15 22:41:39 +0000 2024,136,6,70,USER_00054,NAME_00054,,Canada,"46 year old football coach Radford Dudoit, at Kalani High School, Hawaii

had complications after heart surgery, losing both feet and his left hand. He died Feb.1, 2024

Did he suffer COVID-19 Vaccine injuries including the heart?

#DiedSuddenly #cdnpoli #ableg #Pfizer #Moderna https://t.co/8ggv2yFNCS",1.76E+18,2024
Thu Feb 15 01:48:32 +0000 2024,94,7,42,USER_00054,NAME_00054,,Canada,"California - 13 year old football player Cash Hennessy suffered a heart attack on Sep.17, 2022 at a football game

""had to have open heart surgery after doctors found out about congenital heart condition the family didn't know about""

His COVID-19 Vaccine status still important https://t.co/K2pf5OPE9y",1.76E+18,2024
Mon Feb 12 18:46:53 +0000 2024,435,20,273,USER_00054,NAME_00054,,Canada,"Midland, TX - 29 year old John Michael Soza died suddenly on Oct.15, 2023.

""His heart just stopped""

COVID-19 mRNA Vaccine sudden deaths are at an all time high

#DiedSuddenly #cdnpoli #ableg #Pfizer #Moderna https://t.co/rmQGmqW2hm",1.76E+18,2024
Thu Feb 08 02:38:33 +0000 2024,234,15,104,USER_00054,NAME_00054,,Canada,"Sherwood, OR - 29 year old Megan Gillum died from a cardiac arrest on Jan.24, 2024.

Congenital Heart Diseases have skyrocketed since the rollout of 100% safe and effective COVID-19 mRNA Vaccines, which do not cause cardiac arrests

#DiedSuddenly #cdnpoli #ableg #Pfizer #Moderna https://t.co/9K2on2jSEp",1.76E+18,2024
Thu Feb 08 02:58:28 +0000 2024,267,21,137,USER_00054,NAME_00054,,Canada,"Belfast, Northern Ireland - 31 year old Kurtis Robinson, firefighter, suffered a heart attack in October 2023 and was unable to regain his health, dying on Jan.13, 2024.

Ddx: COVID-19 mRNA Vaccine Injury to heart and kidneys

#DiedSuddenly #cdnpoli #ableg #Pfizer #Moderna https://t.co/zQvpB9ndDw",1.76E+18,2024
Thu Dec 07 20:59:22 +0000 2023,119,2,50,USER_00054,NAME_00054,,Canada,"Argentina - 28 year old Alejandro Gomez was a healthy working man.

5 months ago he was diagnosed with kidney failure, hypertension and epilepsy.

I think it says AstraZeneca on his COVID-19 Vaccine card

#DiedSuddenly #cdnpoli #ableg #Pfizer #Moderna https://t.co/j7lGDsiVIS",1.73E+18,2023
Tue Feb 13 23:02:37 +0000 2024,448,16,231,USER_00054,NAME_00054,,Canada,"Marysville, TN - 27 year old dad of 3 small kids suddenly developed trouble breathing and died from the flu on Jan.6, 2024.

Ddx: COVID-19 mRNA Vaccine Induced Immune system damage.

Young healthy men do not DIE from the flu!

#DiedSuddenly #cdnpoli #ableg #Pfizer #Moderna https://t.co/5CE9DBQhz6",1.76E+18,2024
Tue Feb 13 23:03:58 +0000 2024,210,6,93,USER_00054,NAME_00054,,Canada,"New Brunswick, Canada - 49 year old Dan Wetmore fell sick with flu-like symptoms and died suddenly on Jan.19, 2024 from ""Strep""

""His condition deteriorated quickly""

Ddx: COVID-19 mRNA Vaccine Induced Immune system damage

#DiedSuddenly #cdnpoli #ableg #Pfizer #Moderna https://t.co/AIj1T2EkbF",1.76E+18,2024
Thu Feb 08 02:52:05 +0000 2024,115,9,44,USER_00054,NAME_00054,,Canada,"Belgium - 16 year old soccer player Tuur Ceulemans died suddenly on Oct.21, 2023

""after a rare form of bacterial meningitis""

Ddx: COVID-19 mRNA Vaccine Immune system damage

#DiedSuddenly #cdnpoli #ableg #Pfizer #Moderna https://t.co/8EicXj6wMW",1.76E+18,2024
Sat Feb 10 08:19:39 +0000 2024,969,43,586,USER_00054,NAME_00054,,Canada,"NEW ARTICLE: mRNA Injury Series - Kidney Damage, Acute Renal Injury and renal failure after COVID-19 mRNA Vaccination - 20 cases and literature review

Pfizer & Moderna mRNA Vaccines are causing a tsunami of acute kidney damage, renal failure, need for renal transplants & more!

How bad is it? WHO Vigiaccess records over 45,000 kidney injuries after COVID-19 Vaccination.

With an under-reporting factor of 40-100x, that translates to between one and four million people with injured kidneys around the world, after taking experimental pharmaceutical products with novel lipid nanoparticle technology and mRNA that end up in systemic circulation shortly after injection and can end up accumulating in the kidneys.

Mechanism of Injury:

Infection (pyelonephritis), sepsis, septic shock (this is due to immune injury)

Inflammation (kidney or blood vessels, autoimmune)

Blood clots

Turbo Cancer (extremely aggressive)

I review 20 cases as well as the literature on kidney injuries caused by mRNA jabs.

Cases include: 

Jan.2, 2024 - Australia - Star Roth is in renal failure again with kidney disease and more? “I’m Vaccinated. Why aren’t you you stupid F*cking F*ck”

Jan.12, 2024 - New Jersey - Firefighter Captain Andrew Panico died after a battle with renal failure (COVID Vaccine mandated profession)

Jan.4, 2024 - Canada - Young mom Marie Gray was hospitalized for acute kidney failure but suffered massive brain bleed that was irreversible and she died. She was fully COVID-19 Vaccinated.

Oct.18, 2023 - Bristol, UK - Clive Wiltshire developed Kidney failure and liver failure after taking two AstraZeneca and Pfizer COVID-19 vaccines

Most doctors will not realize there is a strong link between COVID-19 mRNA Vaccines and kidney injury, because most doctors do not know that Lipid Nanoparticles with mRNA accumulate in the kidneys over time and cause abnormal inflammatory processes that damage the kidneys.

Special thanks to @Tulloch1978 @toobaffled @resilient333 @Jonelesshomes for covering some of these cases and raising the alarm.

Also thanks to @naomirwolf for her special report on this topic of Acute Kidney Injury in regards to Pfizer deliberately ignoring this safety signal, and doing the work that doctors should be doing but are failing to do. Dr.Naomi Wolf absolutely nails this once again and is 100% correct!

Article Link in photo to avoid shadowban, just re-type the URL in the 1st photo at the top, into your browser

@HighWireTalk @ClaytonMorris @VigilantFox
@TheChiefNerd @LauraLynnTT @BLNewsMedia
@OdessaOrlewicz @thevivafrei @TuckerCarlson
@joerogan @twc_health

#DiedSuddenly #cdnpoli #ableg",1.76E+18,2024
Sat Jul 22 05:34:41 +0000 2023,497,14,275,USER_00054,NAME_00054,,Canada,"Birmingham, UK - 19 year old Delijah Roberts went into cardiac arrest after ""suffering an asthma attack"" & died suddenly on Feb.19, 2023

He was 'fit and healthy'

Story doesn't add up. COVID-19 mRNA vaccine induced pulmonary embolism would present the same way.

CAREFUL with stories like these. People with underlying mild conditions are being sacrificed at the altar of big pharma with bogus explanations for their sudden deaths.

How does a young 19 year old man just die suddenly from mild asthma? He was fit and exercised every day.

""Never been hospitalized for asthma related issues""

Was in hospital for 4 days. What happened to him?

https://t.co/wDBJI8O3lJ

#DiedSuddenly #cdnpoli #ableg",1.68E+18,2023
Mon Jan 15 02:33:03 +0000 2024,476,40,244,USER_00054,NAME_00054,,Canada,"Johan Eriksson has had many Pfizer COVID-19 mRNA Vaccines.

He developed Bell's Palsy, heart attack, diabetes, etc.

Pfizer FA5833
Pfizer FF3318

COVID-19 mRNA Vaccine side effects

#DiedSuddenly #cdnpoli #ableg #Pfizer #Moderna https://t.co/hQK5pfrbTH",1.75E+18,2024
Wed Dec 20 23:59:04 +0000 2023,440,16,250,USER_00054,NAME_00054,,Canada,"Queensland, Australia - 22 year old Ebony Bronwyn Taylor died suddenly in her sleep on Nov.27, 2023.

They're blaming diabetes on this sudden death.

I would want to see autopsy with staining for the COVID-19 mRNA Vaccine spike protein. They won't do it.

#DiedSuddenly #cdnpoli https://t.co/UMZs6tuQaY",1.74E+18,2023
Thu Oct 26 19:26:17 +0000 2023,354,18,232,USER_00054,NAME_00054,,Canada,"Huddersfield, UK - 43 year old Gary Brammall died suddenly on Sep.29, 2023

""after lapsing into a diabetic coma""

COVID-19 mRNA vaccines are known to cause or worsen diabetes, likely due to an autoimmune attack on cells expressing spike protein

@twc_health #DiedSuddenly #cdnpoli #ableg",1.72E+18,2023
Mon Feb 05 17:48:22 +0000 2024,112,7,39,USER_00054,NAME_00054,,Canada,"Mantua, Italy - 49 year old Gianluca Voltolini was found dead at the ""bottom of an escarpment""

""death occurred due to natural causes - probably a heart attack""

COVID-19 mRNA Vaccine sudden deaths are at an all time high

#DiedSuddenly #cdnpoli #ableg #Pfizer #Moderna https://t.co/VTJVYaTa9j",1.75E+18,2024
Tue Feb 06 22:07:31 +0000 2024,281,7,119,USER_00054,NAME_00054,,Canada,"48 year old British Actor Dale Meeks died suddenly on April 22, 2023

""heart failure""

COVID-19 mRNA Vaccine cardiac injury on Ddx

#DiedSuddenly #cdnpoli #ableg #Pfizer #Moderna https://t.co/up0OoXIPWx",1.75E+18,2024
Mon Feb 05 05:13:01 +0000 2024,81,4,29,USER_00054,NAME_00054,,Canada,"Condeuba, Brazil - 23 year old Jeandro de Sousa died suddenly from a heart attack on Oct.4, 2023.

COVID-19 mRNA Vaccine sudden deaths are at an all time high

#DiedSuddenly #cdnpoli #ableg #Pfizer #Moderna https://t.co/1iQNrGbiLO",1.75E+18,2024
Tue Feb 13 17:39:57 +0000 2024,19,6,2,USER_00054,NAME_00054,,Canada,"@Derek_a_Franks All of them are COVID-19 mRNA Vaccinated and are hospitalized because they are suffering Vaccine Injury

Usually it's vaccine injury to their immune system.

The Canadian and Australian governments have been covering this up since 2022, when they deleted all vaccine status data",1.76E+18,2024
Mon Feb 12 23:57:52 +0000 2024,17,2,0,USER_00054,NAME_00054,,Canada,"@KristieDeGaris When you have immune system damage caused by COVID-19 Vaccines

it’s a guarantee you are going to get repeatedly infected.",1.76E+18,2024
Fri Feb 09 00:46:18 +0000 2024,4,0,1,USER_00054,NAME_00054,,Canada,"@doritmi COVID-19 mRNA Vaccines are a new technology that has been shown to damage the immune system via many different mechanisms which have been published in peer reviewed literature.

mRNA tech has no relationship to pre-pandemic vaccines and should not be conflated with them.",1.76E+18,2024
Thu Nov 16 01:45:09 +0000 2023,507,8,318,USER_00054,NAME_00054,,Canada,"DOCTOR DEAD - Belem, Brazil - 26 year old Lucas Borba, medical student at UFPA

died on Oct.22, 2023 after suffering from a mysterious infection that led to cardiac arrest, liver and kidney failure.

COVID-19 mRNA Vaccine Immune damage?

#DiedSuddenly #Pfizer #cdnpoli #ableg https://t.co/RCJwylzX71",1.72E+18,2023
Mon Jan 08 05:01:18 +0000 2024,91,5,32,USER_00054,NAME_00054,,Canada,"San Antonio, TX - 49 year old Lorena Hinojosa was diagnosed with late stage kidney cancer and died in less than a year

COVID-19 mRNA Vaccine Turbo Cancer

#DiedSuddenly #cdnpoli #ableg #Pfizer #Moderna",1.74E+18,2024
Sun Jan 14 04:16:54 +0000 2024,126,5,54,USER_00054,NAME_00054,,Canada,"Austin, TX - 16 year old Ali Arizona Betancourt died suddenly on June 7, 2023

""fought a valiant battle against Leukemia""

I am seeing Turbo Cancer Leukemia in COVID-19 mRNA Vaccinated children, both Pfizer &amp; Moderna.

mRNA vaccine status is key

#DiedSuddenly #cdnpoli #ableg https://t.co/DZ9FKQKjwI",1.75E+18,2024
Sun Jan 14 04:21:04 +0000 2024,94,4,33,USER_00054,NAME_00054,,Canada,"San Antonio, TX - 44 year old Frankie Diaz de Leon, a talented drummer died suddenly on June 4, 2023.

""died after battle with leukemia""

COVID-19 mRNA Vaccine Turbo Cancer on Ddx

#DiedSuddenly #cdnpoli #ableg #Pfizer #Moderna https://t.co/cm8F2JVKwM",1.75E+18,2024
Wed Jan 03 19:29:34 +0000 2024,327,15,191,USER_00054,NAME_00054,,Canada,"Glasgow, Scotland - 41 year old Maggie Dorans

mother of 5, died from Liver cancer 8 days after diagnosis on Dec.14, 2023.

COVID-19 mRNA Vaccine Turbo Cancer

#DiedSuddenly #cdnpoli #ableg #Pfizer #Moderna https://t.co/zGwxKOZBCE",1.74E+18,2024
Sun Jan 14 03:56:55 +0000 2024,142,8,68,USER_00054,NAME_00054,,Canada,"Bensalem, PA - 27 year old Firefighter and EMT

Glen Golembeski II died on Oct.1, 2023

""after a period of illness"". He had been battling Stage 3 liver cancer for 2 years

COVID-19 mRNA Vaccine (Mandate) Turbo Cancer on Ddx

#DiedSuddenly #cdnpoli #ableg #Pfizer #Moderna https://t.co/ye2bI17FXf",1.75E+18,2024
Tue Jan 30 06:27:32 +0000 2024,190,9,90,USER_00054,NAME_00054,,Canada,"Sylvania Waters, NSW, Australia

Kane Komatsu is a singer, music therapist & DJ

In April 2022 he had COVID-19 mRNA Vaccine booster & then started coughing up blood soon after.

4 months later, in Aug.2022 he was diagnosed with Stage 4 Lung Cancer metastatic to bones & liver

Turbo Lung Cancer caused by COVID-19 Vaccines strongly suspected in this case

#DiedSuddenly #cdnpoli #ableg",1.75E+18,2024
Mon Jan 08 07:04:21 +0000 2024,158,10,69,USER_00054,NAME_00054,,Canada,"Lake Park, FL - Kisten Walker is a nurse (CRNA at Jupiter Medical Center)

Strong believer in masks and vaccines.

She had Pfizer EL 1284 and many COVID-19 mRNA Vaccine blood clots in both lungs (pulmonary emboli)

&amp; immune damage

#DiedSuddenly #cdnpoli #ableg #Pfizer #Moderna https://t.co/YlArom42wB",1.74E+18,2024
Tue Jan 30 01:55:55 +0000 2024,241,6,124,USER_00054,NAME_00054,,Canada,"Holland, MI - 23 year old teacher and JV Basketball coach Joe Schuler died suddenly on Feb.27, 2022 from pulmonary embolism (blood clots in lungs)

He was fully COVID-19 mRNA Vaccinated.

mRNA Vaccines cause lethal blood clots.

#DiedSuddenly #cdnpoli #ableg #Pfizer #Moderna https://t.co/HnxuJCpMnJ",1.75E+18,2024
Mon Feb 05 01:07:33 +0000 2024,339,28,175,USER_00054,NAME_00054,,Canada,"Cardiff, Wales - 40 year old mom of two Danielle Camilleri was cooking when she dropped a spoon, lost control of her arm and fell to the floor.

She was diagnosed with ""Stage 4 glioblastoma""

COVID-19 mRNA Vaccine Turbo Cancer Ddx

#DiedSuddenly #cdnpoli #ableg #Pfizer #Moderna https://t.co/8O4j4zlQwb",1.75E+18,2024
Wed Feb 07 02:15:45 +0000 2024,232,7,106,USER_00054,NAME_00054,,Canada,"Indiana - Liver transplant surgeon Dr.Dale Rouch died on Jan.21, 2024 after a battle with cancer.

COVID-19 Vaccine Induced Turbo cancers are ignored in this advanced age (69), however, Turbo Cancer affects all ages.

#DiedSuddenly #cdnpoli #ableg #Pfizer #Moderna https://t.co/AURWPmFJIh",1.76E+18,2024
Mon Feb 05 04:42:36 +0000 2024,141,5,62,USER_00054,NAME_00054,,Canada,"Brazil - 44 year old Daniel Lana Christ had a heart attack while working as a painter and died suddenly on Oct.7, 2023.

COVID-19 mRNA Vaccine sudden deaths are at an all time high

#DiedSuddenly #cdnpoli #ableg #Pfizer #Moderna https://t.co/7tL8nl4NEz",1.75E+18,2024
Mon Feb 05 04:40:23 +0000 2024,195,9,111,USER_00054,NAME_00054,,Canada,"Ribeirao, Brazil - 24 year old Nathy died of a heart attack on or before Oct.9, 2023

Brazil is heavily COVID-19 mRNA Vaccinated.

COVID-19 mRNA Vaccine sudden deaths are at an all time high

#DiedSuddenly #cdnpoli #ableg #Pfizer #Moderna https://t.co/ENGg0QeHsX",1.75E+18,2024
Mon Feb 05 04:43:28 +0000 2024,157,7,57,USER_00054,NAME_00054,,Canada,"Brazil - 46 year old teacher Karina Rizek had a heart attack and died suddenly on Sep.21, 2023.

Epidemic of heart attacks in young people.

COVID-19 mRNA Vaccine sudden deaths are at an all time high

#DiedSuddenly #cdnpoli #ableg #Pfizer #Moderna https://t.co/CdUmjXwK8I",1.75E+18,2024
Sat Feb 03 15:47:36 +0000 2024,329,14,97,USER_00054,NAME_00054,,Canada,"@nicktsergas We lost all medical standards during the push to force failed toxic COVID-19 mRNA vaccines on the entire population including pregnant women and children

while viciously assaulting doctors who tried to provide informed consent

and covering up vaccine injuries &amp; deaths

#ableg",1.75E+18,2024
Wed Feb 08 19:03:20 +0000 2023,477,8,110,USER_00055,NAME_00055,,United States,"Congresswoman Nancy Mace Hammers former Twitter Goons about censoring doctors differing opinions on Covid and CDC.. mentions that she regrets the vaccine, has developed Asthma and heart pains that she doesn’t think will ever go away. 

https://t.co/UQMX3IPcK4",1.62E+18,2023
Fri Mar 10 21:08:03 +0000 2023,361,95,43,USER_00056,NAME_00056,,,"My mother and my father are now pensioners. My father is overweight with asthma and COPD. They are both refusing to further protect themselves with a booster Covid vaccine “because of all the damage it has done to people.” 
I cannot convince them otherwise. 🤦‍♂️🤦‍♂️🤦‍♂️🤦‍♂️🤦‍♂️🤦‍♂️🤦‍♂️🤦‍♂️🤦‍♂️🤦‍♂️",1.63E+18,2023
Sat Nov 11 19:08:46 +0000 2023,24,5,3,USER_00057,NAME_00057,,,"I’m off to get the latest Covid booster vaccine.  Not looking forward to the body aches but the fact that I have asthma, I definitely need to get it. 💙",1.72E+18,2023
Fri Feb 09 23:58:31 +0000 2024,0,0,1,USER_00058,NAME_00058,,United Kingdom,UK Government : People with Asthma should be in Group 6 for Covid-19 vaccine. - Sign the Petition! https://t.co/4Vgbe7F5u3 via @UKChange,1.76E+18,2024
Tue Aug 08 16:43:42 +0000 2023,375,15,76,USER_00059,NAME_00059,,United Kingdom,I’m only eligible for this year’s Covid and flu vaccinations because I have chronic asthma. Being a quadruple amputee (as a result of Covid) doesn’t entitle me to the vaccines. My husband will get his vaccinations because he is my carer. (1/2),1.69E+18,2023
Wed Feb 08 21:30:03 +0000 2023,16,2,8,USER_00060,NAME_00060,,,Nancy Mace says she is suffering from long-term effects from the Covid vaccine. She says after the booster she began having tremors along with asthma. https://t.co/9Vxrr0WCIb,1.62E+18,2023
Thu Feb 09 06:28:12 +0000 2023,1,0,1,USER_00061,NAME_00061,,United States,Nancy Mace says she is suffering from long-term effects from the Covid vaccine. She says after the booster she began having tremors along with asthma. https://t.co/yCpmPuKkgV,1.62E+18,2023
Wed Oct 11 13:09:04 +0000 2023,12,4,0,USER_00062,NAME_00062,,Canada,"Just booked my covid vaccine and flu shot for Friday. Asthma sufferers, get your shot!!!! #Toronto",1.71E+18,2023
Tue Oct 31 16:58:39 +0000 2023,389,16,49,USER_00063,NAME_00063,,United Kingdom,"I have asthma so every year I make sure to get my flu jab. Thanks to the team at Jardines Pharmacy who are running the vaccine centre for flu and Covid at Exeter Hall, Kidlington. Friendly, efficient and fast. Book if you’re eligible via the NHS website. https://t.co/xXgLFSv0hh",1.72E+18,2023
Thu Feb 15 22:33:28 +0000 2024,7,1,0,USER_00064,NAME_00064,,,"Casual reminder that covid will shred your life if you let it. I got my vaccine and 4 boosters, and it still woke up my asthma and my health still hasn’t fully recovered

Please please please set up an appointment if you’re behind, it’s the only reason I can keep going",1.76E+18,2024
Sat Mar 18 21:39:26 +0000 2023,3,0,3,USER_00065,NAME_00065,,,"It's a lie. She is being nebulised because some Labour party thugs came and were smoking marijuana cigarettes and it triggered her asthma. 

She asked to use my inhaler but I refused because she said she didn't have her covid vaccine card on her",1.64E+18,2023
Tue Feb 13 19:56:59 +0000 2024,3,0,0,USER_00066,NAME_00066,,United States,Y’all will never make me regret getting my Covid vaccines and boosters. I’m tired as hell and my nose keeps running but that’s it. I have asthma and this could’ve been worse for me. My son has nothing but a sore throat,1.76E+18,2024
Thu Jan 18 18:59:27 +0000 2024,4,37,0,USER_00067,NAME_00067,,United States,"@ervin_pa I have a friend that acquired asthma as a side effect to her Covid vaccine.
💯💯 https://t.co/RqIw8WnmBy",1.75E+18,2024
Tue Feb 06 15:51:04 +0000 2024,3,0,0,USER_00068,NAME_00068,,,"LOUDER!!! I'm unable to get some vaccines because of my asthma and heart condition!! When I got my second Covid-19 vaccine, I was in the hospital on oxygen for 5 days. Some people have VALID reasons they are incapable of getting these medicines.",1.75E+18,2024
Thu Feb 15 20:31:44 +0000 2024,0,1,0,USER_00069,NAME_00069,,United States,"@esjesjesj I'm fully vaccinated with Moderna and have had Covid twice, once I ended up in the hospital for the night due to low O2 (I have asthma), and the other I was very sick, but was able to recover at home. 

Maybe I would've died without the vaccine, maybe I wouldn't have. Who knows.",1.76E+18,2024
Thu Feb 09 04:53:42 +0000 2023,98,1,45,USER_00070,NAME_00070,,,"Congress woman Nancy Mace mentions that she regrets the vaccine, has developed Asthma and heart pains that she doesn’t think will ever go away.

She goes on to blame former twitter executives for censoring doctors and accurate COVID information.

1/n https://t.co/ryMdCQew2v",1.62E+18,2023
Sun May 28 15:36:31 +0000 2023,23,0,14,USER_00071,NAME_00071,,,"55 year old woman with acute asthma exacerbation due to the SARS-CoV-2 vaccine #Pfizer-BioNTech BNT162b2 #mRNA COVID-19 vaccine.
https://t.co/69rqyRFpDH https://t.co/fhkN5YUsYf",1.66E+18,2023
Mon May 16 11:01:05 +0000 2022,15,0,14,USER_00071,NAME_00071,,,"A 17-year-old male with history of attention deficit hyperactivity disorder and mild intermittent asthma presented to a local urgent care center with chest pain. He received his second dose of #Pfizer-BioNTech COVID-19 vaccine 3 days prior to presentation.
https://t.co/a8oR4wGJxB",1.53E+18,2022
Mon May 16 20:49:14 +0000 2022,7,2,7,USER_00071,NAME_00071,,,"COVID-19 vaccine and autoimmune diabetes in adults
The patient complained of asthenia, developed a few days after receiving the first dose of #AstraZeneca  Vaxzevria ChAdOx1-S vaccine
https://t.co/v86I9Z6v74",1.53E+18,2022
Mon Aug 28 18:24:40 +0000 2023,14,0,8,USER_00071,NAME_00071,,,"47-year-old  man with progressive jaundice that would potentially require liver transplantation, 2 weeks after receiving his 3 rd COVID-19 vaccination &amp; 1st #mRNA-based vaccine.
https://t.co/88xhJI0YMk https://t.co/C7W4Du1tnN",1.70E+18,2023
Sat Feb 11 20:02:01 +0000 2023,9,2,4,USER_00072,NAME_00072,1962,,"GOP rep says she's developed asthma, tremors, heart problems after taking jab! Rips Twitter execs for refusing to allow all viewpoints on COVID vaccine! https://t.co/wDYFkkk7Rr",1.62E+18,2023
Sun Dec 10 22:14:55 +0000 2023,32,5,2,USER_00073,NAME_00073,,,She had anxiety attack backstage before this and on top of that this performance was filmed during covid times before the vaccine was administered and Olivia has asthma and a throat disorder condition which put her at high risk for it like my god what a shitshow.,1.73E+18,2023
Sat Apr 08 01:09:27 +0000 2023,1,0,1,USER_00074,NAME_00074,,,"JUST NOW: Babies with underlying conditions will be offered a Covid vaccine, UK health chiefs confirmed.

This includes children with poorly controlled asthma and issues affecting their heart, kidneys, liver or digestive system.

@GeneralMCNews 
https://t.co/wkvd6sQqrd https://t.co/ImHyVKLWlO",1.64E+18,2023
Thu Nov 02 13:01:53 +0000 2023,4,0,5,USER_00075,NAME_00075,,Argentina,"Patients with #asthma, #COPD, and #ILD may experience reduced protection against COVID-19 from the vaccine. #COVIDvaccine #RespiratoryConditions https://t.co/yYtVV1ZIqx https://t.co/FVHJ3xVjhB",1.72E+18,2023
Fri Jan 27 15:00:44 +0000 2023,2,0,4,USER_00075,NAME_00075,,Argentina,Female patients disproportionately represented among COVID-19 #vaccine #allergy referrals https://t.co/Uc25jKwlKG https://t.co/Dzw5om79jF,1.62E+18,2023
Sun Nov 12 13:16:31 +0000 2023,219,18,94,USER_00076,NAME_00076,,,"#PSA #CovidIsNotOver is trending, so here's your reminder to ignore anti-science anti-vaxxers like RFK Jr. and update your COVID-19 booster.💉 Also get your #flu shot 💉 and #RSV vaccine.💉 And if you have asthma, COPD, or are 50+, get a pneumonia vaccine.💉Keep breathing! https://t.co/rcJYellSYl",1.72E+18,2023
Sat Feb 11 15:19:26 +0000 2023,1,0,1,USER_00077,NAME_00077,,United States,"Congresswoman Nancy Mays announced that she had asthma, tumors and heart problems after her second dose of the COVID vaccine
#疫苗災難 #vaccinedisaster #疫苗追责 #vaccineaccountability 
https://t.co/VmqciNemb9",1.62E+18,2023
Tue Dec 26 18:20:14 +0000 2023,1055,20,83,USER_00078,NAME_00078,,,The COVID vaccines are proof that modern medicine is amazing. I'm thankful for all of the scientists and doctors who helped develop them in record time. I have asthma. If the vaccines didn't exist I likely would have gotten much sicker both times I've had this horrible disease,1.74E+18,2023
Wed May 10 13:52:46 +0000 2023,6,3,1,USER_00079,NAME_00079,,,"@Rx_Dolo @flowergeniee @DailyLoud Aunt got dementia, mom got asthma, and an uncle got super rare brain cancer all from the COVID vaccine? I’ll take “Things That Didn’t Happen” for $500 Alex",1.66E+18,2023
Tue Jan 10 19:15:27 +0000 2023,6,1,1,USER_00080,NAME_00080,,United States,@NewsNancy9 @JunkScience @USCPSC My 71 yr old husband was recently diagnosed with asthma. He got the first COVID vaccine and one booster. He never had any lung problems before this. 🤬🤬🤬🤬,1.61E+18,2023
Fri Sep 15 13:59:51 +0000 2023,4,0,0,USER_00081,NAME_00081,,United Kingdom,"Just booked my Covid and Flu vaccines for mid October,  I wasn't sure if I was getting the Covid vaccine as I'm under 65 (but not much!) but as I have asthma I am getting it thankfully.",1.70E+18,2023
Thu Oct 05 23:13:37 +0000 2023,3,1,1,USER_00082,NAME_00082,,United States,"@scottbraddock Why can’t a private business mandate a COVID vaccine? I have asthma and I would want my employees to be vaccinated. I’m paying their salaries, not the government.",1.71E+18,2023
Sat Dec 23 21:17:08 +0000 2023,53,4,4,USER_00083,NAME_00083,,United Kingdom,"@YouAreLobbyLud As someone whose death would be excused as being due to ""underlying conditions"" I'm apoplectic that I'm not even considered eligible by the UK government to be given a COVID vaccine. Despite my asthma. Despite my high blood pressure.",1.74E+18,2023
Mon Sep 18 17:44:10 +0000 2023,9,1,0,USER_00083,NAME_00083,,United Kingdom,"@NHSEngland I'd love to have a Covid vaccine but you don't think me deserving of one. Despite me having asthma, which entitles me to a free flu vaccine, and high blood pressure, when Covid is a vascular disease leading to strokes and heart attacks. At 63 I'm too young yet last year I wasn't.",1.70E+18,2023
Mon Nov 06 02:02:32 +0000 2023,5,1,2,USER_00084,NAME_00084,,,"How many medical exemptions were granted to UMN students who (like Ilean Her) had asthma and/or other lung disease?

I’ll guess “zero” since the CDC recommends that “all people including those with asthma are urged to get their COVID-19 vaccine”.

(18/~30) https://t.co/PID03kMwCh",1.72E+18,2023
Sun Feb 11 20:44:38 +0000 2024,11,2,2,USER_00084,NAME_00084,,,"… had previously co-authored an influential article, which led to the approval of the covid vaccines for pregnant women.

24/ https://t.co/F35uI5YsVf",1.76E+18,2024
Thu May 18 01:02:50 +0000 2023,1,3,0,USER_00084,NAME_00084,,,"@I_Am_JohnCullen “She began feeling ill on Sept. 20 (2021) and tested + for COVID-19 the following day, when she was also diagnosed with Type-1 diabetes…

Amelia had not received the COVID-19 vaccine. She turned 12 in August and was days away from getting the shot.”
🤔😡

https://t.co/6dRAxeExUq",1.66E+18,2023
Sun Dec 31 08:19:22 +0000 2023,52,3,12,USER_00085,NAME_00085,,,"@sheencr @_CatintheHat Not just those with severe asthma. 
Everyone with chronic asthma is at increased risk.
Eligibility for Covid boosters should be everyone who takes daily inhaled steroids, as per Flu vaccine eligibility.
https://t.co/baPtBWCImN https://t.co/eQZMUWAg0A",1.74E+18,2023
Fri Dec 22 11:35:19 +0000 2023,8,0,4,USER_00085,NAME_00085,,,"@UKHSA Why isn't asthma considered an 'ongoing health condition' when Covid is proven to worsen the disease? 

EVERYONE with asthma needing daily inhaled steroids to stay alive is eligible for a free flu vaccine ↙️ but the same CANNOT be said for a Covid vaccine ↘️. https://t.co/Js93JX27jE",1.74E+18,2023
Wed May 05 14:36:20 +0000 2021,21,1,9,USER_00085,NAME_00085,,,"Why is @asthmauk not speaking up for #asthmaticsatrisk on #WorldAsthmaDay #WorldAsthmaDay2021?
People with #asthma are quite rightly scared they're not priority for a #COVID19 vaccine, but now there's talk of boosters that we won't be prioritised for either.
#FluJabEqualsCovidJab https://t.co/tN50lpObZG",1.39E+18,2021
Sat Feb 18 06:36:35 +0000 2023,4,3,0,USER_00086,NAME_00086,,,The covid vaccine cured my asthma as evidenced through my now improved running.,1.63E+18,2023
Mon Oct 23 19:22:39 +0000 2023,38,4,10,USER_00087,NAME_00087,,United States,"Just found out a colleague’s 4yo passed from #RSV —&gt; pneumonia —&gt; sepsis😣

The risk is real, esp for ex premie #babies kids with #asthma

#Pregnant folks, please discuss the vaccine (along with #flu #covid and #tdap ) with your provider to protect from the beginning",1.72E+18,2023
Fri Feb 17 01:34:08 +0000 2023,42,4,23,USER_00088,NAME_00088,,,"New roundup:

-Omicron linked to new-onset diabetes
-Moderna will keep covid vaccines free
-An etiquette guide for #LongCovid
-US decline slows as XBB/Kraken takes over
-#COVID19 worsens every aspect of asthma
-UK Queen Consort has a spot of coughsy-daisy

https://t.co/C73HgF6idp",1.63E+18,2023
Tue Sep 26 17:06:04 +0000 2023,4,0,0,USER_00089,NAME_00089,,Ireland,@MichealLehane The flu vaccine is available for the past fortnight. I got mine 2 weeks ago (have asthma) I  declined Covid vaccine on this occasion,1.71E+18,2023
Wed Feb 14 21:36:38 +0000 2024,1,1,0,USER_00090,NAME_00090,,,"Caught Covid from my kids, about a month before California locked down. 

For all three of us it was a bad flu. 
One kid, high fever 3 days.
My boy with asthma, almost 3 weeks to recover. 
Me extra crappy standard flu symptoms for 4 days. 

Why would I get a vaccine when I had the disease? 
No additional covid. 

My youngest, staying with his mom, vaccinated & boosted - Covid 2 more times.",1.76E+18,2024
Mon Jun 19 14:22:26 +0000 2023,2,1,0,USER_00091,NAME_00091,,United States,"@ShevyShevrolet @bitcloud @hausofviccc @RVAwonk 100% I can't have the covid vaccine due to my allergies. If I get covid I'm screwed as I have asthma, Lupus, EDS, CRPS, PCOS, endometriosis, underactive thyroid (and a few other conditions) and I'm on immunosuppressive medication. So I. Exactly the person that needs others 1/2",1.67E+18,2023
Thu Feb 15 23:30:44 +0000 2024,0,1,0,USER_00092,NAME_00092,,,"@Lord_Sugar Someone ik w/ asthma caught covid before vaccines were available and they’re still struggling. My grandfather in his 70s, who also has asthma along with many other risk factors such as heart problems, caught covid after being vaccinated and managed to survive. Vaccines helped.",1.76E+18,2024
Fri Jun 23 03:05:07 +0000 2023,2,0,0,USER_00093,NAME_00093,,,"@TuckerCarlson All of the State sponsored media attacked Robert F Kennedy, Jr., because they hate his views, his strong advocacy against the COVID vaccine and his strong opposition to the vaccine schedule for children. There must be a link between vaccines and all allergies, asthma, and autism.",1.67E+18,2023
Thu Feb 08 16:51:51 +0000 2024,5,0,1,USER_00094,NAME_00094,,,"@DHSCgovuk The truth is you don’t know who is at risk until someone catches it. Apparently I must have my flu jab because it’s a respiratory disease and I have asthma but I don’t need a covid vaccine even though it’s a respiratory disease, please explain why ? I know it’s down to money !",1.76E+18,2024
Mon Feb 13 02:18:03 +0000 2023,4,2,2,USER_00095,NAME_00095,,United States,@ElectionWiz Apparently the covid vaccine boosters are known to cause asthma for some. Could that be why the ‘study’?,1.62E+18,2023
Mon Feb 12 04:35:26 +0000 2024,1,0,0,USER_00096,NAME_00096,,,@cadaver_dogz Highkey even my anti covid vax friend was supportive of me getting the vaccine bc my dad has asthma and COPD and is missing half a lung,1.76E+18,2024
Sun Oct 08 06:42:56 +0000 2023,2,0,0,USER_00097,NAME_00097,,,@theAliceRoberts @zaman_anjem I have asthma and I was told I don’t qualify this time for a Covid vaccine but I did get the flu jab AND the pneumonia shot (which was the most painful thing I’ve ever had) 😳,1.71E+18,2023
Thu Jan 26 12:45:06 +0000 2023,0,0,0,USER_00098,NAME_00098,,,"Genuine allergies related to COVID-19 vaccines are extremely rare, with no significant differences between the sexes in terms of vaccination outcomes, said researchers at Queen Mary Hospital in Hong Kong. #covid19 #vaccine #allergy
https://t.co/fZstqy7x9u",1.62E+18,2023
Fri Jun 23 16:44:59 +0000 2023,0,0,0,USER_00098,NAME_00098,,,"After testing involving six children with a history of prior reactions and four with pre-existing conditions, researchers at @NMHS_WA concluded that nine of these children could safely receive an mRNA #covid19 #vaccine in the future. #allergy
https://t.co/4QA2t6hHOH",1.67E+18,2023
Thu Feb 02 02:30:07 +0000 2023,1,0,1,USER_00098,NAME_00098,,,"Can boiled peanuts be used in #immunotherapy? Are women referred for #COVID19 vaccine reaction treatment more often then men? What other diseases do adults with #asthma develop? These stories and more cracked our top 10 news items for January. #allergy
https://t.co/H5xSpTYcV9",1.62E+18,2023
Wed Nov 01 18:13:30 +0000 2023,16,3,0,USER_00099,NAME_00099,,United Kingdom,"@UKHSA I’d love to but despite having asthma, you’ve withdrawn my NHS access to both. 

Luckily I can buy my flu vaccine but no similar option is allowed for COVID. This os at odds with vaccine policy in all other developed nations. Ludicrous.",1.72E+18,2023
Wed Feb 08 20:11:32 +0000 2023,2,0,2,USER_00100,NAME_00100,,,VIDEO - Rep. Nancy Mace Says She Developed Asthma and Chronic Heart Pain After Her Second Covid Vaccine  @NancyMace https://t.co/a9SnkFHc58,1.62E+18,2023
Sun Sep 17 16:35:31 +0000 2023,5,4,0,USER_00101,NAME_00101,,Europe,"Oh well, working in A&amp;E with numbers rising again #Covid was always a probability, but it’s finally got me. Triggered #asthma and I feel limp &amp; knackered but hopefully it will pass quickly. So glad I’m vaccinated. Please get your flu &amp; Covid vaccine if you are over 65 or at risk",1.70E+18,2023
Fri Jan 12 14:31:55 +0000 2024,2,1,0,USER_00102,NAME_00102,,United States,"@JohnBeaudoinSr My friend was injured by vaccines before he was also injured by the covid vaccine.  He was diagnosed eosinophilia asthma and gastroparesis after flu shots, stroke and Pericarditis after covid jab.",1.75E+18,2024
Wed Feb 07 12:50:34 +0000 2024,0,1,0,USER_00103,NAME_00103,,Namibia,I burried so many close knit family during Covid.. &amp; then worse; post Covid more bodies started dropping week after week. A simple thing like an asthma attack etc. … then you find out that person was vaccinated. Mmmm I blame the vaccines. Just so odd,1.76E+18,2024
Mon Nov 13 22:23:09 +0000 2023,5,0,0,USER_00104,NAME_00104,,United States,"@BadMedicalTakes I developed asthma as an adult, decades after being vaxxed &amp; before covid. No vaccine created my asthma.",1.72E+18,2023
Tue Aug 22 11:57:53 +0000 2023,44,5,4,USER_00105,NAME_00105,,Australia,"@SenatorRennick I feel like there is no acceptable way to die…. 
heart attack 
stroke 
cancer 
car accident 
asthma 
diabetes 
are all unacceptable

EXCEPT medical intervention… They are ok if we die from the vaccine but not from Covid 

Medical error is the 3rd leading cause of death 🤔",1.69E+18,2023
Thu Nov 02 17:02:12 +0000 2023,10,2,0,USER_00106,NAME_00106,,,"I follow a gal here on X who has 3 degrees in science, so she was very pro-vax and was eager to get her kids the covid vaccine.  The oldest who had asthma was the first to get vaxxed and developed myocarditis.  He was in the cardiac unit for 4 days and now can't do hardly anything.  He was in the ER again over the weekend for chest pain.  Thankfully, he's okay.

She knew myocarditis was a side-effect of the covid vaccine but believed the MSM when they said it was very mild and about all you needed to do if you developed it was take an aspirin.

She's now an anti-vaxxer after what happened to her son and seeing how the MSM, CDC, FDA and everyone in positions of authority lied through their teeth about the dangers of the vaccine.",1.72E+18,2023
Sat Feb 10 15:02:46 +0000 2024,4,0,0,USER_00106,NAME_00106,,,"Just before Christmas I feel on the ice and broke both my wrists.  I told the ER doc I didn't want a covid vaccine as I think it will kill me due to a genetic liver issue.  My husband had gone home to take care of the dog when I told the ER doc this, but the doc told my husband I let him know my feeling on the vaccine while they had me out to set my wrist.  He was decent about, but we're in a very red state.

When we were living in a very blue part of a very blue state and I got seriously burned, we didn't go the hospital for fear of being forced vaxxed--treated the burn with ice, colloidal silver gel and vitamin E when the skin sluffed off and it healed completely.",1.76E+18,2024
Sun May 14 17:28:22 +0000 2023,3,1,0,USER_00107,NAME_00107,,United States,a gun at his head in front of her multiple times... oh and then refused to get a covid vaccine despite my asthma and predisposition to bronchitis and refusal to go over there while he is unvaccinated! yeah I'M the weirdo for getting the fuck away from that shit. sure!,1.66E+18,2023
Sat Jan 13 15:23:58 +0000 2024,7,0,2,USER_00108,NAME_00108,,,@holisticgrenade I am a pediatric nurse. I believe vaccines are harmful. I have refused to give the Covid vaccine. I am in an admin position now. The healthy human can manage without these toxins. Autism..allergies..asthma and more provides the medical professionals and pharma more profits,1.75E+18,2024
Wed Feb 07 19:22:01 +0000 2024,0,0,0,USER_00109,NAME_00109,,,"@davidcullinane You keep on ignoring reality

We chose this pestilence instead of protection

There are new vaccines for covid and RSV available on other countries, denied to us.

We still don't have HEPA filters in children's spaces even with kids dying.

Measles on the rise.

Asthma📈 https://t.co/dBSOFFadmF",1.76E+18,2024
Wed Feb 07 20:06:41 +0000 2024,0,0,0,USER_00110,NAME_00110,,,"Maybe the Covid Vaccines are causing an increase of asthma?  Go after the real big emitters China and India if you had the balls to, not average Canadians. Your tweets are so out to lunch you won't let Canadians reply to them. Why Charlie? You represent Canadians not Charlie.",1.76E+18,2024
Thu Feb 08 00:37:41 +0000 2024,5,1,1,USER_00111,NAME_00111,,Australia,"@thereal_truther @JohntheLyricist I am not saying the covid vaccines didn't give people rapid heart rates, myocarditis, chills even maybe some got asthma, sweats, muscle pain or nightmares - but I have yet to confirm one direct connection from vaccine to death... Lotsa people died from covid tho.",1.76E+18,2024
Tue Nov 07 00:34:12 +0000 2023,2,0,0,USER_00112,NAME_00112,,United Kingdom,"@BkHart1 Yeah, I get my flu vaccine every year and I also got my COVID vaccine this year again. I’m on Sirdupla because Symbicort didn’t work for me but I’ve been struggling with my inhalers lately so I’ve got an appointment with my asthma nurse on Wednesday.",1.72E+18,2023
Fri Nov 10 15:01:13 +0000 2023,1,1,1,USER_00113,NAME_00113,,,"i’m so mad that asthma isn’t an automatic covid vaccine ticket, my worst and main symptom is that my breathing is bad!! vaccinate  all asthmatics!",1.72E+18,2023
Wed Jul 26 01:14:43 +0000 2023,20,1,1,USER_00114,NAME_00114,,,"It’s certainly not a Covid vaccine but it’s used to treat all manner of lung diseases because it helps you breathe. Covid patients included. It’s used to asthma, pulmonary fibrosis, lung cancer patients and it makes perfect sense that it would help Covid patients with breathing problems. It was stupid of the government to destroy or not let them into the country for political reasons. I wonder how many died because they couldn’t breathe as a result?",1.68E+18,2023
Wed Feb 07 17:52:01 +0000 2024,2,1,0,USER_00115,NAME_00115,,,"@trillionofcells @TheFrankmanMN @krebiozen @simulflow @crabb_vicki @mcfunny @ShaneAKAProp @CaryDavid722 @Veeteejay1 @TakethatCt @ASchifty @Scary7Dr @bjurrows @AphasiaAnomic @sduncanhealth @shinko_hadoken @Arkout3 @Pouldeau61 @runhack @cappsie @BB0941167867205 @AnnLove4All @raoulduke49 @taurusg333 @doritmi @Kathmarval @Danny459673 @WendyOrent @DaveBla81093404 @MsTrixter @TonyBaduy @Hurriquake @MONTMAN9500 @StuWizzle @Golfergirl2018 @dann58638436 @encyclopath @1_TMF_ @Fornowago @FUDyou2 @Catheri49917567 @RadioColor @tonymac5 @groin_hammer @CyclopsSeesAll @ScienceMonkey0 @Just4TheCause @zendogbreath @FormerAntivax I was diagnosed with Long Covid in Nov 2020. There’s no possible way I could have received the vaccine. It’s not vaccine related. I now deal with asthma, POTS, dysautonomia, chronic nerve pain, immune deficiency. My dysautonomia doctor said no quercetin due to med interactions.",9.22E+17,2024
Sat Oct 14 21:17:37 +0000 2023,3,0,0,USER_00116,NAME_00116,,United Kingdom,"@williamnicholl5 @alex_velovelo1 @theJeremyVine What if you are there for a contraceptive pill check, a flu or covid vaccine, a diabetes or asthma meds review. On the rare occasions I’ve needed to see my GP, I’ve been perfectly capable of cycling or walking to the practice.",1.71E+18,2023
Fri Aug 18 10:15:52 +0000 2023,4,0,0,USER_00117,NAME_00117,,United Kingdom,"@iluminatibot I'm a professional boxing trainer who would have been one of the fittest 47 year olds you'll ever meet. After my first (and last) covid vaccine, both of my hands swelled up like balloons and I now need an asthma inhaler. I will never accept this as coincidence. The jab did it.",1.69E+18,2023
Wed Sep 06 17:07:44 +0000 2023,5,1,0,USER_00118,NAME_00118,,United States/ Canada,"@VABVOX I always get the flu shot due to asthma complications having once gone to pneumonia decades ago. I’m all boosted but will get the new Covid vaccine when my pharmacist lets me know he has it in. Since Mr R died, and I can’t drive, I’m not out much. But it only takes once.",1.70E+18,2023
Mon Oct 30 14:50:54 +0000 2023,1,0,0,USER_00119,NAME_00119,,United States,"@SatiricalFey @JkkCalifornia @NohaAboelataMD Your doctor is correct - I'm also immunocompromised (and have asthma) and experienced these same symptoms for 24 hours after each covid vaccine, but they resolve quickly. You're not alone!",1.72E+18,2023
Thu Feb 08 10:02:46 +0000 2024,2,1,0,USER_00120,NAME_00120,,,"@FawdonMag @joshuamcclure @jonsopel @charlesarthur Try telling that to the young lady I know who lost both of her parents to covid before they had chance to have the vaccine, leaving her an orphan at twelve years old.
My wife has severe asthma. It is feasible that without the vaccine she may well be gone too.",1.76E+18,2024
Sat Aug 19 22:26:53 +0000 2023,3,1,0,USER_00121,NAME_00121,,United States,"@tomdoorley @everettsrest Tom I thought Vaccines protect you..Iv asthma,never took a covid vaccine..never got sick with covid..my mother is 84..never got a vaccine in her life,got covid,recovered in 3 days..how many shots have you had now &amp; still getting covid..how long does it take for the penny to drop",1.69E+18,2023
Thu Nov 02 03:50:17 +0000 2023,1,0,0,USER_00122,NAME_00122,,Japan,"I have asthma so had it every year since I was young. Nothing close to covid vaccine. Basically a sore arm for a few days is the worst of it , and flu like symptoms for 24 hours. But after that you're basically fine. When I had covid vaccine first couple of times I felt like death.",1.72E+18,2023
Thu Nov 16 09:50:31 +0000 2023,1,1,0,USER_00123,NAME_00123,,Israel,@barakltd Yes vanilla Crembo. 🙂 You don’t have to get the COVID vaccine. I’m at high risk because of asthma and lung problems. Got the vaccine a year ago too and it helped protect me.,1.73E+18,2023
Fri Aug 11 13:46:40 +0000 2023,7,0,0,USER_00124,NAME_00124,,,"@goddeketal @JenniferNuzzo i'm 75. in my life i've had the flu ONCE. i never got the flu or covid vaccine. i take vit c, d &amp; zinc, protein drink, eat organic, plenty of rest. i've been around a 2 people with covid &amp; didn't catch it. and i have asthma.
i'll take my immune system over a covid vaccine.",1.69E+18,2023
Sat Dec 23 19:29:52 +0000 2023,1,0,0,USER_00125,NAME_00125,,United States,@AC_NoChill I’ve had my pneumonia shots. I have to get them every five years because I have asthma and anytime I get any type of respiratory infection. It lands in my lungs but as far as Covid vaccine I can’t do it. I have a fib and I’m on blood thinners doctor doesn’t recommend it.,1.74E+18,2023
Fri Feb 09 10:46:05 +0000 2024,2,0,0,USER_00126,NAME_00126,,,"@dgurdasani1 @SpillerOfTea I'm only able to get these vaccines because of asthma. How many other conditions affect breathing, though? I'm frequently air hungry with ME, as many others are. What impact would covid/flu have on that? Vaccines are cheaper than hospitalisation.",1.76E+18,2024
Tue Oct 10 00:18:58 +0000 2023,1,0,0,USER_00127,NAME_00127,,,"@LOTNorm Yeah I knew I was going to be sick anyway so I figured I would get them all done at once. I always get sick from the COVID vaccine. And now that I have asthma, I needed to get the pneumonia vaccine. But thankfully it’s not one you have to get annually.",1.71E+18,2023
Wed Aug 16 22:02:09 +0000 2023,3,0,0,USER_00128,NAME_00128,,United States,"@CaryCheshireTX And as for the Covid vaccine, of course I have it. I have severe asthma and other health issues that could have caused major complications. But again, feel free to keep attacking me.",1.69E+18,2023
Thu Jun 29 14:20:04 +0000 2023,3,0,0,USER_00129,NAME_00129,,United States,"@bambkb Covid is a lung disease. Covid Vaccine injury is  asthma. Canada is part of the NWO. Makes sense they would poison the air. Cause mass deaths or biotech $$  
They love us sick and going to hospitals where they make money",1.67E+18,2023
Wed Feb 08 16:11:30 +0000 2023,17,14,0,USER_00130,NAME_00130,,,".@RepNancyMace details how Twitter suppressed opinion from doctors who disagreed with the CDC on getting the COVID-19 vaccine. Mace noted how she developed asthma after getting the second COVID shot, tremors in her left hand, and occasional heart pain.",1.62E+18,2023
Fri Feb 16 03:56:20 +0000 2024,0,1,0,USER_00131,NAME_00131,,,"@DrLovlie @TexasLindsay_ @DebbieLesko @COVIDSelect I developed Autom immune disease (lupus) after Covid vaccine, never had health issue , now I have heart palpitations, AFib, high blood pressure on top of Autoimmune problems",1.76E+18,2024
Tue Feb 13 17:32:15 +0000 2024,0,0,0,USER_00132,NAME_00132,,,"Bravo 👏🏼 spot on! My blood pressure is through the roof right now 😖 I need to calm down, after all COVID vaccine has caused damage to my heart!",1.76E+18,2024
Mon Feb 12 17:06:46 +0000 2024,3,5,0,USER_00133,NAME_00133,,,@RaccoonAmerican @MikeChouine1987 @RealCandaceO Because the pharma company said so? You also don't get high blood pressure from Covid Vaccines. Lol 🤣,1.76E+18,2024
Thu Feb 15 13:36:08 +0000 2024,0,0,0,USER_00134,NAME_00134,,United States,"@_APWK_ My 37 year old healthy son got the jab and a year later had an undiagnosed extreme high blood pressure event, doc’s said it was genetic. End result is 7 % kidney function and waiting on a donor kidney.
His three little boys need their dad. 
Screw Covid, the vaccine and Joe Biden.",1.76E+18,2024
Mon Feb 12 17:20:07 +0000 2024,5,0,3,USER_00135,NAME_00135,,United States,"Where is Care-A-Van this week?! You may be able to get a COVID-19, Mpox, flu, childhood vaccines, or a blood glucose and blood pressure screenings. Please register in advance if you can: https://t.co/G1uhLmQcRm https://t.co/WbpCHAw8Hr",1.76E+18,2024
Sun Jan 30 03:48:05 +0000 2022,22,18,4,USER_00135,NAME_00135,,United States,Have side effects after getting the #COVID19 vaccine? That’s normal and a sign that your immune system is responding to protect your body from infection. #VaccinateWA #COVIDVaccine https://t.co/tFzmItIM6m,1.49E+18,2022
Wed Feb 14 01:45:36 +0000 2024,0,0,0,USER_00136,NAME_00136,,,"@BretWeinstein She is likely in denial. I'm also a nurse and got the vaccine back in Dec 2020. I did it because I was afraid, thought it might protect me. All I got was Covid 2 more times and high blood pressure. I count myself lucky, but I'm still angry about the high blood pressure.",1.76E+18,2024
Thu Feb 15 21:36:50 +0000 2024,2,0,0,USER_00137,NAME_00137,,,"@RamperTrbrbtc @GrahamWardle Me too, i was mandated as a volunteer teacher to take the vaccine. I experienced gastroparesis, nausea erratic blood pressure, heart rate it feels like my heart being ripped out through my neck&amp;kidney problems. Covid was all about money&amp;control.",1.76E+18,2024
Mon Feb 12 13:43:32 +0000 2024,2,0,0,USER_00138,NAME_00138,,United States,"Valentine’s Day is all about hearts. So treat yours right at Heart Health and Wellness Day in the Guttenberg Resource Center on Wednesday, Feb. 14 from noon to 3 p.m. There will be free blood pressure and glucose testing, free giveaways, free flu and COVID vaccines, and more. https://t.co/avetkFxQJ2",1.76E+18,2024
Sat Feb 10 14:01:23 +0000 2024,0,0,0,USER_00139,NAME_00139,,United States,"The GraceMed Mobile Health Unit will be at Dellrose United Methodist Church (1502 N. Dellrose Ave) TODAY from 12PM to 3PM providing FREE Covid-19 Vaccines &amp; Boosters for Eligible Individuals. Glucose, Blood Pressure, Covid-19, Flu, &amp; RSV Testing &amp; Education. https://t.co/sAcFeFmyip",1.76E+18,2024
Fri Feb 09 18:28:53 +0000 2024,1,0,0,USER_00139,NAME_00139,,United States,"The GraceMed Mobile Health Unit will be at Dellrose United Methodist Church (1502 N. Dellrose Ave) TOMORROW from 12PM to 3PM providing FREE Covid-19 Vaccines &amp; Boosters for Eligible Individuals. Glucose, Blood Pressure, Covid-19, Flu, &amp; RSV Testing &amp; Education. https://t.co/yN3o60gtCN",1.76E+18,2024
Fri Feb 09 13:15:23 +0000 2024,1,0,0,USER_00140,NAME_00140,,Nigeria,"120 adults were reached with vaccination messages at the venue of the activity. Some participants received the COVID-19, HPV, Rota, and TD vaccines. Others took the opportunity to check their blood pressure, and we collected samples for tuberculosis.

#TeamVaccine
#GetVaccinated https://t.co/z8GLG53YW2",1.76E+18,2024
Wed Feb 07 03:27:45 +0000 2024,0,0,0,USER_00141,NAME_00141,,United States,"@jonathanstea But how do they evaluate how much to pay you? Is it a monthly stipend? They obv can’t tie it to performance: it’s not like you can provide stats that 15 people/month took a Covid vaccine, a tetanus shot, got a prescription for ADHD and another for blood pressure. I mean…?/s",1.76E+18,2024
Wed Feb 14 22:52:20 +0000 2024,4,2,5,USER_00142,NAME_00142,,United States,"I worked in the medical field for 30 years, this is the incentive for the Covid vaccine, incentive checks for everything exists, long term Diabetes medication, blood pressure, you name it, your so called Care giver makes an additional income off your pain and suffering.",1.76E+18,2024
Thu Feb 15 01:06:38 +0000 2024,1,7,0,USER_00143,NAME_00143,,United States,"@thenilmaku @TheOmniLiberal I had pericarditis and heart issues for years after the vaccine. Elevated blood pressure too. Cardiologist said never get another Covid vax.

No it’s true and you’re a moron for not seeing it.",1.76E+18,2024
Fri Feb 09 07:57:40 +0000 2024,13104,176,6074,USER_00144,NAME_00144,,,"""The vaccines aren't appropriate for use in humans.""

Florida's surgeon general, Dr. Joseph Ladapo, calls for an immediate halt to mRNA-based Covid ""vaccines"", citing cancer and other health risks.

""Dr. Ladapo says he has safety concerns pertaining to the discovery of billions of DNA fragments found per dose in the Pfizer and Moderna Covid vaccines.""",1.76E+18,2024
Sat Dec 23 06:45:01 +0000 2023,175,25,92,USER_00144,NAME_00144,,,U.S. Government Gave Millions to American College of Obstetricians and Gynecologists to Promote COVID-19 Vaccines to Pregnant Women: https://t.co/4EXMDRrcvv,1.74E+18,2023
Mon Feb 12 01:34:35 +0000 2024,4751,376,1949,USER_00145,NAME_00145,,Canada,"Pfizer airs an Ad during Super Bowl featuring their next ‘Health Adventure’ focussing on Cancer. Seriously.

Did anyone ever find out why the Pfizer ‘Covid Vaccines’ tested positive for the known ‘Cancer Inhibitor’ SV40? 

https://t.co/AglD2JEbYL",1.76E+18,2024
Mon Jan 29 05:37:27 +0000 2024,5233,320,2682,USER_00145,NAME_00145,,Canada,"Do you understand what’s happening here? 

The Treasonous Dr. Birx is laying the pathway that people with ‘Covid’ is comparable to HIV/AIDS. 

They’ll soon state that ‘Covid’ (which was a Psychological Operation) causes HIV/AIDS…when it was the ‘vaccine’. https://t.co/y19nsC7NcR",1.75E+18,2024
Mon Jan 29 19:15:50 +0000 2024,94,16,55,USER_00145,NAME_00145,,Canada,"Fast forward to 2024. 

3 years after the Pharmaceutical Industrial Complex released their ‘Covid Vaccine’…Dr. Birx appears on MSM to compare ‘Covid’ to ‘HIV’. https://t.co/fd9xdPRsUt",1.75E+18,2024
Wed Feb 14 07:53:19 +0000 2024,14,1,11,USER_00146,NAME_00146,,China,"Welcome Turbo Cancer.  When people do not believe my story of FBI corruption, I like to ask them if they got the covid vaccine and if they say yes, I just stop talking with these people.  Sheep will be Sheep, many times it is part of their DNA, there is nothing you can do to change these people.  I would rather talk with the wolves than talk to the sheep.",1.76E+18,2024
Wed Feb 07 03:33:09 +0000 2024,77,8,43,USER_00147,NAME_00147,,,"🩸 Pfizer &amp; Moderna COVID Vaccines

🚨 Immediate halt to mRNA-based
COVID Vaccines"" NEEDED
— Dr. Joseph Ladapo
      Surgeon General FL

CITING:
CANCER and other health RISKS

📣 The vaccines aren't appropriate for use in humans
#DiedSuddenly #TurboCancer #BloodClot #Myocarditis https://t.co/jNQW4SAFJx",1.76E+18,2024
Mon Feb 12 14:31:10 +0000 2024,274,149,353,USER_00148,NAME_00148,,United States,"Do you think the Pfizer Covid vaccine is causing an increase in aggressive cancer cases?

Explain why...",1.76E+18,2024
Mon Feb 12 15:15:34 +0000 2024,259,38,99,USER_00149,NAME_00149,,,"“There is no information that suggests that COVID-19 vaccines cause cancer.”

To the best of our knowledge, this is the first case reported of a COVID vaccine booster uncovering lymphadenopathy leading to the diagnosis of metastatic prostate cancer.

You weren’t looking.. 👀 https://t.co/eAaxwml7YE",1.76E+18,2024
Fri Jan 26 03:46:28 +0000 2024,118,15,54,USER_00149,NAME_00149,,,"“On June 25, 2021, the FDA announced revisions to the patient and provider fact sheets for the Pfizer-BioNTech and Moderna COVID-19 vaccines regarding the suggested increased risks of myocarditis (inflammation of the heart muscle) and pericarditis (inflammation of the tissue surrounding the heart) following vaccination'.”

Where’s the benefit⁉️",1.75E+18,2024
Tue Feb 21 14:47:05 +0000 2023,144,16,76,USER_00149,NAME_00149,,,"“Turbo Cancer"" Post COVID-19
Vaccination? 21-Year Old Evan Fishel Died of Leukemia Only Four Days After Diagnosis. His University, Cal Maritime Academy had a COVID-19 vaccine mandate and to this day, recommends COVID-19 booster shots based on CDC guidelines.” https://t.co/k4zUj401R1",1.60E+18,2023
Thu Oct 19 16:33:42 +0000 2023,133,21,30,USER_00149,NAME_00149,,,"“Nobody who had Myocarditis from a Covid19 vaccine could have had it for five years yet.”
  
No shit, it hasn’t been 5 years yet. However, the damage is permanent and the heart doesn’t regenerate so that five years you speak of is coming soon if they make it that long. 

The damage is done and cannot be reversed. It can be treated but chances of survival are very, very slim.",1.72E+18,2023
Thu Feb 08 19:28:43 +0000 2024,471,96,238,USER_00150,NAME_00150,,,"This article below 👇 is the “Boris Johnson contracts Covid story” all over again.

The only difference is last time this was a marketing campaign to sell the Pfizer Covid Vaccine / Gene Therapy.

This time, it’s the marketing campaign to sell the Pfizer Cancer Vaccine / Gene 🧬 Therapy. 

Boris and Charles are marketing shills for  Big Pharma and complicit in this depopulation agenda.

…………………………………………………………………

Disclaimer: Due to new Free Speech regulations in Canada 🇨🇦, The European Union 🇪🇺 and The UK 🇬🇧 we are now labelling all of our posts as fiction.

Please view this post as complete fiction.",1.76E+18,2024
Sun Feb 11 16:24:28 +0000 2024,143,5,78,USER_00151,NAME_00151,,,"Fox 35 reports on the billions of DNA fragments found in footage of the Moderna and Pfizer COVID-19 vaccines. How this affects humans in three main areas:
1⃣️Healthy human genes have been transferred into cancer cells
2⃣️Chromosome instability
3⃣️And how the integration affects unintended parts of body such as the heart, brain, lungs, and the injection site itself.",1.76E+18,2024
Sat Dec 30 16:24:00 +0000 2023,145,6,61,USER_00151,NAME_00151,,,"Professor Burkhardt said in a widely circulated speech that he would not advise women get pregnant with men who have been vaccinated with COVID-19 vaccine. In the interview, he provided more context for his statement and explained how the COVID-19 vaccine affects reproductive organs!",1.74E+18,2023
Sat Feb 10 05:38:04 +0000 2024,160,24,33,USER_00152,NAME_00152,1964,United States,"You mean all those flu deaths labeled as COVID deaths could have been saved by a “turbo-cancer” COVID vaccine that was mandated for most workers by medical tyrants in government run by Democrats and the Deep state. 

Okay, whatever you say. 🙄 https://t.co/ENGL0t2kxN",1.76E+18,2024
Mon Feb 05 22:56:17 +0000 2024,36,3,7,USER_00152,NAME_00152,1964,United States,"Speaking of turbo charge - both my older landlords were duped into getting the COVID vaccine, got turbo cancer, and died - just six days apart. If they had taken Ivermectin, instead of the death shot, they’d both still be alive.",1.75E+18,2024
Thu Feb 15 19:08:18 +0000 2024,7,2,6,USER_00153,NAME_00153,,,"🤔Do DNA Fragments in COVID-19 mRNA Vaccines Cause Harm?
Dr. Paul Offit explains why it’s virtually impossible for DNA fragments in COVID-19 mRNA vaccines to cause harms, such as cancers or autoimmune diseases.   Dr. Offit describes what would have to happen in order for DNA fragments to cause harm by explaining three protective mechanisms in our cells that DNA fragments from mRNA vaccines cannot overcome. First, the cytoplasm has immune mechanisms and enzymes that destroy foreign DNA. Second, the fragments would have to enter the nucleus, which requires a nuclear membrane access signal that these DNA fragments don't have. Third, even if they were able to enter the nucleus, the fragments would need to have an enzyme called integrase to become part of our DNA, which they also don’t have.
Source: The Children's Hospital of Philadelphia (YouTube)",1.76E+18,2024
Wed Jan 17 22:08:06 +0000 2024,361,373,220,USER_00153,NAME_00153,,,"Bill Gates: We will have new vaccines, we'll have a TB vaccine, malaria vaccine, HIV vaccine and even the things like Covid vaccines, we need to make them have a longer duration, more coverage, and we're gonna change instead of using the needle to use the little patch...
Source: CNBC-TV18 (YouTube)",1.75E+18,2024
Tue Jan 09 05:27:37 +0000 2024,2792,222,1302,USER_00153,NAME_00153,,,"‘I’m seven months pregnant’: Qld nurse fired for refusing COVID jab
Queensland nurse Ella Leach has been fired from her job for refusing the COVID-19 jab despite being seven months pregnant and the state lifting the vaccine mandate in September last year.  “Nothing really prepares you for it,” Ms Leach told Sky News host Caleb Bond.  “You know it’s on the cards as long as the disciplinary committee process is happening.  “I’m seven months pregnant nearly – I should be focusing on the joys of becoming a first-time mum, but it’s overshadowed by this process.  “There’s no sensible reason why they would continue this action, we know that our hospitals are screaming out for staff, we’re seeing ambulances ramped outside, people dying in ambulances, rural areas really suffering.  “I don’t know why they bothered to drop the mandate if they were going to continue firing people – I’m one of at least 50 since September 25.”
Source: Sky News Australia (YouTube)",1.74E+18,2024
Sat Feb 10 11:54:42 +0000 2024,22,4,11,USER_00154,NAME_00154,,United States,"⛔️""The vaccines aren't appropriate for use in humans.""

Florida's surgeon general, Dr. Joseph Ladapo, calls for an immediate halt to mRNA-based Covid ""vaccines"", citing cancer and other health risks.

""Dr. Ladapo says he has safety concerns pertaining to the discovery of billions of DNA fragments found per dose in the Pfizer and Moderna Covid vaccines.""",1.76E+18,2024
Thu Feb 15 02:04:28 +0000 2024,9,0,2,USER_00155,NAME_00155,,Canada,COVID VACCINES CAUSING CANCER https://t.co/bCG6jRGnSZ,1.76E+18,2024
Thu Feb 15 19:35:04 +0000 2024,59,6,4,USER_00156,NAME_00156,,United States,the cutting edge cancer vaccine research is downstream of the US’s mRNA investments during covid and happening at places like Moderna. everyone is currently *close* to creating vaccines.,1.76E+18,2024
Wed Feb 07 05:32:09 +0000 2024,14,1,8,USER_00157,NAME_00157,,United States,"Strange 👀
This was posted to Google about 13 hrs. ago....
🚨🚨 #TurboCancers are now an ""side effect"" of the Covid vaccine ! 
Rapid Cancer rate in the vaccinated ⚠️ 
Google mentions Toby Keith 😔💉 
...deaths in the hundreds of millions. 
#Genocide 
#DiedSuddenly
#Tucker 
#Putin https://t.co/i1muSekzge",1.76E+18,2024
Mon Feb 05 12:45:06 +0000 2024,5377,131,2870,USER_00158,NAME_00158,,United Kingdom,"""The vaccines aren't appropriate for use in humans.""

Florida's surgeon general, Dr. Joseph Ladapo, calls for an immediate halt to mRNA-based Covid ""vaccines"", citing cancer and other health risks.

""Dr. Ladapo says he has safety concerns pertaining to the discovery of billions of DNA fragments found per dose in the Pfizer and Moderna Covid vaccines.""

Source: https://t.co/6QV88c6gkd

Follow my backup account: @wide_awake_news

Subscribe to me on Telegram: https://t.co/PCfPqqHrrw

Subscribe to my newsletter, for daily email updates: https://t.co/lCHv5M6RdL",1.75E+18,2024
Tue Feb 06 14:10:26 +0000 2024,554,71,290,USER_00159,NAME_00159,,,Toby Keith got the Covid #vaccine in January of 2021. He was diagnosed with cancer in 2022. Prayers for his family and friends… 🙏 #TobyKeith https://t.co/azCZvN6jQN,1.75E+18,2024
Wed Feb 14 20:20:02 +0000 2024,225,25,139,USER_00160,NAME_00160,,United States,"Euthanizing the Elderly to Boost ""Covid"" Fatalities
Tens of thousands secretly euthanized to boost ""da numbers"". And now a ""cancer vaccine"" based on mRNA. https://t.co/dxC13c0qZY",1.76E+18,2024
Mon Feb 12 02:49:20 +0000 2024,12,1,10,USER_00161,NAME_00161,,Australia,"Pfizer should have used ‘Another one bites the dust’ considering the harm they've inflicted. The irony of using Queen after Fauci and AZT killed Freddie Mercury. “Pfizer, our Covid ‘vaccine’ causes cancer, so we’ll now make billions treating” #PlasmidGate
 https://t.co/7JpLo85Qh1",1.76E+18,2024
Fri Jan 12 05:23:17 +0000 2024,102,21,69,USER_00161,NAME_00161,,Australia,"""Dr. Deborah Birx Says 'Long COVID' is Similar to HIV""
Yep, Covid-19 mRNA ""vaccines"" gave you AIDS. They're spinning it to blame Covid as with many conditions lumped in with ""Long Covid"" - which is observational with no clinical test. #MedTwitter 
 https://t.co/KfW3YHmj7U",1.75E+18,2024
Fri Feb 09 16:04:29 +0000 2024,116,6,52,USER_00162,NAME_00162,,,"""The vaccines aren't appropriate for use in humans.""

Florida's surgeon general, Dr. Joseph Ladapo, urges an immediate cessation of mRNA-based Covid ""vaccines,"" citing concerns about cancer and other health hazards.
 https://t.co/oGPTemicTg",1.76E+18,2024
Sun Feb 04 06:24:23 +0000 2024,115,5,103,USER_00163,NAME_00163,,India,"One of the common causes of #cancer #CervicalCancer these days is the covid #Vaccine

#HPVvaccine cannot prevent #CervicalCancer but all these vaccines cause #infertility and #miscarriage, and death!
#WorldCancerDay https://t.co/mCUXmjvIEa",1.75E+18,2024
Mon Jan 29 05:19:44 +0000 2024,74,9,56,USER_00163,NAME_00163,,India,"Nonsensical #vaccine promotion by @htTweets 

#HPV vaccine is the most risky vaccine after the covid vaccine, everyone should just say NO

And IT DOES NOT PREVENT CERVICAL CANCER

#CervicalCancerAwarenessMonth 

https://t.co/g92Bg2ZDD2 https://t.co/WuSqKxWCRO",1.75E+18,2024
Wed Jan 31 16:19:59 +0000 2024,5493,134,3090,USER_00164,NAME_00164,,,"The covid booster cancer time bomb - Professor Angus Dalgleish
""There are numerous reports in the literature of cancers arising within days of the vaccines being administered, especially in the case of lymphomas and leukaemias. There are several reports of PET scan mapped tumours exploding at the site and draining area of covid injections with the advice to inject covid vaccines away from known cancers! Outside my clinical observations, several friends have developed cancer after a totally unnecessary covid booster taken only to facilitate travel.

T cell responses are suppressed after the boosters (not the first two injections) and that this is especially marked in some cancer patients. 

The antibody repertoire switches after the first booster from a protective IgG1 and IgG3 dominant B cell response to a tolerising IgG4 one, made worse by further boosters, as reported in a recent Science Immunology paper. As many cancers are controlled by effective T cell led immunity, the sudden perturbation of this control would clearly explain the development of B cell leukaemia and lymphomas, melanoma renal cell cancers and colorectal ones, all tumours which can respond to immunotherapy. 

Another report by Loacker et al in Clin Chem Lab Med shows that mRNA vaccines increase PD-L1 on granulocytes and monocytes, which means they effect the very opposite of what the immunotherapy agents do against these tumours, and whichin turn explains why many of these tumours appear to be resistant to this otherwise effective therapy. Taken together, the effect on the immune response of these boosters can easily explain the relapses and so-called turbo-charged cancers appearing.

Other reports document the presence of DNA plasmids and SV 40 (a known cancer-inducing gene) sequences, as well as the ability of mRNA to bind to important suppressor genes. Although this is controversial and has been challenged, it has led to the realisation of significant batch-to-batch variation that could enhance the cancer process yet probably not manifest itself for a few years. The very possibility that we could be sitting on a vaccine-inducing cancer time bomb means that we must never again get involved into a mass vaccine programme for another possible Disease X.""

Link below:",1.75E+18,2024
Thu Feb 08 13:33:22 +0000 2024,6041,233,1928,USER_00164,NAME_00164,,,"GB News presenter Neil Oliver cleared by  Ofcom over ‘turbo cancer’ claims
Seventy complaints were made to Ofcom after the presenter linked an aggressive form of cancer in young to Covid-19 vaccines
""The television presenter Neil Oliver has been cleared by the broadcasting watchdog after he pushed claims about the existence of a so-called turbo cancer...
An episode broadcast on January 13 attracted 70 complaints to the regulator Ofcom after Oliver, 56, claimed that young, healthy people were dying of an aggressive form of cancer and linked it to Covid-19 vaccines...
Ofcom assessed Oliver’s comments but has ruled they do not raise issues that warrant an official investigation under the Broadcasting Code.
The regulator said: “In line with freedom of expression, our rules allow broadcasters to cover controversial themes and topics. We recognise that these brief comments were the presenter’s personal view and did not materially mislead the audience, we therefore will not be pursuing this further.”",1.76E+18,2024
Wed Jan 31 09:29:28 +0000 2024,1124,20,699,USER_00164,NAME_00164,,,"""Pregnant rats received the COVID-19 mRNA BNT162b2 vaccine during gestation. Subsequent evaluations on male and female offspring included autism-like behaviors, neuronal counts, and motor performance... Male rats exhibited pronounced autism-like behaviors, characterized by a marked reduction in social interaction and repetitive patterns of behavior. Furthermore, there was a substantial decrease in neuronal counts in critical brain regions, indicating potential neurodegeneration or altered neurodevelopment. Male rats also demonstrated impaired motor performance, evidenced by reduced coordination and agility. Our research provides insights into the effects of the COVID-19 mRNA BNT162b2 vaccine on WNT gene expression, BDNF levels, and certain neurodevelopmental markers in a rat model. More extensive studies are needed to confirm these observations in humans and to explore the exact mechanisms. A comprehensive understanding of the risks and rewards of COVID-19 vaccination, especially during pregnancy, remains essential.""",1.75E+18,2024
Sat Jan 20 07:23:43 +0000 2024,104,9,48,USER_00164,NAME_00164,,,"'Covid Deaths in Pregnancy Rose 300 Percent During Delta. Blame The Toxic Combination of Covid Plus Vaccines.':
""The campaign to vaccinate pregnant women in the heat of the second Covid wave may have combined to make infections worse in the vaccinated. The phenomenon, often minimized as “breakthrough infection,” is called vaccine-associated enhanced disease or VAED and has been documented in measles, respiratory syncytial virus, and dengue fever.
The 429 women who died from pregnancy-related Covid in 2021 are a tiny fraction of those who birthed 3.6 million babies in 2021. But their role in the nation’s 40 percent increase in maternal deaths deserves official scrutiny. When we looked at deaths of women for whom Covid was the prime killer—the underlying cause—we found an increase of 2,000 percent, from 16 mothers who died in 2020 to 335 in 2021.
Since the rollout of Covid vaccines in late 2020, a concerted effort has been made to minimize vaccine failures of efficacy and safety while overstating vaccine success. We contend that this awful chapter in Covid history, when more than 400 families lost wives and mothers, is instructive. It may also offer insight into vaccine-driven sickness and death in the general population that has been studiously ignored.""",1.75E+18,2024
Sun Feb 21 05:14:39 +0000 2021,238,18,192,USER_00164,NAME_00164,,,"""The SARS-CoV-2 spike protein produced by the new COVID-19 vaccines triggers cell signaling events that promote PAH [pulmonary arterial hypertension], other cardiovascular complications, and/or complications in other tissues/organs in certain individuals""
https://t.co/Zq6OAX0fT6",1.36E+18,2021
Sun Jul 02 11:19:47 +0000 2023,27,4,23,USER_00164,NAME_00164,,,"Intracellular Reverse Transcription of Pfizer BioNTech COVID-19 mRNA Vaccine BNT162b2 In Vitro in Human Liver Cell Line:
""We also show that BNT162b2 mRNA is reverse transcribed intracellularly into DNA in as fast as 6 h upon BNT162b2 exposure""
https://t.co/cHzwa2J1ak https://t.co/rk8tEEhLIo",1.68E+18,2023
Tue Feb 06 14:53:36 +0000 2024,6144,104,3632,USER_00164,NAME_00164,,,"THE COVID BOOSTER IS A CANCER TIME BOMB - Professor Angus Dalgleish
""There are numerous reports in the literature of cancers arising within days of the vaccines being administered, especially in the case of lymphomas and leukaemias. There are several reports of PET scan mapped tumours exploding at the site and draining area of covid injections with the advice to inject covid vaccines away from known cancers! Outside my clinical observations, several friends have developed cancer after a totally unnecessary covid booster taken only to facilitate travel.

T cell responses are suppressed after the boosters (not the first two injections) and that this is especially marked in some cancer patients. 

The antibody repertoire switches after the first booster from a protective IgG1 and IgG3 dominant B cell response to a tolerising IgG4 one, made worse by further boosters, as reported in a recent Science Immunology paper. As many cancers are controlled by effective T cell led immunity, the sudden perturbation of this control would clearly explain the development of B cell leukaemia and lymphomas, melanoma renal cell cancers and colorectal ones, all tumours which can respond to immunotherapy. 

Another report by Loacker et al in Clin Chem Lab Med shows that mRNA vaccines increase PD-L1 on granulocytes and monocytes, which means they effect the very opposite of what the immunotherapy agents do against these tumours, and whichin turn explains why many of these tumours appear to be resistant to this otherwise effective therapy. Taken together, the effect on the immune response of these boosters can easily explain the relapses and so-called turbo-charged cancers appearing.

Other reports document the presence of DNA plasmids and SV 40 (a known cancer-inducing gene) sequences, as well as the ability of mRNA to bind to important suppressor genes. Although this is controversial and has been challenged, it has led to the realisation of significant batch-to-batch variation that could enhance the cancer process yet probably not manifest itself for a few years. The very possibility that we could be sitting on a vaccine-inducing cancer time bomb means that we must never again get involved into a mass vaccine programme for another possible Disease X.""
",1.75E+18,2024
Thu Feb 01 15:40:18 +0000 2024,134,12,87,USER_00165,NAME_00165,,,"Global Cancer Cases are expected to rise by more than 75% by 2050, according to the World Health Organization 

Gee, I wonder why?

According to [their] numbers…
72%+ percent of the worlds population has been vaccinated with the Covid Vaccine.

I’m sure it’s just a coincidence…

https://t.co/RhTnLT8pS9",1.75E+18,2024
Wed Feb 07 20:10:49 +0000 2024,111,12,63,USER_00166,NAME_00166,,,"UK's Dr. David Cartland speaks about his COVID-19 Vaccine Injured patients (Feb.5, 2024)

Doctors need to find courage to speak out.  It is blatantly obvious what is happening with those who have taken the jab. 

Young vaccinated people are having strokes, blood clots, cancer, and cardiovascular issues.  They are being told it’s genetic.

People are being told they can’t have the flu vaccine unless they have the Covid vaccine with it.  

Medical professionals are gaslighting patients.  This has got to stop!  Doctor’s find your courage and sense of humanity!",1.76E+18,2024
Mon Jan 16 17:37:19 +0000 2023,94,18,64,USER_00166,NAME_00166,,,"@healthbyjames CLAIR BRIDGES: 21, was fully vaccinated for COVID-19, caught COVID anyway, vaccine was supposed to prevent severe disease, however, Clair had both legs amputated, myocarditis, and kidney failure anyway. https://t.co/kAcDdEhF8K",1.62E+18,2023
Mon Jan 16 17:56:24 +0000 2023,30,28,15,USER_00166,NAME_00166,,,"@itsJeffTiedrich Meanwhile, this is CLAIR BRIDGES: 21, was fully vaccinated for COVID-19, caught COVID anyway, vaccine was supposed to prevent severe disease, however, Clair had to have both legs amputated, myocarditis, and kidney failure. https://t.co/NqVPcIFsNP",1.62E+18,2023
Mon Feb 05 12:09:34 +0000 2024,10373,614,2684,USER_00167,NAME_00167,,United States,"Right after the Covid shot rollout cancer rates exploded around the world. The human population of Earth is now seen as expendable laboratory animals. mRNA injections are not vaccines, they are experimental gene manipulation and they have never been approved because of all the death they cause. The definition of vaccine has been changed.",1.75E+18,2024
Tue Feb 06 10:43:53 +0000 2024,104,18,33,USER_00168,NAME_00168,,United Kingdom,Covid mRNA vaccine now cancer mRNA vaccine… haven’t we  become aware of how dangerous mRNA vaccines are yet? 😔 https://t.co/l8HB7qqKBe,1.75E+18,2024
Thu Feb 15 17:31:30 +0000 2024,4,0,0,USER_00169,NAME_00169,1995,United States,"USA: we have a Covid vaccine 

Russia: we have a cancer vaccine 

ME: https://t.co/56uRd127OC",1.76E+18,2024
Mon Feb 12 12:14:32 +0000 2024,5,2,3,USER_00170,NAME_00170,,,"#Pfizer's Superbowl ad targets #Cancer.

The company has made very big investments in cancer research and treatment recently. No cancer causing SV40 in the Covid vaccines ... right?

Make the problem then offer the solution. The standard for big pharma businesses. These are not good people. Do they make you sick so they can charge you to make you well again? You decide.",1.76E+18,2024
Tue Feb 13 12:13:40 +0000 2024,9,1,2,USER_00171,NAME_00171,,United Kingdom,"UK Medical professional reveals the truth about the Covid Vaccine. 

He states that fully jabbed people are experiencing blood clots, chest infections, strokes, cancer, heart failure. 

He says that people are being given out of date jabs, under heavy coercion. 

SHARE THIS POST https://t.co/IiXvTOudVH",1.76E+18,2024
Thu Feb 15 08:12:19 +0000 2024,365,34,47,USER_00172,NAME_00172,,Romania,"Putin said that Russia is close to creating a cancer vaccine (lol). Anti-vaxxers who were afraid about getting 5G chips (!?!) under their skin during the COVID outbreak are currently cheering for the ""news"". 
What do you think it would happen if Pfizer created a real anti-cancer vaccine? That's right, every single dumb fuck on this planet would shout about mass genocide, people getting cancer due to vaccines and similar mumbo jumbo shit.",1.76E+18,2024
Fri Feb 16 00:47:20 +0000 2024,43,9,0,USER_00173,NAME_00173,,,The Covid 19 vaccine doesn’t cause cancer nor can it. 🙄,1.76E+18,2024
Thu Feb 08 14:05:58 +0000 2024,3,2,0,USER_00173,NAME_00173,,,"@henry77761681 Don’t see how the Covid vaccine gives you measles. 

Or aids 

Or HIV. 

Or cancer.",1.76E+18,2024
Wed Feb 07 21:25:02 +0000 2024,28,6,9,USER_00174,NAME_00174,,,"After Toby Keith died from raging turbo cancer, his foundation staff deleted a post of them receiving the COVID-19 vaccine in 2021.
👇👀 https://t.co/9LvSwn5WUV",1.76E+18,2024
Thu Feb 15 13:46:51 +0000 2024,7,0,1,USER_00175,NAME_00175,,Hungary,"Vaccine agaimst what fucking cancer
You can't make a vaccine against all fucking cancer
Also is this the same country that made covid vaccines so unreliable no one took it outside of hungary?",1.76E+18,2024
Thu Feb 08 15:09:11 +0000 2024,13,5,5,USER_00176,NAME_00176,,United Kingdom,"I wonder if it's the new cancer vaccine, if the 🤴  king takes it, miraculous recovery, others will be queuing around the block for it, called it when it was first announced about his health, just like them and Boris etc having the covid jab (saline) 
Something stinks. https://t.co/h91kznaibU",1.76E+18,2024
Wed Feb 14 16:50:20 +0000 2024,40,16,7,USER_00177,NAME_00177,,United States,I would take a Russian cancer vaccine before I took the COVID-19 shot.,1.76E+18,2024
Sat Jan 27 03:57:33 +0000 2024,150,12,68,USER_00178,NAME_00178,,,"Barry Ruck - #TurboCancer 💉☠️
(Jan. 2024) 🇺🇸 New Jersey 

""I made the appointment for the Covid vaccine shot even though I wasn't 100% sure I was gonna go through with it.""

Passed away after a 2-year fight with cancer of the mouth, throat, and tongue. 

GoFundMe

Credit: Hello Dave 

https://t.co/bhGJqXtrT3
https://t.co/N5HaoM000j
https://t.co/adXsG6Xrow",1.75E+18,2024
Tue Jan 30 02:48:29 +0000 2024,323,199,207,USER_00178,NAME_00178,,,"I just took a peek at the other side - Pro Vaccine
They are all complaining of being sick, and they blame Covid for every ailment -
I want to hear from my Unvaccinated colleagues, has Covid caused you to develop Heart Disease, Clots, Vertigo, Cancer, Stroke, Long Covid, or more?",1.75E+18,2024
Mon Sep 25 03:55:17 +0000 2023,278,10,139,USER_00178,NAME_00178,,,"Experimental Covid-19 Vaccine Side Effects: Multiple Strokes 💉😵‍💫 (May 2023)

“Last year, during this time, I had my ninth stroke.

I remember and I testify. It's been a year.

My blood pressure had dropped to 37/15.

I flat lined.

I stayed paralyzed on the left side of my body for the fourth time. I couldn't walk.

I could barely stutter out my words.

I lost my hearing completely in my left ear.

I should be dead.”

Post sent in by: Connecticut Vaccine Reactions And Sudden Deaths 

https://t.co/bhGJqXtrT3
https://t.co/N5HaoM000j
https://t.co/adXsG6Xrow",1.71E+18,2023
Mon Feb 05 23:05:32 +0000 2024,404,34,124,USER_00178,NAME_00178,,,"South Carolina, Carmen Santiago - (Blood Clots + Heart Attack 💉(Feb. 2024) #VaccineSideEffects 

""I Got My Covid-19 Vaccine.”

""So late last night I was admitted to Baystate Medical Center due to that I had a heart attack. They did emergency catheterization they found blood clots in my main artery.""

Credit: Hello Dave 

https://t.co/bhGJqXtrT3
https://t.co/N5HaoM000j
https://t.co/adXsG6Xrow",1.75E+18,2024
Fri Oct 20 21:41:05 +0000 2023,100,8,55,USER_00178,NAME_00178,,,"Vaccine Death - Clive Wiltshire 💉(October 2023) 🏴󠁧󠁢󠁥󠁮󠁧󠁿 England 

Clive Wiltshire became seriously unwell with liver and kidney failure and spent 12 days in the hospital. 

Sadly, he ended up passing away. 

Clive received multiple experimental Covid-19 injections. 

Credit: Hello Dave 

https://t.co/bhGJqXtrT3
https://t.co/N5HaoM000j
https://t.co/adXsG6Xrow",1.72E+18,2023
Fri Nov 24 10:03:53 +0000 2023,259,10,180,USER_00178,NAME_00178,,,"Chronic Kidney Failure After Taking The Covid-19 Vaccine 💉
(June 2023) 🇦🇷 Argentina 
#VaccineSideEffects 

“Hello my name is Alejandro Gomez. I am 28 years old. Five months ago I was diagnosed with chronic kidney failure.”

https://t.co/bhGJqXtrT3
https://t.co/N5HaoM000j
https://t.co/adXsG6Xrow",1.73E+18,2023
Tue Jan 30 01:25:37 +0000 2024,174,9,84,USER_00178,NAME_00178,,,"Emergency Surgery Due To Blood Clots - Kidney Failure - Lost 60 Pounds 💉(Jan. 2024)
#VaccineSideEffects

The Covid-19 vaccines were never safe. They lied to everyone. 

https://t.co/MfYxVTAWmf
https://t.co/tib3tLD10h
https://t.co/aP3LIjNpaR https://t.co/TtAB74BzpI",1.75E+18,2024
Mon Jun 19 00:08:25 +0000 2023,45,3,19,USER_00178,NAME_00178,,,"LJ Delman Hanechak 💉🪦
#FullyVaccinated #DiedSuddenly
(June 2023) 🇺🇸 New York 

LJ developed leukemia after taking the Covid-19 vaccine. Sadly, she has passed away suddenly. R.I.P. 🙏
#turbocancer

https://t.co/MfYxVTAWmf
https://t.co/tib3tLD10h
https://t.co/aP3LIjNpaR https://t.co/OiRK88mq7R",1.67E+18,2023
Thu Nov 16 03:02:28 +0000 2023,374,20,207,USER_00178,NAME_00178,,,"Rare Cancers Are No Longer Rare After The Covid-19 Vaccine Roll Out 💉#RareCancer (Nov. 2033)

“On 10/31 I went in to have a biopsy done on something my pulmonary doc found on the outside of my lung wall. On 11/2 I went to ER cause I was having a hard time breathing and they admitted me for acute respiratory failure with hypoxia, acute bronchitis I was there til 11/5, well while I was in hospital my biopsy came back. I have a very rare cancer. It's a carcinoid tumor and now I have an appointment on 11/21 with the cardiothorasic surgeon to make a plan to take it out. So prayers they take it out and get it all and my breathing problems get better.” 

https://t.co/bhGJqXtrT3
https://t.co/N5HaoM000j
https://t.co/adXsG6Xrow",1.72E+18,2023
Sun Sep 03 06:25:00 +0000 2023,64,1,34,USER_00178,NAME_00178,,,"Genocide: Karyn developed cancer after taking the experimental Covid-19 vaccine. 

Her husband passed away “suddenly &amp; unexpectedly” due to a pulmonary embolism, a well known side effect of the shots. 

Rough… 💉😵‍💫 https://t.co/Uvqh8gEXlu",1.70E+18,2023
Sat Feb 03 06:17:48 +0000 2024,151,6,66,USER_00178,NAME_00178,,,"Carol Thelen 💉🪦
#FullyVaccinated #DiedSuddenly
(Feb. 2024) 🇺🇸 San Francisco

""I Got My Covid-19 Vaccine.”

""Looks as though she had a massive heart attack. With no history of heart issues this took everyone by surprise.""

GoFundMe

Credit: Hello Dave 

https://t.co/MfYxVTAWmf… https://t.co/D9Aqnzu48d",1.75E+18,2024
Sun Feb 04 09:25:56 +0000 2024,24,1,5,USER_00178,NAME_00178,,,"Kimbeth L. Zedak, 62, of Chicago #DiedSuddenly Jan. 28th 2024.  

""I Got My Covid-19 Vaccine.”

“It is with heavy heart that we announce our beloved Kim Zedak- Hart passed away suddenly.”

Obituary 

Credit: Hello Dave 

https://t.co/MfYxVTAWmf
https://t.co/tib3tLD10h… https://t.co/CDg37WpK4V",1.75E+18,2024
Tue Feb 06 17:56:13 +0000 2024,258,45,63,USER_00179,NAME_00179,,United Kingdom,"Ofcom have, in their great wisdom, decided Neil Oliver’s claim of Covid vaccine induced ‘turbo cancer’ and widespread sudden heart attacks in the young warrants no investigation, dismissing the 70 complaints it attracted

A big thumbs up to any and all baseless and harmful claims made on national television👍

Ofcom is in urgent need of wholesale reform. Their two decade old rules are unfit for purpose",1.75E+18,2024
Tue Feb 06 20:00:23 +0000 2024,72,18,36,USER_00180,NAME_00180,,United States,"This is for the haters who want to deny that the Covid vaccine causes or speeds up cancers. Here is Toby Keith’s tour manager stating that they’re all “double vaccinated.” 
It’s very sad all around. I’m sad that the world lost another incredible musician. I’m sad that he and his family had to go through any of it. I’m sad that so many people thought the vaccine was safe.",1.75E+18,2024
Mon Feb 12 15:33:17 +0000 2024,50,8,18,USER_00181,NAME_00181,,United States,"Yeah, turbo cancer from the Covid vaccines",1.76E+18,2024
Mon Feb 12 00:32:43 +0000 2024,114,1,61,USER_00182,NAME_00182,,,"Breast Cancer as a Possible Complication of Some Types of Covid-19 Vaccines
https://t.co/3nITnzw7Hu https://t.co/NC4oolIHYS",1.76E+18,2024
Mon Feb 12 00:40:10 +0000 2024,197,5,133,USER_00182,NAME_00182,,,""" what I want to report in this article is that I am facing an increasing number of cases of patients with cancer after receiving COVID-19 vaccines ""
https://t.co/geCXycIwMu https://t.co/MUGGR86POw",1.76E+18,2024
Tue Feb 13 12:46:39 +0000 2024,38,4,24,USER_00182,NAME_00182,,,"University of Colorado Cancer Center School of Medicine article
Please open this link and see the terrifying reply's  from woman who were forced to take the shots, this is a real eye opener.
#TurboCancer 
https://t.co/CcKKyHltaI",1.76E+18,2024
Tue Feb 13 21:17:36 +0000 2024,48,4,29,USER_00182,NAME_00182,,,"""I had the #Pfizer booster in Nov 2021. By the end of Nov, I could feel a lump in my right breast &amp; soon after a lymph node started to swell. By March 15 I was diagnosed with Neoplasm - triple positive invasive carcinoma, I am now on my 1st round of chemo""
https://t.co/CcKKyHltaI",1.76E+18,2024
Fri Feb 09 21:28:58 +0000 2024,29,0,13,USER_00182,NAME_00182,,,""" In short, despite the fact that many institutions  and authors maintain that COVID-19 vaccines are safe and (partially) effective in patients with cancer, these claims are unsupported.""
""clinical trials for COVID-19 vaccines overlooked patients with cancer""",1.76E+18,2024
Thu Feb 15 15:56:43 +0000 2024,26,3,9,USER_00182,NAME_00182,,,"""the gene-based COVID-19 vaccines encode only the spike protein and therefore, the presence of spike protein only (but no nucleocapsid protein) in the heart and brain of the current case can be attributed to vaccination rather than to infection""",1.76E+18,2024
Fri Nov 03 15:08:19 +0000 2023,7,0,6,USER_00182,NAME_00182,,,"Our patient presented with acute kidney injury two weeks after receiving the first dose of the COVID-19 Janssen (Johnson &amp; Johnson) vaccine. 
Renal biopsy confirmed focal crescentic glomerulonephritis.
https://t.co/IOlxcQUMtF https://t.co/wZ9Jult6LU",1.72E+18,2023
Sat Feb 03 00:44:16 +0000 2024,40,2,21,USER_00182,NAME_00182,,,"""new onset of autoimmune manifestations including Vaccine-induced immune thrombotic thrombocytopenia , autoimmune liver diseases, Guillain-Barré syndrome and IgA nephropathy appears to be associated with COVID-19 vaccines""
https://t.co/W2TG0sYfFn https://t.co/DwK5AhvKpp",1.75E+18,2024
Thu Sep 14 08:40:48 +0000 2023,13,0,10,USER_00182,NAME_00182,,,"This case report focuses on an 89-year-old woman who developed Vaccination-Induced Cholangiopathic Liver Injury after receiving the #Pfizer  tozinameran #mRNA COVID-19 vaccine.
https://t.co/8nCXdBJbku https://t.co/jOB2RufuoI",1.70E+18,2023
Tue Oct 24 18:43:51 +0000 2023,43,1,27,USER_00182,NAME_00182,,,"37-year-old man

Myocarditis, Pulmonary Hemorrhage, and Extensive Myositis with Rhabdomyolysis 12 Days After First Dose of #Pfizer-BioNTech BNT162b2 #mRNA COVID-19 Vaccine:
https://t.co/zEyqSPZ80B.. https://t.co/qFGjmPcHMQ",1.72E+18,2023
Tue Feb 13 09:43:49 +0000 2024,5,0,3,USER_00183,NAME_00183,,United Kingdom,"📛SEE THE PATTERN📛

Pfizer airs an Ad during Super Bowl featuring their next ‘Health Adventure’ focussing on Cancer. Seriously.

Did anyone ever find out why the Pfizer ‘Covid Vaccines’ tested positive for the known ‘Cancer Inhibitor’ SV40?

STAY WAKE😳&amp; WAKE THE SLEEPING 😴❤️ https://t.co/7Snasc6a8b",1.76E+18,2024
Wed Feb 14 00:38:53 +0000 2024,176,29,23,USER_00184,NAME_00184,,,Bret Weinstein badgering people on flights until they accept that their loved ones who died of cancer actually died due to the Covid vaccine https://t.co/FgPzYYF7dV,1.76E+18,2024
Tue Feb 06 20:52:16 +0000 2024,186,9,45,USER_00185,NAME_00185,,,"Oh hey, @Pfizer killed @tobykeith. Great job @DrCaliff_FDA and @CDCDirector. It's surreal to live in a society in the midst of the largest mass poisoning event in history. Turbo cancer is Covid vaccine injury.",1.75E+18,2024
Sun Feb 04 18:50:19 +0000 2024,25,0,2,USER_00186,NAME_00186,,,If you haven’t had the covid ‘vaccine’ then you won’t need the cancer ‘vaccine’ …,1.75E+18,2024
Mon Feb 05 20:26:32 +0000 2024,284,24,47,USER_00187,NAME_00187,,,"The ""died suddenly"" ghouls aren't even waiting for King Charles to die before blaming his prostate cancer on the COVID vaccine. https://t.co/K9FtqXOFZh",1.75E+18,2024
Tue Feb 06 19:07:40 +0000 2024,257,25,47,USER_00187,NAME_00187,,,"""Died suddenly"" guru Erin Elizabeth thinks the Rothschilds used the COVID vaccine to kill Toby Keith.

Also, this type of stomach cancer is not actually rare among men in their 60s, but why let facts stop a good conspiracy theory? https://t.co/PH8T71cBxM",1.75E+18,2024
Wed Jan 24 15:30:55 +0000 2024,62,1,26,USER_00188,NAME_00188,,,"@RWMaloneMD Moderna acknowledges their Sars-Cov2 (COVID-19) vaccine has SV40...Which binds to the P53 gene which affects tumor suppression.

Notice any increases in cancer...👀 https://t.co/Cut50zS3I6",1.75E+18,2024
Thu Feb 15 06:32:30 +0000 2024,0,1,0,USER_00188,NAME_00188,,,@singaporepaddy1 @liz_churchill10 UK oncologist explains the current rise in youth turbo-cancers...Seems to be COVID-19 VACCINE related...👀 https://t.co/xDrcznomDc,1.76E+18,2024
Fri Feb 16 01:34:25 +0000 2024,8,2,6,USER_00189,NAME_00189,,,"U.S. health officials aren't conducting active surveillance on the long-term effects of those who received the original COVID-19 vaccines. That's part of the experiment. If you develop cancer, etc., down the road...it can be written off as a ""coincidence."" https://t.co/Ac6GbZSJs1",1.76E+18,2024
Thu Feb 15 12:39:12 +0000 2024,13,0,7,USER_00190,NAME_00190,,,"@real_shirelass Now we know, it was Midazolam that was the weapon used for first wave, Covid the cover up and the vaccines delivering the turbo cancers, Sars and 33 pages of other adverse effects!
https://t.co/FauDH962g0",1.76E+18,2024
Fri Feb 16 08:10:30 +0000 2024,0,0,0,USER_00191,NAME_00191,,,"So they won’t take the Covid vaccine because it came from the US, but they’ll take a cancer vaccine from Russia?",1.76E+18,2024
Wed Feb 14 18:37:28 +0000 2024,8,0,1,USER_00192,NAME_00192,,United States,First thought in this: Would I trust a Russian cancer vaccine more than the Covid “vaccine”? Probably.,1.76E+18,2024
Sun Feb 11 12:38:07 +0000 2024,12,1,14,USER_00193,NAME_00193,,,"The Explosive Link Between COVID Vaccines and Increased Cancer Rates in Children &amp; Young Adults

https://t.co/ckHiw3B8Dw",1.76E+18,2024
Sat Feb 03 15:10:28 +0000 2024,49,6,16,USER_00194,NAME_00194,,United States,"Just going to point out after re-analyzing the Pfizer Covid-19 Vaccine they found out that it causes:

death, 
cancer,
cardiac events, 
and various autoimmune disorders,
hematological disorders,
reproductive, and neurological disorders. 

Furthermore, these products never underwent adequate safety and toxicological testing in accordance with previously established scientific standards.",1.75E+18,2024
Fri Feb 16 03:55:00 +0000 2024,33,3,7,USER_00194,NAME_00194,,United States,"Yes, you are damn right I am going to associate every heart attack, stroke, brain bleed etc. to those Covid vaccines that are not FDA approved. 

Lenny Dykstra is out of the intensive care unit and resting at a Los Angeles hospital after suffering a stroke earlier this week, according to former Mets teammates.",1.76E+18,2024
Sat Feb 10 13:39:15 +0000 2024,30,3,10,USER_00194,NAME_00194,,United States,"No, baby, no. PFizer clearly stated their ""Covid-19"" vaccine causes heart conditions, autoimmune disorders and other adverse events. 

Accept it. You gave patients experimental drugs that harmed some and possibly killed others. 

Own in.",1.76E+18,2024
Tue Feb 13 15:53:31 +0000 2024,3,1,1,USER_00194,NAME_00194,,United States,A side effect of the Pfizer Covid vaccine in myocarditis and there is no such thing as mild heart damage. Speak with your cardiologist.,1.76E+18,2024
Fri Jan 12 01:12:44 +0000 2024,5,2,4,USER_00194,NAME_00194,,United States,"So, scarf lady is saying Long Covid is like HIV. I have no idea about that, but I do know that Pfizer did list this as an ""adverse event"" from the Covid-19 ""vaccine.""

5.3.6 CUMULATIVE ANALYSIS OF POST-AUTHORIZATION ADVERSE EVENT REPORTS OF PF-07302048 (BNT162B2) RECEIVED THROUGH 28-FEB-2021

https://t.co/pCbQjgPqGd",1.75E+18,2024
Tue Feb 13 15:16:01 +0000 2024,224,18,157,USER_00194,NAME_00194,,United States,"So during the first three months of Pfizer trials, they gave pregnant women the ""Covid-19 vaccine."" 

Out of 270 pregnant women 32 babies died. https://t.co/JhOwthklZG",1.76E+18,2024
Sat Jul 22 12:38:04 +0000 2023,5,1,2,USER_00194,NAME_00194,,United States,"I bet you did not know that Covid-19 Vaccine can raise blood pressure, did you? 

https://t.co/TgfEzYH4BP",1.68E+18,2023
Mon Jun 26 13:56:41 +0000 2023,7,2,6,USER_00194,NAME_00194,,United States,"Meanwhile the Covid-19 vaccines are still experimental.  

Pfizer on Monday said it would stop developing its experimental obesity and diabetes pill, lotiglipron, due to elevated liver enzymes in patients who took the drug once a day in mid-stage clinical studies.",1.67E+18,2023
Thu Feb 08 14:55:45 +0000 2024,91,8,56,USER_00195,NAME_00195,,United Kingdom,"So Ofcom the gate keeper of the official Covid vaccine narrative, all of a sudden declines to investigate GB News presenter Neil Oliver after he linked aggressive cancer “Turbo Cancer” to Covid-19 vaccine.

An investigation would open up a whole can of worms for the government.🤫",1.76E+18,2024
Mon Feb 05 20:27:59 +0000 2024,3,2,5,USER_00195,NAME_00195,,United Kingdom,"“First UK patients receive experimental mRNA therapy for cancer.”

➡️ EXPERIMENTAL mRNA vaccine therapy ⬅️

Imperial College London admits your mRNA so called Covid vaccine is experimental. https://t.co/3ryfvTA8nU",1.75E+18,2024
Mon Feb 05 23:03:26 +0000 2024,23,6,23,USER_00195,NAME_00195,,United Kingdom,"In 2023 the government signed an agreement with BioNTech SE to provide mRNA cancer 'vaccines'. 

In 2020 Bill Gates committed $4,918,943 to BioNTech SE - the same outfit that produced the experimental mRNA 'Covid' jabs. https://t.co/ZrEktMj0r3",1.75E+18,2024
Mon Feb 12 13:59:19 +0000 2024,12,2,7,USER_00196,NAME_00196,,United States,"Why worry? It's only kids. right? Nothing to see. Only CONCRETE EVIDENCE from UK government that vaccine causes cancer &amp; death in children &amp; young adults. 
https://t.co/HaGxE9ZL1n",1.76E+18,2024
Wed Feb 07 17:45:29 +0000 2024,40,22,20,USER_00197,NAME_00197,,United Kingdom,"Since the COVID-19 Vaccine rollout, cancer deaths have skyrocketed in young people!...

🚨 Study: cancer deaths in ages 15-44 in the UK. 

Tory Government not interested.
https://t.co/QQNlXTZjMM",1.76E+18,2024
Sat Feb 10 19:45:49 +0000 2024,175,12,77,USER_00198,NAME_00198,,New Zealand ,"A 13 year old Australian girl

Received 2 doses of the Moderna Covid injection.

Has never received the HPV Gardasil vaccine.

This young girl now has stage 4 Ovarian cancer and is booked for a HYSTERECTOMY",1.76E+18,2024
Tue Feb 13 05:09:43 +0000 2024,122,12,60,USER_00198,NAME_00198,,New Zealand ,"Dr Pierre Kory one of the leading Intensive Care experts in the world....speaking about

COVID VACCINE MRNA ""SHEDDING""

Hand on heart I know beyond a shadow of a doubt that ""something"" is shed or transmitted from recently vaccinated people, to others.

I have no idea exactly how the mechanism works, although Pierre shares his findings in the extended interview.

Over the past 3 years I have received many emails from people certain that they have become sick following close contact with the recently vaccinated.

Their reports include:

miscarriage (lots)

bleeding of all kinds - nose bleeds, rectal bleeding, haemorrhagic vaginal bleedings

(including in young pre menstrual girls and older menopausal women)

shingles

Bels Palsy

Covid like symptoms

Check out page 204 of the original trial document.  They were extremely concerned that pregnant women NOT be exposed to anyone in the trial who had been vaccinated.  Why?

https://t.co/ACjPv8s9v9",1.76E+18,2024
Wed Jan 17 05:16:17 +0000 2024,34,15,13,USER_00198,NAME_00198,,New Zealand ,"Forget needles....little wee ""patches"" on the arm instead.

We need a more effective Covid vaccine

And

There WILL be new vaccines for TB, Malaria and HIV

Bill Gates in full flight at Davos",1.75E+18,2024
Sat Jan 14 04:00:05 +0000 2023,13,1,0,USER_00198,NAME_00198,,New Zealand ,The results STRONGLY SUGGEST that the administration of the covid vaccine to those with (at the very least) hypertension and cardiac disorders should be RECONSIDERED,1.61E+18,2023
Mon Dec 18 20:09:26 +0000 2023,488,47,199,USER_00198,NAME_00198,,New Zealand ,"WHILE NZ PLACED COVID VACCINE EMPLOYMENT MANDATES ON YOU WHAT DID PFIZER KNOW...

In September 2021 in NZ, you may have been facing EMPLOYMENT MANDATES for covid injections.

Take the Covid Vaccine or lose your job

You may have been pregnant or have pre-existing health conditions such as auto immune disease.

Your medical exemptions were almost certainly DECLINED. 

What were Pfizer themselves saying about RISKS AND MISSING INFORMATION at that time?

NZ Medsafe held this document shortly after its publication, as this was a mandated requirement for Pfizer to be registered here. 

Newly released one month safety review for Sept 2021 shows Pfizer were saying the following... 

Pg48 9.3 

IMPORTANT IDENTIFIED RISKS: 
 
Anaphylaxis 
Myocarditis and pericarditis

IMPORTANT POTENTIAL RISKS:  

Vaccine-Associated Enhanced Disease (VAED), Including Vaccine-Associated Enhanced Respiratory Disease (VAERD)

MISSING INFORMATION 
 
Use in Pregnancy and While Breast Feeding

Use in Immunocompromised Patient
 
Use in Frail Patients With Co-Morbidities (e.g. COPD, Diabetes, Chronic Neurological Disease, Cardiovascular disorders, Active tuberculosis) 

Use in Patients With Autoimmune or Inflammatory Disorders

Interaction With Other Vaccines

Long-Term Safety Data

Use in Paediatric Individuals <12 Years of Age 

Vaccine Effectiveness

#nz #mrna #pfizer #mandates #covidvaccines #vaccineinjuries #informedconsent 

https://t.co/n1Pd4nKwCd",1.74E+18,2023
Fri Jan 12 20:57:23 +0000 2024,284,26,157,USER_00198,NAME_00198,,New Zealand ,"NEW STUDY - NEURODEVELOPMENT IMPLICATIONS FOR OFFSPRING FOLLOWING COVID VACCINATION OF PREGNANT MOTHER

Very bad news for MALE rats following Pfizer Covid injecting of their pregnant mother...

Quote:

Our findings reveal that the mRNA BNT162b2 vaccine (PFIZER COVID VACCINE)  significantly alters WNT gene expression and BDNF levels in both male and female rats, suggesting a PROFOUND IMPACT ON KEY NEURODEVELOPMENTAL PATHWAYS.   

Notably, male rats exhibited pronounced AUTISM-LIKE BEHAVIOURS characterized by a marked reduction in social interaction and repetitive patterns of behaviour.

Furthermore, there was a substantial decrease in neuronal counts in critical brain regions, indicating POTENTIAL NEURDEGENERATION OR ALTERED NEURODEVELOPMENT 

Male rats also demonstrated IMPAIRED MOTOR PERFORMANCE evidenced by reduced coordination and agility. 

https://t.co/Db9eOTdkBl",1.75E+18,2024
Tue Dec 05 18:31:46 +0000 2023,167,9,98,USER_00198,NAME_00198,,New Zealand ,"KIDNEY FAILURE AFTER THE PFIZER COVID INJECTION...  

Pfizer covid vaccine safety...   

The following information comes directly from the Pfizer Safety Surveillance No 3 doc and reflects adverse event reports made to Pfizer between Dec 21 and June 22  

All data relates only to… https://t.co/XHFVUvCgxN",1.73E+18,2023
Mon Dec 04 22:17:46 +0000 2023,828,62,376,USER_00198,NAME_00198,,New Zealand ,"AS THE WHISTLE BLOWER MADNESS SWIRLS...

What about all the Kiwi's now living with DAMAGED KIDNEYS? 

Look THIS way

At the outset of the covid vaccine roll out in NZ, the Ministry of Health realised we did not have sufficient ""background rate"" data, for most of the possible… https://t.co/YUFMf4yfc0",1.73E+18,2023
Thu Feb 15 08:59:15 +0000 2024,1,1,0,USER_00199,NAME_00199,,,"@CensoredMen BigPharma when they realize no more profit from cancer...

(Also, I would definitely trust it more than the covid vaccine) https://t.co/CSs7BqxhT0",1.76E+18,2024
Fri Feb 09 15:19:55 +0000 2024,0,1,0,USER_00200,NAME_00200,,United Kingdom,"My bet is the mRNA 'miracle' cancer vaccine will be Charles' 'pioneering' treatment ending in a miracle 'recovery.'

Once masses have been encouraged to take the vax, King's death will be revealed. Operation Menai Bridge. 

COVID jabs didn't kill enough. Different strategy needed https://t.co/LmXdcjechY",1.76E+18,2024
Mon Feb 12 20:09:48 +0000 2024,105,7,45,USER_00201,NAME_00201,,Australia,"Here they go
The Medical Profession will CURE the Turbo Cancers their ""Covid-19 vaccine"" (I believe a bioweapon designed to cause Cancer) caused. Won't they be such heros in this
Problem-Reaction-Solution model? Australia being actively sprayed with cancer
https://t.co/NxsrG3gmqQ",1.76E+18,2024
Fri Feb 09 19:22:36 +0000 2024,49,5,12,USER_00202,NAME_00202,1994,United States,"He also said that windmills cause cancer.

He also said that COVID was a hoax.

He also claimed the vaccine was dangerous.

He also said climate change is a hoax.

He also said that...

Well, you get the point.",1.76E+18,2024
Mon Feb 12 14:48:52 +0000 2024,6,1,1,USER_00203,NAME_00203,,,"To administer cancer vaccines in 2024 to treat those whom you've made ill with cancer in 2019. 🤐

How ingenious and morally correct.

*In the United States, after the administration of the Pfizer COVID vaccine, the cancer rate increased by 40 percent.",1.76E+18,2024
Mon Feb 12 21:25:30 +0000 2024,0,1,0,USER_00204,NAME_00204,,Mediterranean ,"It'd be quite a plot twist if mRNA research that's supercharged with Covid, saves more lives than Covid took. 

New mRNA 'cancer vaccine' trial launches in UK https://t.co/ZnGIuJC3mT",1.76E+18,2024
Mon Feb 12 11:11:22 +0000 2024,6,1,1,USER_00205,NAME_00205,,United States,So the defense secretary who forced the military to get the covid vaccine has cancer? He won't live long enough to realize how wrong he was.,1.76E+18,2024
Mon Feb 12 06:21:56 +0000 2024,1,1,0,USER_00206,NAME_00206,,United States,"So Ivermectin not only safely, cheaply and effectively treats COVID, it also treats CANCER! Yet the FDA doesn’t approve it for either🤔Could it be in part because the people that used to run the FDA now work for the vaccine companies😡😡🙄🙄💉💉 https://t.co/PSRW7y5vK4",1.76E+18,2024
Thu Feb 15 04:47:49 +0000 2024,12,2,3,USER_00207,NAME_00207,,United States,Lots of companies in lots of countries are developing cancer vaccines. Every cancer conference includes reports from trials. Both Moderna &amp; BioNTech (Pfizer's COVID vax partner) have mRNA cancer vaccine candidates. Myself &amp; many others have covered them. 1/,1.76E+18,2024
Thu Feb 15 21:54:15 +0000 2024,9,0,2,USER_00208,NAME_00208,,United States,@cardon_brian I was surprised to meet someone who said that the Covid-19 vaccines caused cancer and that it would have caused by wife's brain tumor. I was emphatic that was impossible not only because vaccines don't cause cancer but because her tumor was found before the vaccine was invented,1.76E+18,2024
Fri Feb 16 03:29:13 +0000 2024,8,1,4,USER_00209,NAME_00209,,United States,"BREAKING: The CDC is filtering and redesignating cancer deaths as COVID deaths to suppress data on ‘never-before-seen uncontrollable turbo-charged cancers’ that occurred only after the COVID vaccine rollout.

@GeneralMCNews",1.76E+18,2024
Mon Feb 12 16:08:15 +0000 2024,3,1,0,USER_00210,NAME_00210,,,"The Explosive Link Between COVID Vaccines and Increased Cancer Rates in Children &amp; Young Adults

""four doses of the COVID-19 vaccine are up to 318% more likely to die of any cause than unvaccinated people aged 18 to 49.""

https://t.co/wLIqrLCRNW",1.76E+18,2024
Tue Feb 13 18:34:08 +0000 2024,0,0,0,USER_00210,NAME_00210,,,"LONG COVID Research = COVID-19 Vaccine Injury Research (except for Turbo Cancer!) - Eric Topol's Fraud (I dissect the largest review paper on Long COVID published Jan.2023)

https://t.co/bdn4ZqypOG",1.76E+18,2024
Sun Feb 04 22:16:13 +0000 2024,15,7,4,USER_00211,NAME_00211,,United Kingdom,"The new cancer vaccine may work. 

I believe they’re so terrified about the Covid vaccine deaths and people waking up, big Pharma need a real good news story…

Cancer cures finally released…?

Hidden since 80s!",1.75E+18,2024
Thu Feb 15 19:35:07 +0000 2024,43,1,2,USER_00212,NAME_00212,,United States,"@acnewsitics Greene:  So what, you're a board certified hematologist oncology doctor but I believe space lasers cause wildfires so I'm right about the COVID vaccine causing ""turbo cancers"".

Imagine voting for Greene because you think she's the smartest Republican running.",1.76E+18,2024
Mon Feb 05 18:20:36 +0000 2024,114,10,29,USER_00213,NAME_00213,,United States,I listened to an interesting scientific talk on the supposed acceleration in cancers post Covid and Covid vaccine. Thank goodness some independent scientists are looking it since our public health officials mostly seem to be officially sticking their heads in the sand. https://t.co/v6DbhgEtym,1.75E+18,2024
Fri Jan 12 02:33:32 +0000 2024,112,8,25,USER_00213,NAME_00213,,United States,"Why is that a vaccine ""failure""? With Covid vaccine, they call it a success.
""The latest effort to develop an HIV vaccine in Tanzania and South Africa was halted on Dec. 6, 2023 after preliminary data showed that the vaccine would not be effective at preventing HIV infection.""
 https://t.co/0EyHBxJLMC",1.75E+18,2024
Sat Feb 10 14:01:29 +0000 2024,3,2,1,USER_00214,NAME_00214,,United States,"""The #vaccines aren't appropriate for use in humans.""  #Florida's surgeon general, Dr. Joseph Ladapo, calls for an immediate halt to #mRNA-based #Covid ""vaccines"", citing cancer and other health risks.  ""Dr. Ladapo says he has safety concerns pertaining to the discovery of billions of DNA fragments found per dose in the #Pfizer and #Moderna Covid vaccines.""",1.76E+18,2024
Tue Jan 23 18:30:54 +0000 2024,71,20,12,USER_00215,NAME_00215,,,"Do none of you think how quick Big Pharma found a vaccine for Covid 💰and decades on there is still no cure for cancer💰 (given to you ) and 
 Alzheimer’s ,Dementia,the 3 biggest killers,💰💰💰💰💰💰💰💰
Just think about that 🤫🧠 https://t.co/KtSFhNbU2v",1.75E+18,2024
Sun Feb 11 20:49:11 +0000 2024,64,7,10,USER_00216,NAME_00216,,United States,"""The Government,"" revealed that there were 8.6 billion cancers diagnosed in the US, which is impressive, given that the population is 330 million. So, everybody has been diagnosed with cancer 8.6 times since the COVID vaccines rolled out. 

Now, about those 860 million deaths... https://t.co/105ILjRhPs",1.76E+18,2024
Tue Feb 06 14:42:43 +0000 2024,33,2,11,USER_00216,NAME_00216,,United States,"Quick reminder. There has been no increase in cancer death rates since the COVID vaccine rollout. There is no such thing as ""turbo cancer."" https://t.co/nYgfljA27m",1.75E+18,2024
Wed Feb 14 06:05:46 +0000 2024,58,0,17,USER_00217,NAME_00217,,United States,"@MakisMD Herein he reports on a 12-year-old boy who got one vaxx shot and died of brain cancer in 10 months.
     Dr. William Makis has diagnosed 20,000 cases of cancer.   
https://t.co/O8VjaMhmQy",1.76E+18,2024
Wed Feb 14 06:16:07 +0000 2024,5,0,1,USER_00217,NAME_00217,,United States,"@resilient333 Herein he reports on a 12-year-Oliver d boy who got one vaxx shot and died of brain cancer in 10 months.
     Dr. William Makis has diagnosed 20,000 cases of cancer.   
https://t.co/O8VjaMhmQy",1.76E+18,2024
Thu Feb 08 20:59:45 +0000 2024,41,3,5,USER_00218,NAME_00218,,United Kingdom,"Well done, #Ofcom, well done. Now every nutjob on the planet is saying that this proves that COVID vaccines gives kids ""turbo-cancer"" https://t.co/DqNXxYYwgK",1.76E+18,2024
Wed Feb 14 09:30:20 +0000 2024,3,0,2,USER_00219,NAME_00219,,,"As a medical professional with 15 yrs experience, I have never seen or heard of so much pancreatic cancer, the turbo cancers popping up today is beyond terrifying. Why no investigation? Why no concern? #covidenquiry #COVIDVACCINE #CovidVaccines #cancer #TurboCancer #health",1.76E+18,2024
Thu Feb 15 00:47:05 +0000 2024,1,0,0,USER_00220,NAME_00220,,United States,Is The COVID Vaccine Causing Turbo Cancers? (Del Bigtree Interviews Dr. William Makis) https://t.co/sJxsGyGs8G,1.76E+18,2024
Tue Feb 13 19:06:42 +0000 2024,0,0,0,USER_00221,NAME_00221,,United States,LONG COVID Research = COVID-19 Vaccine Injury Research (except for Turbo Cancer!) - Eric Topol's Fraud (I dissect the largest review paper on Long COVID published Jan.2023) https://t.co/OOpO9yGKfa https://t.co/1sNGa7GNrA,1.76E+18,2024
Wed Feb 14 21:54:05 +0000 2024,2,0,0,USER_00222,NAME_00222,,,"Lmao. American rightoids spend the last 2 years raging against the covid vaccine but can't wait to line up to take the Russian ""anti cancer"" shot..",1.76E+18,2024
Wed Feb 07 15:35:02 +0000 2024,20,3,3,USER_00223,NAME_00223,,,"@reflexmd_com One would have thought that after the insanity and aftermath effects of the Covid “vaccine”, Americans would have woken up. These weight loss drugs basically paralyze the GI tract to make one feel fuller. So what? Not tested long term-does it cause stomach cancer, colon cancer?",1.75E+18,2024
Tue Feb 06 13:32:27 +0000 2024,38,2,6,USER_00224,NAME_00224,,United States,Cancer rates are exploding with people who took the COVID vaccine. https://t.co/lVNSHESTq7,1.75E+18,2024
Sun Feb 04 20:08:55 +0000 2024,14,1,7,USER_00225,NAME_00225,,,"Yet another Country giving warnings on COVID Vaccine causing cancer and brain tumors

https://t.co/WETLsbFfCY",1.75E+18,2024
Mon Jan 29 11:49:00 +0000 2024,112,102,27,USER_00226,NAME_00226,,,"A video in which a Canadian doctor claims that COVID-19 vaccines cause so-called “turbo cancer” is not based on facts, according to five experts who spoke to Reuters.
Dr. Charles Hoffe, a family physician who is currently under investigation by the College of Physicians and Surgeons of British Columbia for alleged misconduct related to spreading false information about COVID-19 measures and vaccines.",1.75E+18,2024
Wed Jan 31 14:17:27 +0000 2024,50,1,28,USER_00227,NAME_00227,,Australia ,"👀 Dr. Jessica Rose Shares New Data from a Pre-Print Which Examines the COVID Vaccine Contamination Issue

“I’ve put together the number of cancer reports per 100k AE’s per dose in VAERS and I went all the way up to dose 5. And it certainly does look like there’s the beginning of another type of dose-response curve. Certainly it is obvious that as the dose number goes up, the number of cancer reports per 100k adverse events also goes up.”",1.75E+18,2024
Tue Feb 13 17:43:08 +0000 2024,192,18,123,USER_00228,NAME_00228,,United States,BREAKING: We Are Actually Funding MORE modRNA COVID Poisons - Biden's Project NextGen: They want the new jabs to be in you forever! #saRNA #COVID #Vaccines #mRNA #Cancer https://t.co/QM0arQRvha,1.76E+18,2024
Sun Feb 04 07:42:24 +0000 2024,429,747,173,USER_00229,NAME_00229,,United Kingdom,"Fabulous news🥴

The first UK patients have received a revolutionary cancer vaccine as part of a global trial.

Scientists are using the mRNA technology behind Covid jabs to create new vaccines that could treat and even cure cancer.

https://t.co/BWis7bso31",1.75E+18,2024
Mon Feb 12 07:09:58 +0000 2024,11,1,7,USER_00230,NAME_00230,1990,United States,Just heard the Pfizer Covid vaccine that they released was only 10% effective against Covid to begin with.. and increased cancer awakening. Ooops. lawsuitttt coming. This was the one they made mandatory btw…,1.76E+18,2024
Mon Feb 12 01:10:48 +0000 2024,28,1,10,USER_00231,NAME_00231,,,"1/12/2024【Hearing on Injuries Caused By COVID-19 Vaccines: Part II】Dr Peter McCullough: Our agencies and data clearly show that COVID vaccines cause various diseases, including cancer. COVID vaccines can cause cancer through multiple mechanisms, including damaging the DNA repair system in our body, and through the contaminating DNA in the vaccines. The cancer risk of these vaccines is cumulative: the more doses you receive, the higher the risk. 
 #CCP #CCPVirus #COVIDvaccine",1.76E+18,2024
Sun Jan 28 19:39:51 +0000 2024,77,2,42,USER_00231,NAME_00231,,,"@RealAlexJones A natural doctor blow the whistle about Covid vaccine, saying that each dose of the vaccine contains ingredients that destroy the body's immune system, especially the second booster insert the HIV virus. It's time for everyone to wake up to the dangers of vaccines! https://t.co/nte3yC9DIO",1.75E+18,2024
Tue Feb 13 21:59:34 +0000 2024,1,4,0,USER_00232,NAME_00232,,,"Did you know the Covid vaccine contained DNA? Now there’s a drastic increase in autoimmune, cancer &amp; cardiovascular diseases i.e., heart attacks, strokes! It destroys the mitochondria &amp; I empower clients to activate their genes &amp; make more mitochondria required for cell LIFE!",1.76E+18,2024
Tue Feb 13 16:04:27 +0000 2024,51,2,28,USER_00233,NAME_00233,,,"@DiedSuddenly_ 🚨🚨Exactly because if people knew no one in their right mind would’ve took that poisonous shot. With over 1200+ adverse effects. In the past three years, you have seen cancer skyrocket, pulmonary embolism‘s, heart failure, death etc.. they knew people!!

https://t.co/h56ZUj2j4K",1.76E+18,2024
Sun Feb 11 18:10:39 +0000 2024,26,1,21,USER_00234,NAME_00234,,United States,"The COVID-19 and mRNA Vaccines are the perfect Bioweapon to launch Death, cancer, HIV , Autoimmune . Still no Bio terrorists is arrested proving  all governments are accomplice in this crime. https://t.co/BNrBgZqVjR",1.76E+18,2024
Sat Jan 06 14:46:02 +0000 2024,46,4,17,USER_00234,NAME_00234,,United States,"Hello Pfizer:
Your Covid vaccine cause 
1) Amyloidosis
2) HIV 
3) Cancers
4) Stroke due to Amyloid clots not dissolving with clot busters
5) Aneurysms ( Tearing of Aorta) 🫀 
6) Spike Proteins moving all over the body not on Injection site
7) Mitochondrial Diseases and Exhaustion https://t.co/EtACGFDCoc",1.74E+18,2024
Mon Feb 12 00:50:25 +0000 2024,68,14,5,USER_00235,NAME_00235,,United States,@DefiyantlyFree The ONLY reason I'm watching it is because my mother in law wanted us to watch it with her. She has stage 4 cancer after getting the covid vaccine. This will be her last superbowl.,1.76E+18,2024
Mon Feb 12 08:51:37 +0000 2024,12,0,8,USER_00236,NAME_00236,,Sweden,"Pfizer &amp; Moderna COVID-19 mRNA Vaccines cause Turbo Cancer, this is now well documented and described by competent doctors around the world.

https://t.co/j7tJ0ruKct",1.76E+18,2024
Wed Feb 14 20:16:36 +0000 2024,1,0,0,USER_00237,NAME_00237,,United States,"But, there's ZERO evidence of a connection between MRNA COVID vaccines and cancer, Bret.    

In fact, the opposite is true. It's been shown that there is an increased level of immune response in vaccinated individuals.  Dear god, man. https://t.co/5WtGF5ZkhA",1.76E+18,2024
Tue Feb 06 19:37:25 +0000 2024,94,12,30,USER_00238,NAME_00238,,,"Let us remember besides, the vaccine kickstarting peoples downward spiral of health. No one could get cancer screenings and some even surgeries during the mass hysteria over Covid. Two years without screenings is not good for anybody.  I blame the medical community and governments around the world for the the crazy response to Covid, ignoring all other health issues that people have.",1.75E+18,2024
Sun Feb 11 07:45:57 +0000 2024,7,5,5,USER_00239,NAME_00239,,,"We've now allowed #vaccineinjuries &amp; #COVIDVACCINE #Cancer to be normalised

When the warning horn was 1st blown, we lacked the leadership to organise us against the #WEF

Now, with the wolves running rampant through the village, all we can do is try to protect our loved ones",1.76E+18,2024
Sun Feb 11 07:46:02 +0000 2024,3,0,2,USER_00239,NAME_00239,,,"@wolsned We've now allowed #vaccineinjuries &amp; #COVIDVACCINE #Cancer to be normalised

When the warning horn was 1st blown, we lacked the leadership to organise us against the #WEF

Now, with the wolves running rampant through the village, all we can do is try to protect our loved ones",1.76E+18,2024
Thu Feb 15 11:34:24 +0000 2024,14,3,3,USER_00240,NAME_00240,,,How does no one know Cuba has a cancer vaccine that works against common lung and breast cancers? I think it's 20 years old. They also just approved an intranasal covid prophylactic that I think stops transmission.,1.76E+18,2024
Tue Feb 06 11:44:19 +0000 2024,5,1,2,USER_00241,NAME_00241,,United States,"I got my one year anniversary cancer screening the other day.  They want to re vaccinate me for childhood diseases and they slipped in the Covid vaccine.  Or least they almost did, and I refused.  Then they offered me $400.00 to do a survey about why I refused. Whats up with that",1.75E+18,2024
Wed Feb 14 11:51:21 +0000 2024,6,0,1,USER_00242,NAME_00242,,United States,IS THE COVID VACCINE CAUSING TURBO CANCERS? https://t.co/JXVCb9u2Ov,1.76E+18,2024
Fri Feb 02 21:36:39 +0000 2024,38,6,3,USER_00243,NAME_00243,,,"There is no increased cancer! 

No increased cancer from Covid. No increased cancer from the vaccine. 

This misinformation post got viewed over a quarter of a million times... https://t.co/MHV8dEj8Gz",1.75E+18,2024
Mon Feb 12 12:31:53 +0000 2024,4,1,1,USER_00244,NAME_00244,,Canada,"Vaccines are the equivalent of windex in ‘My big fat Greek wedding.’ They apparently suppress/address everything from Lyme to Covid to cancer. Soon they’ll have a vaccine for grief, sociopathy, and climate change … and everything else that ails us, including war.",1.76E+18,2024
Tue Feb 06 14:21:04 +0000 2024,3,1,1,USER_00245,NAME_00245,,,"#Gematria #KingCharlesIII #Vaccine #KingCharlescancer Charles III is a Valentines baby The very next day after #WHO post 👇, we are told the King has Cancer. 9 is a symbol of Pregnancy/Birth and links to Immaculate Conception[=142] Day, when the 1st ever Covid Vaccine was given. 9 is part of Cancer symbol♋️",1.75E+18,2024
Wed Feb 14 00:59:14 +0000 2024,4,1,1,USER_00246,NAME_00246,,,"""Drug giant Moderna has launched a new clinical trial for an experimental mRNA (modRNA) ""vaccine"" for cancer.
...the same mRNA technology that Moderna used in its infamous Wuhan coronavirus (COVID-19) ""vaccine.""

https://t.co/akDDt3I0jJ",1.76E+18,2024
Fri Feb 09 15:23:18 +0000 2024,0,0,0,USER_00247,NAME_00247,,United Kingdom,Cancer increase since COVID VACCINES: https://t.co/IKOZxzqHqN,1.76E+18,2024
Wed Feb 14 14:02:28 +0000 2024,8,4,0,USER_00248,NAME_00248,,United States,@RenzTom No TOTALLY DISAGREE ON COVID VACCINE &amp; nothing medically states that. Toby Keith has battled Stomach Cancer for years.,1.76E+18,2024
Tue Feb 13 12:54:31 +0000 2024,0,0,0,USER_00249,NAME_00249,,,"""..scientists learned in 2022, mRNA vaccines cause a ‘class switch’ to IgG4 antibodies ..associated with more aggressive cancer growth and causes hyperprogressive cancer disease in mice and humans.."": https://t.co/UQyaNP9fDH",1.76E+18,2024
Thu Feb 15 11:18:55 +0000 2024,1,1,0,USER_00250,NAME_00250,,United States,Id trust a Russian cancer vaccine over an American Covid “vaccine” js,1.76E+18,2024
Wed Feb 14 14:35:17 +0000 2024,4,0,2,USER_00251,NAME_00251,,United States,"""Re-analysis of the Pfizer trial data identified statistically significant increases in serious adverse events in the vaccine group...including death, cancer, cardiac events, and various autoimmune, hematological, reproductive, and neurological disorders""
 https://t.co/xNr3PXhYQf",1.76E+18,2024
Mon Jan 22 12:29:49 +0000 2024,9,1,4,USER_00252,NAME_00252,,United States,"Since the COVID-19 vaccine was distributed, and injected into a great number of people! The Covid vaccine manufactures have been buying cancer treatment businesses! What do they know they’re not disclosing to the public? I do know cancer, amongst young people is skyrocketing, according to published reports!

Johnson & Johnson Makes $2 Billion Purchase For Drugmaker Specializing In Cancer Treatment Jan 18, 2024

https://t.co/Bwnp2chiLv",1.75E+18,2024
Wed Feb 14 18:14:50 +0000 2024,2,0,0,USER_00253,NAME_00253,,,"Tell #Putin to call #Novavax and get access to their Matrix-M adjuvant which has repeatedly shown the exponential increase of both vaccine efficacy, and immune response. 

#cancer #vaccine #Covid_19 #malaria 

$NVAX https://t.co/Dqk8bVJbKs",1.76E+18,2024
Wed Feb 14 22:32:25 +0000 2024,11,7,1,USER_00253,NAME_00253,,,"@Derek_a_Franks Remember #Novavax has the only protein based #Covid vaccine on the market. Stay away from #MRNA if you value your heart ❤️ especially on Valentine’s Day 

$MRNA ❌
$PFE ❌
$JNJ ❌

$NVAX ✅ https://t.co/8d4RMLoP3o",1.76E+18,2024
Fri Feb 16 02:22:13 +0000 2024,16,2,0,USER_00254,NAME_00254,,New Zealand,"@WendyPuerto My brother got shingles on his face and eye . 
Covid vaccine did it ! Then his partner got breast cancer , then my other sister in law got breast cancer ! On it goes . There’s vaccine damage everywhere !",1.76E+18,2024
Fri Feb 02 10:34:11 +0000 2024,8,1,2,USER_00255,NAME_00255,,,"In my very  humble opinion…

 for cervical cancer, yearly 
Pap smear &gt; HPV vaccine !! Anyday!! 

Have we learnt nothing from  big PHARMA raking in billions in Covid vaccine monstrosity??!!!",1.75E+18,2024
Wed Feb 14 19:58:22 +0000 2024,4,1,0,USER_00256,NAME_00256,,,"The US already has cancer vaccines. They're the Covid jabs.
Did Putin mean to say, Russia is creating vaccines *against* cancer? 
Why, is Russia out of apricot seeds? What's with this global needle mania. I'd deem someone hell bent to poke me with needles a lunatic, not a doctor. https://t.co/8ySkD4G3iL",1.76E+18,2024
Wed Feb 14 14:23:31 +0000 2024,4,0,0,USER_00257,NAME_00257,,Canada,"IVERMECTIN and CANCER, it has at least 15 anti-cancer mechanisms of action. Can Ivermectin Treat COVID-19 mRNA Vaccine Induced Turbo Cancers? – 9 Ivermectin papers reviewed
https://t.co/qVpJEsMcip",1.76E+18,2024
Tue Feb 13 04:20:20 +0000 2024,2,1,0,USER_00257,NAME_00257,,Canada,"""A case of dangerously high glucose levels in a patient following a COVID-19 vaccine booster shot sparked ... physicians to take a closer look ... subtle but significant link between the booster and ... blood sugar spikes in adults with type 1 diabetes.""
https://t.co/CGIXKepO7d",1.76E+18,2024
Wed Feb 14 14:12:43 +0000 2024,0,1,0,USER_00257,NAME_00257,,Canada,"""Several young individuals, including students, had been diagnosed with different types of cancer after receiving mandated Wuhan coronavirus (COVID-19) vaccines. Some of the patients are currently ill, while others have died.""
https://t.co/P6EoImBh6U",1.76E+18,2024
Tue Jan 30 03:19:36 +0000 2024,262,238,224,USER_00258,NAME_00258,,Canada,"Have you found yourself leaning towards attributing sudden deaths, heart attacks, aggressive (turbo) cancers, and neurological disorders to the COVID-19 vaccines?

Tell us why in the comments below! 👇

#PollOfTheDay",1.75E+18,2024
Tue Feb 06 14:35:46 +0000 2024,273,27,115,USER_00259,NAME_00259,,United States,"Mainstream science mulls 'global moratorium' on COVID vaccines as cancers rise, boosters flub https://t.co/l1aC8PlXlN",1.75E+18,2024
Sun Feb 11 01:14:26 +0000 2024,0,0,0,USER_00260,NAME_00260,,United States,"⛔️""The vaccines aren't appropriate for use in humans.""

Florida's surgeon general, Dr. Joseph Ladapo, calls for an immediate halt to mRNA-based Covid ""vaccines"", citing cancer and other health risks https://t.co/iOCxz3Wr8o",1.76E+18,2024
Wed Feb 14 09:33:29 +0000 2024,0,0,0,USER_00261,NAME_00261,,,"LONG COVID Research = COVID-19 Vaccine Injury Research
(except for Turbo Cancer!) - Eric Topol's Fraud (I dissect the largest review paper on Long COVID published Jan.2023)
https://t.co/SQEpw0bUAa",1.76E+18,2024
Sat Feb 03 10:18:01 +0000 2024,3,0,1,USER_00261,NAME_00261,,,"Gene  Study Reveals How COVID-19 mRNA Vaccine Leads To High Risk Of IgA  Nephropathy, Eventual Kidney Failure And Possible Cancers! - Thailand  Medical News
https://t.co/P4ZDZezAS1",1.75E+18,2024
Mon Feb 05 18:39:24 +0000 2024,9,0,1,USER_00262,NAME_00262,,,"CNN talking about ONE horrible man getting cancer, meanwhile Israel DENIES Palestinians the COVID vaccine, cancer treatments, medicine, insulin, pain relief, etc etc etc etc etc etc Free Palestine and FUCK CHUCK",1.75E+18,2024
Thu May 11 00:08:30 +0000 2023,2,0,1,USER_00263,NAME_00263,,,"Fact that COVID-19 vaccines deliver a large payload of LNPs filled with mRNA to bone marrow, which is a very serious problem. 

COVID-19 vaccine spike protein is extremely toxic and it may cause extremely rapid leukemia that are fatal within days. https://t.co/CI0GOTqZOk",1.66E+18,2023
Mon Feb 12 14:08:14 +0000 2024,3,0,0,USER_00264,NAME_00264,,United States,"I pray for all those coerced or who blindly accepted that Death Jab from the corrupt medical industry.  
The Explosive Link Between COVID Vaccines and Increased Cancer Rates in Children &amp; Young Adults
https://t.co/x0Cer22rIH? https://t.co/BX26kSGjdU",1.76E+18,2024
Sat Feb 03 01:46:06 +0000 2024,387,9,155,USER_00265,NAME_00265,,,"@VigilantFox @KanekoaTheGreat I’ll just leave this right here… 

The Covid vaccine causing DNA integration and having the SV40 strain (notorious for leading to cancer) in it should be FAR more than cause to suspend its use globally. 

This is is a ticking time bomb. 

https://t.co/MsjLBGOgCq",1.75E+18,2024
Tue Feb 13 00:50:26 +0000 2024,0,0,0,USER_00266,NAME_00266,,United States,"COVID Vaccine Injury Data: 143,233 Percent Increase in Cancer https://t.co/KCHXfz1Rtf",1.76E+18,2024
Tue Feb 13 00:20:53 +0000 2024,0,0,0,USER_00266,NAME_00266,,United States,"COVID Vaccine Injury Data: 143,233 Percent Increase in Cancer
https://t.co/KCHXfz1Rtf",1.76E+18,2024
Tue Feb 06 12:07:04 +0000 2024,170,13,37,USER_00267,NAME_00267,,,"Antivaxxers: 

Vaccines don’t prevent 100% of infections, so are useless

Fact: 

COVID-19 vaccines reduce infections - not 100% - and saved millions.

Like not smoking isn’t 100% protective against cancer, but a necessary step. 

COVID-19 prevention: vaccines, masks + clean air https://t.co/ZusfDMqxrt",1.75E+18,2024
Tue Jan 30 18:12:00 +0000 2024,12,1,0,USER_00268,NAME_00268,,,Please pray for Tasha Elizabeth.  She has cancer and said she got it right after she received the Covid vaccine so if all the prayer warriors out there would pray for her she would truly appreciate it .  Thanks and God bless you all!!,1.75E+18,2024
Thu Feb 15 00:04:59 +0000 2024,13,0,6,USER_00269,NAME_00269,,,"Conspiracy theorists hate the mRNA vaccines for Covid and won’t take it, but they have been shilling for Putin claiming that Russia is close to mRNA vaccine for cancer. Imagine being this dumb",1.76E+18,2024
Mon Feb 12 10:18:31 +0000 2024,5,0,5,USER_00270,NAME_00270,,United States,"Watch 旧金山量子农场 （HimalayaQuantum） live on GETTR.
2024-02-12 #QuantumHealth
Season II. How Will The COVID Vaccines Increase Cancer Risks?

https://t.co/HKG3evhQqD",1.76E+18,2024
Wed Feb 07 03:31:57 +0000 2024,110,11,29,USER_00271,NAME_00271,,,Toby Keith never had throat cancer. He got the vaccines and afterward he developed cancer which many medical doctors and experts around the world attribute to the Covid vaccine he received. Andrew. Don’t spread rumors.,1.76E+18,2024
Tue Feb 06 18:24:25 +0000 2024,134,49,52,USER_00271,NAME_00271,,,Toby Keith just died at barely 62 of a rare cancer &amp; many top medical doctors are posting publicly that it was from the many Covid “vaccines” that he received. Full stop. Do you think it was the cancer shots or just another coincidence like all the other thousands of celebs dead?,1.75E+18,2024
Fri Jan 12 00:41:40 +0000 2024,233,105,83,USER_00271,NAME_00271,,,"NEW - Dr. Deborah Birx Says 'Long COVID' is Similar to HIV

Remember, even they admit that the vaccines can cause “long Covid” in peer review publish studies, and the shot doesn’t prevent it. https://t.co/eqYCQMvPmn",1.75E+18,2024
Tue Feb 13 19:46:14 +0000 2024,0,0,0,USER_00272,NAME_00272,,United States,"The Explosive Link Between COVID Vaccines and Increased Cancer Rates in Children &amp; Young Adults

https://t.co/RFYfdwbmVQ",1.76E+18,2024
Thu Feb 15 20:08:55 +0000 2024,0,0,0,USER_00273,NAME_00273,,,"This clown is only half right
1. They have a risk when administered WITH A HIGH-DOSE flu vaccine
2. Myocarditis is one of the RAREST occurrances, and you'd still be safer with the vaccine because covid fucks up your entire system, WHICH INCLUDES THE HEART!!
3. tUrBo CaNcErS stfu https://t.co/WazJtHqZty",1.76E+18,2024
Mon Feb 05 14:42:55 +0000 2024,3,1,0,USER_00274,NAME_00274,,,"🇺🇸🦀💰Cancer dollars instead of petro dollars

Just amazing how fast Moderna developed and tested a vaccine to cure cancer after the Covid vaccine ... https://t.co/9f6fl2GAkB",1.75E+18,2024
Thu Feb 15 19:06:23 +0000 2024,7,3,3,USER_00275,NAME_00275,,,"@keepitwilder To be clear, below are results of contamination of Pfizer covid vaccines. What are GOVERNMENTS DOING to protect citizens!
Two potential problems identified by both McKernan and Buckhaults are the risk of cancer transformation and immune targeting of cells taking up the vaccine.",1.76E+18,2024
Mon Feb 12 04:34:13 +0000 2024,28,6,7,USER_00276,NAME_00276,,United States,"Did you notice Pfizer's cancer treatment advertisement during the Super Bowl?

There is much evidence that the Pfizer COVID vaccines cause cancer, imo

And now they are pushing their cancer drugs 😡😡😡

How do you feel about this?",1.76E+18,2024
Fri Feb 16 04:47:25 +0000 2024,2,1,0,USER_00277,NAME_00277,,,@DschlopesIsBack Cancer rates are higher and is much more aggressive since covid vaccines.,1.76E+18,2024
Wed Feb 07 11:41:26 +0000 2024,39,3,18,USER_00278,NAME_00278,,Canada,"""Diagnosis to death: 1 month...

Ddx: COVID-19 mRNA Vaccine Induced Turbo Cancer""

@MakisMD",1.76E+18,2024
Thu Feb 15 10:49:31 +0000 2024,4,2,0,USER_00279,NAME_00279,,,@SeryPuff @kirawontmiss Correct.. the US already has some cancer vaccines for certain types. Russia just trying to look like they’re helping humanity while actually destroying it. We know they’re lying anyways. Their Covid vaccine didn’t work at all,1.76E+18,2024
Tue Feb 13 20:08:50 +0000 2024,13,10,0,USER_00280,NAME_00280,,,Again… Charles will be okay after cancer vaccine. Then the roll out to others just like the covid vaccine. They have a cure for cancer already but unfortunately they make too much money off people being sick. Wakey Wakey Steve,1.76E+18,2024
Fri Feb 16 06:02:08 +0000 2024,0,0,0,USER_00281,NAME_00281,,,"Florida surgeon general calls for halt to COVID-19 vaccine, defies healt... https://t.co/HIrKWf7TcE via @YouTube  
Better late than never?
To bad everyone’s DNA has been compromised and there’s a massive uptick of aggressive cancers and deadly side effects 
The damage is done",1.76E+18,2024
Wed Feb 07 16:40:57 +0000 2024,495,13,111,USER_00282,NAME_00282,,,"Ofcom has said that it's perfectly fine for Neil Oliver and GB News to make up Turbo Cancer, and then blame it on Covid Vaccines.

Not sure there is any point in Ofcom, except as another payday for a bunch of Conservatives who do nothing.",1.76E+18,2024
Fri Feb 16 02:34:14 +0000 2024,2,0,0,USER_00283,NAME_00283,,United States,America where the cancer vaccines at? Fuck a Covid 🤣🤣🤣,1.76E+18,2024
Mon Feb 12 16:18:54 +0000 2024,0,0,0,USER_00284,NAME_00284,,United Kingdom,"The Explosive Link Between COVID Vaccines and Increased Cancer Rates in Children &amp; Young Adults
Report reveals people aged 18-49 who received 4 doses of COVID-19 vaccine 318% more likely to die of any cause than unvaccinated people aged 18-49
https://t.co/p9boSHO0qQ",1.76E+18,2024
Wed Feb 14 11:09:33 +0000 2024,0,0,0,USER_00284,NAME_00284,,United Kingdom,"CDC Refused to Issue Alert About Covid-19 Vaccines and Heart Inflammation for Fear of Causing Public Panic
https://t.co/sbZHaYRVuN
Do we ever get the truth from pharmaceutical medicine?
Certainly not when truth would affect their sales and profits!",1.76E+18,2024
Tue Feb 13 00:48:42 +0000 2024,2,0,0,USER_00285,NAME_00285,,United States,"This is the definition of insanity!
A 2023 study in Vaccines showed that repeated COVID-19 mRNA vaccinations increase the level of IgG4, weakening the immune system &amp; potentially making people more susceptible to life threatening conditions such as cancer.
https://t.co/L4eR4nInSP",1.76E+18,2024
Sat Feb 10 14:01:18 +0000 2024,0,0,0,USER_00286,NAME_00286,,,"⛔️""The vaccines aren't appropriate for use in humans.""

Florida's surgeon general, Dr. Joseph Ladapo, calls for an immediate halt to mRNA-based Covid ""vaccines"", citing cancer and other health risks.

""Dr. Ladapo says he has safety concerns pertaining to the discovery of billions https://t.co/buZ3m4kDDe",1.76E+18,2024
Thu Feb 15 12:38:29 +0000 2024,3,0,0,USER_00287,NAME_00287,,,"We already have this.

HPV vaccine is a cancer vaccine. He probably jacked Cuba's lung cancer vaccine that's been around for decades. 

Plus they couldn't even manage a covid vaccine.

This is just propaganda/an attempt at reputation laundering.",1.76E+18,2024
Mon Feb 12 13:08:07 +0000 2024,0,0,0,USER_00288,NAME_00288,,,"Pfizer airs an Ad during Super Bowl featuring their next ‘Health Adventure' focussing on Cancer. 

Seriously, did anyone ever find out why the Pfizer ""Covid Vaccines' tested positive for the known
'Cancer Inhibitor' SV40? https://t.co/ypaTobJIiy",1.76E+18,2024
Sun Feb 11 08:20:13 +0000 2024,1,0,1,USER_00289,NAME_00289,,,"The explosive link between Covid vax and Cancer rates in young adults.

https://t.co/N5I9WXIwTj",1.76E+18,2024
Wed Feb 14 11:14:58 +0000 2024,1,0,0,USER_00290,NAME_00290,,United Kingdom,"Why worry? It's only kids. right? Nothing to see. #UK #vaccine causes #cancer &amp; death in children &amp; young adults. #TurboCancer 
https://t.co/PdbHFTI9Ov",1.76E+18,2024
Thu Feb 15 22:02:07 +0000 2024,0,1,0,USER_00291,NAME_00291,,United States,Dr. Ryan Cole: COVID-19 Vaccines Causing An Alarming Uptick In Cancers https://t.co/eQDw9LLbEU,1.76E+18,2024
Wed Feb 07 22:30:32 +0000 2024,19,2,10,USER_00292,NAME_00292,,United Kingdom,"The Australian Parliament by Senator @MRobertsQLD first suggested by Prof of oncology Angus Dalgleish.

""Frontiers in Oncology in May asked if the emergence of malignant lymphoma, commonly called turbo cancer, was an adverse event caused by the COVID vaccine""

https://t.co/tSlDF1sP5w",1.76E+18,2024
Sun Feb 11 07:55:24 +0000 2024,5,0,1,USER_00293,NAME_00293,,,"https://t.co/CAKddpRjEg
Explosive Link Between #COVIDVACCINE  and Increased #Cancer  Rates in Children &amp; Young Adults",1.76E+18,2024
Sun Feb 11 22:11:57 +0000 2024,0,0,0,USER_00294,NAME_00294,,United States,"COVID-19 Vaccines Can Worsen Cancer, According to New Peer-Reviewed Analysis in Medical Journal – Vigilant News Network https://t.co/J18A4s8eZf",1.76E+18,2024
Fri Feb 02 20:05:49 +0000 2024,4,3,2,USER_00295,NAME_00295,,,"@Bigteethyouhave @scottstocker4 @jeffsmith0000 @medwoman1 @ballardsigns @giddy_bunny @MistressRedWasp @libslayer66 @8BrianVogel4 @NatashaForTrump @EnrelChi @Flattielover @Q_Estrada @memequeenkimmy @Bruh888888888 @Jennie_SC1 @NAFO205thInf @MurphyYuiko @Wantmy2dollars_ @SeannonMcLeoud @lackomar @lemmabarkaloo @Badams820 @VinceGottalotta @ZiggystarZiggy @MucusMucous1 @JeffJun80346519 @cbeckj @Synyster63 @cl1ntonserver @CivilLost @LadyOfTheOcean1 @xoyoy @MikeAda69588676 @RebelRidgetop @DeplorableNew @r0xie_f0x @Patrici37283275 @MagaPhoenix73 @johns2801 @eanstrainserver @BidenTour @Krispi_Largo @TreatHunterDog @PlatoonOps @DNAIntelligence @Vickie627 @jkoff609 @Jetson77 The sad thing is that the Covid vaccine has been traced to the Turbo Cancers now being diagnosed. How amazing that now Pfizer, after making billions from thenCovid vaccine will now make billions trying to “ cure” the cancer they created….",1.71E+18,2024
Tue Feb 13 20:24:12 +0000 2024,1,0,0,USER_00296,NAME_00296,,,"The Explosive Link Between COVID Vaccines and Increased Cancer Rates in Children &amp; Young Adults

https://t.co/nNvAjHdGkp",1.76E+18,2024
Fri Feb 16 04:41:57 +0000 2024,8,0,6,USER_00297,NAME_00297,,United States,"#TraitorThreeToes insists Covid vaccines cause ""turbo cancers"", which were undoubtedly created in peachtree dishes, &amp; disbursed by the gazpacho police using Jewish space lasers, which is probably an indicktable offense.
THIS is Congress now. #VoteBlueToStopTheStupid #VoteBlue2024",1.76E+18,2024
Mon Feb 12 11:35:54 +0000 2024,0,0,1,USER_00298,NAME_00298,,United States,The Explosive Link Between COVID Vaccines and Increased Cancer Rates in Children &amp; Young Adults: https://t.co/3XODcwpBys,1.76E+18,2024
Tue Feb 13 13:36:07 +0000 2024,0,0,0,USER_00298,NAME_00298,,United States,Check out this mind-boggling blog post dissecting Long COVID research and COVID-19 vaccine injury. Dr. Makis uncovers the shady Medical Industrial Complex and its link to turbo cancer. Brace yourself for some eye-opening revelations! https://t.co/AQGxgGlllg,1.76E+18,2024
Thu Feb 15 19:19:11 +0000 2024,180,8,17,USER_00299,NAME_00299,,France,"250k likes. Crazy how much people are dickriding Russia in the comments too

Cancer vaccines are already a thing! New, better ones are being developed across the world thanks to Covid funds! It's insane to pretend it's some unique Russian invention",1.76E+18,2024
Sun Feb 11 13:31:49 +0000 2024,0,0,0,USER_00300,NAME_00300,,,"The Explosive Link Between COVID Vaccines and Increased Cancer Rates in Children &amp; Young Adults

https://t.co/LhntDwYhSW",1.76E+18,2024
Sun Feb 04 16:53:25 +0000 2024,29,2,0,USER_00301,NAME_00301,,,"@DrTedros @WHO Will you observe, if #cancer is more common among those who received the #COVID #vaccine, or will any possible relationship between those injections and cancer be hidden?",1.75E+18,2024
Sun Feb 11 16:17:49 +0000 2024,0,0,0,USER_00302,NAME_00302,,United States,Official Report: Covid Shots Triggered Spike in Child Cancers - News Addicts  I found out the hard way it triggered cancer in adults but now in kids!  These vaccines must be removed &amp; those responsible pay for their involvement! https://t.co/fJ6cvmlSed,1.76E+18,2024
Fri Feb 09 20:19:50 +0000 2024,11,1,1,USER_00303,NAME_00303,,,For Diabetes (which happens to be a symptom of chronic uranium exposure and now long covid/vaccine) https://t.co/TLn3Yc8yIB,1.76E+18,2024
Sun Feb 11 04:00:35 +0000 2024,0,0,0,USER_00304,NAME_00304,,,"Ok real question I got the first COVID vaccine from Pfizer back when it came out under doctors orders and because I have a immune system deficiency, I have not had another sense am I in trouble with getting that one or should I be ok? I have rheumatoid arthritis,type 2 diabetes",1.76E+18,2024
Sat Feb 10 01:20:00 +0000 2024,0,0,0,USER_00305,NAME_00305,,United States,"Conditions That Must Be Long Covid:7. Heart Attacks: It Has Yo Be Covid, Not
Obesity, Diabetes, And Definitely Not The Vaccine! https://t.co/O5BNFvzzYr",1.76E+18,2024
Thu Feb 15 03:33:23 +0000 2024,1,1,0,USER_00306,NAME_00306,,,@KimKimH @JesseWho4 @MercyofSimo @RyanMarino That's not what the paper says Kim! The paper doesn't link covid vaccine to diabetes!,1.76E+18,2024
Thu Feb 15 09:21:19 +0000 2024,2,0,0,USER_00307,NAME_00307,,,"@EdDeVere ""In conclusion, our study suggests that the COVID-19 vaccine does not increase the risk of diabetes. Further studies are needed to show whether the vaccination is even associated with reduced diabetes risk.""

Bisschen steile Headline wenn man die Studie liest.",1.76E+18,2024
Thu Feb 08 13:33:26 +0000 2024,34,2,5,USER_00308,NAME_00308,,Australia,"@CartlandDavid My son worked for a company that received a directive from the government that the company employees must be vaccinated or all funding would be withdrawn. He was already type 1 diabetes ( from age 5, I believe a vaccine injury also) and now has myocarditis and long Covid 😢",1.76E+18,2024
Tue Feb 13 21:10:15 +0000 2024,2,0,2,USER_00309,NAME_00309,,United States,"#DYK: Long-term effects from #COVID-19 infection can include new health conditions such as #diabetes, #HeartDisease, blood clots, and neurological conditions?

Learn more: https://t.co/0R8sEOyOaW https://t.co/P9VRXJPqZD",1.76E+18,2024
Mon Feb 12 22:05:15 +0000 2024,0,0,3,USER_00309,NAME_00309,,United States,"Largest Study to Date Confirms Safety of #COVID-19 #Vaccines in #Pregnant Women

https://t.co/X4HHhFO5sF #GetVaccinated #StopTheSpread @MHExecutive https://t.co/qfvOVf3bLH",1.76E+18,2024
Thu Feb 01 22:55:13 +0000 2024,1,0,0,USER_00309,NAME_00309,,United States,"2024 Standards of Care in Diabetes by @AmDiabetesAssn references #vaccines recommended for people with #diabetes, including #flu, #COVID-19, #RSV,  #HepB, and #pneumonia 

https://t.co/Rb54tidCLn
#GetVaccinated #LowerYourFluRisk #FluIsNotAGame https://t.co/juGiDTyGyu",1.75E+18,2024
Tue Feb 13 04:35:17 +0000 2024,2,0,0,USER_00310,NAME_00310,,,"mRNA Covid Vaccines Worsen Diabetes, Study Finds https://t.co/2URJeXmFRv via @vigilantnews",1.76E+18,2024
Wed Feb 14 02:01:55 +0000 2024,1,1,1,USER_00311,NAME_00311,,United States,"“Thousands of studies show Covid increases the chances of diabetes, blood clots, heart disease, autoimmune disorders, maternal mortality, miscarriages, etc. While vaccines help lower deaths, they only marginally lower the risks of Long Covid.” /2",1.76E+18,2024
Thu Feb 15 21:54:17 +0000 2024,0,0,0,USER_00312,NAME_00312,,Canada,"@shaving_s I have had heart problems, pre covid, also have diabetes, 6 vaccines at 65 running 5 km every day, no sign of illness.",1.76E+18,2024
Tue Feb 13 06:55:24 +0000 2024,0,1,0,USER_00313,NAME_00313,,,"@JaywanIncBeats @Esqueer_ Definitely this person could be doing more to protect themselves from Covid and other diseases (not with vaccines 🤮) but if they took care of their blood sugar, had a proper diet (diabetes in particular should) and worked on strengthening their cardiovascular system.",1.76E+18,2024
Wed Feb 14 04:12:20 +0000 2024,2,1,0,USER_00314,NAME_00314,,,"@LarryDJonesJr Unfortunately my health care depends on taking the flu and covid vaccines, if I dont my free diabetes care would end, what you suggest I do ? I can't afford 1k plus a month",1.76E+18,2024
Thu Feb 15 15:04:08 +0000 2024,5,1,0,USER_00315,NAME_00315,,United States,"@LesleyJWilliams I've gotten vaxxed five times. I have had Covid once. But I also have diabetes and it could have been a LOT worse. (Also, Japan wouldn't let me in without the vaccine in 2022.) I should have gotten the RSV vaxx; I had a terrible cough the entirety of December 2023.",1.76E+18,2024
Fri Feb 16 02:08:11 +0000 2024,0,0,0,USER_00316,NAME_00316,,Australia,"New MCQ tests added on https://t.co/WsrYESZuHK
· Glucose Homeostasis, Ketoacidosis and Drugs used in Diabetes (72 MCQ)
· A patient with SAH Parts 1 &amp; 2 (35 MCQ)
· COVID-19 Basic Facts Parts 1 &amp; 2 (20 MCQ)
· COVID-19 Vaccines Parts 1 &amp; 2 (25 MCQ)",1.76E+18,2024
Fri Feb 09 19:53:36 +0000 2024,2,0,0,USER_00317,NAME_00317,,United States,"@PeterSchorschFL Same for me on the boosters. I’m t1 diabetic so I stay up to date on those. I have family that blames my long COVID on the vaccine though even though it started after COVID itself, not the vax, and even my diabetes which started a few weeks before COVID was a thing in 1/20",1.76E+18,2024
Fri Feb 09 11:12:34 +0000 2024,9,1,7,USER_00318,NAME_00318,,United Kingdom,"The latest on covid boosters and diabetes 📣👇🏼

https://t.co/ZDf3Xaj81H",1.76E+18,2024
Fri Feb 09 08:20:05 +0000 2024,0,1,0,USER_00319,NAME_00319,,United States,"@DestroyerCCG Bull💩
It's the doctors discretion

They can also test her prior to the procedure.  Young adults with no history of heart failure, uncontrollable diabetes, or stroke are at close to no risk of critical covid infection.  
The risks outweigh the benefits regarding the vaccine.",1.76E+18,2024
Fri Feb 09 16:42:46 +0000 2024,1,1,0,USER_00320,NAME_00320,,United States,The effects of flu and COVID-19 can be more serious if you live with diabetes. The free flu and COVID-19 vaccines offer the best protection this winter. Book yours today. https://t.co/2cjahYt1e7 https://t.co/b6ayEvRdkk,1.76E+18,2024
Sun Feb 11 09:28:31 +0000 2024,629,55,374,USER_00321,NAME_00321,,United Kingdom,"Rhode Island, Jacqueline Morrissey #diedsuddenly (January 2024)

""I Got My Covid-19 Vaccine"" #Pfizer

""Jackie passed away suddenly. A heart attack is believed to be the cause.""   

https://t.co/lVswtw4fk5 https://t.co/oN7DOm6fvK",1.76E+18,2024
Thu Feb 08 06:27:02 +0000 2024,639,64,372,USER_00321,NAME_00321,,United Kingdom,"California, Michelle Roche Colangelo #diedsuddenly (January 2024)

""I Got My Covid-19 Vaccine"" #Pfizer

""Today my heart is in shock and denial. Michelle Roche Colangelo passed away suddenly and unexpectedly this morning."" https://t.co/4TnD9SF0yj",1.76E+18,2024
Mon Feb 05 13:22:48 +0000 2024,694,69,393,USER_00321,NAME_00321,,United Kingdom,"South Carolina, Carmen Santiago 

""I Got My Covid-19 Vaccine"" #Pfizer 

""So late last night I was admitted to Baystate Medical Center due to that I had a heart attack. They did emergency catheterization they found blood clots in my main artery."" https://t.co/e0bxA3D6ut",1.75E+18,2024
Fri Jan 26 15:43:52 +0000 2024,328,25,192,USER_00321,NAME_00321,,United Kingdom,"Illinois, Shawn Granberg #Pfizer
#diedsuddenly (January 2024)

""I Got My COVID-19 Vaccine""

""Found out a friend of mine passed away suddenly yesterday from a random heart attack."" https://t.co/kgNynDKg4L",1.75E+18,2024
Sat Feb 03 03:44:04 +0000 2024,543,62,328,USER_00321,NAME_00321,,United Kingdom,"San Francisco, Carol Thelen.
#diedsuddenly (Feb 2024)

""I Got My Covid-19 Vaccine"" #Pfizer

""Looks as though she had a massive heart attack. With no history of heart issues this took everyone by surprise.""

https://t.co/BUCT2SuT0B https://t.co/hCWnuj87Mc",1.75E+18,2024
Wed Jan 24 09:40:55 +0000 2024,166,17,74,USER_00321,NAME_00321,,United Kingdom,"Brisbane Lions in disbelief after the Sudden Death of club ‘hero’ Nicole Duncan who #diedsuddenly following a short battle with leukemia.

AFL: COVID-19 Vaccine Mandate, Players, AFLW, Club Staff, Australia.

https://t.co/5CvJibj27k

https://t.co/CPSEIj8tuh https://t.co/5ihY5PyR8D",1.75E+18,2024
Thu Feb 01 21:39:48 +0000 2024,318,36,162,USER_00321,NAME_00321,,United Kingdom,"England, David Ward.
#diedsuddenly (Jan 2024)

""Booster Covid Vaccine"" #Pfizer

""My Dad, suddenly passed away on January 20th due to his heart, age 56."" https://t.co/NLd6UHXE68",1.75E+18,2024
Tue Feb 13 15:01:35 +0000 2024,115,4,21,USER_00322,NAME_00322,,United States/ United Kingdom ,"WATCH: Heart-wrenching moment Vaccine Injured man CONFRONTS Prime Minister

Plenty of COVID vaccine recipients have a tragic story to share with the world.

Why don’t we have a public forum like this in the United States? https://t.co/hBWwqWuvOq",1.76E+18,2024
Mon Feb 12 22:31:22 +0000 2024,9,0,2,USER_00323,NAME_00323,,,“the vaccine causes those problems covid is nothing more than a cold” I have never found any research supporting the idea that the covid vaccine increases your risk of heart attacks or stroke but a quick google search shows you it’s covid https://t.co/3QYFrNcO9h,1.76E+18,2024
Sun Feb 11 17:12:13 +0000 2024,426,37,289,USER_00324,NAME_00324,,,"And remember child...'suddenly'😪💔
*Moshe Erlichman-8 yrs-Israel
*Israeli Government Covid Vaccine Poster Child for children
 *mRNA treatment 2020
*""previously healthy"" 
“He slipped under the water after his heart suddenly stopped, causing him to drown
https://t.co/bwT7dk5Odu https://t.co/vYpUcBUgXq",1.76E+18,2024
Fri Feb 16 01:46:17 +0000 2024,6,2,3,USER_00325,NAME_00325,,,"Documents reveal CDC drafted public health alert re: link between Covid vaccines and myocarditis, but never released it…

https://t.co/iGf4BVsNzQ",1.76E+18,2024
Thu Jan 18 03:31:32 +0000 2024,35,13,12,USER_00325,NAME_00325,,,"I’ll ask again…. Why is he STILL stealing Oxygen ?

Bill Gates announces that the next generation of COVID vaccines will feature a longer duration and utilize patches instead of needles.

""We'll have a TB vaccine, malaria vaccine, HIV vaccine, and even things like Covid vaccines, we need to make them have longer duration, more coverage. And we're going to change instead of using a needle, to use a little patch.""",1.75E+18,2024
Thu Jan 25 04:32:47 +0000 2024,8,4,8,USER_00325,NAME_00325,,,"🇫🇷 Professor, virologist and Nobel prize winner for the discovery of HIV in 2008, Luc Montagnier warned the public many times about the #Covid #Vaccine’s potential danger to humanity - Please listen to what he has to say :

“I am OUTRAGED at the fact that we want to #Vaccinate the children, because then, we are really affecting FUTURE generations.”

“We are in UNKNOWN territory here, we don’t know the LONG-TERM effect of this #Covid #Vaccine, and to proclaim MANDATORY #Vaccination is just INSANITY to me!!! It’s #Vaccination insanity that I totally CONDEMN!!!!”

“For example, there could be neuro degenerative illness in the next generation or about 5-10 years from now, because there are PRION SEQUENCES in the RNA of the #Covid #Vaccine - These prion sequences could disrupt the natural proteins in the human brain”",1.75E+18,2024
Fri Dec 01 00:43:57 +0000 2023,114,14,71,USER_00325,NAME_00325,,,"Medical officer reveals Covid Vaccine related HEART ISSUES skyrocketing in active duty Naval officers.. 

Myocarditis rises 151% 

Pulmonary heart disease up 62%

Ischemic heart disease up 69%

Heart Failure increased a whopping 973%… https://t.co/OckeN4kUgc",1.73E+18,2023
Sat Feb 10 14:40:57 +0000 2024,33,3,18,USER_00326,NAME_00326,,,"CDC News Flash: ""Risk of Deathly Heart Attack Increases Following COVID Vaccination""‼️

A shocking article by CDC scientists alerts readers to the increased risk of a deadly heart attack or stroke following the administration of the mRNA COVID vaccine.

The concerning research claims that after receiving the COVID vaccination, the risk of myocarditis is 133 times higher.",1.76E+18,2024
Fri Feb 16 07:54:00 +0000 2024,4,0,0,USER_00327,NAME_00327,,,"Thinking about changing my profile photo to this. Here is how I plan on not complying

Post photos every day of clouds
Blame the Covid vaccine every time someone dies or has heart issues
Blame Bill Gates for everything 
Cut up all my credit cards and only use cash https://t.co/vMm6p6skXC",1.76E+18,2024
Thu Feb 15 18:18:00 +0000 2024,35,7,12,USER_00328,NAME_00328,,United States,"BOMBSHELL: Evidence uncovered that CDC knew COVID-19 vaccines elevated deadly myocarditis but the agency swept the scientific evidence under the rug. 
https://t.co/fFbl2UrnKB",1.76E+18,2024
Sat Feb 10 06:38:24 +0000 2024,1371,9,500,USER_00329,NAME_00329,,India,"John Magufuli

He was president of Tanzania. He said covid testing method is fraud n he proved it
He was against western covid vaccines n denied vaccination in his country in Jan 2021

In Feb he went missing n in March his dead body was found

Reason Heart attack

2/3 https://t.co/ogOu47gmeF",1.76E+18,2024
Thu Feb 15 14:06:28 +0000 2024,45,1,21,USER_00330,NAME_00330,,United Kingdom,"British Heart Foundation:

“Those infected with SARS-CoV-2 were around 40% more likely to develop cardiovascular disease and 5X more likely to die in the 18 months afterwards.”

Study group from 2020 (pre vaccines).

#CovidisNotOver #LongCovid #Health

https://t.co/3hWuyc8Ba7",1.76E+18,2024
Fri Feb 02 12:26:02 +0000 2024,28,2,0,USER_00330,NAME_00330,,United Kingdom,"@levitt_claire @NewXvg Only a small cohort can access vaccines. And yes, I’d imagine that includes diabetes.",1.75E+18,2024
Wed Feb 14 16:32:31 +0000 2024,107,19,7,USER_00331,NAME_00331,,,Happy Valentine’s Day! You make my heart skip beats faster than a Covid vaccine ❤️💔❤️,1.76E+18,2024
Fri Feb 16 06:06:40 +0000 2024,0,0,0,USER_00332,NAME_00332,,India,"U.S. Doctors warn the world to stop taking the Covid Vaccines, they are toxic, lethal, ineffective and must be stopped. They damage the brain, heart, liver, bone marrow, fetus, causing harm in the human body leading to injury and death. https://t.co/xI74W641cY",1.76E+18,2024
Mon Feb 12 21:36:36 +0000 2024,4,1,0,USER_00333,NAME_00333,,United Kingdom,@miffythegamer I’m not convinced the heart condition was caused by the Covid vaccine. https://t.co/FEUcFyungL,1.76E+18,2024
Wed Feb 14 09:24:57 +0000 2024,67,13,12,USER_00334,NAME_00334,,United Kingdom,"Still in hospital,
So far bloke next to me long covid,
He knows something not right as he mentioned the vaccine,
Then asked if I had it,
Lovely bloke but sadly has lots of issues
You bloke last night has heart issues.
You can only guess why.",1.76E+18,2024
Thu Jan 18 08:14:55 +0000 2024,370,51,68,USER_00334,NAME_00334,,United Kingdom,"I suspect Charles will Abdicate  very soon blaming ill Heath.
Nostradamus predicted  a king wouldn’t last long I hope it’s true.
I hope people don’t fail for the wills pantomime show,
They promoted covid vaccine also,
his wife pushed covid vaccine on pregnant woman.",1.75E+18,2024
Sun Feb 11 21:05:12 +0000 2024,0,1,0,USER_00334,NAME_00334,,United Kingdom,"Adjuvants in COVID-19 vaccines: innocent bystanders or culpable abettors for stirring up COVID-heart syndrome - Sri Harsha Kanuri, Prapthi Jayesh Sirrkay, 2024 https://t.co/Hw5z8Bq1sk",1.76E+18,2024
Wed Feb 14 12:57:10 +0000 2024,35,1,5,USER_00335,NAME_00335,,,"He had Covid then a heart attack in early 2020 before he was vaccinated. Strange no one seems to mention that, especially as his own Dr said he wasn’t vaccine injured. 
He also spent a lot of time on marches for someone who claimed they’re bedridden.",1.76E+18,2024
Wed Feb 14 18:51:04 +0000 2024,39,6,2,USER_00335,NAME_00335,,,"@LeilaniDowding @Nigel_Farage On what planet are a former page 3 model &amp; reality stars opinions on vaccine efficacy data of any relevance?
Your hero had Covid, POTS &amp; a heart attack in February 2020 before he was vaccinated, why no mention of that or the fact he can now miraculously walk? https://t.co/4dEqdOgJlL",1.76E+18,2024
Wed Feb 14 12:52:23 +0000 2024,16,0,1,USER_00335,NAME_00335,,,"@DrAseemMalhotra @Kevin_Maguire @GMB He had a heart attack in early 2020 before the vaccine &amp; has also had Covid, why are you ruling this out given his own Dr said he wasn’t vaccine injured &amp; you’re the only one who’s stated he is?
He also spent a lot of time on marches for someone who claimed they’re bedridden.",1.76E+18,2024
Wed Feb 14 22:00:48 +0000 2024,8,6,0,USER_00336,NAME_00336,,United Kingdom,"Today I was informed that Covid vaccine contributes to massive heart attacks by making tiny blood clots.
My understanding is that this is what Covid virus does. I would be grateful for confirmation that I am correct.",1.76E+18,2024
Thu Feb 15 18:24:27 +0000 2024,7,0,3,USER_00337,NAME_00337,,India,"First They Forced you to take the COVID Vaccine and When People starting dying due to it Your so called Government tells to Supreme Court We are not liable of these deaths. 

Sudden Attacks , Heart issues , Kidney issues and many problems due to COVID Vaccinations. https://t.co/CLFv9LhcGC",1.76E+18,2024
Mon Feb 12 07:01:03 +0000 2024,14,8,2,USER_00338,NAME_00338,,Spain,"If you've had Covid and you're jabbed then develop an illness, have a stroke, heart attack etc etc, how on earth would you know whether it's as a result of covid, the jab, or neither? #covid #Vaccine #COVIDVACCINE",1.76E+18,2024
Wed Feb 07 06:20:38 +0000 2024,6,3,1,USER_00339,NAME_00339,,,"Nigga you can't get a heart attack from energy drinks 

I have about six monsters in a day, and I also drink eight shots and suck down nicotine constantly 

The only thing that'll ruin the human heart is the Covid vaccine https://t.co/XHVPCffVy1",1.76E+18,2024
Sun Feb 11 17:22:49 +0000 2024,7,3,9,USER_00340,NAME_00340,,United States,"What have we done to ourselves? 

A US Centers for Disease Control and Food and Drug Administration study found that the chances of getting myocarditis, a heart inflammation, after receiving an mRNA COVID-19 vaccine are about 133 times higher than usual. 

This means the risk of getting myocarditis, an autoimmune disease that causes the heart to swell, increases by 13,200% after getting the COVID-19 vaccine.

https://t.co/e7j6d68H4h",1.76E+18,2024
Sun Feb 11 05:40:39 +0000 2024,8,2,6,USER_00341,NAME_00341,,India,"Took vaccine third dose - had heart attack @tehseenp  good u brought up heart attacks.
Ppl like ne have lost real young sister and cousins yo this . They won’t tell u coz it is covid vaccine causing this

 https://t.co/M57LeJjz5S",1.76E+18,2024
Fri Feb 16 07:08:01 +0000 2024,2,0,0,USER_00342,NAME_00342,,India,"The cases of heart attack, stroke, brain hemorrhage are all increasing after COVID/vaccine. All this among young people &lt;50 age.",1.76E+18,2024
Wed Feb 14 01:41:24 +0000 2024,4,0,1,USER_00343,NAME_00343,,,"Yes, one vaccine 3 years ago and not COVID 3 times is what’s causing heart issues and making you still feel like shit 😵‍💫

This was in response to my husband’s cousin’s post about how either the vaccine or COVID + pneumonia destroyed her heart and gave her autoimmune issues 😫 https://t.co/6PGbkgRPrs",1.76E+18,2024
Thu Feb 08 15:16:18 +0000 2024,35,2,15,USER_00343,NAME_00343,,,"COVID causes immune dysfunction. Measles wipes our immune system’s memory. 

COVID may reduce measles vaccine’s efficacy  🔄 measles can reduce any protection of previous infection to COVID via immune amnesia 

Round and round we go?",1.76E+18,2024
Thu Feb 08 10:35:46 +0000 2024,307,19,173,USER_00344,NAME_00344,,,"How can covid vaccines cause heart disease (apart from myocarditis)?

https://t.co/SyO9ubsZey",1.76E+18,2024
Tue Feb 13 22:08:25 +0000 2024,19,1,3,USER_00345,NAME_00345,,,"I'm glad more people are finally finding the freedom to say that the covid vaccine hurt their heart. I was among the silent for a time -- choosing to believe the medical establishment, rather than my throbbing heart and elevated troponins indicating heart damage.",1.76E+18,2024
Thu Feb 15 19:26:42 +0000 2024,4,4,0,USER_00346,NAME_00346,2004,United Kingdom,"If u took the COVID vaccine go and get ur heart checked out. Most people i know that took it, now have heart problems specifically with their valve which they never had before.",1.76E+18,2024
Thu Feb 15 04:53:54 +0000 2024,8,0,3,USER_00347,NAME_00347,,,"No evidence COVID-19 vaccine 'shuts off' the heart, contrary to anti-Kelce post | Fact check - USA TODAY https://t.co/sR9BtvOZ04",1.76E+18,2024
Mon Feb 12 21:57:17 +0000 2024,12,2,3,USER_00348,NAME_00348,,,@Penny_FL13 @lukepbeasley Covid can also cause heart damage and a much greater rate than the vaccine. https://t.co/q76cwEFIt8.,1.76E+18,2024
Tue Feb 13 13:25:35 +0000 2024,11,1,2,USER_00349,NAME_00349,,,"Before the Covid Vaccine was available I saw with my own eyes people dropping dead in hospital, patients &amp; staff. Then the Anti Vax cuntz came out . So you got a bit of a twitch? Young people were dying of Heart attacks long before Covid. Get a grip and Fuck off you morons 🤬🤬",1.76E+18,2024
Thu Feb 08 02:48:05 +0000 2024,165,4,104,USER_00350,NAME_00350,,Canada,"On June 30th, 2021 - Health Canada put a warning sticker on the bottles of COVID vaccines, that you never get to see, indicating that they cause Heart Damage. (img1)

To date, there have been 1,231 reports of Heart Damage (this data has been altered), as well as 63 cases of Cardiac Arrest, 106 cases of Cardiac Failure, and 160 Heart Attacks. (img2)

This happened as fast as 60 seconds after the jabs, in people as young as 6 years old. (img3)

But so far, only 138 claims have been approved for Vaccine Injury Support. (img4)

There are no ""reported cases"" of Heart Damage in those aged 6 Months to 4 years old for the simple reason that the symptoms of Myocarditis, according to the Mayo Clinic, are:
Chest pain.
Fatigue.
Swelling of the legs, ankles and feet.
Rapid or irregular heartbeat (arrhythmias)
Shortness of breath, at rest or during activity.
Light-headedness or feeling like you might faint.
Flu-like symptoms such as headache, body aches, joint pain, fever or sore throat.

How does an infant or toddler communicate these issues to their non-medical parents?
[Spoiler Alert - They Can't]

The Cleveland Clinic states this about Myocarditis:

How long does someone with myocarditis live?

For some people, myocarditis can lead to dilated cardiomyopathy and they may need a heart transplant. Almost 20% of sudden deaths in young people have a connection to myocarditis. The survival rate for myocarditis is 80% one year after having it and 50% five years later.

1. The jabs offered zero protection; even if they did,
2. Infants to 20 were of ZERO risk; as were 
3. Anybody without pre-existing Health Conditions.
4. Health Canada is Still Offering the Jabs;
5. Free From Liability to the Drug Manufacturers; that's okay because, 
6. A lot of these people will be DEAD before they will ever receive a payment for their injuries.
7. This ONLY covers Myocarditis!

Please share this for anybody still taking the jabs...sources of information:

Health Canada Warning:
https://t.co/mq4ReQBH7Z

Adverse Reactions in Canada:
https://t.co/J2dAcgkmbi

Mayo Clinic:
https://t.co/vKdIQHDCb2

Cleveland Clinic:
https://t.co/8vxj7zVleD",1.76E+18,2024
Mon Sep 04 22:06:18 +0000 2023,218,9,66,USER_00350,NAME_00350,,Canada,"Her name was Sheila Annette Lewis.  She had Lung (Pulmonary) Fibrosis.  She survived COVID Twice, without the vaccine...while others with less of a condition died following them.

She didn't die from COVID.

Her and others died from Medical Malpractice.

This is the True Pandemic…",1.70E+18,2023
Tue Feb 13 11:35:38 +0000 2024,8,0,7,USER_00351,NAME_00351,,,"""Not only am I in here #vaccine injured, there's another man over there whose life's been ruined by that #Covid-19 vaccine. I know people who have lost legs — amputations. I know people with heart conditions like myself.”

“We are the most silenced people in this country!""

#UK",1.76E+18,2024
Wed Feb 14 18:56:43 +0000 2024,4,1,1,USER_00352,NAME_00352,,United States,"This Valentine's day remember this, your spouse will never be able to break your heart the way the Covid vaccine will. ❤️❤️",1.76E+18,2024
Wed Feb 14 17:10:28 +0000 2024,4,0,0,USER_00353,NAME_00353,,United Kingdom,"Here is one of John Watt's tweets from 31st March, 2022 in which he attributes POTS—a condition he, by his own admission, developed after a heart attack in 2020—to the COVID vaccine.

Bullshit artist. https://t.co/VB8yxERgZt",1.76E+18,2024
Tue Feb 13 20:52:21 +0000 2024,1,1,1,USER_00354,NAME_00354,,,"@resilient333 ""It's not just that I'm hurt here (from getting the vaccine); Another man whose life has been ruined by the Covid-19 vaccine. I know people who have lost both legs - amputations. I know people like me who have heart disease… https://t.co/6GuybwxOaH",1.76E+18,2024
Sun Jul 16 09:56:35 +0000 2023,1,0,0,USER_00354,NAME_00354,,,"Zhang Yutong, 5, diagnosed with blood cancer from Covid-19 vaccine

Zhang Yutong, a 5-year-old boy from China's Henan province, was diagnosed with acute leukemia after his legs became weak and his face yellowed after receiving two doses of the Covid vaccine.

#vaccinedisaster https://t.co/4OiWjvpPk3",1.68E+18,2023
Sun Jul 16 09:54:46 +0000 2023,0,0,0,USER_00354,NAME_00354,,,"Zhao Fei, 34, diagnosed with blood cancer
 due to the Covid-19 vaccine

 Zhao Fei, a 34-year-old man from Guizhou province, China, received the Covid-19 vaccine in June 21 and was suddenly diagnosed with acute leukemia in October of the same year.

#vaccinedisaster https://t.co/Zuq9MMRx7n",1.68E+18,2023
Mon Feb 12 15:05:25 +0000 2024,7,1,4,USER_00355,NAME_00355,,United Kingdom,"@CRY_UK @AGSFounded1598 The UK experienced a surge in heart-related deaths in the second half of 2021

What caused this?  Was it the COVID-19 vaccine? https://t.co/WkZUW2joVI",1.76E+18,2024
Tue Feb 13 20:48:51 +0000 2024,1,1,0,USER_00356,NAME_00356,,,"CDC Refused to Issue Alert About COVID Vaccine and Heart Inflammation for Fear of Causing Public Panic
https://t.co/J20o2DTEHt",1.76E+18,2024
Tue Feb 13 14:20:49 +0000 2024,0,0,0,USER_00357,NAME_00357,,United States,"Schedule your COVID-19 vaccine today to protect your heart health. Getting vaccinated is linked to lower risk of heart attacks, strokes, and other cardiovascular disease. https://t.co/6Ykz9bNobr",1.76E+18,2024
Wed Feb 14 03:24:22 +0000 2024,41,1,4,USER_00358,NAME_00358,,,i just saw this on the news too and it made my heart sink— please get your updated vaccines / boosters because we’re about to see hospitals packed full of COVID patients,1.76E+18,2024
Wed Feb 14 23:50:11 +0000 2024,0,0,0,USER_00359,NAME_00359,,United States,"No evidence COVID-19 vaccine 'shuts off' the heart, contrary to anti-Kelce post | Fact check - * I’ve had 3 shots MODERNA plus, booster e never had Covid or variants! Despite ALL our anti VAX friends getting seriously I’ll. 2 deaths. Choking in hospital!!! https://t.co/FHzK4jR2uI",1.76E+18,2024
Tue Feb 13 14:14:40 +0000 2024,0,0,0,USER_00360,NAME_00360,,Canada,CDC Refused to Issue Alert About COVID Vaccine and Heart… – The Vaccine Reaction https://t.co/ASEb7lxlvF,1.76E+18,2024
Mon Mar 27 16:10:40 +0000 2023,0,0,0,USER_00360,NAME_00360,,Canada,"COVID-19 vaccine injury to the liver: brave Ontario mother shares story of vaccine injured young boy; 22 year old young woman in Army National Guard develops liver disease 3 weeks after Pfizer vaccine, by @MakisMD https://t.co/wkoIYzxDPu",1.64E+18,2023
Tue Feb 13 23:06:22 +0000 2024,0,0,0,USER_00361,NAME_00361,,United States,CDC Refused to Issue Alert About COVID Vaccine and Heart… – The Vaccine Reaction https://t.co/NSpgKDvGKx,1.76E+18,2024
Tue Feb 13 17:56:48 +0000 2024,0,0,0,USER_00362,NAME_00362,,United States,CDC Refused to Issue Alert About COVID Vaccine and Heart… – The Vaccine Reaction https://t.co/UfFIx6wXP2,1.76E+18,2024
Wed Feb 14 13:37:24 +0000 2024,1,0,0,USER_00363,NAME_00363,,United States,CDC Refused to Issue Alert About COVID Vaccine and Heart… – The Vaccine Reaction https://t.co/TRukQ5PmaL,1.76E+18,2024
Sun Feb 11 04:38:50 +0000 2024,8,22,0,USER_00364,NAME_00364,,Australia,@NFSC88JJ @stkirsch Probably Covid rather than the vaccine. Covid has been shown to damage the heart,1.76E+18,2024
Tue Feb 13 15:13:41 +0000 2024,29,2,2,USER_00365,NAME_00365,,,@IamBrookJackson Researchers looking for unknown causes of serious heart conditions after covid vaccines.  It’s a mystery.,1.76E+18,2024
Sat Jul 15 01:29:22 +0000 2023,38,2,17,USER_00365,NAME_00365,,,"Yes, they knew.  ⁦@JoJoJinxe⁩ ⁦@stkirsch⁩ I had a previous reaction to contrast dye, history of hives and allergies and specifically asked if I should get the jab. They lied! 

Covid-19 vaccine: Allergy warning over new jab - BBC News
Dec 2020 https://t.co/5Z9d3GcaSO",1.68E+18,2023
Tue Feb 13 19:38:33 +0000 2024,0,0,0,USER_00366,NAME_00366,,,CDC Refused to Issue Alert About COVID Vaccine and Heart… – The Vaccine Reaction https://t.co/OWgjFdJizJ,1.76E+18,2024
Sat Feb 10 08:08:02 +0000 2024,1,0,1,USER_00367,NAME_00367,,,"Nothing to do with the covid vaccine.

Mayo Clinic Doctor: Racism Is Causing Heart Failure Spike among Black People https://t.co/ZMNU0AD4rq",1.76E+18,2024
Thu Feb 15 21:56:36 +0000 2024,3,0,0,USER_00368,NAME_00368,,United States,"@stopvaccinating I have believed that vaccines are dangerous, I know several people multiple that died after the covid vaccine had massive heart attacks brain bleeds blood clots myocarditis pericarditis neurological issues every vaccine this government makes is dangerous",1.76E+18,2024
Wed Feb 14 10:37:06 +0000 2024,0,0,0,USER_00369,NAME_00369,,United Kingdom,Yale study reveals insights into post-vaccine heart inflammation cases https://t.co/jAmS0XXVL0  #Covid causes higher incidence of #myocarditis  than #vaccine @JimFergusonUK  @Nigel,1.76E+18,2024
Fri Feb 02 17:59:19 +0000 2024,2,15,1,USER_00369,NAME_00369,,United Kingdom,@dksdata @ABridgen The problem of ascribing  #Excessdeaths  to #vaccine alone is that #Covid  causes significant  cardiovascular/liver/ cerebrovascular morbidity  even in mild cases  that continues  to be expressed  upto 18 mths post even mild infection,1.75E+18,2024
Thu Feb 08 11:46:45 +0000 2024,64,1,23,USER_00370,NAME_00370,,,"@MakisMD Everything was fine. Until it wasn’t. 
These unsafe and experimental C19 vaccines with over 1200 reported side effects including myocarditis, heart attacks, blood clots, strokes and sudden death, just to name a few, must be pulled from the market now! https://t.co/uhJduL8pr5",1.76E+18,2024
Tue Feb 13 18:45:13 +0000 2024,0,0,0,USER_00371,NAME_00371,,United States,"#COVID19 booster ⬇️ strokes — Older Americans who received a COVID-19 booster vaccine were 47% less likely (vs. unvaccinated elders) to develop a heart attack, stroke, or blood clot  if they got sick with the disease within 6 months after inoculation. 
https://t.co/3uYFgI17oU",1.76E+18,2024
Wed Feb 07 08:28:49 +0000 2024,43,3,18,USER_00372,NAME_00372,,United Kingdom,Autopsy findings in cases of fatal COVID‐19 vaccine‐induced myocarditis - Hulscher - ESC Heart Failure - Wiley Online Library https://t.co/dxqNNQuQ2R,1.76E+18,2024
Fri Feb 09 18:08:14 +0000 2024,68,2,30,USER_00372,NAME_00372,,United Kingdom,"Pulmonary Embolism after Vaccination with the COVID-19 Vaccine (Pfizer, BNT162b2): A Case Report - PMC https://t.co/kni2ih7LEJ",1.76E+18,2024
Mon Oct 16 08:08:31 +0000 2023,52,2,26,USER_00372,NAME_00372,,United Kingdom,The relationship between COVID-19 vaccines and increased blood pressure: A word of caution - PMC https://t.co/ixl5C28FY5,1.71E+18,2023
Tue May 16 11:49:14 +0000 2023,8,0,4,USER_00372,NAME_00372,,United Kingdom,Intracellular Reverse Transcription of Pfizer BioNTech COVID-19 mRNA Vaccine BNT162b2 In Vitro in Human Liver Cell Line | Lund University https://t.co/QCxUyk73Lx,1.66E+18,2023
Tue Nov 07 15:59:25 +0000 2023,9,2,6,USER_00372,NAME_00372,,United Kingdom,CIMB | Free Full-Text | Intracellular Reverse Transcription of Pfizer BioNTech COVID-19 mRNA Vaccine BNT162b2 In Vitro in Human Liver Cell Line https://t.co/bACOUbWNxP,1.72E+18,2023
Wed Jan 18 14:21:52 +0000 2023,18,0,15,USER_00372,NAME_00372,,United Kingdom,"DYSPNEIC AFTER EVERY COVID-19 SHOT: SUSPECTED BNT162B2 MRNA VACCINE-RELATED, DRUG-INDUCED PULMONARY EOSINOPHILIA https://t.co/F66FZR9Cll",1.62E+18,2023
Tue Jan 09 14:17:21 +0000 2024,570,8,333,USER_00372,NAME_00372,,United Kingdom,New Zealand Fudged The Data On How Kidneys Fare After COVID Vaccines | ZeroHedge https://t.co/CwzOtVzN1X,1.74E+18,2024
Sat Feb 10 05:27:10 +0000 2024,0,0,0,USER_00373,NAME_00373,,United States,Pro Basketball Player Who Blamed Covid Vaccine for Rare Heart Condition Dies of Heart Attack - https://t.co/DORrsZnFF6,1.76E+18,2024
Sat Feb 10 15:02:58 +0000 2024,1,0,0,USER_00374,NAME_00374,,,"Hey, look at me waking up all myocarditis, heart attack and sudden death free again cuz NO covid vaccines. 😃😆

I'll never regret not volunteering to take the bullshit TOXIC LETHAL INJECTIONS. https://t.co/60IDQEuc95",1.76E+18,2024
Sat Feb 10 11:19:20 +0000 2024,0,0,0,USER_00375,NAME_00375,,United Kingdom,Meanwhile in the UK the prevention of heart attack and stroke is probably not even factored into Covid-19 vaccine cost effectiveness decisions.,1.76E+18,2024
Mon Feb 12 23:39:28 +0000 2024,3,0,1,USER_00376,NAME_00376,,United Kingdom,"A national embarrassment surely to fück Scotland has more important issues to confront Sunak over, than this knob ranting about Covid vaccine injury causing heart issues (not sure the vaccine caused that tbh-anger issues mibby ✅) 👇🏻",1.76E+18,2024
Wed Feb 14 21:18:55 +0000 2024,3,1,0,USER_00377,NAME_00377,,,Some nigga just came in the store sayin bronny James had a heart attack bc he got the covid vaccine,1.76E+18,2024
Fri Feb 16 03:41:28 +0000 2024,1,2,0,USER_00378,NAME_00378,,Canada,The second set of shot for dogs in Alberta Canada includes the COVID vaccine. It’s doing too then what it’s doing to the vaccinated. It’s heart breaking they didn’t ask for this. You all need to look at your pets shot records. Why are you doing that to them? I’ve seen enough,1.76E+18,2024
Thu Feb 15 01:20:54 +0000 2024,0,0,0,USER_00379,NAME_00379,,United States,"No evidence COVID-19 vaccine 'shuts off' the heart, contrary to anti-Kelce post | Fact check - USA TODAY https://t.co/br9dxOfiXC",1.76E+18,2024
Thu Feb 15 02:27:11 +0000 2024,2,0,0,USER_00380,NAME_00380,,,@SenatorRennick The wave of myocardial inflammation was foreshadowed. Nov 2021 paper in the journal Circulation showed the bloodwork of people after the shot had high endothelial inflammation &amp; their 5-year risk of a heart attack more than doubled after the covid vaccine; https://t.co/cGS1hDzJgk,1.76E+18,2024
Wed Feb 07 06:28:23 +0000 2024,0,0,0,USER_00380,NAME_00380,,,"Data Analyst Unveils Where the Vaccine Deaths Are Hiding 

..”they’re dying from cardiac stroke, pulmonary embolism, hemorrhages, aortic dissections..” https://t.co/2dxbFfsxIi  

Life years lost is the key factor. The vaccine caused far greater loss of life years than Covid-19.",1.76E+18,2024
Mon Feb 12 08:48:59 +0000 2024,0,0,0,USER_00381,NAME_00381,,United States,Yep. You know what else is clinically proven to be bad for the heart? The covid vaccine #TravisKelce.,1.76E+18,2024
Thu Feb 08 21:54:01 +0000 2024,10,0,3,USER_00382,NAME_00382,,Australia,"Adelaide father to get compensation after developing heart condition from COVID-19 vaccine ..

https://t.co/vo38LoDmws",1.76E+18,2024
Sat Feb 10 14:49:12 +0000 2024,2,1,1,USER_00383,NAME_00383,,,"💉 A shocking article by CDC scientists alerts readers to the increased risk of a deadly heart attack or stroke following the administration of the mRNA COVID vaccine.  The concerning research claims that after receiving the COVID vaccination, the risk of myocarditis is 133 times higher.

https://t.co/FoOsfGtHB5",1.76E+18,2024
Tue Feb 13 00:02:43 +0000 2024,0,0,0,USER_00384,NAME_00384,,United Kingdom,"I think we all know what Sunak will do with the tens of thousands (&amp; more)  people who now have permanent heart conditions, lost limbs &amp; died from the covid19 vaccine.. they'll end up in the same place the covid enquiry has.. swept under the carpet to be forgotten about. Shameful https://t.co/8LDRUBIKQg",1.76E+18,2024
Tue Feb 13 09:26:46 +0000 2024,0,0,0,USER_00385,NAME_00385,,,"'Left me to rot!' Furious Briton demands Sunak 'look him in the eye' and give him straight answer on Covid vaccine harm https://t.co/zuuc8PufTz I love this guy, absolutely brilliant &amp; my heart goes out to all those suffering because of the fkin jab.",1.76E+18,2024
Tue Feb 13 17:15:25 +0000 2024,0,0,0,USER_00386,NAME_00386,,,CDC Refused to Issue Alert About COVID Vaccine and Heart… – The Vaccine Reaction https://t.co/Pcjkg2ffxL Wouldn't you rather hear the TRUTH about the risks BEFORE you get vaccinated as opposed to finding them out when they happen to you or your family?,1.76E+18,2024
Tue Feb 13 18:17:17 +0000 2024,0,0,0,USER_00387,NAME_00387,,United States,"We really need answers to why so many people are having heart attacks. Does it have anything to do with Vaccines? I use that term very loosely considering they had to change the definition for the COVID vaccine. Thanks @pfizer
https://t.co/k6xG4UBymU",1.76E+18,2024
Fri Feb 09 13:23:05 +0000 2024,8,2,4,USER_00388,NAME_00388,,,"Realtors and their organization NextDoor founded by a Zionist Tran E
Worked alongside HOAs to push the Covid Vaccine and Censor Freeborn Americans from educating their neighbors about Communism and who was behind the Vaccine and its heart stopping performance.

Judgement Day.",1.76E+18,2024
Thu Feb 15 17:23:13 +0000 2024,1,0,1,USER_00389,NAME_00389,,,"https://t.co/2nNXPG7vnV… 

When will the #USA  acknowledge COVID injuries &amp; deaths due to the #Covid  #vaccine like the UK did? &amp; Will there be a fund to support those who lost an arm, leg, or have heart problems due to the vaccine #Pfizer #Moderna",1.76E+18,2024
Tue Feb 13 19:36:53 +0000 2024,12,1,5,USER_00390,NAME_00390,,United States,@Drcharliefraud He caught COVID in early 2000. COVID gave him a heart attack and he suffered from long COVID. He had the jabs because he was clinically vulnerable due to his heart issues. Aseem Malhotra convinced him it was the vaccine that damaged his heart and caused his long COVID symptoms.,1.76E+18,2024
Fri Feb 16 03:43:07 +0000 2024,0,0,0,USER_00391,NAME_00391,,,Some believe the COVID vaccines are giving rise to an epidemic of heart attacks.,1.76E+18,2024
Mon Feb 12 23:28:02 +0000 2024,0,0,0,USER_00392,NAME_00392,,United States,"CDC’s Failure to Issue Formal Alert About Myocarditis Represents “Malpractice”

https://t.co/luGkdlxuIV",1.76E+18,2024
Sun Feb 11 02:39:37 +0000 2024,28,1,12,USER_00393,NAME_00393,,,"Your government is trying to kill you with premeditated intent. Studies they know of have shown that the Covid vaccines damage the heart causing lab (troponin) verified myocarditis in 1/35, which is autoimmune in nature and reemerges to kill. Young and old are dropping dead daily https://t.co/iqoUDeXQBQ",1.76E+18,2024
Mon Feb 12 21:46:46 +0000 2024,11,1,1,USER_00394,NAME_00394,,,"@Johnincarlisle @YouTube How to weigh the very rare vaccine injury with the very common infection injury?

Even mild Covid infections can (and do) damage the heart (and brain) https://t.co/iO1KoiYjI8",1.76E+18,2024
Thu Feb 15 23:54:59 +0000 2024,0,1,0,USER_00395,NAME_00395,,,"In a landmark ruling, a state gov't employer will pay weekly compensation/medical bills of an Adelaide man who developed a heart condition from a reaction to the Covid-19 vaccine.
https://t.co/E1me9EZ1xU",1.76E+18,2024
Wed Feb 14 14:29:22 +0000 2024,48,4,10,USER_00396,NAME_00396,,United Kingdom,Who had ever heard of #myocarditis before Covid came along? https://t.co/o0uPNYvM1C,1.76E+18,2024
Sat Feb 10 21:59:07 +0000 2024,0,0,0,USER_00397,NAME_00397,,United States,Factcheck: False—COVID-19 vaccine causes heart attacks https://t.co/jW2lcTXVPM #GoogleAlerts,1.76E+18,2024
Fri Feb 16 05:35:29 +0000 2024,0,0,0,USER_00398,NAME_00398,,United States,"@thereal_truther @RealAlexJones @joerogan POTASSIUM CHLORIDE is a MAIN INGREDIENT of human LETHAL INJECTIONS for death row inmate EXECUTIONS…It is also in PFIZER’s Covid Vaccine…
“TO STOP THE HEART”…you lose 
stop telling people poison is safe &amp; effective https://t.co/yDSERHa0jB",1.76E+18,2024
Wed Feb 07 02:42:03 +0000 2024,229,40,60,USER_00399,NAME_00399,,United States,"What will cost more to Harvard in reputation damage &amp; future lawsuits:

1. Failing to manage antisemitism on campus?

2. Forcing young students in 2024 to take ineffective COVID vaccine that could damage their heart &amp; immune system?

Though question… https://t.co/Q0fLyLxm0W",1.76E+18,2024
Fri Feb 16 05:03:03 +0000 2024,0,0,0,USER_00400,NAME_00400,,,CDC Refused to Issue Alert About COVID Vaccine and Heart… – The Vaccine Reaction https://t.co/nObLtJyjvp,1.76E+18,2024
Fri Feb 16 04:04:04 +0000 2024,1,0,0,USER_00401,NAME_00401,,,Sudden Death Syndrome associated with severe onset of Cardiovascular &amp; cerebrovascular degeneration leading to heart failure &amp; massive mid-brain strokes. German post-pandemic pathological lab studies indicate direct effects of Covid vaccines in creating these lethal conditions.💀,1.76E+18,2024
Thu Feb 15 13:49:32 +0000 2024,0,0,0,USER_00402,NAME_00402,,United States,"It's super interesting that a side effect of the $PFE covid vaccine is heart inflammation, myocarditis and pericarditis. 

Pfizer is a weaponized and criminal enterprise designed to hurt and kill humans.",1.76E+18,2024
Thu Feb 15 18:50:36 +0000 2024,1,2,1,USER_00403,NAME_00403,,United States,"Just 2 weeks after getting my second covid shot, I experienced not one, but two heart attacks. So much for feeling safe! #CovidVaccine #HeartHealth",1.76E+18,2024
Thu Feb 15 23:45:28 +0000 2024,0,0,0,USER_00404,NAME_00404,,,"No evidence COVID-19 vaccine 'shuts off' the heart, contrary to anti-Kelce post | Fact check https://t.co/hZakwjs2Zl via @usatoday",1.76E+18,2024
Tue Feb 13 10:39:14 +0000 2024,0,0,0,USER_00405,NAME_00405,,Germany/ Turkiye ,"I am from Germany, during the pandemic time No single person who was infected by COVID-19🦠😷 I know, died 🤔

But many young and middle aged people who have been vaccinated died suddenly 🤔 and much more have since the vaccines serious health problems, especially heart-rythm issues 😓

Now, it is not really meaningful to start a hysterical propaganda that the vaccines are dangerous... Because the people who get vaccinated get vaccinated because of the fear of COVID-19🦠😷  

Now it's the time to punish those who start the COVID-19🦠😷 fear propaganda = the Network of #Epstein Organizers + Clients who are most likely also the initiators of Ukrainian -Russia war...",1.76E+18,2024
Thu Feb 15 20:19:09 +0000 2024,0,0,0,USER_00406,NAME_00406,,,"No evidence COVID-19 vaccine 'shuts off' the heart, contrary to anti-Kelce post | Fact check - USA TODAY https://t.co/wvg85B0FU3",1.76E+18,2024
Sat Feb 10 09:13:46 +0000 2024,2,0,0,USER_00407,NAME_00407,,United States,"Very bad news, if true, about the mRNA Covid vaccines. So-called ""white clots"" form and eventually block circulation, leading to heart attacks, strokes, and other manifestations of thrombosis. The only good news is that the white clots seem to form slowly and might be detectable by ultrasound and then removed by some procedure not developed, yet. First, let's see the news is as bad as it seems.
https://t.co/HvlFbwE55j",1.76E+18,2024
Fri Dec 01 16:41:05 +0000 2023,31,3,25,USER_00408,NAME_00408,,,BBC admits they use HIV to make the covid vaccine https://t.co/IVI0BZt7Y9,1.73E+18,2023
Wed Nov 29 03:13:59 +0000 2023,49,4,31,USER_00408,NAME_00408,,,"Medical officer reveals Covid Vaccine related HEART ISSUES skyrocketing in active duty Naval officers.

Myocarditis rises 151% 

Pulmonary heart disease up 62%

Ischemic heart disease up 69%

Heart Failure increased a whopping 973% https://t.co/ElGsiywerb",1.73E+18,2023
Thu Jan 25 01:08:00 +0000 2024,338,35,162,USER_00409,NAME_00409,1944,United States,"WHY
DO
            YOU THINK

PEOPLE WHO
RECEIVED THE
COVID VACCINE

ARE GETTING HIV? https://t.co/4QmQWG0qbP",1.75E+18,2024
Fri Dec 08 17:47:13 +0000 2023,1284,125,556,USER_00410,NAME_00410,,Canada,"Remember when I warned you covid Vaccines would increase cases of HIV. In one year since the  vaccine HIV cases DOUBLED in Montreal.

https://t.co/9p7HifmAPB

#chrissky #hiv #Montreal #Canada #covid #covidjab #vaccine #covidvaccine #immunity #whitebloodcell https://t.co/jKXj1OxGo7",1.73E+18,2023
Wed Feb 14 22:12:13 +0000 2024,1708,131,890,USER_00410,NAME_00410,,Canada,"HIV rising ALL OVER THE WORLD (after vaccination)

RETWEET.  Warn the world.

#hiv #mrna #covid #vaccine #chrissky #justsayno #unitednoncompliance. https://t.co/Qsfb0JAiml",1.76E+18,2024
Fri Jan 19 21:45:09 +0000 2024,532,52,280,USER_00411,NAME_00411,,,"🚨💉 Jesus - VAIDS is real 

9 studies show HIV tests are positive post experimental mRNA COVID-19 vaccine.

Whilst HIV virus isn't present, the big concern is immunodeficiency.

No wonder the vaccinated are constantly getting ill. https://t.co/Od6JMYVa1K",1.75E+18,2024
Wed Jan 31 22:34:10 +0000 2024,5216,76,3610,USER_00412,NAME_00412,,,"Reminder‼️
Nobel Prize winner Luc Montagnier, who was found dead 6 days after this interview, confirmed HIV was added to the Covid ‘vaccines’.

“Someone added some sequencies including HIV” https://t.co/jXC4pM5T0K",1.75E+18,2024
Wed Jan 31 22:32:18 +0000 2024,20,5,24,USER_00412,NAME_00412,,,"Reminder‼️
Bill Gates

""We'll have a TB vaccine, malaria vaccine, HIV vaccine, and even things like Covid vaccines, we need to make them have longer duration, more coverage. And we're going to change instead of using a needle, to use a little patch."" https://t.co/dc99zP0rW4",1.75E+18,2024
Tue Dec 12 08:08:54 +0000 2023,27,1,18,USER_00412,NAME_00412,,,"Turbo Cancer: Leukemia Diagnosis to Death in Hours, Days or Weeks
32 Tragic Cases of the most aggressive COVID-19 mRNA Vaccine Induced Turbo Cancer (occurs after Pfizer or Moderna mRNA injection)
https://t.co/pU61CDqvUU",1.73E+18,2023
Fri Jan 19 20:32:17 +0000 2024,14303,393,7221,USER_00413,NAME_00413,,United States,"ALARMING: Nine studies report HIV tests are turning positive after COVID-19 vaccination and the virus itself.

The HIV virus isn't there, but the big concern is immunodeficiency.

Dr. @P_McCulloughMD is convinced that both COVID and the vaccine worsen immunity:

""Most people who took the vaccine got COVID and took the vaccine, since the vaccines don't work. They're even more deep in a hole on immunodeficiency.""",1.75E+18,2024
Fri Dec 31 21:11:25 +0000 2021,617,13,306,USER_00413,NAME_00413,,United States,"Dr. Robert Malone discusses the increased risks of side effects from the vaccine after recovering from COVID, from which he personally experienced severe hypertension.

He also declares natural immunity to be clearly superior to vaccinated immunity, as evidenced by 140 studies. https://t.co/KAnt2Amgkr",1.48E+18,2021
Sat Nov 18 22:59:29 +0000 2023,11236,229,5415,USER_00413,NAME_00413,,United States,"Dr. Peter McCullough: HALT All mRNA Vaccines

Several studies have recently come out, showing alarming findings from the COVID-19 mRNA injections:

• A study from Schreckenberg demonstrated that mRNA from Pfizer and Moderna vaccines are directly toxic to heart muscle cells (cardiomyocytes).

• A study from Krausen revealed the presence of vaccine mRNA in the heart tissue of people who died after receiving the vaccine.

• In contrast to what authorities told us, a study from Castruita showed that vaccine mRNA circulates in the bloodstream for at least a month and remains in lymph nodes around the injection site for at least a couple of months.

Even more frightening, this mRNA technology is coming soon to flu and RSV shots, turning an ineffective but generally safe flu shot into a dangerous shot, says Dr. @P_McCulloughMD.

""There should be a ban on all messenger development at this point in time, given the COVID-19 vaccine debacle.""",1.73E+18,2023
Fri Feb 02 12:44:42 +0000 2024,77,9,55,USER_00414,NAME_00414,,,"BBC admits they use HIV to make the covid vaccine‼️
😱😱😱 https://t.co/zZ0cRP6OrO",1.75E+18,2024
Fri Feb 02 12:42:35 +0000 2024,103,5,78,USER_00414,NAME_00414,,,"Nobel Prize winner Luc Montagnier, confirmed HIV was added to the Covid ‘vaccines’.

“Someone added some sequencies including HIV” https://t.co/XfLy9JZRyl",1.75E+18,2024
Mon Jan 22 13:41:18 +0000 2024,4250,73,2719,USER_00415,NAME_00415,,Antarctica,"🚨🚨🚨🇫🇷 Professor, virologist and Nobel prize winner for the discovery of HIV in 2008, Luc Montagnier warned the public many times about the #Covid #Vaccine’s potential danger to humanity - Please listen to what he has to say :

“I am OUTRAGED at the fact that we want to #Vaccinate the children, because then, we are really affecting FUTURE generations.”

“We are in UNKNOWN territory here, we don’t know the LONG-TERM effect of this #Covid #Vaccine, and to proclaim MANDATORY #Vaccination is just INSANITY to me!!! It’s #Vaccination insanity that I totally CONDEMN!!!!”

“For example, there could be neuro degenerative illness in the next generation or about 5-10 years from now, because there are PRION SEQUENCES in the RNA of the #Covid #Vaccine - These prion sequences could disrupt the natural proteins in the human brain”😳😳",1.75E+18,2024
Wed Nov 29 14:55:54 +0000 2023,448,32,338,USER_00415,NAME_00415,,Antarctica,"🚨🚨🚨This military officer shares DMED data for pilots after getting injected with the #Covid #Vaccine 😳

#Myocarditis ⬆️ 151%

Hypertensive disease ⬆️ 36% 

Heart disease ⬆️ 69% 

Pulmonary heart disease ⬆️ 62%

Heart FAILURE ⬆️ 973% 

Other heart disease ⬆️ 63%… https://t.co/vN4vGiUsb4",1.73E+18,2023
Sat Dec 09 13:45:19 +0000 2023,21,2,8,USER_00416,NAME_00416,,,That long covid tweet🧍🏾‍♀️I knew COVID was fucking up immune systems and other shit in the body &amp; that they were able to make the COVID vaccine bc of HIV/AIDS research but Lawd. What’s better than a growing immunocompromised population being reinfected to save an economy 🙃,1.73E+18,2023
Sat Dec 23 20:16:26 +0000 2023,26,2,6,USER_00417,NAME_00417,,United States,"Statement of concern.""possible"" false positive HIV test results in persons vaccinated against Sars Cov2 virus.

False positive, kind of like those trial recipients in the Australian covid vaccine study. ""False Positive"" but they were producing HIV antibodies https://t.co/2IWRIdPine",1.74E+18,2023
Thu Dec 23 08:34:34 +0000 2021,23,0,11,USER_00417,NAME_00417,,United States,Here's more information on the scrapped Australia covid19 vaccine. All 168 trial participants developed HIV antibodies after 💉💉,1.47E+18,2021
Sun Feb 11 18:30:47 +0000 2024,1,0,1,USER_00418,NAME_00418,,United States,"All you vaccinated with COVID 19 VACCINES -YOU NOW HAVE HIV! 
 https://t.co/ePykhjCMpe",1.76E+18,2024
Tue Jan 16 22:53:31 +0000 2024,3373,3549,2011,USER_00419,NAME_00419,,United States,"NEW – Bill Gates Says Next-Gen COVID Vaccines Will Have 'Longer Duration' and Use Patches Instead of Needles

""We'll have a TB vaccine, malaria vaccine, HIV vaccine, and even things like Covid vaccines, we need to make them have longer duration, more coverage. And we're going to change instead of using a needle, to use a little patch.""",1.75E+18,2024
Fri Jan 12 13:19:59 +0000 2024,1258,76,627,USER_00419,NAME_00419,,United States,"🚨 “Pregnant rats received the COVID-19 mRNA BNT162b2 vaccine during gestation…Our findings reveal that the mRNA BNT162b2 vaccine significantly alters WNT gene expression and BDNF levels in both male and female rats, suggesting a profound impact on key neurodevelopmental pathways. Notably, male rats exhibited pronounced autism-like behaviors, characterized by a marked reduction in social interaction and repetitive patterns of behavior. 

Furthermore, there was a substantial decrease in neuronal counts in critical brain regions, indicating potential neurodegeneration or altered neurodevelopment. Male rats also demonstrated impaired motor performance, evidenced by reduced coordination and agility. 

Our research provides insights into the effects of the COVID-19 mRNA BNT162b2 vaccine on WNT gene expression, BDNF levels, and certain neurodevelopmental markers in a rat model. 

More extensive studies are needed to confirm these observations in humans and to explore the exact mechanisms. A comprehensive understanding of the risks and rewards of COVID-19 vaccination, especially during pregnancy, remains essential.”",1.75E+18,2024
Sat Jul 22 09:23:42 +0000 2023,570,35,301,USER_00419,NAME_00419,,United States,"“Our case illustrates a link between COVID-19 vaccination, specifically Pfizer-BioNTech, with latent autoimmune diabetes in adults (LADA).

This case can further exhibit not only the link between COVID-19 vaccines and diabetes but also the link with autoimmune conditions entirely.”",1.68E+18,2023
Thu Jan 18 01:27:07 +0000 2024,1288,71,674,USER_00419,NAME_00419,,United States,"“The U.S. Centers for Disease Control and Prevention (CDC) prepared to alert state and local officials to an emerging connection between heart inflammation and COVID-19 vaccines, but ultimately did not send the alert, according to a new document obtained by The Epoch Times.

The newly disclosed email is dated May 21, 2021. That’s three days before a CDC workgroup acknowledged for the first time that the number of reported myocarditis cases after COVID-19 vaccination was higher than expected, and a week before the CDC said it was still recommending that virtually all Americans 12 years and up receive a vaccine.”",1.75E+18,2024
Tue Jan 30 13:33:46 +0000 2024,867,80,371,USER_00419,NAME_00419,,United States,"“Updated COVID-19 vaccines may cause heart inflammation and severe allergic shock, according to a new study from the U.S. Food and Drug Administration (FDA).

Researchers with the FDA, the U.S. National Institutes of Health, and companies like CVS looked at health care databases to try to figure out if there were signs the Moderna and Pfizer bivalent COVID-19 vaccines might be linked to any health issues.

The signals were detected in a database from Carelon Research.

The incidence rate for anaphylaxis was 74.5 cases per 100,000 person-years following Pfizer vaccination and 109.4 cases per 100,000 person-years following Moderna vaccination.

Researchers arrived at an incidence rate of 131.4 cases of myocarditis/pericarditis per 100,000 person-years after a Pfizer shot.

The study analyzed data from people aged 6 months and older from August 2022 to July 2023.

Patricia Lloyd, an FDA researcher, and her co-authors said the study ‘supports the safety of these vaccines’ and ‘supports the conclusion that the benefits of vaccination outweigh the risks.’”",1.75E+18,2024
Tue Aug 15 12:44:35 +0000 2023,1564,63,770,USER_00419,NAME_00419,,United States,"🚨 New Report Reveals an Unexpected COVID Vaccine Side Effect: ‘Ballooning of the Heart’

“COVID-19 vaccine…has the potential to cause acute and long-term cardiovascular effects, which include myocarditis, pericarditis, myopericarditis, myocardial infarction, pulmonary embolism, thrombotic thrombocytopenia, and pulmonary hemorrhage. Although uncommon, takotsubo cardiomyopathy (TCM) has also been reported following COVID-19 vaccination.

Cardiac magnetic resonance imaging revealed apical ballooning of the heart excluding myocarditis. A provisional diagnosis of TCM with a TCM risk score of 61 was made, induced by the COVID-19 vaccine, as no other etiology was identified.

Massive immune response after the COVID-19 vaccine may have contributed to the development of TCM.”",1.69E+18,2023
Tue Jan 23 01:38:50 +0000 2024,130,110,67,USER_00420,NAME_00420,,United States,"No more needles, it’s onto patches! 🤦🏽‍♂️

Gates: ""We'll have a TB vaccine, malaria vaccine, HIV vaccine, and even things like Covid vaccines, we need to make them have longer duration, more coverage. And we're going to change instead of using a needle, to use a little patch."" 😵‍💫 https://t.co/AfrPa3PdRn",1.75E+18,2024
Tue Nov 28 16:28:33 +0000 2023,45,2,13,USER_00421,NAME_00421,,United States,"New study showing that people with HIV did not have lower COVID-19 vaccine effectiveness. A key finding was that being up to date w/ boosters led to a 80% reduced odds of infection. Nice use of propensity score matching for us epi/stat geeks.
https://t.co/F5ptbgljw5 https://t.co/hga5WMsegq",1.73E+18,2023
Thu Jan 11 16:26:25 +0000 2024,56,2,4,USER_00421,NAME_00421,,United States,"Per the authors, ""in a murine vaccine study, the adjuvants greatly improved the potency, durability, breadth, and neutralization of both COVID-19 and HIV vaccine candidates, suggesting the potential broad application of these adjuvant constructs to a range of different antigens."" https://t.co/AMukzywaHY",1.75E+18,2024
Fri Feb 16 01:15:58 +0000 2024,19,0,2,USER_00422,NAME_00422,,,"Biden Administration: If you refuse to get a (useless) Covid vaccine, you should be fired because you're a danger to other people.

But if you have HIV, you shouldn't be required to warn people before having sex with them, because discrimination something-something.

These people are utter loons.",1.76E+18,2024
Tue Jan 30 21:25:41 +0000 2024,55,7,39,USER_00423,NAME_00423,,United States,"ALARMING: Nine studies report HIV tests are turning positive after COVID-19 vaccination and the virus itself.

The HIV virus isn't there, but the big concern is immunodeficiency.

Dr. Peter McCullough is convinced that both COVID and the vaccine worsen immunity: https://t.co/B3PpJVIVUk",1.75E+18,2024
Thu Feb 15 17:49:14 +0000 2024,89,8,14,USER_00424,NAME_00424,,United States,"Of there are any journal editors reading who might be interested in a review of HIV denial over the years, with inclusion of COVID/ vaccine denial merger since 2020, I have one all ready to go. Trying to figure out the best home and happy to share a draft.",1.76E+18,2024
Thu Feb 15 06:38:37 +0000 2024,2,0,0,USER_00425,NAME_00425,,Botswana,"Link between Covid Vaccine and HIV cases going up. 

Another conspiracy",1.76E+18,2024
Fri Jan 12 20:13:30 +0000 2024,3,0,1,USER_00426,NAME_00426,,,"@infowars 🚨🚨🚨BBC admits they use HIV to make the covid vaccine 

https://t.co/SErBpkZh1E",1.75E+18,2024
Tue Jan 23 00:27:20 +0000 2024,31,20,21,USER_00427,NAME_00427,,,"Bill Gates Says Next-Gen COVID Vaccines Will Have 'Longer Duration' and Use Patches Instead of Needles

""We'll have a TB vaccine, malaria vaccine, HIV vaccine, and even things like Covid vaccines, we need to make them have longer duration, more coverage. And we're going to change instead of using a needle, to use a little patch.""",1.75E+18,2024
Fri Jan 19 17:41:43 +0000 2024,13,0,3,USER_00428,NAME_00428,,United States,@samosaur BBC admitted that they use HIV to make the covid vaccine. We knew this 2 years ago! https://t.co/97XST7c2Lu,1.75E+18,2024
Thu Feb 08 05:55:02 +0000 2024,36,4,25,USER_00429,NAME_00429,,,"Here's a thought for vaccine advocates. Where's the hiv vaccine? We've known about this for decades. Yet no vaccine. Oh COVID somehow pops up and we can create a vax, less than a year. But heaven forbid hiv wasn't serious enough. Give me a break of sanity. I'm 💯 done with it.",1.76E+18,2024
Sat Feb 10 15:44:19 +0000 2024,2,1,1,USER_00430,NAME_00430,,United States,Probably because we developed a vaccine for Covid within a year while effective HIV treatment wasn't really a thing until the mid 90s?,1.76E+18,2024
Wed Jan 17 15:31:40 +0000 2024,283,163,158,USER_00431,NAME_00431,,,"""We'll have a TB vaccine, malaria vaccine, HIV vaccine, and even things like Covid vaccines, we need to make them have longer duration, more coverage. And we're going to change instead of using a needle, to use a little patch."" 

Bill Gates, Eugenicist.

https://t.co/p5utZ5Xb9I",1.75E+18,2024
Wed Dec 27 08:37:30 +0000 2023,317,24,173,USER_00431,NAME_00431,,,"The only explanation for the push to vaccinate and re-vaccinate pregnant women, is that there is an intention to attack fertility, mother, and child.

To continue to push mRNA tech, when the data is clear that covid vaccines are the most dangerous medical product ever forced on the public, cannot be a mistake.

Also re-vaccinate is not a proper word. They have just made that up.",1.74E+18,2023
Sat Jan 13 03:57:16 +0000 2024,133,1,37,USER_00432,NAME_00432,,,"They’ve been saying this since the beginning. This would explain why 1) during the beginning of the pandemic, COVID patients were prescribed and responding well to HIV medications and 2) we are closer to potentially having a HIV vaccine due to the efficacy of COVID mRNA vaccines",1.75E+18,2024
Fri Dec 01 08:08:41 +0000 2023,3,1,4,USER_00433,NAME_00433,,,‼️BBC admits they use HIV to make the covid vaccine‼️👀 https://t.co/8q5hfMhqPq,1.73E+18,2023
Mon Feb 12 13:19:12 +0000 2024,0,0,0,USER_00434,NAME_00434,,United States,How many people would have gotten the COVID vaccine if they knew it had HIV parts in it? Think we would have waited for the research?,1.76E+18,2024
Thu Feb 15 01:21:06 +0000 2024,0,0,0,USER_00435,NAME_00435,,Mexico,"@Gadget44027447 As with everyone of our ""Kooky Conspiracies"" that you accuse us of making up, then a year later the FDA/NIH or CDC quietly agrees with us:

There is no Long Covid...It's Vaccine Related...It's:

VAIDS

Those people gave themselves vaccine acquired HIV. https://t.co/XP9RrNw8r4",1.75E+18,2024
Thu Jan 18 01:29:19 +0000 2024,17,6,4,USER_00436,NAME_00436,,New Zealand,"Little Willy the Psychopath is in Davos and up to more Shitfuckery 🤬

""We will have a tuberculosis a malaria an HIV and even a COVID vaccine, we need them to have longer duration, more coverage. And we are going to change, instead of using a needle, to wear a small patch."" https://t.co/h1t862TJGR",1.75E+18,2024
Wed Dec 27 00:39:43 +0000 2023,9,1,0,USER_00437,NAME_00437,,Rwanda,"Before covid-19 vaccine, i rarely caught flu, but nowadays, it is sticking like an HIV symptom. Abazungu bazatumara. 🥲",1.74E+18,2023
Sat Feb 10 13:38:15 +0000 2024,176,10,59,USER_00438,NAME_00438,,United States,"Pharmaceutical companies only included healthy individuals in their initial COVID-19 vaccine clinical trials, and the only immunocompromised subgroups included in phase 3 vaccine trials were those with chronic, stable HIV infection, hepatitis B, or hepatitis C. Yet immunocompromised individuals were the first group authorized to receive COVID-19 vaccine boosters.",1.76E+18,2024
Sat Sep 09 21:33:10 +0000 2023,11,1,5,USER_00438,NAME_00438,,United States,"Explosion of Postpartum Hypertension, is this due to the mRNA COVID gene injection, mRNA technology (Pfizer, Moderna etc)? Dee’s Substack is intriguing! We see risk due to the mRNA vaccine &amp; COVID https://t.co/F2g3PuXwyM",1.70E+18,2023
Tue Jan 23 12:25:51 +0000 2024,867,141,292,USER_00438,NAME_00438,,United States,"Newborns Better Protected With 3 Doses of Maternal COVID Vaccine | MedPage Today

Now recommending pregnant mothers get 3 Cvd 💉💉💉
This is absolutely criminal malfeasance 🛑 https://t.co/ftkEAU3HzL",1.75E+18,2024
Tue May 23 12:49:39 +0000 2023,98,18,47,USER_00438,NAME_00438,,United States,"Considering a COVID-19 vaccine mandate for pediatric kidney transplant candidates - PubMed

Unbelievable, criminal cartel.  https://t.co/aQuBP8FLNv",1.66E+18,2023
Sat Oct 21 19:40:04 +0000 2023,182,9,50,USER_00439,NAME_00439,,,Paxlovid Covid Antiviral is Increasing to $1390 a round. So I guess we can forget about them even attempting a sterilizing vaccine. Wonder how much Long Covid antivirals will cost? $3600 a month like HIV? They're gonna have lots of customers since out govts wont slow covid down,1.72E+18,2023
Thu Feb 15 16:10:43 +0000 2024,2,0,0,USER_00440,NAME_00440,,United States,"Get your FREE COVID-19, Flu Vaccine, or HIV test. Receive up-to-date information on medical help and other resources Fairfax Country has for you. Organized by the CDC Foundation, Edu-Futuro in association with Neighborhood Health. Improve your health with us! https://t.co/v75y38cxtt",1.76E+18,2024
Tue Feb 13 10:42:21 +0000 2024,15,0,4,USER_00441,NAME_00441,,,German MPs recently visited the trial site @RindaUbuzima of the CEPI funded @VIBRIAfrica project to assess COVID-19 vaccine booster strategies for persons living with HIV https://t.co/sxsXg6HEQy,1.76E+18,2024
Fri May 13 15:09:02 +0000 2022,5,0,1,USER_00441,NAME_00441,,,"We're providing up to $12.5 million to Victoria Biomedical Research Institute, based in Kenya, to assess a 'mix-and-match' #COVID19 vaccine booster approach in HIV populations 🌍 

Find out more 🔽 
https://t.co/pGpuHgafPK",1.53E+18,2022
Thu Feb 01 11:58:24 +0000 2024,1,0,1,USER_00442,NAME_00442,,United Kingdom,"🚨🚨🚨 ‼️BBC admits they use HIV to make the covid vaccine‼️
😱😱😱🚨🚨🚨 https://t.co/IFpr34lCPf",1.75E+18,2024
Wed Feb 14 16:40:07 +0000 2024,1,1,0,USER_00443,NAME_00443,,,"@EmmaBorosKidd @wideawake_media @nvonkorff The covid-19 vaccines using adenovirus type 5 as a carrier can make you produce HIV antibodies which in turn makes it easier to get HIV.

Are you vaccinated by any chance?

The one below is about one of the immunologic responses we can call VAIDS

https://t.co/fSJiodkPBM",1.74E+18,2024
Thu Feb 15 07:59:36 +0000 2024,0,0,0,USER_00444,NAME_00444,,,"Virologist and Nobel Prize winner for the discovery of HIV in 2008, Luc Montagnier warned the public many times about the COVID
vaccine’s potential danger to humanity. 
https://t.co/aND0BciUU1",1.76E+18,2024
Sun Feb 11 18:35:34 +0000 2024,6,1,0,USER_00445,NAME_00445,,,"@yay_its_james How it was actually made...using HIV...

https://t.co/ITHJU3Bwzp",1.76E+18,2024
Sat Jan 06 16:35:48 +0000 2024,20,1,2,USER_00446,NAME_00446,,United States,The primary difference between COVID and HIV is that there's a vaccine for COVID and it goes away in a week after you get it.,1.74E+18,2024
Thu Nov 30 10:44:56 +0000 2023,3,1,4,USER_00447,NAME_00447,,United States,‼️BBC admits they use HIV to make the covid vaccine‼️ https://t.co/5moQQXYpzF,1.73E+18,2023
Fri Aug 12 09:37:17 +0000 2022,267,10,180,USER_00447,NAME_00447,,United States,"""I transported a 10 year old child having a heart attack. I had to argue 30 min with the doctor I had to force his hand to have an ECG that clearly shows a myocardial infarction due to the covid19 vaccine. "" https://t.co/6QSJTibb7t",1.56E+18,2022
Thu Jan 18 18:35:25 +0000 2024,149,61,50,USER_00448,NAME_00448,,,"Bill Gates at the WEF:

“There’s competition, the prices keep going down and we will have new vaccines. TB vaccines, malaria vaccines, HIV vaccines and even things like Covid vaccines. We need to make them have longer duration. More coverage.” https://t.co/JcctT0z0vj",1.75E+18,2024
Fri Jan 19 03:30:24 +0000 2024,3,0,1,USER_00449,NAME_00449,,,Just a reminder~ the Covid vaccine and false positive HIV test results.,1.75E+18,2024
Tue Dec 05 14:00:13 +0000 2023,21,1,1,USER_00450,NAME_00450,,,"Oh look. Still no HIV from the Covid vaccine 😂

(Regular STI tests are a good idea, even if you don’t suspect that you have anything. At-home tests are quick and easy!) https://t.co/XNopQYD7eU",1.73E+18,2023
Tue Feb 13 22:11:17 +0000 2024,0,0,0,USER_00451,NAME_00451,,,"#RIP « they » « died » him severals month after this video, it is related to part of #HIV sequence in the COVID virus itself and not to the Vaccine 💉#Montagnier #Nobel #Medecine #NobelPrize",1.76E+18,2024
Wed Feb 07 20:00:21 +0000 2024,7,0,0,USER_00452,NAME_00452,,United States,"But like how PrEP becoming widely available has caused condom use among the HIV negative to decrease, the widespread availability of covid vaccine booster shots has made masking (outside a hospital or retirement) home pretty unnecessary. I’m just gonna get a booster every year 🤷‍♂️",1.76E+18,2024
Wed Nov 15 17:46:25 +0000 2023,202,15,38,USER_00453,NAME_00453,,United States,"It’s easy to take vaccines for granted. But the development of safe, effective vaccines for Covid was never a sure thing. The deadliest pandemic in our lifetime is HIV, and we still don’t have a vaccine for it.",1.72E+18,2023
Sat Jan 20 21:47:33 +0000 2024,208,56,68,USER_00454,NAME_00454,,,"A lot of discernment is required here.

The claim essentially is that something about the COVID vaccines is causing HIV tests to turn positive.

I would personally be cautious to draw any conclusions from HIV tests.

There are many problems with these tests, not the least of which is a very high number of false positives.

We’d need to know first which HIV tests are being used and what they are looking for.

As well, an HIV test has nothing whatsoever to do with predicting immunodeficiency.

There are, however, ways to determine and/or predict immunodeficiency or immune defects.

It is possible, even likely, that the Covid vaccines are negatively effecting the immune system and that should be investigated more thoroughly.

I say this as someone who has firsthand experience studying HIV.

It’s still possible that I’m incorrect though so please verify what all parties, including myself, are claiming before drawing your own conclusions.

This is concerning for sure but before we give into fear let’s examine the facts with a level headed approach.",1.75E+18,2024
Sun Feb 04 11:11:16 +0000 2024,2,1,2,USER_00455,NAME_00455,,,"Immune responses to mRNA-based vaccines given as a third COVID-19 vaccine dose in people living with HIV—a literature review – New article in Journal of Pathology, Microbiology &amp; Immunology -&gt; https://t.co/6NyheyRP3D
#Immunology #Virology #HIV #Covid @WileyHealth @wileymicrobio https://t.co/x35QJcVZTa",1.75E+18,2024
Thu Dec 07 20:07:06 +0000 2023,24,1,4,USER_00456,NAME_00456,,,"@CTVNews I remember when Luc Montagnier, the co-discoverer of HIV warned us about the dangers of the Covid-19 vaccine, including vaccine acquired HIV.  Our governments, employers schools and sports orgs mandated it anyway. https://t.co/3mI0Ylmi81",1.73E+18,2023
Thu Jan 11 22:30:52 +0000 2024,2,0,0,USER_00457,NAME_00457,,,"‘Covid Vaccine injury’ is similar to HIV. 

Fixed it",1.75E+18,2024
Sat Dec 02 04:30:24 +0000 2023,75,1,23,USER_00458,NAME_00458,,Canada,1 out of 4 people used to believe HIV didn’t cause AIDS. They believed lifestyle changes &amp; avoiding big pharma would save them. And they died. Its no different than the “I trust my immune system/Covid vaccine is bad” crowd. Anti science rhetoric kills. #WorldAIDSDay,1.73E+18,2023
Sat Dec 02 06:18:32 +0000 2023,140,14,4,USER_00459,NAME_00459,,Australia,"Remember how we basically cured AIDS? I mean, not eliminated HIV, but you know what I mean. And how we found a vaccine for COVID? Polio, measles, rubella, leprosy, tetanus. That was all pretty cool.",1.73E+18,2023
Sat Jan 20 14:57:26 +0000 2024,29,2,4,USER_00460,NAME_00460,,Ukraine,"What is new in the world?

⚡️Microsoft founder Bill Gates has announced plans to create new vaccines, including for tuberculosis, malaria and HIV. Gates also wants to replace the COVID-19 vaccine by using a small patch instead of a needle, – Newsweek reports.

⚡️NASA has lost contact with the Ingenuity helicopter on Mars, – https://t.co/JtoqLgR6A9.

⚡️In Damascus, Syria, several members of the Iranian Islamic Revolutionary Guard Corps were killed in an air strike. Preliminarily, among them are a senior IRGC intelligence official in Syria and his assistants, – AlJazeera.

⚡️China says it strongly supports the Palestinian people in creating their own state, – China's Foreign Ministry.

👉 Follow @Flash_news_ua",1.75E+18,2024
Sun Feb 11 11:35:02 +0000 2024,30,12,10,USER_00461,NAME_00461,,Ireland,@blueskylou I am seeing patients with vaccine induced long covid. How common it is I do not know.  But it is concerning. And ‘high risk’ patients are being offered booster vaccinations every 4 to 6 months . Some of my hiv patients have had seven vaccinations at the invite of the HSE.,1.76E+18,2024
Sun Feb 11 07:13:21 +0000 2024,6,1,0,USER_00462,NAME_00462,,United States,"There was a vaccine for COVID within a year of it being declared a pandemic. 

To this day (43 years after it was first defined) there is not a vaccine for HIV.

They’re not shockingly similar!",1.76E+18,2024
Tue Feb 13 16:48:18 +0000 2024,0,0,0,USER_00463,NAME_00463,,,"@MyTikTokShirt @RadioCanadaInfo Tiens, the Lancet, article plus récent que le tiens : https://t.co/mX9UlJx0Ym
""but not one of the COVID-19 vaccines has been linked to increased rates of HIV-1 acquisition in the billions of vaccine recipients.""",1.76E+18,2024
Sun Jan 07 05:18:40 +0000 2024,11,1,1,USER_00464,NAME_00464,,China,It's a wrong and offensive comparison because HIV is a far more serious and deadly disease than Covid and for decades we've been stigmatised because of it and left to die. Meanwhile a Covid vaccine was available and ready to go within a year of the outbreak of the Covid pandemic.,1.74E+18,2024
Sun Feb 11 19:37:35 +0000 2024,1,0,1,USER_00465,NAME_00465,,,"@EscadronCoucou ""Due vigilance and monitoring of adverse events, including HIV-1 infection rates, are absolutely crucial in the pandemic response and the roll-out of vaccines""

https://t.co/EuLyiQxQyI",1.76E+18,2024
Sun Feb 11 18:06:16 +0000 2024,0,1,0,USER_00465,NAME_00465,,,"@FrankyShark @LP_LaPresse ""The vaccine made use of a modified virus — called adenovirus 5  — as a vector to transport some of HIV’s genetic material into the body.
Some of the leading candidates for a Covid-19 vaccine, including those from Johnson &amp; Johnson and  AstraZeneca, use adenoviruses as vectors.""",1.76E+18,2024
Fri Jan 26 09:46:02 +0000 2024,57,6,21,USER_00466,NAME_00466,,South Africa,"If you spoke up about HIV, TB, vaccine inequity in COVID, Phrma profiteering, global health racism, health decolonisation -- but not about the racist, streamed, military destruction of the entirety of #Gaza health system, then check your ethics &amp; racism.

Act up. Speak up. 🚨",1.75E+18,2024
Mon Feb 12 11:10:01 +0000 2024,5,2,0,USER_00467,NAME_00467,,,@SABCNews What's is it that was said n documented about Covid 19 Vaccine and HIV ? Were those 1000 test done on vaccinated people ?,1.76E+18,2024
Tue Feb 13 15:19:10 +0000 2024,0,0,0,USER_00468,NAME_00468,,,"@MichiganHHS Yet, don't tell that HIV is in the COVID vaccines. Real nice of you.",1.76E+18,2024
Mon Jan 29 15:49:52 +0000 2024,6,3,1,USER_00469,NAME_00469,,,"Disease X is hiv/aids delivered to your bodies by the  covid ""vaccine"" stitched together with bit and pieces of the hiv genome. You already have Disease x, your just not dying of it ...yet. 

In 3 years we will have massive deaths and sickness brought to you by Pfizer.",1.75E+18,2024
Thu Feb 15 07:47:21 +0000 2024,1,0,0,USER_00470,NAME_00470,,,@DrShopera We need HIV vaccine Doc. You raised our flag high #Zim when you were part of a grp  of scientists who developed Covid 19 vaccine.  God willing you can do it on HIV.  There's still stigma especially in poor communities hence the appeal.,1.76E+18,2024
Thu Feb 15 02:45:42 +0000 2024,1,0,1,USER_00471,NAME_00471,,United States,"@SmashMemez @bennyjohnson I've had covid twice both times it was a big nothing. I'm HIV+ since 1994 and no vaccines not flu , pneumonia  nothing in 10yrs.",1.76E+18,2024
Sun Feb 11 17:36:47 +0000 2024,1,0,1,USER_00472,NAME_00472,,,"@CowboyFL2 It would be malpractice to give a  patient blood tainted with the vaccine. Probably one of their long term plans,  but it’s wrong. GET BLOOD FROM FAMILY. Like giving HIV tainted blood it is wrong. Covid vaccine patients should not be allowed to donate. Not their fault but FACT!!",1.76E+18,2024
Tue Feb 13 23:38:26 +0000 2024,6,1,0,USER_00473,NAME_00473,,,"@NIHDirector Four years including this $515m:

Long Covid: $1.6b
Covid Vaccines: $12b (just Warp Speed)
HIV: $12b
Tuberculosis: $2b (more than LC)
ME/CFS: $0.06b (whee)
Ukraine: $120b+

And many COVID cases will end up on dialysis eventually - four year cost approx $130b.

Do better.",1.76E+18,2024
Mon Feb 12 08:00:47 +0000 2024,0,0,1,USER_00474,NAME_00474,,United States,"@iluminatibot Judy Mikovits has been saying for two years that the HIV sequence was engineered into covid. Luc Montagnier, who was awarded a Nobel for discovering HIV, said everyone who got the mRNA shots should get tested for HIV. This relates to VAIDS - vaccine acquired immune deficiency.",1.76E+18,2024
Wed Feb 14 08:23:10 +0000 2024,1,0,0,USER_00475,NAME_00475,,,"Just Like You've Questioned COVID And HIV, Do The Same With STIs, There's A Vaccine Already Cooked, Give It Three Years Before USAID ""freely"" Make It Available In The Townships",1.76E+18,2024
Thu Dec 28 20:28:40 +0000 2023,213,2,2,USER_00476,NAME_00476,,Spain,"@brad_rando @InternetH0F ppl living with HIV can be treated at the point where it's not transmittable anymore 
covid vaccine prevents complications and deaths, helps your body fight it
it is literally not the same thing",1.74E+18,2023
Thu Feb 15 12:40:55 +0000 2024,0,0,0,USER_00477,NAME_00477,,United States,@Angry_Staffer Covid vaccine is SARS and HIV,1.76E+18,2024
Mon Feb 12 19:06:58 +0000 2024,5,0,0,USER_00478,NAME_00478,,,"@ChappellPatriot @ScholerinED @C19VaxInjured @naomirwolf @NCHouseSpeaker @NCHouseGOP @MyNCSenate This is all over COVID &amp; the politicization of life-saving vaccines that are far, far, far, far less dangerous than covid itself, which is much more similar to HIV than the ignorant would care to admit or to understand.
U don't have the right to endanger others. It's that simple.",1.76E+18,2024
Sat Feb 10 00:20:56 +0000 2024,0,2,0,USER_00479,NAME_00479,,,@fdempster @stopvaccinating And AIDS can only ever be caused by HIV. I think you are thinking about an autoimmune disorder. We already know the risks of vaccines. Covid vax doesn't have any additional risks that haven't been seen before &amp; the percentages are within the same ranges.,1.76E+18,2024
Sun Feb 11 15:41:58 +0000 2024,0,0,0,USER_00480,NAME_00480,,,"COVID & its side effects have killed more people in 3 years than HIV did in 40. 

But we as a society don’t care. Saying vaccines aren’t effective because you didn’t get one is like cutting the tips off condoms and saying it’s not a big deal it’s just 10% of the barrier. Then wondering why it isn’t working/effective",1.76E+18,2024
Wed Jan 31 01:09:18 +0000 2024,408,65,291,USER_00481,NAME_00481,,,"If  COVID has triggered  an HIV pandemic,  THANKFULLY Moderna is working on a DNA-altering HIV-AIDS vaccine to combat this problem.  Listen to what is being said here.  Blaming Covid for what the v*x is doing. #IHaveHadEnough https://t.co/TkHAZaZGRc",1.75E+18,2024
Thu Jan 11 11:44:55 +0000 2024,6,1,1,USER_00482,NAME_00482,,,"@tezzig1961 Covid vaccine is actually close to HIV, they banned this one in Australia as people on the Covid Vax trial were flagging postitive for HIV !!!
Imagine trying to explain to a loved one or your health insurance your HIV result was ""fake"".. 🤯
https://t.co/8ATRz8IqKJ https://t.co/Z7ZuVe4gam",1.75E+18,2024
Fri Jan 26 20:14:10 +0000 2024,4,0,3,USER_00483,NAME_00483,,United Kingdom,"Happy to bring people living in South Wales a chance to take part in the @STRAVINSKYstudy which examines COVID vaccine responses in people living with diabetes, cancer, kidney failure, lung disease, heart failure, HIV and cirrhosis @CV_UHB @CAV_Research https://t.co/BSZOogEVqW https://t.co/0xN6GyufXN",1.75E+18,2024
Wed Nov 29 01:23:47 +0000 2023,180,14,73,USER_00484,NAME_00484,,,"Ivermectin inhibits viral replication. How coincidental that this is key in treating both covid and HIV. 

And what a coincidence the HIV virus was utilized in the actual creation of the vaccine.",1.73E+18,2023
Mon Jan 29 14:06:16 +0000 2024,82,7,19,USER_00485,NAME_00485,,United States,"Yep. This is why no Covid vaccine would work - and the sad fact is, natural immunity against coronaviruses is FAR from bulletproof.

Especially against a lab-designed coronavirus with HIV mixed into it.",1.75E+18,2024
Sat Jan 06 03:44:20 +0000 2024,289,23,133,USER_00485,NAME_00485,,United States,"mRNA COVID vaccines cause diabetes in prediabetics and worsen diabetes in those already diagnosed, study finds.

What is even more upsetting is that COVID-19 illness does the same thing - via a similar mechanism!

(spike protein is the culprit) 👇
https://t.co/9eQwhHt9Mx",1.74E+18,2024
Thu Feb 08 06:00:37 +0000 2024,711,39,334,USER_00485,NAME_00485,,United States,"A Swedish study of adverse outcomes in infants accidentally showed that...

The first trimester of pregnancy (when major organs form) is the most dangerous period to give Covid vaccines to pregnant mothers!

This cannot happen with safe vaccines!

https://t.co/YEVdXHkhW4",1.76E+18,2024
Sat Feb 10 02:12:13 +0000 2024,0,0,0,USER_00486,NAME_00486,,,"@all_mankind @1goodtern The acute phase of HIV is mild but it kills 95% of people at a median 10 years after they get it.  When they die, it isn’t the HIV that kills them but some other opportunistic disease.  I wonder how people who have had COVID (esp pre vaccine) will be doing in another 5 years.",1.76E+18,2024
Tue Feb 06 02:22:52 +0000 2024,13,2,10,USER_00487,NAME_00487,,United States,"SECDEF AUSTIN KNEW: DOD DMED Data Leak Shows Destruction Of US Troops; HIV +590%, Heart Attacks +269%, Pulmonary Embolisms + 467% Jan-Nov 2021; Yet Austin Mandated COVID-19 Vaccine August 2021 - The American Report | By Mary Fanning and Alan Jones
https://t.co/3LvbmB26fp 

@BradMiller1010",1.75E+18,2024
Sun Jan 07 16:41:33 +0000 2024,4,0,0,USER_00488,NAME_00488,,,hiv/aids was a DEATH SENTENCE for like twenty years. we developed a highly effective and widely available covid vaccine that has nearly eliminated the risk of death from covid in like a year and a half. these people need to stop using gay men’s history for their cookiness,1.74E+18,2024
Thu Jan 11 23:16:37 +0000 2024,2,0,0,USER_00489,NAME_00489,,Australia,Remember when comparing covid vaccine outcomes to HIV was denied and 'debunked'?,1.75E+18,2024
Mon Dec 04 03:59:45 +0000 2023,40,2,7,USER_00490,NAME_00490,,United States,"@BNOFeed @ahandvanish Vaccine protects from acute Covid infection. It doesn’t protect you from the hit on your immune system. It impacts the same area of immunity that HIV does. People don’t die of HIV. They die of pneumonia, TB, infections that they could fight off before - but can’t after.",1.73E+18,2023
Wed Feb 14 01:45:41 +0000 2024,0,2,0,USER_00491,NAME_00491,,United States,"@Etanarachel @AlexGaggio LMFAO. Thats an incredible take when Ive been arguing for infrastructure improvements for disease eradication. 
I would love to see an HIV vaccine. I would love to see an effective fully sterilizing covid vaccine.",1.76E+18,2024
Thu Feb 08 16:38:53 +0000 2024,20,1,3,USER_00492,NAME_00492,,,@danaparish @WHO @DrTedros In Feb of 2020 they knew it was airborne and had similarities to hiv. They know it could cause long covid conditions and reinvention would lead to huge problems. They also knew vaccines wouldn't work and monoclonals would but could only make 100 to 300k monoclonal doses per wave,1.76E+18,2024
Fri Sep 10 19:41:12 +0000 2021,159,3,98,USER_00493,NAME_00493,,,"Pls everyone, diabetes and hypertension are not reasons to not get the covid vaccine. As a matter of a fact if you’re diabetic or hypertensive you absolutely SHOULD be vaccinated",1.44E+18,2021
Fri Oct 08 02:29:48 +0000 2021,3460,39,1860,USER_00494,NAME_00494,,Malaysia,"My parents, both vaccinated, were admitted to hospital for Covid. My dad, a former smoker, has hypertension &amp; diabetes, developed pneumonia and had to be on O2 for a week.

They're coming home today.

Without the vaccine, he would probably be dead.

Please 👏 Get 👏 Vaccinated",1.45E+18,2021
Sun Sep 05 20:02:03 +0000 2021,153,12,99,USER_00495,NAME_00495,,,"Hypothyroidism has been shown to be the strongest risk factor (OR: 3.1) adverse events after getting the COVISHIELD #CovidVaccine: https://t.co/TvyK1CIhaA
The other risk factor were: younger age (OR: 0.97), female sex (OR: 2.1), hypertension (OR: 2) and allergies (OR: 2) https://t.co/7NS8m1yGcC",1.43E+18,2021
Mon Dec 25 08:48:14 +0000 2023,131,4,65,USER_00495,NAME_00495,,,"A case of new-onset diabetes mellitus &amp; IgA nephropathy after COVID-19 vaccination: https://t.co/arkom84Duo

""It is unclear how these vaccines cause these conditions, and further study is needed."" https://t.co/kBf1Kqxstq",1.74E+18,2023
Tue May 02 20:51:15 +0000 2023,113,3,72,USER_00495,NAME_00495,,,"A case of rapidly progressive IgA nephropathy with MPGN-like lesions in an elderly man after the 3rd dose of an mRNA COVID-19 vaccine -&gt; https://t.co/ty5o96ZPen
""Further studies of the immunological effects of mRNA vaccines on the kidney are warranted."" https://t.co/SZoG2nWerh",1.65E+18,2023
Wed Jun 07 03:01:23 +0000 2023,239,5,126,USER_00495,NAME_00495,,,"""If persistently elevated liver enzymes are found after COVID-19 mRNA  vaccination, the possibility of autoimmune-like hepatitis induced by the  vaccine should be considered ...""
https://t.co/VK4PXuOrRZ
A 27-year-old man with autoimmune-like hepatitis after Covid vaccination https://t.co/4cZgXnRupr",1.67E+18,2023
Thu Dec 07 19:59:11 +0000 2023,60,3,49,USER_00495,NAME_00495,,,"A case of leg pain after the initial dose of the COVID-19 vaccine, followed by deep vein thrombosis &amp; pulmonary embolism after the 2nd dose: https://t.co/sz5VAQ98Mz
""The findings from this case suggest that the COVID-19 vaccine could cause severe adverse events, such as DVT"" https://t.co/3Z1tDoUVAH",1.73E+18,2023
Sun Sep 03 10:27:48 +0000 2023,161,0,96,USER_00495,NAME_00495,,,"Acute kidney injury (interstitial nephritis with glomerular capillary IgA deposition) after COVID vaccination: https://t.co/GQw1BlvYNQ

""The further accumulation of similar cases will elucidate the pathophysiology of vaccine-associated nephritis ..."" https://t.co/dn7jsBpax0",1.70E+18,2023
Tue Jul 06 19:08:44 +0000 2021,115,9,7,USER_00496,NAME_00496,,United States,"""I was hesitant about getting the Covid vaccine because I have high cholesterol and hypertension.""
-a person with covid

😳
🤦🏿‍♂️",1.41E+18,2021
Tue Aug 24 20:41:48 +0000 2021,966,31,275,USER_00497,NAME_00497,,,"I said this 1.5 years ago, please listen to me now

COVID ISN’T GOING AWAY, get healthy now

Mutations will likely decrease vaccine efficacy

You have to take your health into your own hands

Reverse your diabetes, obesity, fatty liver &amp; hypertension

Your life depends on it",1.43E+18,2021
Wed May 19 11:44:03 +0000 2021,120,3,10,USER_00497,NAME_00497,,,"2 vaccine consults

An elderly male patient w/diabetes, hypertension, psoriasis on immunosuppressives, I informed him that his mortality from COVID could approach 20%

A 15 year old healthy kid w/ ZERO medical issues asking about vaccines b/c masks, mortality 0.009%

NOT THE SAME",1.39E+18,2021
Fri Aug 06 00:12:00 +0000 2021,160,16,5,USER_00497,NAME_00497,,,"Today I saw a young patient from an area in the south with surging COVID.

This young patient has diabetes, hypertension, obesity, dyslipidemia, metS

He asked me if I recommended the vaccine

I said yes

It protects him

No imaginary societal benefit needed for coercion",1.42E+18,2021
Wed Nov 03 12:03:23 +0000 2021,18,0,13,USER_00498,NAME_00498,,Barbados,"The people crying out about kfc offering a free fucking chicken little is hilarious. We want you to take the Covid vaccine, we aren’t talking about hypertension and diabetes rn and keep the same energy when ya at kfc the next week asking for a big box meal",1.46E+18,2021
Sun Jul 04 09:45:34 +0000 2021,462,10,126,USER_00499,NAME_00499,,South Africa,"If you think Vaccines don’t work, just ask my father in law. He has diabetes, hypertension and high cholesterol and got Covid two weeks after his jab. The man ended up running the household and cooking for the other members of the family who haven’t had the jab. Vaccines work ...",1.41E+18,2021
Mon Sep 27 22:04:05 +0000 2021,31,2,7,USER_00500,NAME_00500,,Jamaica,"Why anti-vaxxers act as if the COVID-19 vaccine is suppose to prevent death on a whole? Mr. Hubert with diabetes, hypertension, on his 3rd stroke with one leg gets vaccinated and the cause of death is automatically the vaccine??",1.44E+18,2021
Wed Dec 29 15:27:09 +0000 2021,82,1,4,USER_00501,NAME_00501,1997,United States,"I think that vaccine works pretty well.  My dad has COVID and is asymptomatic. Buddy got all the comprbidities: obesity, hypertension, older age, etc.  and is at home chilling but when I had it before the vaccines came out I thought I was finna die. Couldn’t breathe. So yea.",1.48E+18,2021
Sat Jul 31 03:34:28 +0000 2021,1900,31,271,USER_00502,NAME_00502,,United States,"@RosesGum ⚡Caught Covid twice before the vaccine was available to me. I now have cardiac issues, pulmonary hypertension, &amp; other NEW health problems.🔥

⭐I'm 33yo, 6'7, 215. I used to work 50+hrs/wk plus side hustles, etc.

These days I'm lucky to tolerate 20hrs of work &amp; am exhausted.⭐",1.42E+18,2021
Sun Aug 22 23:01:28 +0000 2021,548,25,228,USER_00503,NAME_00503,,United States,"Hypertension and Covid-19 vaccines: are there any differences between the different vaccines? A safety signal. (this is one of the AE that I got from my vax)
https://t.co/Cj4FijSwB8",1.43E+18,2021
Mon Jan 08 16:14:45 +0000 2024,423,44,182,USER_00503,NAME_00503,,United States,"NZ Fudged the Data on How the Kidneys Fare After the COVID Vaccines
The New Zealand govt chopped nearly in half the number of reported kidney injuries, post-mRNA vaccine, from Jan to Aug 2023. Here also are 50 different types of injuries to the kidneys seen post-vax.

DR. COLLEEN…",1.74E+18,2024
Fri Sep 16 10:32:35 +0000 2022,108,12,26,USER_00504,NAME_00504,,,"To all those who are using this story as “evidence” of COVID vaccine harm, either vaccines can travel back in time or anti-vaxxers, yet again, can’t read.

Also, scientists know why. Diabetes and hypertension increased during the study period.
https://t.co/6ccPBY9kyT https://t.co/rMMNJHUwlx",1.57E+18,2022
Thu Mar 04 15:25:20 +0000 2021,12,1,0,USER_00505,NAME_00505,,,i need to see a doctor about my hypertension but my hypertension is the only thing that qualifies me for the covid vaccine rn🧍🏼,1.37E+18,2021
Thu Jan 19 10:36:47 +0000 2023,73,4,16,USER_00506,NAME_00506,,Ghana/ Vietnam ,"There are so many misconceptions surrounding the Covid Vaccines which are untrue:

1. You'll lose your erection 
2. You'll develop hypertension 
3. The Vaccine contains Covid 19 virus
4. You'll die 
5. You'll be re infected with other variants. 

The covid is still with us, Yoo!",1.62E+18,2023
Wed Mar 10 21:58:02 +0000 2021,6,1,1,USER_00507,NAME_00507,,United States,"starting Mar. 15, adults 55+ and people with disabilities can receive a Covid vaccine, per the DPH.
other conditions that will make people eligible:
- asthma
- cancer
- diabetes
- heart conditions
- immunocompromised
- hypertension
- COPD
- pregnancy
 https://t.co/n1EhP6mMOx",1.37E+18,2021
Tue May 16 02:06:21 +0000 2023,30,7,8,USER_00508,NAME_00508,,,Johnson &amp; Johnson quietly discontinued COVID vaccine in the US after my healthy young Russian friend with BP 90/60  had to go to a hospital for 190/110 BP post shot and was put on a blood thinner and medication to  treat hypertension,1.66E+18,2023
Tue Jul 19 09:21:13 +0000 2022,3800,99,860,USER_00509,NAME_00509,,,"Millions of vaccines are expiring end July. While millions of those 50 and above w hypertension, diabetes, etc want to have 2nd boosters but can't because DOH has no directive. Meanwhile the number of people hospitalised for covid is rising. Why hasn't DOH issued directive yet?",1.55E+18,2022
Wed Dec 08 08:18:43 +0000 2021,13,1,1,USER_00510,NAME_00510,,South Africa,"""I'm scared of what's in the covid vaccine""
Are you scared of the grandpa sachets that you drink everyday?
Are you scared of your hypertension meds?
Are you scared of panado?
Are you scared of the insulin you take?
You trust us with the rest of your health needs but not this??",1.47E+18,2021
Mon Aug 23 02:46:33 +0000 2021,198,4,48,USER_00511,NAME_00511,,Nicaragua/ Canada,"In 2021, Bolivian right-wingers have developed a sudden grave concern for women’s rights, covid and public health, obtaining vaccines and hypertension suddenly became the most pressing health issue. Now, as of yesterday, there’s an outpour of concern about mental health.",1.43E+18,2021
Sun Sep 19 18:57:28 +0000 2021,16,3,0,USER_00512,NAME_00512,,,"Just asked my patient if she got the COVID vaccine. She said no, she believes in Jesus and her pastor and congregation made a joint decision. She’s 50, 300lb, w hypertension, a pulmonary embolus, afib, who was just extubated a few days ago. This is part of the the problem.",1.44E+18,2021
Wed Mar 31 02:30:15 +0000 2021,10,0,0,USER_00513,NAME_00513,,,"My grandma has asthma, hypertension, among other things and she’s FINALLY getting her covid vaccine this Friday 😭",1.38E+18,2021
Mon Mar 22 22:53:13 +0000 2021,62,5,18,USER_00514,NAME_00514,,United States,"The ridiculous state of affairs of our food system:

""Rewarding"" a COVID vaccine with junk food, to make you sicker and increase your risk of poor metabolic health in every way

Top risks for COVID: obesity, diabetes, hypertension

Have we learned NOTHING from the last year?",1.37E+18,2021
Mon Jun 14 19:26:18 +0000 2021,17,7,2,USER_00515,NAME_00515,,United States,"My who is 50, a BSN prepared nurse, Black, obese, with hypertension &amp; type 2 diabetes refused the COVID-19 vaccine, got COVID, did not take heparin afterwards; now has multiple DVT &amp; now needs an IVC filter + long term anticoagulant therapy &amp; really, that’s why I hate peoples.",1.40E+18,2021
Thu Oct 28 12:21:26 +0000 2021,38,21,19,USER_00516,NAME_00516,,,"What's your genotype?
Are you on any medications for any conditions?
Any history of food or drug allergy?
Any history of any illness in your family like Hypertension, Diabetes or Psychiatric illness, etc?
Have you gotten your covid Vaccine?
Have you examined your balls or breast",1.45E+18,2021
Wed Aug 25 15:32:28 +0000 2021,6,1,3,USER_00517,NAME_00517,,,"""I REFUSE to take the Pfizer Covid vaccine. I don't trust them.""
Guess what else Pfizer makes
Got anxiety?  Xanax (diazepam) or lorazepam
Hypertension, maybe Accupril, Aldactone, verapamil
ERECTILE DYSFUNCTION. Do you mind Viagra?
Diflucan for a yeast infection
Lyrica 
#COVID19",1.43E+18,2021
Tue Apr 04 06:27:41 +0000 2023,32,1,3,USER_00518,NAME_00518,,Tanzania,"As the global health community is addressing  #NCDs in the midst of  #COVID19,  our team has been working around Kilimanjaro region, Tanzania collecting data to understand Covid 19 #vaccine uptake among adults with hypertension or diabetes mellitus. https://t.co/8JPp9OvRWd",1.64E+18,2023
Tue Nov 16 03:41:58 +0000 2021,8,0,3,USER_00519,NAME_00519,,Kenya,"Join us for a walk at 8:30AM from PHD to Koblenz hall for Diabetes,Hypertension check up and #Covid_19 vaccine as part of #DiabetesAwarenessMonth  @TourismMombasa @Powwater1 @KenyaRedCross @swahilipothub https://t.co/xLrQjOk87j",1.46E+18,2021
Tue Apr 12 04:30:02 +0000 2022,2,0,0,USER_00520,NAME_00520,,Canada,anyone else experiences post-COVID vaccine hypertension?,1.51E+18,2022
Mon Feb 06 00:29:05 +0000 2023,2190,2,21,USER_00521,NAME_00521,,United States,"@BadMedicalTakes Yes, 96-year-olds with hypertension famously never had heart issues before the COVID vaccines were developed",1.62E+18,2023
Wed Oct 19 17:00:01 +0000 2022,21,10,1,USER_00522,NAME_00522,,,"@jonathanstea @RyanMarino @CaulfieldTim @doritmi @DrLindaMD @EdzardErnst My child, with CHD, pulmonary hypertension and chronic lung disease, on oxygen is scheduled to get his flu and Covid vaccine next week. Every time I read these stories I get so scared! I have to reassure myself that I am doing the right thing.",1.58E+18,2022
Wed Nov 15 17:08:27 +0000 2023,13,2,9,USER_00523,NAME_00523,,,"🚨🚨🚨“Our soldiers are being killed by their own leaders.”
Thomas Renz, lawyer.

MILITARY DMED DATA-(#COVID #Vaccine )

📈 in diseases and disorders:
•Hypertension 2.181%
•Neurological 1.048%
•Malignant tumors (esophageal) 894%
•Multiple sclerosis 680%
•Guillain Barré 551% https://t.co/PWLKEoAEOX",1.72E+18,2023
Wed Nov 29 13:16:51 +0000 2023,12,1,7,USER_00523,NAME_00523,,,"🚨🚨🚨 #US Navy medical officer discovers heart problems linked to #COVID19 #Vaccine . 

The numbers are astounding: 

“Myocarditis increased by 151%, coronary heart disease by 69%, pulmonary heart failure by 62%, heart failure by 973%.” 😱 https://t.co/H8QEqBsaJ0",1.73E+18,2023
Sun Sep 04 17:09:28 +0000 2022,6,0,0,USER_00524,NAME_00524,,,COVID Bivalent vaccine and flu shot ✅. Ready for San Diego and Hypertension 2022!,1.57E+18,2022
Mon Oct 10 13:27:53 +0000 2022,436,4,3,USER_00525,NAME_00525,,United States,"@travisakers I am a 58 year old Black woman with diabetes, hypertension and a heart rhythm disorder. COVID-19 vaccine is the healthiest part of me.",1.58E+18,2022
Thu Sep 30 14:46:35 +0000 2021,9,0,3,USER_00526,NAME_00526,,Kenya,"Today's COVID-19 vaccine outreach at Kiuu Dispensary in Mukurwe-ini Sub-County. 

Over 75 people received the vaccine and screened for Hypertension and Diabetes. 

The program is supported by  @Amref_Kenya   and @LabsMedtronic.
@County19Nyeri 
@GovernorKahiga 
@AMREFUSA https://t.co/GLa6N80ta5",1.44E+18,2021
Tue Aug 15 10:20:25 +0000 2023,47,13,17,USER_00527,NAME_00527,,United Kingdom,"GPs warn of silent killer that affects 1 in 4 ppl

They call it hypertension, but by sheer coincidence, it causes the exact same complications as the COVID vaccine

Increased risk of strokes, heart attacks &amp; death

Surprise, surprise: Statins are the cure
https://t.co/FsSkOFxFik",1.69E+18,2023
Sun Jan 23 21:33:05 +0000 2022,88,13,11,USER_00528,NAME_00528,,United States,"Honest questions for medical professionals:

Is an 87-YO who has Gilbert Syndrome, Atrial Fibrillation, Hypertension, &amp; Parkinson's Disease eligible for the Covid-19 vaccine? 

How about for a booster? What's your best guess?",1.49E+18,2022
Fri Mar 26 16:13:24 +0000 2021,16,0,2,USER_00529,NAME_00529,,,Got my first dose of the #Pfizer COVID-19 vaccine yesterday (finally something positive about getting older and having hypertension!). The vaccine clinic set up by #scarboroughhealthnetwork #shn at Centennial College was amazing. Thank you to everyone there! ⁦@SHNcares https://t.co/pf7jetMgAf,1.38E+18,2021
Wed May 19 15:47:22 +0000 2021,27,5,33,USER_00530,NAME_00530,,Trinidad and Tobago,"COVID-19 Vaccination continues with the Sinopharm COVID-19 vaccine on May 21st, 2021 with: 

- People 60 years and over
- People under 60 with non-communicable diseases (NCDs) like hypertension (high blood pressure) and diabetes (high blood sugar).
- Healthcare workers https://t.co/kDVyeUB4wS",1.40E+18,2021
Sat Aug 21 09:17:21 +0000 2021,16,0,0,USER_00531,NAME_00531,,Australia,"The covid vaccine ""not fully tested"" stuff is wild because you know Viagras main use was a side effect of its clinical trial in pulmonary arterial hypertension like happy to make your dick hard as a side effect but not happy to not die",1.43E+18,2021
Thu Jun 08 12:19:12 +0000 2023,201,9,60,USER_00532,NAME_00532,,United States,"I thought about posting a tweet letting parents know that if their child developed hypertension following a COVID-19 vaccine they would have cause to sue the provider because it was not a disclosed side effect. 

But then I realised that the hypertension wasn't the problem. https://t.co/ZCmNjuypMb",1.67E+18,2023
Sun Feb 14 14:57:17 +0000 2021,9,0,0,USER_00533,NAME_00533,,United States,"Just scored a COVID Vaccine for Saturday evening.
Thanks, Hypertension!",1.36E+18,2021
Fri Apr 30 11:51:08 +0000 2021,69,4,41,USER_00534,NAME_00164,,,"""The SARS-CoV-2 spike protein produced by the new COVID-19 vaccines triggers cell signaling events that promote PULMONARY ARTERIAL HYPERTENSION, other cardiovascular complications, and/or complications in other tissues/organs in certain individuals""
https://t.co/thwZubN6Bn",1.39E+18,2021
Sat Oct 23 06:32:26 +0000 2021,19,5,7,USER_00535,NAME_00534,,Malaysia,"Taking to his Instagram, the Rembau MP pointed out that the Covid-19 vaccine would not be much help for them should they contract the virus due to their lackadaisical ways.

#Covid19 #FaceMask #Khairy #MalaysiaNews #Malaysia #Health #Diabetes #Hypertension #Obesity https://t.co/gT7kE6KTEz",1.45E+18,2021
Sat Aug 19 19:54:10 +0000 2023,30,1,2,USER_00536,NAME_00535,,United States,"I was chronically ill before Covid, I developed severe hypertension after asymptomatic Covid in 2021 BEFORE THE VACCINE 
Ranking illness is largely useless. SOME people who are newly disabled from Covid could stand to shut up and listen to people who were disabled already",1.69E+18,2023
Sat Jun 25 19:30:43 +0000 2022,8,0,4,USER_00537,NAME_00536,,,Vaccine Attitudes and #COVID_19 Vaccine Intention Among Parents of Children With Kidney Disease or Primary #Hypertension  https://t.co/6r6JMd71np  @AJKDonline  #CKD,1.54E+18,2022
Sat Nov 13 11:45:51 +0000 2021,25,1,6,USER_00538,NAME_00537,,,"Day one of #AHA21 - Late breakers Cardiothoracic surgery, Hypertension; Main Events in COVID vaccine development w/CEO’s; 2021 Dietary Guidance; Organ on Demand- 3D printing - plan your program now: https://t.co/l6Sch2CaHH @manesh_patelMD @dmljmd",1.46E+18,2021
Thu Jul 08 10:42:55 +0000 2021,34,7,9,USER_00539,NAME_00538,,United Kingdom,I’ve just read the COVID vaccine planning for the autumn. All good until the bit about screening for AF and hypertension in people who attend. Has @NHSEngland considered that screening for AF is NOT recommended by the UKNSC or the cost of following up all the raised BP? @NikkiKF,1.41E+18,2021
Thu Aug 11 02:40:50 +0000 2022,2,0,0,USER_00540,NAME_00539,,,"Breastfeeding Congress today via Zoom.
Two learning points so far:
1. The longer the breastfeeding, mas reduced risk si mommy sa hypertension, DM, breast and ovarian cancer in the magnitude of 10-30%
2. Ang laking benefit ng COVID vaccine sa protection ng pregnant women and baby.",1.56E+18,2022
Mon Aug 23 08:12:37 +0000 2021,117,12,51,USER_00541,NAME_00540,,Zimbabwe,"COVID-19 vaccines may be administered to people with underlying conditions, like cancer, asthma, HIV, hypertension and diabetes, liver, and kidney problems and boost their immunity. They are encouraged to continue taking their medication as advised by their medical doctors.",1.43E+18,2021
Thu Nov 17 10:02:43 +0000 2022,6,1,2,USER_00542,NAME_00541,,Ghana,KHRC participated in the @IQVIA_global Africa Health Summit. We discussed sustainability of African research institutions and the need to leverage malaria clinical trials platform for other diseases. KHRC’s COVID vaccine and hypertension trials were discussed as great examples. https://t.co/czK34mQ6ZO,1.59E+18,2022
Mon Nov 15 13:29:52 +0000 2021,19,5,18,USER_00543,NAME_00542,,Congo,"#COVID19 vaccination in #Africa.

COVID-19 vaccine doses administered to people with underlying conditions, such as #diabetes and hypertension. 👇🏾 https://t.co/SvdGdCUnOA",1.46E+18,2021
Thu Nov 11 10:06:50 +0000 2021,71,9,22,USER_00543,NAME_00542,,Congo,"📺LIVE: Join our @WHO press briefing on the #COVID19 pandemic, vaccine rollout, COVID-19 and diabetes in Africa. @WHOAFRO's Dr Benido Impouma is joined by experts from the Region. https://t.co/5BfEeq6ESn",1.46E+18,2021
Thu Mar 10 15:00:11 +0000 2022,14,4,11,USER_00543,NAME_00542,,Congo,"🚫 Some people are claiming that a booster dose of #COVID19 vaccine causes #HIV. This claim is FALSE. 

✅ COVID-19 boosters provide additional protection against severe illness, hospitalisation &amp; death. 

@viralfacts #ViralFactsAfrica https://t.co/NDVdv0Ehtw",1.50E+18,2022
Mon Jun 28 19:40:05 +0000 2021,34,2,29,USER_00543,NAME_00542,,Congo,"Side effects are normal after any vaccine, including the #COVID19 vaccine. It's a sign of your immune system working. Common side effects include:

🔸 Pain at site of injection
🔸 Tiredness
🔸 Fever
🔸 Nausea
🔸 Headache https://t.co/NySc3vH3g1",1.41E+18,2021
Sat Feb 12 12:00:05 +0000 2022,9,1,5,USER_00543,NAME_00542,,Congo,"The #COVID19 vaccine protects you from severe illness or death from the virus, so be sure to get the jab as soon as you can.

Like other vaccines, the #COVID19 vaccine can cause mild side effects but it's a sign your immune system is working ⬇️ https://t.co/2wByzDbfqW",1.49E+18,2022
Sat Nov 13 11:00:03 +0000 2021,16,1,4,USER_00543,NAME_00542,,Congo,"Can pregnant women🤰🏿 get the #COVID19 vaccine❓

Yes. Pregnant women can be vaccinated against #COVID19. COVID-19 infection during pregnancy increases the risk of severe illness and complications. #ViralFactsAfrica https://t.co/Wkoju9w27d",1.46E+18,2021
Sat Oct 30 14:40:40 +0000 2021,57,5,5,USER_00544,NAME_00543,,,"@RonFilipkowski Hope this doesn’t happen but I visualize her in the future, in an ICU bed, begging for a Covid vaccine right before they place an intubation tube down her throat. Dare to say, she has at least one (visible) comorbidity, maybe more underlying ones (diabetes, hypertension, etc).",1.45E+18,2021
Tue Jul 27 14:03:18 +0000 2021,21,2,1,USER_00545,NAME_00544,,,"We've seen data to show that rates of miscarriage, stillbirth, gestational diabetes, preeclampsia or gestational hypertension, eclampsia, and intrauterine growth restriction lower in vaccinated individuals vs. non-vaccinated. The risk is MUCH higher if you get COVID vs. vaccine. https://t.co/zq9fHoonbC",1.42E+18,2021
Fri Sep 22 13:35:47 +0000 2023,9,0,1,USER_00546,NAME_00545,,United Kingdom,Great to be commissioned again to run our #covid &amp; #flu vaccine clinics again! We have added our #hypertension case finding service to the clinic offering to help whilst people are on-site 👌 https://t.co/DSu4SLy1Rc,1.71E+18,2023
Mon Feb 06 20:43:55 +0000 2023,42,2,16,USER_00547,NAME_00546,,United States,"2/A 25-year-old female with past medical history of hypertension, and diabetes received a 3rd dose of Pfizer's COVID-19 vaccine, then 10 days after experienced painless vision loss in left eye that became progressively worse. She waited 7 days, then presented to physician.",1.62E+18,2023
Sun Jan 15 20:55:59 +0000 2023,9896,1475,6500,USER_00547,NAME_00546,,United States,"Clair Bridges, 21, was fully vaccinated for COVID-19, caught COVID anyway, vaccine was supposed to prevent severe disease, however, Clair had both legs amputated, myocarditis, and kidney failure anyway. https://t.co/LMY9UWyENr",1.61E+18,2023
Wed Mar 10 22:10:58 +0000 2021,66,4,8,USER_00548,NAME_00547,,United States,"Parking lot sick visit today.
Grandma with hypertension told by her doc not to get #CovidVaccine.
Grandma now hospitalized with covid and stroke.
Mom now sick with covid.
Child now sick with covid.
Docs, please tell your adult patients to get the vaccine!
#tweetiatrician",1.37E+18,2021
Fri Apr 30 06:43:35 +0000 2021,9,0,3,USER_00549,NAME_00548,,Uganda,"The COVID-19 vaccine is safe for most people 18 years and older, including those with pre-existing conditions of any kind like hypertension, diabetes, asthma, pulmonary, liver and kidney disease. #UgVaccinates @MinofHealthUG @MorikuJoyce      @DianaAtwine @Tybisa @ainbyoo https://t.co/rYtj8R2yOr",1.39E+18,2021
Wed Jan 06 16:43:29 +0000 2021,7,3,0,USER_00550,NAME_00549,,United States,"On a whim, I took the https://t.co/MBtL7V73aQ’s online ‘wizard’ to see when I’m eligible for my COVID vaccine.

Turns out, thanks to my diagnosed hypertension (High Blood Pressure), I’m in an early group. Looks like I get the stabby-stab in March!",1.35E+18,2021
Fri Jun 02 00:40:15 +0000 2023,5,2,1,USER_00551,NAME_00550,,United States,"@EmJHarris2 @WonderKing82 Yes Republicans are claiming that Jamie Foxx health issues is because of Covid vaccine

Even though Jamie Foxx is known to have a history of hypertension",1.66E+18,2023
Fri Feb 11 21:23:22 +0000 2022,6,0,4,USER_00552,NAME_00551,,United States/ Japan,"Kansas woman, 68, died from anaphylaxis after having an allergic reaction to Moderna COVID vaccine: Autopsy reveals she also had a history of hypertension and 'reactive airway disease'  https://t.co/TzSjwLuKpb via @MailOnline",1.49E+18,2022
Fri Oct 28 07:02:24 +0000 2022,17,2,11,USER_00553,NAME_00552,,Nigeria,@g_diets_ I started having hypertension and heart failure sign within 2 months of taking that POISON called Covid-19 vaccine. For no reason should anyone take that vaccine. I learnt the hard way.,1.59E+18,2022
Mon May 30 14:53:19 +0000 2022,4,1,1,USER_00554,NAME_00553,,Australia,"@OPozzuto @DonaldH53453815 @Pideqihuanpl @rreeves5 @bombaybadboy @RebeccaWarnefo3 @_Desi76_ @Chas_ISHumbled @SusanLordBiz @JNutronsghost @ttyEngland @JaggerAUS @Podravka56 @JonathanKines @PaulRil37822001 @ARLisOverTheBS @Phaedo72 @SusanOgden2 @Lewislama @Jochal2 @unitedstrength7 @FrankBeansX @Imforthewhales @DanGaskins @etiennebuch @digita1chronic @keira_connolly1 @USAintheRGV @Liberty15622 @AnnaDarko4 @Woody2Jenny @Angelscu2 @JSAHolmes @JaggerMickOZ @CamHalvo @Shahin20634947 @helper_mouse @LandscapeMan @Jeanne_Twig @JohnQPu37163360 @MatthewTrott3 @seachange_au @deirdreritchi10 @Lindsayaussie @jhwalker6751 @smartwookiee @SaiKate108 @stan15537715 @EdwardBlevins19 @lasttocast I’ve 6 siblings, they all have medical problems like Hypertension, high Cholesterol, Diabetes, heart and joint problems, one sister suffers Leukaemia while I’ve been 100% healthy. They jab many  Vaccines including 3 doses of Covid Vaccine and take many types of medicine    1/2",1.49E+18,2022
Fri Aug 13 13:30:00 +0000 2021,5,5,10,USER_00555,NAME_00554,,Jamaica,"Suffering from underlying illnesses such as hypertension and diabetes, which run in her family, Fay Matherson (not photographed) says she is still fearful of taking the COVID-19 vaccine due to possible adverse effects. 

Read more: https://t.co/alKzXgYoTW #GLNRToday https://t.co/7yJdnI1v4j",1.43E+18,2021
Wed Jan 03 14:42:35 +0000 2024,18,1,8,USER_00556,NAME_00555,,,"Poor immune response to inactivated COVID-19 vaccine in patients with hypertension 

❗Especially in cardiovascular and cerebrovascular conditions(CCVD) patients 

Interesting, awaiting full publication maybe disclosing why? 🤔
https://t.co/mc8L4N37ee",1.74E+18,2024
Mon Apr 05 06:43:01 +0000 2021,25,2,7,USER_00556,NAME_00555,,,"The GOOD news today, new HIV vaccine looking very promising, with thanks to #Covid19 vaccine making! #Moderna 

Novel HIV vaccine approach shows promise in “landmark” first-in-human trial https://t.co/3p9L8V5zqY",1.38E+18,2021
Tue Dec 20 00:48:05 +0000 2022,6,0,1,USER_00557,NAME_00556,,,"Dr. Campbell ""My yellow card report"" a temporal correlation covid vaccine injury 'Hypertension'.
https://t.co/caP3rf2Hgq",1.61E+18,2022
Thu Feb 15 23:09:21 +0000 2024,4,0,2,USER_00557,NAME_00556,,,"People just refused to listen to the warnings....😪

Official Data shows Covid-19 Vaccines cause serious Immune System degradation; and every shot makes things considerably worse

https://t.co/CRXK6VxJd9",1.76E+18,2024
Tue Aug 22 23:32:01 +0000 2023,8,3,0,USER_00558,NAME_00557,,,@DrSusanOliver1 But John Campbell told me his hypertension in 2020 was due to his covid vaccine in 2021 🤔,1.69E+18,2023
Thu Jul 21 21:35:20 +0000 2022,30,6,12,USER_00559,NAME_00558,,,Oral vaccine shows promise; hypertension ups COVID hospitalization risk https://t.co/90SxncOynl https://t.co/to9SrnqzIg,1.55E+18,2022
Fri Apr 09 00:50:47 +0000 2021,9,0,5,USER_00560,NAME_00559,,Fiji,"If you have ongoing health conditions like diabetes, heart disease, hypertension or asthma. You are at a high risk of being severely affected by COVID-19 and are urged to register and get vaccinated during this COVID-19 vaccine roll out.

Register: https://t.co/2mEja7pII3 https://t.co/LGqSOFXblE",1.38E+18,2021
Thu Feb 08 20:36:17 +0000 2024,0,0,0,USER_00561,NAME_00560,,United States,"So far in 2024, our amazing ComPass team has teamed up with @CoalicionMex for a food pantry event, presented a bilingual #hypertension workshop in East Harlem and held a #vaccination event to help #Bronx residents stay up to date with their #COVID, #flu &amp; #shingles vaccines! #NYC https://t.co/cLS2ynEXxR",1.76E+18,2024
Thu May 06 06:16:59 +0000 2021,30,1,10,USER_00562,NAME_00561,,India,"If you are having uncontrolled hypertension then control it and take vaccine- Read about vaccine- Cancer and cardiac patients: Most can take COVID vaccine, say doctors - The New Indian Express https://t.co/y52JgX869K",1.39E+18,2021
Wed Dec 22 13:17:10 +0000 2021,6,4,4,USER_00563,NAME_00562,,kenya,"The covid vaccine does not cause hypertension. While medication can have side effects, high blood pressure is not one of the know side effects of the COVID 19 vaccine.  Get your jab today so you can be safe and so can your loved ones. https://t.co/FlMtX9I5yn",1.47E+18,2021
Mon Feb 12 00:55:52 +0000 2024,1,1,0,USER_00564,NAME_00563,,,"@TheMFingCOO I am not vaxxed &amp; neither is my 93 year old granny, or my 93 year old neighbour, my granny has tachycardia &amp; my neighbour hypertension, both at risk for the vaccine, my neighbour got covid in 2022, spent 5 days in hospital &amp; came back alive!",1.76E+18,2024
Fri Jan 15 05:05:10 +0000 2021,11,1,5,USER_00565,NAME_00564,,India,"Covid-19 vaccine: Only 'severe' comorbid cases to get priority in phase-I. This means people with controlled diabetes and mild hypertension will not get priority in the first phase. #vaccination #covid19

https://t.co/6wZBaUozTG. https://t.co/FxTxs06DiU",1.35E+18,2021
Fri Apr 09 03:40:00 +0000 2021,137,33,10,USER_00566,NAME_00565,,Philippines,"Despite being diagnosed with hypertension, Vice President Leni Robredo on Friday said she will not avail of any vaccines against COVID-19 yet due to the lack of supplies in the Philippines.

https://t.co/uUpJbIrjgU",1.38E+18,2021
Thu Apr 08 08:10:00 +0000 2021,16,1,5,USER_00566,NAME_00565,,Philippines,"The efficacy rate of Sinovac COVID-19 vaccine on elderly people is at least 51%, the Food and Drug Administration said, adding however, it should not be given to senior citizens with acute illness and uncontrolled hypertension.

https://t.co/1MneQz1UYN",1.38E+18,2021
Fri Jan 22 13:22:05 +0000 2021,29,15,2,USER_00567,NAME_00566,,United States,"I’m 45 &amp; healthy but clicked hypertension to see where it would place me in NJ’s COVID vaccine system.
It’s an exaggeration. My bp spikes, doesn’t require meds.
As of last night I’m as eligible as an 85 yo w/ COPD.
Will wait my (real) turn.
But this system is ripe for cheating. https://t.co/yCBw8AJeuC",1.35E+18,2021
Mon Jun 27 22:00:04 +0000 2022,4,1,4,USER_00568,NAME_00567,,United States,"Vaccine Attitudes and COVID-19 Vaccine Intention Among Parents of Children With Kidney Disease or Primary Hypertension

https://t.co/6AUNKKPutZ (FREE) 

@CWPedNephMD @Larrypedkid @RoshanPGeorgeMD @camescoffery @rabednarczyk @EmoryRollins

#VisualAbstract #COVID19 #pedneph https://t.co/wC3rAbl1F4",1.54E+18,2022
Mon Jun 28 03:24:32 +0000 2021,66,6,53,USER_00569,NAME_00568,,Malaysia,"Samy, a 66yo man in Pasir Gudang, Johor, has asthma, diabetes, hypertension, heart disease. 

""I want to get Covid-19 vaccine. I am scared of the virus, but I don’t know how to get the vaccine.""

He uses a Nokia. Pasir Gudang clinic unable to help him.

https://t.co/0HzM6Lhq2J",1.41E+18,2021
Wed May 19 07:10:18 +0000 2021,131,2,7,USER_00570,NAME_00569,,Philippines,"Vice President Leni Robredo, who has hypertension, is part of the A3 priority group for COVID-19 vaccines. https://t.co/FVpAwHs1x1",1.39E+18,2021
Tue Nov 01 23:05:46 +0000 2022,3,0,0,USER_00571,NAME_00570,,,@EHattSwank @cobracommandr15 @DavidAFrench My 65yo MIL in cancer remission won't get vaxxed because Facebook told her the reason her mom died of a brain bleed wasn't the hypertension meds she stopped taking 3 days prior but the Covid vaccine she got 3 months prior.,1.59E+18,2022
Fri Nov 12 06:36:58 +0000 2021,29,10,5,USER_00572,NAME_00571,,South Africa,"@karynmaughan Professor Shabir Madhi, who is leading the first two Covid-19 vaccine studies being undertaken in Africa, described Mogoeng's assertions as absolute nonsense and stressed people with high blood pressure, also known as hypertension, ""are actually at high risk of developing Covid""",1.46E+18,2021
Sun Feb 11 17:20:35 +0000 2024,0,0,0,USER_00573,NAME_00163,,United Kingdom,"@Silas33 I was given my patient record recently:
Post covid syndrome
Monoclonal gammopathy of uncertain significance (?!!)
Migraine
Optic neuropathy (I think its intracranial hypertension not ON)
Post viral &amp; vaccine multisystem dysautonomia
POTS
MCAS - diagnosed but missing",1.76E+18,2024
Sun Dec 13 01:07:55 +0000 2020,18,2,4,USER_00574,NAME_00572,,India,"Indians with heart ailments, hypertension or diabetes are likely to be classified as those with comorbidities and will be put on the list of those who will get Covid-19 vaccine on priority basis

https://t.co/V4Q3PeWqCr",1.34E+18,2020
Fri Mar 12 14:11:01 +0000 2021,14,0,2,USER_00574,NAME_00572,,India,"Severe allergy added to AstraZeneca #Covid19 vaccine side effects: EU regulator

https://t.co/G0waiaTDcG https://t.co/p3z3cmPNvr",1.37E+18,2021
Sat Mar 06 17:56:00 +0000 2021,105,0,10,USER_00574,NAME_00572,,India,"RSS chief Mohan Bhagwat and General Secretary Suresh Bhaiyyaji Joshi received their first dose of #COVID19 vaccine at Nagpur's National Cancer Institute, earlier today

(ANI)

Updates: https://t.co/jilTNA9j6f https://t.co/6DKrS69FQE",1.37E+18,2021
Thu Apr 08 05:35:53 +0000 2021,15,3,3,USER_00575,NAME_00573,,Philippines,"Senior citizens with acute and severe illnesses, like those with uncontrolled hypertension, are excluded from receiving Sinovac’s COVID-19 vaccine CoronaVac, FDA said. | @KAguilarINQ https://t.co/d3Uc8FK3YH",1.38E+18,2021
Sun Jun 06 04:50:31 +0000 2021,11,3,2,USER_00575,NAME_00573,,Philippines,Aiko Melendez took her second dose of the COVID-19 vaccine in Quezon City and explained her eligibility for the vaccine due to her hypertension. | @ALaurenaINQ https://t.co/OdjcmJGKN5,1.40E+18,2021
Fri Apr 02 18:59:54 +0000 2021,4,0,1,USER_00576,NAME_00574,,United States,"Massachusetts adds COVID vaccine criteria to include Type 1 diabetes, hypertension, HIV as eligible comorbidities https://t.co/9UAW37wrFH",1.38E+18,2021
Sat Oct 23 03:33:05 +0000 2021,46,1,18,USER_00577,NAME_00575,1987,Malaysia,"""Many politicians have diabetes, hypertension and are probably obese. If you get Covid-19, even with the vaccine, it's not going to be fun and game."" - Khairy Jamaluddin, Malaysian Health Minister. 

In short. Mask up.",1.45E+18,2021
Tue Jun 28 09:59:29 +0000 2022,8,0,3,USER_00578,NAME_00576,,China,A recent study showed that an inactivated COVID-19 vaccine developed by Chinese manufacturer Sinopharm presents satisfying immunogenicity and safety levels when administered among senior citizens  suffering from hypertension and diabetes mellitus. https://t.co/d9zJaPnQoq,1.54E+18,2022
Mon Mar 15 13:07:14 +0000 2021,9,3,6,USER_00578,NAME_00576,,China,"HK health authorities said on Monday that 7 deaths and one seriously ill patient were not directly linked to the #COVID19 vaccine they had taken. The 8 people were all suffering from severe coronary heart disease, myocardial infarction and pulmonary edema. https://t.co/cusCUuT04f",1.37E+18,2021
Fri Apr 30 07:41:04 +0000 2021,5,0,4,USER_00579,NAME_00577,,France,"France's health minister has announced another acceleration of the Covid vaccine rollout, this time to all adults who have underlying medical conditions including diabetes or hypertension. https://t.co/0HWxARrwRX",1.39E+18,2021
Sun Feb 11 15:08:59 +0000 2024,90,11,57,USER_00580,NAME_00578,,,Former Pfizer VP Dr. Mike Yeadon tells Dr. Drew that the mRNA COVID vaccines were deliberately designed to cause blood clots and attack the immune system. https://t.co/LpfaNFJjpw,1.76E+18,2024
Fri Feb 09 15:51:07 +0000 2024,169,1669,67,USER_00581,NAME_00579,,United States,"#COVID19 vaccines make your immune system stronger to fight the virus. Millions have safely received COVID-19 vaccines in the U.S., and #vaccination is the best way to protect against serious COVID-19 illness.

Find an updated vaccine: https://t.co/fow4kqoFJR https://t.co/3cNF6Fdcaq",1.76E+18,2024
Mon Feb 12 16:05:08 +0000 2024,86,170,35,USER_00581,NAME_00579,,United States,"Parents &amp; expecting moms: Keeping your family safe from #COVID19 starts with being informed about COVID-19 vaccines.

CDC &amp; @WhatToExpect partnered to bring you the latest recommendations on COVID-19 vaccines for pregnant women &amp; kids. Find more info here: https://t.co/J8beqR4mJh https://t.co/X9wD6Jj4gw",1.76E+18,2024
Fri Jan 07 19:00:17 +0000 2022,1538,439,1171,USER_00581,NAME_00579,,United States,New @CDCMMWR finds children and teens 18 years &amp; younger who have had #COVID19 are up to 2.5 times more likely to have a #diabetes diagnosis after infection. Prevent COVID-19 by using tools like masks and #vaccines for those eligible. Learn more: https://t.co/8tYS9UwYt4. https://t.co/EY2rSAcKz6,1.48E+18,2022
Fri Jul 30 16:00:00 +0000 2021,76,22,44,USER_00581,NAME_00579,,United States,"CDC doesn’t recommend changing the way you take most medicines around the time you get your #COVID19 vaccine.  
 
Talk with your healthcare provider about any allergies you have and all medications you’re taking. 
 
More: https://t.co/7iEhcrsHNa. https://t.co/wzYNZavdOk",1.42E+18,2021
Tue Jul 06 15:10:43 +0000 2021,258,185,157,USER_00581,NAME_00579,,United States,"In a new @CDCMMWR, the Advisory Committee on Immunization Practices recommends everyone 12 &amp; older get a #COVID19 vaccine. The benefits of vaccination in preventing illness &amp; death outweigh the rare risk of heart inflammation after vaccination. More: https://t.co/iPjbhU5jeV. https://t.co/IggrZ4DX7L",1.41E+18,2021
Sat Dec 04 19:57:01 +0000 2021,239,81,126,USER_00581,NAME_00579,,United States,"If you have a weakened immune system and received an additional primary #COVID19 vaccine dose, you should still get a booster dose 6 months after your additional dose.

More: https://t.co/Iq5JmSoATe. https://t.co/7mOgEx4mqu",1.47E+18,2021
Tue Aug 03 15:00:18 +0000 2021,374,86,219,USER_00581,NAME_00579,,United States,"#DYK: It’s safe and recommended to get a #COVID19 #vaccine, even if you’ve already had COVID-19. COVID-19 vaccination is an effective way to boost your immune system and help prevent serious illness if you get COVID-19 again. More: https://t.co/pRjVmYgbEs. https://t.co/If83TwVfxU",1.42E+18,2021
Fri Jun 09 20:01:06 +0000 2023,140,130,72,USER_00581,NAME_00579,,United States,"If you or a family member have a weakened immune system, get the information you need about the new #COVID19 vaccine recommendations.

Learn more: https://t.co/Iq5JmSoATe https://t.co/VB7Sgtyc0k",1.67E+18,2023
Sun Sep 12 15:00:00 +0000 2021,306,87,151,USER_00581,NAME_00579,,United States,"If you got all recommended doses of a #COVID19 vaccine authorized by @US_FDA or listed for emergency use by @WHO, you do not need an additional dose at this time, unless you have a weakened immune system. Learn more: https://t.co/6GrEaHViI9. https://t.co/ltQ7WJSVU8",1.44E+18,2021
Fri Jun 02 20:01:06 +0000 2023,104,85,52,USER_00581,NAME_00579,,United States,"If you or a family member have a moderately or severely weakened immune system, get the information you need about the new #COVID19 vaccine recommendations. Learn more: https://t.co/Iq5JmSoATe https://t.co/PwL2I9YVhF",1.66E+18,2023
Thu Sep 28 18:22:05 +0000 2023,202,616,71,USER_00581,NAME_00579,,United States,Getting a #COVID19 #vaccine while pregnant can protect you and your baby. It cuts the chance of hospitalization for COVID-19 by 1/3 or more for babies less than 6 months old. Learn more about the updated COVID-19 vaccines: https://t.co/5931Isgmex https://t.co/Wjm9XawrWJ,1.71E+18,2023
Tue Sep 19 17:04:05 +0000 2023,176,623,70,USER_00581,NAME_00579,,United States,"People who want to get pregnant in the future may receive a #COVID19 vaccine. COVID-19 vaccines are being monitored closely for safety during pregnancy.

Learn more: https://t.co/c3T9VAF5Ce https://t.co/S1CTV4YjL6",1.70E+18,2023
Sat Feb 10 15:53:50 +0000 2024,922,183,346,USER_00582,NAME_00580,,,"I was recently contacted by someone requiring a lung transplant who is still being rejected for not taking the experimental COVID 19 “vaccine.” A shot we now know compromises the immune system. Among many other horrible side effects and even death. This is unethical. This is evil. 
Prayers for all experiencing this madness. 

God bless",1.76E+18,2024
Mon Dec 11 11:28:21 +0000 2023,2042,190,1100,USER_00582,NAME_00580,,,We witnessed many young heart attacks and strokes after the vaccine roll out. In our ER we even had to intubate our nurse manager due to multiple clots in her lungs that developed just days after her Covid 19 vaccine. The hospital STILL mandated the shots for all employees. We lost many good staff members.,1.73E+18,2023
Sun Feb 11 22:10:18 +0000 2024,10,0,0,USER_00583,NAME_00581,,United States,Why is Travis Kelsey pushing a Covid vaccine which not only doesn’t stop transmission but eroded your immune system!,1.76E+18,2024
Thu Feb 15 08:42:54 +0000 2024,3,1,1,USER_00584,NAME_00582,,,"New studies show that the COVID vaccines damage your immune system, likely permanently",1.76E+18,2024
Tue Feb 13 21:31:00 +0000 2024,7,3,1,USER_00585,NAME_00583,,,Steve Wright another casualty of the covid vaccine. Soon as you fall ill after that you are fucked. No immune system to fight anything.,1.76E+18,2024
Sat Feb 10 02:26:40 +0000 2024,0,1,0,USER_00586,NAME_00584,,United States,"Actually, yearly vaccines for viruses (such as Covid and influenza) weaken your immune system, but okay CDC… https://t.co/tvhZHbdQ7f",1.76E+18,2024
Sun Feb 11 15:08:17 +0000 2024,7,1,1,USER_00587,NAME_00585,,,ALSO FOR THOSE WHO THINK BC THEY GOT THE MMR VACCINE THEYRE SAFE - Youre not. If you had Covid / other illness that severely weakened your immune system &amp; come across someone with measles you’re still vulnerable 🫠,1.76E+18,2024
Thu Feb 15 23:57:30 +0000 2024,5,0,4,USER_00588,NAME_00586,,Canada,When we ignore a virus that breaks down our immune system (COVID) we are just asking for some new virus to come in and kill everyone.  Governments must enforce mask mandates everywhere and make Vaccines mandatory.  Asymptomatic Anti-Vaxers are killing humanity.,1.76E+18,2024
Thu Feb 15 14:49:52 +0000 2024,0,0,0,USER_00589,NAME_00587,,United States,"I’m sick right now with pneumonia, even after boosting my immune system. Went to doc’s for tests:
COVID: negative 
Flu A &amp; B: negative
Chest x-ray: positive for pneumonia

COVID vaccine: never got
Flu vaccine: haven’t had one in years
Pneumonia vaccines: received in the 2010s",1.76E+18,2024
Wed Feb 14 22:55:02 +0000 2024,316,47,74,USER_00590,NAME_00588,,United Kingdom,"Has @Lord_Sugar STILL not worked out how the covid vaccines have decimated his immune system and that there have been effective cures for COVID since Jan 2020.  🙄

It seems incredible to me that a supposedly bright person who has worked to how to be so clever in business cannot work out what has actually happened to him and to millions of others.

Could some one please educate him.",1.76E+18,2024
Tue Feb 13 10:49:58 +0000 2024,12,7,1,USER_00591,NAME_00589,,United Kingdom,"My mother's immune system is decimated thanks to the COVID jabs. She's had COVID twice and now has shingles despite having the shingles vaccine. I tried to warn her, it's heartbreaking. Only a few medical professionals dare speak out. It should be an international scandal.",1.76E+18,2024
Wed Feb 14 10:36:28 +0000 2024,7,0,0,USER_00592,NAME_00590,,Australia,"Vaccines require a functional immune system to be effective. 
Covid fvcks the immune system. Covid infections are prolific. 
So what you gonna do, huh?",1.76E+18,2024
Tue Feb 13 23:57:19 +0000 2024,0,0,0,USER_00593,NAME_00591,,United States,"@GioFedericoIII @KelleyKga @DLeonhardt There’s a lot of immunity. Vaccines don’t suppress virus, they equip multiple branches of immune system — antibodies, B cells + T cells — to target specific proteins, clear infection faster, prevent systemic spread. Recommended from the leading experts: 

https://t.co/LWCxwzz0AA",1.76E+18,2024
Thu Feb 15 21:55:10 +0000 2024,1,1,0,USER_00594,NAME_00592,,,I’ve had 5 COVID and covid twice and you know what both those times (especially the second time) the infection wasn’t that bad or long. Recovery was far easier too. Vaccines are to tell the immune system that this is the infection and you are better equipped to deal with it.,1.76E+18,2024
Tue Feb 13 01:02:24 +0000 2024,651,21,372,USER_00595,NAME_00593,,Canada,Dr Shoemaker is very on point here. This is what happens when the covid-19 genetic injections cause the victims' cells to produce a toxic foreign protein. The victims' cells look like foreign cells to their immune system. This is not a vaccine; it is a very sick violation of the Nuremberg Code and every law and ethic regarding medical assault. You can see the autopsies demonstrating this here https://t.co/x7tTcZwT3I @CShoemakerMD @Inquiry_Canada @VaccineChoiceCA #COVIDVACCINE #myocarditis #kidneyfailure https://t.co/5yCf2sPnsj,1.76E+18,2024
Sat Jan 13 18:10:10 +0000 2024,21,2,12,USER_00595,NAME_00593,,Canada,"It's no wonder these Doctors are baffled. When you eliminate the real cause, from the options, it's impossible to get the correct answer. 
Wake up, the real cause of these cancers is the #COVID19 ""vaccine""
#WallStreetJournal #cancer #CovidVaccines 
https://t.co/o5FcfIa7dE",1.75E+18,2024
Thu Feb 15 16:31:55 +0000 2024,2,1,1,USER_00596,NAME_00594,,,"How to weaken the immune system.👇
""As you add #vaccines, your risk to get #Covid_19  goes up. I’ve never seen a vaccine👀like this...that's NOT the basis of vaccines.
#Ireland #USA #Pfizer #Moderna #DiedSuddenly #Cardiology #mRNA #Health #truth #Assange
https://t.co/4BrwGGCv6o",1.76E+18,2024
Thu Feb 15 10:36:18 +0000 2024,12,0,2,USER_00597,NAME_00595,2002,,"vaccines aren’t a 100% cure !!!

they only prepare your immune system for if you get sick. if you hadn’t had those 6 pfizer injections the first time you caught covid probably would have killed you",1.76E+18,2024
Sun Feb 11 19:15:30 +0000 2024,30,9,1,USER_00598,NAME_00596,,Canada,"Not a single side-effect. The pharmacist said this would be worse than the covid, shingles or flu vaccines because it's a live vaccine. But nope. The fact that I don't have any reactions to any vaccines makes me wonder if my immune system is working. 😆",1.76E+18,2024
Sat Feb 10 11:29:49 +0000 2024,210,93,23,USER_00599,NAME_00597,,,What the CDC said is true - the vaccines do make your immune system stronger against COVID.  Charts like the Cleveland Clinic study are the result of confounders and do not show more shots = more infections.,1.76E+18,2024
Sun Feb 05 16:27:51 +0000 2023,33,1,3,USER_00599,NAME_00597,,,"Finally, the group that received the Pfizer vaccines had significantly more COVID-19 infections, another potent risk factor for pulmonary emboli.  Maybe James doesn't know what a ""supplementary appendix is""? https://t.co/SUmEHCDaHi",1.62E+18,2023
Sat Feb 10 12:30:00 +0000 2024,5,1,0,USER_00600,NAME_00598,,India,"Due to the activity of the immune system, after the injection of COVID-19 vaccines, especially adenovirus-based type, thrombocytopenia, cerebral venous sinus thrombosis, ischemic stroke &amp; intracerebral hemorrhage, have also been reported #research #CovidVaccines #CovidIsNotOver https://t.co/vJvOUstjGG",1.76E+18,2024
Wed Feb 14 11:16:11 +0000 2024,4,0,5,USER_00601,NAME_00599,,,COVID-19 mRNA Vaccine Induced Immune system damage.,1.76E+18,2024
Mon Feb 12 06:40:05 +0000 2024,6,3,1,USER_00602,NAME_00600,,United States,"How many people need to die of COVID before anti-vaxxers realize the vaccine isn’t a conspiracy to poison, track or control minds of masses. Vaccines never portended to prevent contracting disease. They prevent death when exposed by preparing the immune system to fight it.",1.76E+18,2024
Sat Feb 10 19:59:03 +0000 2024,79,1,3,USER_00603,NAME_00601,,United Kingdom,"@DiedSuddenly_ I'm assuming a good plant based covid vaccine would be things like ginger or turmeric and so on?

Good for the immune system?

Oh wait a minute that's not profitable and doesn't reduce population.",1.76E+18,2024
Wed Feb 14 14:28:14 +0000 2024,2,0,2,USER_00604,NAME_00602,,,"Even with getting every vaccine available to me, masking, and staying current with follow up boosters, I’ve gotten COVID 4-5 times. The most recent time I had it, I was laid out for a week. Guess my immune system didn’t get the CDC memo 🙄",1.76E+18,2024
Thu Feb 15 21:47:41 +0000 2024,0,1,0,USER_00605,NAME_00603,2000,United States,covid vaccines are to help prepare your immune system to recognize the virus &amp; fight it when you do get infected. it’s not an immunization… 🤨,1.76E+18,2024
Thu Feb 15 08:09:28 +0000 2024,1,1,0,USER_00606,NAME_00604,,United Kingdom,"@TateTheTalisman I never had a single shot of any covid vaccine 

I've also never had covid (or if I've had it, my body isn't a pussy and just dealt with it) 

Amazing we have an immune system and yet people preferred to trust people profiting off them being sick.",1.76E+18,2024
Thu Feb 08 16:32:07 +0000 2024,0,0,0,USER_00607,NAME_00605,,,"conspiracy theorist dr. michael dixon's response to the corona virus. this is totally unacceptable to think vegetables, greens, and boosting your immune system can prevent covid. g.o.d gave us the vaccine. this person shouldn't be advising ""king"" charles with his cancer diagnosis https://t.co/LLopLI9XBn",1.76E+18,2024
Wed Feb 07 16:32:25 +0000 2024,87,15,28,USER_00608,NAME_00606,,Indonesia,"New study. Bad news. But not on the news:

""High #IgG4 antibody levels generated in response to repeated inoculation with #mRNA COVID-19 vaccines could be associated with a higher mortality rate from unrelated diseases and infections by suppressing the immune system. Since most #COVID-19 vaccinated countries are reporting high percentages of excess mortality not directly attributable to deaths from such disease, the NSEs of mRNA #vaccines on overall mortality should be studied in depth.""

https://t.co/IPvbYlewvL",1.76E+18,2024
Thu Feb 15 19:06:56 +0000 2024,4,1,0,USER_00609,NAME_00607,,,"no it’s not, getting sick isn’t proof your immune system works. if i took the vaccine 6 times id expect covid to be nuked the moment its inside me, not active enough to get me sick and visible enough to get caught on a 50 cent test kit",1.76E+18,2024
Sun Feb 11 00:11:22 +0000 2024,5,1,1,USER_00610,NAME_00608,,,"@vipintukur It is the infection &amp; dis-regulation of immune system by replication that alters function. Here is a side by side study comparing immune response of vaccines vs covid infection showing vaccines don’t cause cytotoxicity seen n covid
https://t.co/ZAE6QsXkZg",1.76E+18,2024
Thu Feb 15 05:05:34 +0000 2024,5,2,0,USER_00611,NAME_00609,,,"@Censored4sure Long Covid could also be vaccine side effects. Covid vaccine destroyed immune system among vaxxed, they could never recover from even mild cold.",1.76E+18,2024
Tue Feb 13 01:42:39 +0000 2024,1,0,0,USER_00612,NAME_00610,,,"“Frequent administration of mRNA COVID-19 boosters may impair the immune system response in immune-compromised individuals, raising questions about whether giving multiple vaccine doses is more harmful than beneficial.” https://t.co/u6PmlDNiVI",1.76E+18,2024
Thu Feb 15 17:55:21 +0000 2024,0,0,0,USER_00613,NAME_00611,,Malawi,"France is creating laws that punishes you for criticizing mRNA medication. mRNA is what the covid vaccines contain its genetic material. Its an experimental inadequately tested gene therapy vaccine that depletes your immune system, gives you blood clots and yes, changes your DNA.",1.76E+18,2024
Tue Feb 13 19:20:42 +0000 2024,0,0,0,USER_00614,NAME_00612,,,"Peel public health kind of admitting that Covid affects your immune system without actually coming out &amp; saying it. 

Why else would staying up to date with c19 vaccine also help protect from developing serious secondary infections, such as invasive Group A Strep? https://t.co/FUxzogdbiA",1.76E+18,2024
Thu Feb 15 17:55:09 +0000 2024,0,0,0,USER_00615,NAME_00613,,United States/ Canada,"Right now, I have a very good friend who is in the hospital with COVID, has a compromised immune system, and ignored her doc’s advice to get the shot. She is very ill! Don’t preach to me about vaccines are bad! They save lives!!!!",1.76E+18,2024
Sat Feb 10 11:21:57 +0000 2024,3,0,1,USER_00616,NAME_00614,,,"""Frequent administration of mRNA COVID-19 boosters may impair the immune system response in immune-compromised individuals, raising questions about whether giving multiple vaccine doses is more harmful than beneficial""

https://t.co/Oz5aNwJwz6",1.76E+18,2024
Wed Feb 14 17:56:30 +0000 2024,1,1,0,USER_00617,NAME_00615,,United Kingdom,@panzeralert @xyzfredsmith @me0470770832862 @Nullen80 There is no evidence COVID vaccine IgG4 class switching harms the immune system. COVID vaccines prime rhe immune system not harm or weaken it. https://t.co/XOic8W8jvH,1.76E+18,2024
Thu Feb 15 23:17:25 +0000 2024,0,0,0,USER_00618,NAME_00616,,,"COVID vaccines “work” by instructing your immune system to give up the fight against the virus. 
https://t.co/BtvrvZdLV4",1.76E+18,2024
Sun Feb 11 05:26:15 +0000 2024,1,0,0,USER_00619,NAME_00617,,,"If COVID can do it, then the mRNA vaccine can as well.

EXCEPT!

The vaccine is contaminated, is wrapped in access all areas LNP, and mainlined into the victim's blood.

Virus has to get past your respiratory immune system including secretory IgA, innate immune system, etc.",1.76E+18,2024
Sun Feb 11 22:48:52 +0000 2024,16,2,0,USER_00620,NAME_00618,,Zambia ,"@eleskaycity I suffered from herpes zoster after I got my covid vaccine and getting involved in a near fatal road accident. The doc said my body's immune system had been compromised by the vaccine and the shock of the accident caused the breakout.
So it is not always about sexual activities.",1.76E+18,2024
Thu Feb 15 09:31:11 +0000 2024,0,0,0,USER_00621,NAME_00619,,United Kingdom,"After having COVID vaccines, my period got disturbed, and my immune system became so vulnerable and I was fighting with an infection in my body, the GP had to prescribe Antibiotics for me every 3/4 month &amp; I am again about to become ill😕Governments are responsible for this shit. https://t.co/7c3Ls4bi1S",1.76E+18,2024
Tue Feb 13 17:03:54 +0000 2024,1,0,1,USER_00622,NAME_00620,,Australia,"No Public Inquiry in Australia!  WHY?

""there are legitimate concerns about the frequent administration of [COVID vaccine] boosters in immunocompromised patients, raising questions about whether this practice may be causing more harm than benefit""

#auspol
https://t.co/Qo5M4hUm1P",1.76E+18,2024
Sat Feb 10 15:26:23 +0000 2024,0,0,0,USER_00623,NAME_00621,,United States,"I have never gotten colds over my 60 years until I had to take vaccine. Now it seems I get one every 3 months. I’m just sickened by the fact that I had to mess with my immune system. 

#Covid_19",1.76E+18,2024
Sun Feb 11 21:41:52 +0000 2024,4,0,0,USER_00624,NAME_00622,,,"Listen here psychocondriac,
unvaccinated people aren't getting covid we aren't getting sick. Your toxic vaccine has exhausted your immune system,it's injured you in so many ways only time will reveal the https://t.co/wIyYqpEkrH know I'm not lying because I still refuse to take this clot shot and have survived all the deadly predictions.",1.76E+18,2024
Tue Feb 13 03:37:20 +0000 2024,1,2,0,USER_00625,NAME_00623,,United States,@wiseunclebuck Vaccines don't prevent covid infections. They reduce the body's immune system response to it.,1.76E+18,2024
Fri Feb 09 13:46:26 +0000 2024,185,13,69,USER_00626,NAME_00624,,,"Frequent COVID Boosters in Immunocompromised ‘May Be Causing More Harm Than Benefit’: New Review Suggests

Did we really need a study to know this at this point? 

https://t.co/5oBhgJMj5g

https://t.co/wfbd1f0MkC

https://t.co/OocHgMTzLu",1.76E+18,2024
Sun Feb 11 22:41:04 +0000 2024,0,0,1,USER_00627,NAME_00625,,,"Sounds most likely that the vaccine is responsible! Using an AI the researchers discovered SARS-CoV-2 is broken down into fragments in a human body, and this viral debris can uniquely resemble endogenous peptides that overstimulate the immune system.  https://t.co/ltuTuoznzA",1.76E+18,2024
Mon Feb 12 04:28:07 +0000 2024,0,1,0,USER_00628,NAME_00626,,United Kingdom,"@LovemycountrySd @tcjepson @BlueSlots As vaccines are destroyed by your immune system within weeks, how exactly could it be biologically possible for a side effect to take years?

Excess deaths are mostly attributable to COVID, and they're actually lower in vaccinated people.
https://t.co/kXcPbC8HdO",1.76E+18,2024
Sun Feb 11 04:11:09 +0000 2024,2,1,0,USER_00629,NAME_00627,,,"@MikeRoy_Cit12 @mcfunny @RobertKennedyJr Yes, vaccines R rigorously tested like others. Covid vaccines were tested by 10s of thousands (some on this thread) of volunteers. Pharma cannot be sued for the normal immune system responses to vax - headaches, sore arm, fevers. There's a ""vaccine court"" https://t.co/cdKDgyCqLz",1.76E+18,2024
Mon Feb 12 21:29:35 +0000 2024,1,0,0,USER_00630,NAME_00628,,,"I want him to literally have a conversation, if he can articulate 2 words together as to why after getting the vaccine I got Covid several times then my immune system failed and I can no longer be exposed to people/ anyone because they have germs ?
Hmmmm",1.76E+18,2024
Mon Feb 12 14:24:10 +0000 2024,1,0,0,USER_00631,NAME_00629,,United Kingdom,"I had my first flu vaccine prior to the COVID, my partners immune system is very weak, she was put on an injection which made her immune system worse. I did what my heart told me, protect my beautiful angel at all costs. Then not long after, COVID struck, I had the Astra Zenica",1.76E+18,2024
Sun Feb 11 09:45:23 +0000 2024,26,3,2,USER_00632,NAME_00630,,,"Now, somehow I keep seeing ppl having a debate on whether or not someone who needs a new kidney or lung should be forced to get a Covid vaccine to receive it. What TF is wrong with all of u? U can’t force somebody to inject something into their body for any reason. 🚩WHERE AM I?",1.76E+18,2024
Tue Feb 13 22:16:08 +0000 2024,0,0,0,USER_00633,NAME_00631,,France,"@shadow13406225 Gene study reveals how COVID-19 mRNA vaccine leads to high risk of IgA Nephropathy, eventual kidney failure and possible cancers. October 06, 2021 https://t.co/xMzp734u57",1.76E+18,2024
Tue Feb 13 19:25:14 +0000 2024,3,0,3,USER_00634,NAME_00632,,United States,"COVID vaccine effectiveness (VE) wanes over time. This study found among patients requiring maintenance dialysis, VE against severe COVID-19 events was highest during the first 90 days post vaccination and lowest nine to twelve months following vaccination https://t.co/2yR7tCFLN1 https://t.co/RFkG35qglt",1.76E+18,2024
Mon Feb 12 02:58:09 +0000 2024,1,0,0,USER_00635,NAME_00633,,,"@ITGuy1959 Guy at work developed a bladder issue, post-Vax.  He ended up blowing his kidneys out.  He now gets home dialysis for life at the age of 57, unless he can convince his sister to give him a kidney.
COVID vaccine, it's a helluva experimental gene therapy.",1.76E+18,2024
Wed Feb 14 03:39:43 +0000 2024,0,2,0,USER_00636,NAME_00634,,,"@2023_justice @ShaneyWright @LizHighleyman But long COVID happened long before anyone was vaccinated. 

My neighbor had long COVID, March ‘20 - spring ‘21. The Pfizer vaccine cured her LC. Her long COVID impacted kidneys, pancreas, heart.  She quit her job due to cognitive decline; could barely walk 1/4 block. 100% now.",1.76E+18,2024
Mon Feb 12 16:12:58 +0000 2024,0,0,0,USER_00637,NAME_00635,,Canada,#Health: 'A Scoping Review of the Impact of COVID-19 on Kidney Transplant Patients in the US' NIH (2023 https://t.co/ALkIiiSsjZ. #COVID19 #drugs #vaccines #disease,1.76E+18,2024
Mon Feb 12 16:53:44 +0000 2024,2,0,1,USER_00638,NAME_00636,,,@GBNEWS Of for god sake give up with the fear mongering.this is caused by kidney issues caused by the COVID vaccine,1.76E+18,2024
Fri Feb 16 04:59:26 +0000 2024,0,0,0,USER_00639,NAME_00637,,United Kingdom,"@ABridgen I belive that covid 19 vaccines should banned all together.i have had 3 vaccines injections. I was totaly healty before i had these vaccines. And now i have had kidney problems, high blood presure, chest pains. I think it was very wrong to force people to take this  vaccine",1.76E+18,2024
Fri Feb 16 04:56:55 +0000 2024,0,0,0,USER_00640,NAME_00638,,,"@AnnetteAll23832 @k1llstreakz I got Covid in March 2020 before vaccines were invented. I have been bedbound on oxygen with stage 4COPD and massive heart, kidney, brain issues since 3/16/2020. Long covid has wreaked havoc in every single aspect of my family’s life. Please have compassion.",1.76E+18,2024
Wed Feb 14 02:35:40 +0000 2024,0,3,0,USER_00641,NAME_00639,,,"@Matta_TattTatt @robinmonotti In any case myocarditis isn't the only risk from COVID, which has been shown to damage lungs, kidneys, nerves, and other organs and causealog and debilitating illness.

OTOH, the risks from vaccination are very low, an vaccine induced myocarditis is almost always very mild.",1.75E+18,2024
Tue Feb 13 13:00:39 +0000 2024,1,0,0,USER_00642,NAME_00640,,United Kingdom,"@Joey7Barton Took 2 doses of the covid vaccine, whilst I had end stage kidney failure, have since had a kidney transplant and feel brilliant, the vaccines were safe for the very vast majority of those who had them,the issue is with the government and whatever was happening and hidden at 'time",1.76E+18,2024
Tue Feb 13 00:57:40 +0000 2024,3,0,0,USER_00643,NAME_00641,,United States,@JeffDun85374706 I’m a 72 yo woman with a kidney transplant. I’m immunosuppressed. Even vaccines don’t give me full protection. Covid would kill me. I’m fully vaccinated as is my husband. Rarely leave the house but I mask when I do . I am further protected by others who vax.,1.76E+18,2024
Wed Feb 14 17:43:05 +0000 2024,1,0,0,USER_00644,NAME_00642,,,"@HillcrestCardCo My 1st and only bout with covid resulted in afib which put me in the hospital for a week. Now my heart is enlarged and failing. The failing heart and meds caused 3rd stage chronic kidney failure. Covid, not the vaccine, caused permanent, dangerous health conditions.",1.76E+18,2024
Fri Feb 16 07:28:22 +0000 2024,2,0,0,USER_00645,NAME_00643,,,"@leemcnulty4 @stewardmogs @NovaxForcazi How did the vaccine cause kidney failure?

Covid is a much more likely cause.",1.76E+18,2024
Mon Feb 12 06:51:53 +0000 2024,1,0,2,USER_00646,NAME_00644,,Australia,"New Zealand Fudged the Data on How the Kidneys Fare After the COVID Vaccines. (7th January 2024).
Evidence in here that New Zealand actually hid the data, they lied to the public.  DELIBERATELY.
https://t.co/3LYz4KIuma via @epochtimes",1.76E+18,2024
Mon Feb 12 21:56:03 +0000 2024,1,0,0,USER_00647,NAME_00645,,,@Nohj_85 Me and my mum both suffering from this covid vaccine me having liver problems and my mum having kidney problems,1.76E+18,2024
Wed Feb 07 14:38:32 +0000 2024,4,2,0,USER_00648,NAME_00646,,,"Many people died from a deadly hospital protocol of a cocktail of toxic prescription drugs which included fentanyl, liver and kidney destroying drugs, forced tubing people’s lungs; as well deadly vaccines / shedding. All these deaths were labeled “COVID.” https://t.co/WLer8HysoI",1.76E+18,2024
Tue Feb 13 00:59:04 +0000 2024,1,0,0,USER_00649,NAME_00647,,,"@YlanRoy @julia_doubleday @haziethompson But I agree we can't ignore vaccine injuries, but no one can just say they've been injured by covid or the vaccine, has to be shown medically my heart and kidney, higher blood sugars were from mild covid post viral April 2020, with heart failure by July",1.76E+18,2024
Sat Feb 10 19:16:20 +0000 2024,2,2,0,USER_00650,NAME_00648,,United States,@DonaldLepp @thevegdoc That's not true sorry. My dad has had two kidney transplants and he had to be vaccinated. He's also since had the COVID vaccine and boosters. Kthnxbi,1.76E+18,2024
Tue Feb 13 03:55:02 +0000 2024,4,1,0,USER_00651,NAME_00649,,,"@mrhodes9 @HeyPesky @BronwynsPlace @CannaSpiritedLi It's not condemning you to die. You don't want COVID antibodies in your body? A blood test won't discriminate between natural infection or vaccine.

And it's great that you believe that. Letting someone die without your extra kidney, blood, marrow, w/e, is also unethical then.",1.76E+18,2024
Sat Feb 10 19:08:11 +0000 2024,4,0,0,USER_00652,NAME_00650,,United States,"@JohntheLyricist @BadMedicalTakes Hi! I'm a cancer patient &amp; kidney transplant recipient (pinned Tweet) &amp; have had every COVID vax/booster, monoclonal antibody shots, shingles &amp; flux vaccines. How am I alive @HopiNg66966500 ya unbelievable twit?!🙄",1.76E+18,2024
Tue Feb 13 18:23:58 +0000 2024,4,0,0,USER_00653,NAME_00651,,Spain,"@VaxxersAnti Glad I got the “Covid 19 Antichrist Covid Vaccine.”  Getting “the Cupcakes” sounds like Mom-slang for a boob job. (Or if you previously lived in the White  House, “kidney surgery,” )",1.76E+18,2024
Sun Feb 11 05:42:34 +0000 2024,0,0,0,USER_00654,NAME_00652,,,"When NDC was on power, ailments that results to being under Dialysis wasn't Rampant. A few years after Covid Vaccines were introduced, the result has been Dialysis in rampant. Kidney Blocks.",1.76E+18,2024
Sun Feb 11 05:19:05 +0000 2024,1,0,0,USER_00655,NAME_00653,,United States,"@jbirdthoughts @FiveTimesAugust No vax for me. I had COVID and almost died but I also fell out of bed when I was sick.
The doctors were more concerned about the blood clot near my kidney from the fall than about the COVID.
I spent 15 days in the hospital. Praise God I'm still alive with no vaccine.",1.76E+18,2024
Wed Feb 07 21:51:02 +0000 2024,0,0,0,USER_00656,NAME_00654,,United States,@AZ_Brittney The Covid vaccine I was forced to take or be fired ruined my life. I was completely healthy beforehand and doctors and kidney specialist tell me there's nothing they can do for me. Almost 3 years of these chronic health problems 24/7! Fuck Pfizer and Peace Health.,1.75E+18,2024
Wed Feb 14 17:21:47 +0000 2024,0,0,0,USER_00657,NAME_00655,,United States,"I asked my sister, a leukemia researcher for +30yrs about PCR in April 2020. She said, no PCR is not stable enough to do 1,000s of test quickly. C.E. Ryan McMahon-Syracuse said PCR is great! SHAMEFUL! @OnondagaCounty #Covid_19 #vaccine #NFL #SuperBowl2024 #QQQ #HealthTips #WEF24",1.76E+18,2024
Tue Feb 13 05:09:41 +0000 2024,3,0,2,USER_00658,NAME_00656,,United States,"This article also tries to paint treatments for C (but not vaccines) as carcinogenic.

""In a case study published in 2021Trusted Source,researchers present the case of a 61 yr old man who developed acute myeloid leukemia 40 days after developing COVID-19.""
https://t.co/byBiF3Of5W https://t.co/cPVJhcj5Yq",1.76E+18,2024
Wed Feb 14 01:06:28 +0000 2024,1,0,0,USER_00659,NAME_00657,,,I was diagnosed with acute myeloid leukemia in September 2021.  Shortly after contracting Covid in November 2020 and taking the vaccines in April and May of 2021,1.76E+18,2024
Mon Feb 12 02:19:23 +0000 2024,0,0,0,USER_00660,NAME_00658,,United States,"Some people like
Me that acquired leukemia months before COVID hit were instructed by their cancer doctors to get vaccinated due to their low immune response.  Also mask as well.  So Imma Republican that got 3 vaccines, covid 4 times and still wear a mask.  I will. It
Get another vaccine because it seems I don't make the antibodies or antigens. So vaccines are useless on me.  However the Monoclonal antibodies do make me feel freaking awesome the first two times I went to the hospital and had them.  I was over the Covid in two days.  Now they supposedly didn't work and they stopped using as treatment.  Bs I think they stopped using them because.  they worked. Don't judge all the got vaccinated and wears a mask.",1.76E+18,2024
Thu Feb 08 21:34:33 +0000 2024,0,0,0,USER_00661,NAME_00659,,,"@ItsDustin1992 If you son was inoculated with the Covid shot you may want to look up Dr. Markis, a nuclear oncologist and his reporting on turbo cancers such as leukemia in young people and its relation to the pseudo Covid  “vaccine.”",1.76E+18,2024
Wed Feb 14 14:54:49 +0000 2024,1,0,0,USER_00662,NAME_00660,,,"A peer reviewed study from Lund Univ. showing entry of Covid Mrna vaccine entering the nucleus and transcripting into the genome in humanized mouse liver cells.
https://t.co/6uC3hDh16I",1.76E+18,2024
Mon Feb 12 20:04:26 +0000 2024,0,0,0,USER_00663,NAME_00661,,,CIMB | Free Full-Text | Intracellular Reverse Transcription of Pfizer BioNTech COVID-19 mRNA Vaccine BNT162b2 In Vitro in Human Liver Cell Line https://t.co/gwhKgZlffc,1.76E+18,2024
Mon Feb 12 02:15:29 +0000 2024,8,2,2,USER_00664,NAME_00662,,,@iluminatibot My dad had to be vaxed to qualify for a liver transplant after his and my mom's 4th. My mom got turbo glioblastoma after her 4th and had to have all covid vaxes and boosters as well to qualify for a trial. My mom is dead. My dad got a liver. Both healthy and 62 before vaccines,1.76E+18,2024
Tue Feb 13 13:18:26 +0000 2024,0,1,0,USER_00665,NAME_00663,,India,"@neorevolt Should we not be calling this State sponsored ""murder "" of citizens ? After all covid vaccines do cause slow death of our cells leading to heart attacks, brain strokes, liver failure, cancer, n what not.",1.76E+18,2024
Thu Feb 08 04:07:10 +0000 2024,0,0,0,USER_00666,NAME_00664,,Canada,"@CartlandDavid I've had 6 Covid vaccines. Not had Covid. Not had any side effects.
I have had side effects from many other medications such as tetracycline, methotrexate etc. One damaged my liver
People have died from penicillin, anesthesia etc.
Your narrative is obvious",1.75E+18,2024
Wed Feb 07 14:08:56 +0000 2024,1,0,0,USER_00667,NAME_00665,,,"@dystopian_DU All vaccines are failed products. Vaccination's fundamentally harmful, bypassing the liver while indirectly introducing foreign, non-self particles into the bloodstream. The Covid shots are egregiously worse, programming the body to *produce* a foreign protein.",1.75E+18,2024
Sat Feb 03 02:17:48 +0000 2024,0,0,0,USER_00667,NAME_00665,,,"@goddeketal @JenniferNuzzo Vaccines are your corruptor, bypassing the liver as they introduce foreign (non-self) molecules into the bloodstream.

The Covid shots aren't vaccines - they're egregiously worse, programming the body to *produce* a foreign protein (and that's just for starters). https://t.co/8MBxe2Ti7E",1.75E+18,2024
Tue Dec 19 21:29:42 +0000 2023,14263,274,8953,USER_00668,NAME_00666,,United States,"According to funeral director John O'Looney, so many vaccinated pregnant women were having late term miscarriages during the Covid Vaccine rollout that the dead babies were being taken straight to the crematoriums.

And they made sure that they kept this hidden from the public. https://t.co/m3IzvSHUbj",1.74E+18,2023
Tue Dec 12 04:50:12 +0000 2023,5739,125,2205,USER_00668,NAME_00666,,United States,"Never forget how blatantly and shamelessly they lied to you: 

Pregnant women are not even supposed to get Botox, yet they approved the experimental Covid vaccine for pregnant women, and then marketed it to them. 

“Injectable’s are not generally safe for pregnant women to use” https://t.co/SGETlL1Vz9",1.73E+18,2023
Thu Dec 21 11:03:43 +0000 2023,855,37,342,USER_00669,NAME_00667,,United Kingdom,"@wideawake_media Dr Roger Hodkinson Pathologist,  How can any Doctor physician  look into the eyes of a pregnant woman or child and tell them the experimental covid vaccine is safe When we know it is causing unprecedented harm and death https://t.co/MpQfIg4Yq3",1.74E+18,2023
Tue Dec 19 23:13:15 +0000 2023,7,1,6,USER_00670,NAME_00668,,United States,"According to funeral director John O'Looney, so many vaccinated pregnant women were having late term miscarriages during the Covid Vaccine rollout that the dead babies were being taken straight to the crematoriums.

And they made sure that they kept this hidden from the public. https://t.co/9jnZmIDka4",1.74E+18,2023
Sat Aug 19 15:24:05 +0000 2023,2,1,1,USER_00670,NAME_00668,,United States,"⚠️TURBO CANCER - Nurses are developing advanced (usually Stage 4) turbo cancers after being forced into taking COVID-19 mRNA vaccines. 

I present 30 nurses &amp; their tragic stories!

- lymphoma (6)
- colon (6)
- breast (5)
- lung (2)
- leukemia (2)
- melanoma (2) https://t.co/Qjrnwie5GG",1.69E+18,2023
Fri Jan 12 00:15:42 +0000 2024,610,33,303,USER_00671,NAME_00669,,Australia,"""Pregnant rats received the COVID-19 mRNA BNT162b2 vaccine during gestation. Subsequent evaluations on male and female offspring included autism-like behaviors, neuronal counts, and motor performance......Notably, male rats exhibited pronounced autism-like behaviors, characterized by a marked reduction in social interaction and repetitive patterns of behavior.""
https://t.co/ehJpL26Ce6  This research is not consistent with a category B1 for prescribing medicines in pregnancy. I call on the @TGAgovau to revise the category and review the literature and the @healthgovau to correct the public information on safety in pregnancy.",1.75E+18,2024
Tue Feb 13 12:33:43 +0000 2024,357,27,199,USER_00672,NAME_00670,,,"A study from Turkey discovered that female rats injected with mRNA COVID-19 vaccines gave birth to offspring exhibiting symptoms of autism and lower neuronal counts in the brain. The peer-reviewed study analyzed the offspring of pregnant rats injected with Pfizer’s mRNA COVID-19 shots during gestation.

This study evoked intense reactions from the scientific community. Radiologist and cancer researcher William Makis said, “It’s time to immediately halt COVID-19 mRNA vaccines and begin assessing the incalculable damage done to the next generation.”

If your obstetrician recommends that you get the COVID “vaccine” to protect you and your baby, ask yourself two questions:

Protect from what? You have a 99.997% chance of complete recovery from COVID.
Do you really want to take the chance of putting your baby’s health at risk?",1.76E+18,2024
Sat Dec 23 21:04:38 +0000 2023,28,2,10,USER_00673,NAME_00671,,,"The Covid vaccine received emergency use authorization (EUA) in Dec of 2020. In the Spring of 2021 the vaccine become more readily available to the general public. After 2.5 years of struggling with infertility, I was finally pregnant with my son at that time. 

1/",1.74E+18,2023
Fri Jan 12 17:02:54 +0000 2024,8,7,4,USER_00674,NAME_00672,,United States,"Covid Vaccines Cause ‘Autism’ in Lab Rats, Study Finds⚠️

💉A fascinating animal study found that giving pregnant rats the Pfizer Covid vaccine induced ‘autism-like’ traits in the male pups born after such vaccination.

➡️The placebo-controlled study was published in Neurochemical Research.

Read more HERE 👉https://t.co/osGiLHF5JV",1.75E+18,2024
Thu Jan 04 10:02:18 +0000 2024,14,0,2,USER_00675,NAME_00673,,United Kingdom,Are you pregnant? Have you had your Covid Vaccine? Every Wednesday in January we are setting up a drop-in Covid Vaccine Hub at our Antenatal Clinic (8E) @RoyalLondonHosp @RLHImms @RLHMaternity #Protectyourself #Protectyourbaby #HappyNewYear2024 https://t.co/Ow6TOmrFah,1.74E+18,2024
Sun Jan 21 05:17:18 +0000 2024,968,26,277,USER_00676,NAME_00674,,United States,"“At a certain point in time, it’s immoral to be continuing to recommend it. It’s immoral.”

Joe Rogan, Eddie Bravo and Joey Diaz on how the COVID vaccine causes autism in mice and yet our “health experts” recommended it for pregnant women. https://t.co/mQFU2tgGgI",1.75E+18,2024
Mon Jan 22 00:53:26 +0000 2024,130,3,29,USER_00676,NAME_00674,,United States,Never forget that our “health experts” lied to pregnant women and told them the COVID vaccine was safe for them and their baby.,1.75E+18,2024
Wed Jan 24 15:08:44 +0000 2024,10637,298,3879,USER_00677,NAME_00675,,,That awkward silence in America right now are all the vaccinated people realizing that Pfizer tested its COVID vaccine on a couple of rats and then allowed pregnant women to take it.,1.75E+18,2024
Sun Feb 11 10:10:54 +0000 2024,0,1,0,USER_00678,NAME_00676,,Belarus,"⚠️⚠️ The mainstream media acknowledges the genetic modification induced by the COVID vaccine, a viewpoint I've maintained since 2020. Contrary to current suggestions about its impact on pregnant women, this represents a preparatory stage for comprehensive repercussions affecting all recipients. As consistently asserted, these interventions should be classified as gene therapies rather than conventional vaccines.

There exists substantial scientific evidence demonstrating the spike protein's ability to commandeer both the DNA damage repair and adaptive immune systems in controlled laboratory environments (in vitro) and living organisms (in vivo). Unfortunately, compromise of one's DNA leads to irreversible consequences for the immune system.",1.76E+18,2024
Sat Jan 13 00:23:24 +0000 2024,2,0,0,USER_00679,NAME_00677,,,Feel some type of way with the fact that when I was pregnant with Elena the doctors recommended me to get the covid vaccine and I did. Month later I got covid? Last month they told me take the flu shot since i’m pregnant to help prevent me from getting sick. WE HAVE THE FLU.,1.75E+18,2024
Mon Nov 13 10:00:38 +0000 2023,1,1,1,USER_00680,NAME_00678,,United States,"Whew... I was so worried about the covid vaccine risk in pregnant men... 🙄🤡🌍🤡🌍🤡🌍",1.72E+18,2023
Mon Feb 12 11:48:19 +0000 2024,1,0,1,USER_00681,NAME_00679,,United Kingdom,"Under no circumstances should a pregnant woman or one hoping to be pregnant feel the need to take a Covid Vaccine. When did you last hear of any adverse consequence from Covid in any child or young woman?Conversely, a close healthy family member died  shortly after the booster.",1.76E+18,2024
Fri Feb 09 19:50:13 +0000 2024,8,0,1,USER_00682,NAME_00680,,Switzerland,"I’d rather share this in English so that most bullshit providers should give up shitting storms.

Pregnant women AND their children benefit COVID vaccine.",1.76E+18,2024
Sat Jan 27 20:55:47 +0000 2024,29,1,10,USER_00683,NAME_00681,,,"It’s been a while since I’ve shared this thread regarding the COVID vaccine in pregnant women, fetal demise, and or harm. Please check it out when you have a chance.",1.75E+18,2024
Sat Jan 20 19:10:39 +0000 2024,28,3,15,USER_00684,NAME_00682,,,"Turkish study finds injecting pregnant rats with mRNA Covid vaccines caused changes to the offsprings’ brain & autism-like behavior

“In conclusion, our study presents evidence that the COVID-19 mRNA BNT162b2 vaccine impacts the WNT pathway and BDNF levels in rats, with particularly pronounced effects observed in males. These male-specific outcomes, including autism-like behaviors, reduced neuronal counts, and impaired motor performance, emphasize the potential neurodevelopmental implications of the vaccine, aligning with existing literature on the roles of the WNT pathway and BDNF signaling in neurodevelopmental disorders.

Further rigorous clinical studies are required to confirm these observations in human populations and to ascertain the exact mechanisms at play.

Given the public health significance of understanding the effects of COVID-19 vaccination, especially during preg-nancy, comprehensive studies are vital. These should weigh the benefits and potential risks of vaccination, focusing on ensuring optimal neurodevelopmental outcomes. Our findings underscore the importance of continued research in this domain to guarantee the safety and well-being of all individ-uals, especially those who are pregnant and their offspring.”",1.75E+18,2024
Sat Feb 10 21:52:32 +0000 2024,10,1,1,USER_00685,NAME_00683,,Australia,"@CKellyUAP My ND neighbour told her two pregnant granddaughters if they want healthy babies Do Not Have The Covid Vaccine.  

Result: two healthy great grandchildren.  

My neighbours had previously 2 vaccines ea and suffered adverse reactions.  They are all now anti vaxxers.",1.76E+18,2024
Tue Dec 26 10:13:55 +0000 2023,19,1,7,USER_00686,NAME_00684,,London UK,"This is so important! Pregnant and breastfeeding women were excluded from COVID vaccine research - too many have since been harmed or died because there was no data to show it was safe, and for years now pregnant women have been afraid to get it, and too many have ended up in ICU",1.74E+18,2023
Thu Feb 01 16:08:13 +0000 2024,6,1,0,USER_00687,NAME_00685,,United States,my gfs sister has friends that thought they were infertile because of the covid vaccine so theyve been rawdogging it and have all gotten pregnant at least once,1.75E+18,2024
Fri Jan 26 16:19:19 +0000 2024,4,0,5,USER_00688,NAME_00686,,United States,"What they haven’t told you … it’s all coming out.
Even MSM are releasing the truth about Pfizer Covid vaccine trials on Children and Pregnant women.
5 min video on the horrors of Pfizer trials on children.
Reposted from @DiedSuddenly_ and @infidel_cracka https://t.co/hGb3az54UW",1.75E+18,2024
Mon Feb 12 04:31:58 +0000 2024,2,0,1,USER_00689,NAME_00687,,United States,"If you are pregnant and worried about the vaccine, please know that it will benefit both you and your baby. Art: @laloalcaraz 
#Covid_19 #infertilitycovid #VAXXED https://t.co/HYOQnmLt39",1.76E+18,2024
Fri Feb 09 22:22:07 +0000 2024,0,1,0,USER_00690,NAME_00688,,United Kingdom,"Covid vaccine mRNA found in the placenta of vaccinated pregnant women, when it was supposed to have remained localised near the injection site. What with all the other problems found with these vaccines, why haven't they been taken off the market?",1.76E+18,2024
Fri Feb 09 22:55:02 +0000 2024,5,0,1,USER_00691,NAME_00689,,United States,"New research from Cedars-Sinai finds that women who adhere to standard immunizations during pregnancy are more likely to accept the COVID-19 vaccine. 
https://t.co/jsewmdsjEz",1.76E+18,2024
Sun Jan 21 12:01:00 +0000 2024,1136,52,716,USER_00692,NAME_00690,,United States,"🚨 Pfizer’s COVID Vaccine Caused Autism-Like Behaviors in Offspring of Rats Vaccinated During Pregnancy  

A recent study suggests administering the mRNA vaccines to pregnant women may cause neurodevelopmental harm to their children.   

⬇️
https://t.co/T8awKJ59UE",1.75E+18,2024
Fri Dec 01 21:00:01 +0000 2023,1603,46,902,USER_00692,NAME_00690,,United States,"🚨 COVID Vaccine May Cause Long-Term Heart Damage, Even in People With No Symptoms  

The findings contradict claims by the CDC that people who develop myocarditis following COVID-19 vaccines experience symptoms but “feel better quickly.”  

LEARN MORE ⬇️
https://t.co/ov5hrr3zAJ",1.73E+18,2023
Thu Oct 05 17:01:00 +0000 2023,584,43,279,USER_00692,NAME_00690,,United States,"Cody received two doses of Pfizer’s COVID-19 vaccine.

“...he was coughing up blood + hanging onto the walls trying to stand up...” — Heather Hudson

He went to the ER where they diagnosed him with a pulmonary embolism + thrombosis. 

#TheDefender 
https://t.co/HMD8SVkv76",1.71E+18,2023
Sun Feb 11 03:10:44 +0000 2024,3,6,1,USER_00693,NAME_00691,,Canada,"@DowdEdward So it's now been declared that COVID-19 in isolation can cause DNA changes in pregnant women?

But regulators still claim the vaccines which included the same viral genome plus added in an SV40 promoter (helps mRNA into cells' nuclei) was totally safe? 

Makes total sense. 🤨",1.76E+18,2024
Wed Feb 14 06:16:17 +0000 2024,0,0,0,USER_00694,NAME_00692,,,@DrSusanOliver1 What is the Covid vaccine ever tested on pregnant women?,1.76E+18,2024
Tue Feb 13 22:46:46 +0000 2024,0,0,0,USER_00694,NAME_00692,,,After what the doctors did to the Canadian people during Covid they should all be arrested! They told pregnant women the jab was safe knowing it had never been tested on pregnant women!they told us natural immunity didn’t work! And now we have tens of thousand vaccine injuries!,1.76E+18,2024
Sun Jan 28 21:06:25 +0000 2024,4,2,1,USER_00695,NAME_00693,,,"You have a 1/175 chance of having a stillborn baby, versus a 1/200,000 chance of dying from the Covid vaccine. 

In other words, if you get pregnant and must carry it to term, the odds of murdering it are over 1000% greater than just dying from taking the COVID vaccine.",1.75E+18,2024
Fri Feb 09 15:06:38 +0000 2024,91,13,62,USER_00696,NAME_00694,,Canada,"Health Minister: ""none of the COVID-19 vaccine manufacturers sought indications for use in pregnant or lactating women or submitted randomized clinical trial data in pregnant or lactating women for regulatory evaluation.""

Question No. 2154—Mr. Ted Falk:
With regard to Health Canada monitoring Pfizer's COVID-19 vaccine: (a) did Health Canada (HC), the Public Health Agency of Canada (PHAC), the National Advisory Committee on Immunization (NACI) or Canadian Institute for Health Information (CIHI) receive the report entitled Pregnancy and Lactation, Cumulative Review from Pharmacovigilance Database, dated April 20, 2021, or an equivalent document; (b) if the answer to (a) is affirmative, what are the details, including the (i) date HC, PHAC, NACI or CIHI received a report outlining clinical data any period from the time of drug product development to the end of the first six months of the roll out, (ii) report name, (iii) percentage of pregnant women who reported adverse events, (iv) percentage of lactating women who reported adverse events in themselves and their newborns; (c) what is HC's analysis of the document in (a) relative to, (i) premature deliveries, (ii) miscarriages, (iii) spontaneous abortions, (iv) stillbirths, (v) maternal deaths, (vi) the percentage of pregnant women who reported adverse events, (vii) the percentage of lactating women who reported adverse events in themselves or their newborns; (d) if the answer to (a) is negative does HC, PHAC, NACI or CIHI plan to request this report or equivalent report from Pfizer; (e) with respect to passive surveillance, what is the established threshold for conditions listed in (c) (i) to (v) for withdrawing approval for this population; (f) for institutions who met the continuous review of global vaccine safety surveillance rule which showed no evidence of any adverse pregnancy or neonatal outcomes associated with COVID-19 vaccination, what are the (i) institution names, (ii) links, (iii) supporting document names?

Hon. Mark Holland (Minister of Health, Lib.):
Mr. Speaker, with regard to part (a), Health Canada did not receive the above-mentioned report. With regard to part (b), the answer is nil, as per (a). With regard to part (c), the answer is nil, as per (a).
With regard to part (d), Health Canada has a robust vaccine safety surveillance system in place that engages health care professionals, vaccine manufacturers, the Public Health Agency of Canada, PHAC, and the provincial and territorial health authorities. Through these measures, manufacturers are required to submit safety data from real-world use and results related to safety and effectiveness from ongoing and planned studies as they become available.
In addition, Health Canada and the Public Health Agency of Canada have been actively monitoring and reviewing reports of adverse events following immunization, AEFI, reported to the Canada vigilance program, at https://t.co/zYa3FwMtCm, and the Canadian adverse events following immunization surveillance system, at https://t.co/ghMyyh11PF. This information is published on the Government of Canada’s website at https://t.co/I5B3uM6T7w. As noted on this website, there were 95 reports of spontaneous abortion up to and including September 15, 2023. It is important to note that these reports do not necessarily imply that a relationship between the adverse event and the vaccine has been established. However, they are an important source of information supporting ongoing safety monitoring. Health Canada also monitors and considers information from the scientific literature and international regulators.
Health Canada will not request the above-mentioned report separately since the report is now outdated. However, on October 22, 2022, Health Canada published a summary of the review on the use of the mRNA COVID-19 vaccines Comirnaty and Spikevax during pregnancy and breastfeeding, which included adverse events reported to Health Canada. Information about the summary of the review is available by clinking on this website: https://t.co/5fyzjfh2uL.
Health Canada continues to monitor the safety of COVID-19 vaccines approved in Canada to help ensure that the benefits continue to outweigh the risks for all groups of individuals, including pregnant and lactating women. Should there be new safety issues identified, Health Canada will take action, as appropriate.
From the National Advisory Committee on Immunization, NACI, the summary of evidence and rationale for NACI’s pregnancy and breastfeeding recommendations was updated to reference developmental and reproductive toxicity, DART, animal studies for COVID-19 vaccines as those became available throughout 2020 and 2021. The relevant evidence was summarized in each update to NACI COVID 19 recommendations. In September 2022, as more evidence accumulated, NACI revised public health advice to strongly recommend that COVID-19 vaccines should be offered to those who are pregnant or breastfeeding, based on a review of global vaccine safety surveillance, vaccine effectiveness, vaccine safety studies and Canadian epidemiology. This included information from the Canadian National Vaccine Safety Network study, which started in December 2020, and the COVID-19 vaccine registry for pregnant and lactating individuals, which was launched in July 2021.
With regard to part (e), none of the COVID-19 vaccine manufacturers sought indications for use in pregnant or lactating women or submitted randomized clinical trial data in pregnant or lactating women for regulatory evaluation. The product monographs included statements about the uncertainties related to pregnancy and lactation. A change to the approved conditions of use for a drug, including vaccines, or removal of a drug from the market is based upon the available evidence regarding the risks and benefits of the drug. There is no specific threshold but rather a scientific evaluation of the balance of risks and benefits. If the available evidence, including data obtained through passive surveillance, indicates that the risks outweigh the benefits, Health Canada will take appropriate action. This action may include changes to the conditions of use of a drug, such as contraindicating use for some groups, or complete removal of the drug from the market. Should such action be taken, Health Canada would also communicate the risk to Canadians and health care providers.
With regard to part (f), while Health Canada has no information on institutions that met continuous review of the global vaccine safety surveillance rule, we understand that vaccine safety is monitored worldwide by health authorities. This information can be found on the official websites of international health authorities.
https://t.co/EOYkyW19cn",1.76E+18,2024
Fri Jan 12 06:33:19 +0000 2024,346,30,244,USER_00697,NAME_00695,,,"The same people who believe man made “climate change” is real also believe:

- Biological men can be women 
- Men can be pregnant
- There’s 63 genders
- Masking up works
- COVID “vaccines” are “safe &amp; effective”
- All Muslims are our “pals”
- Socialism is “awesome”
- Biden “won”",1.75E+18,2024
Thu Dec 28 00:59:36 +0000 2023,2,0,0,USER_00698,NAME_00696,,United States,"Local urgent care was full by 3 pm this afternoon. Glad I was just there for my updated COVID vaccine (had gotten the old one in July while pregnant), but hardly a mask in sight. Insane.",1.74E+18,2023
Sun Feb 11 20:16:40 +0000 2024,17,1,2,USER_00699,NAME_00697,,United States,"at boosting. This underscores the importance of getting an additional dose of COVID-19 vaccine during pregnancy. Furthermore, because the risk of COVID-19 is particularly great for pregnant individuals, maximizing the amount of antibody transferred to the infant should be...",1.76E+18,2024
Sat Apr 09 19:52:28 +0000 2022,7,0,0,USER_00699,NAME_00697,,United States,Rapid Progress in Our Understanding of Covid-19 Vaccine Allergy: A Cau... https://t.co/1X9dhY2EM8,1.51E+18,2022
Wed Jan 31 14:01:00 +0000 2024,50,9,5,USER_00700,NAME_00698,,United Kingdom,@CartlandDavid My daughter is pregnant and the midwife said last week you really should have the COVID and flu vaccine 🤬 they are still pushing it 🤬,1.75E+18,2024
Sat Feb 03 18:51:55 +0000 2024,197,9,79,USER_00701,NAME_00699,,Ireland,"In Ireland we are advising children, pregnant women the general public to have a Covid Vaccine whilst as per the HSE the vast majority of healthcare workers have  declined to take it.

IE:  The majority of those giving the jab won't take it themselves!

A new kind of hypocrisy.",1.75E+18,2024
Wed Jan 24 21:25:55 +0000 2024,6,1,2,USER_00702,NAME_00700,,,"#PedsID #Publichealth In this prospective cohort study of pregnant individuals with preterm and full-term deliveries, receipt of 3 or more compared with 2 doses of #COVID vaccine before delivery resulted in 10-fold higher cord anti-S #antibody levels. Maternal antibody concentration appeared more important than delivery gestational age in determining cord anti-S antibody levels. The number of doses and timing considerations for #COVID19vaccine in pregnancy should include individuals at risk for preterm delivery.
https://t.co/AJPy1Dbacy",1.75E+18,2024
Fri Jan 19 09:22:53 +0000 2024,18,1,4,USER_00703,NAME_00701,,United States,"I can't get over this couple who visited Vegas during the pandemic.

They were outspoken anti-vaxxers. She was pregnant, got the virus, had 3 strokes + a heart attack, and was comatose. She and the baby nearly died. Some of her family is STILL reluctant to get the COVID vaccine! https://t.co/ad7Ys4wlf9",1.75E+18,2024
Fri Feb 09 16:55:27 +0000 2024,5,3,0,USER_00704,NAME_00702,,,"Adults who received an updated COVID vaccine were 54% less likely to get infected with COVID compared with those who did not receive an updated vaccine. Everyone 6 months &amp; older should get an updated COVID vaccine, especially: 65+, pregnant, or with a weakened immune system.",1.76E+18,2024
Sun Feb 11 09:41:05 +0000 2024,0,0,0,USER_00705,NAME_00703,,,"🚨🚨🚨
Covid gene therapy vaccines.

Be informed::
Don't compromised your unborn child! 

&lt;Mothers to be and pregnant women!&gt; 

h/t @Jikkyleaks @AJOG_thegray

#Covid19vaccines 
#CovidGeneTherapy vaccines
#auspol",1.76E+18,2024
Wed Feb 14 19:20:51 +0000 2024,1,0,0,USER_00706,NAME_00704,,United States,"Dr. Naomi Wolf: 300% Rise of COVID Deaths in Pregnant Women During Delta Appears To Implicate Vaccine-Associated Enhanced Disease (VAED) – Ask Dr. Drew

https://t.co/sn7q1ZKEgO",1.76E+18,2024
Tue Feb 13 17:49:01 +0000 2024,3,0,2,USER_00707,NAME_00705,,,"Have questions about COVID-19 vaccines during pregnancy? The latest studies have again found that they're safe and effective.

Protect yourself and your baby – get vaccinated! #IVaccinate https://t.co/396DFugCyl",1.76E+18,2024
Wed Feb 07 13:17:13 +0000 2024,3,2,0,USER_00708,NAME_00706,,United Kingdom,"Safe for pregnant women and their babies 
https://t.co/OGLHWLP32P",1.76E+18,2024
Tue Dec 19 09:07:57 +0000 2023,7,1,3,USER_00709,NAME_00707,,,"@JayTee52721 @AmerAcadPeds we are CERTAIN that this brand new mRNA vaccine that really we're learning as we go to.  but GIVE IT TO THE UNBORN TOO.   sure.  

and the stupid covid vaccine scientists took it THAT far because they wanted to SHOW that it was SO safe that even pregnant women were OKAY",1.73E+18,2023
Tue Feb 13 01:05:00 +0000 2024,2,1,3,USER_00709,NAME_00707,,,"@CincyChildrens C2.18

Remember?  The COVID mRNA vaccine that you all thought was GOOD to give to even infants??  and PREGNANT WOMEN?  

Your science was THAT broken?  Your antibody never even enters the LUNG AIR SPACE???",1.76E+18,2024
Thu Feb 01 16:20:24 +0000 2024,21,2,5,USER_00710,NAME_00708,,Nigeria,"@USAID @Breakthrough_AR @oma_mizflawless @Tinu_AKD @chidemannie @Lawrendozi @ceetynah001 @DavidEdet_ @ZillahWaminaje @Zikarr_ @NphcdaNG @NCDCgov Vaccines Save Lives.

Getting the COVID-19 vaccine is crucial for persons who are at high risk for severe illness, such as chronic conditions, pregnant women, and elders. #TeamVaccine @USAID @Breakthrough_AR https://t.co/jDeFkO3rEK",1.75E+18,2024
Tue Jan 23 23:08:15 +0000 2024,1338,176,606,USER_00711,NAME_00709,,,"A pregnant woman is now recommended to get 3 covid vaccines, TDaP, Flu, and RSV if during Sept.-Jan.

Pregnant women can't even take ibuprofen or eat canned tuna, but can assault their baby with 6 shots for a total of 8 disease toxins. https://t.co/6w3bNjNAZQ",1.75E+18,2024
Sun Feb 11 02:20:20 +0000 2024,0,0,0,USER_00712,NAME_00710,,,"@TheChiefNerd OK. So we read the paper?
""The evidence overwhelmingly supports the COVID-19 vaccine's effectiveness in mitigating the135
morbidity and mortality related to the COVID-19 disease in pregnant and non-pregnant136
individuals. Widespread acceptance and proven safety of mRNA vaccine.""",1.76E+18,2024
Sat Dec 09 17:05:29 +0000 2023,2,1,1,USER_00713,NAME_00711,,,"I’m a doctor and I got the COVID vaccine as soon as I could when I was pregnant. I saw some sad things happen to pregnant women who got the virus when unvaccinated. Tell your loved ones to update their vaccination, especially if they’re pregnant 🤰",1.73E+18,2023
Sun Dec 17 09:56:31 +0000 2023,3,0,1,USER_00714,NAME_00712,,,"@WHITEHORSEOFTH3 @stopvaccinating My assessment of “Healthline” is that it is a Pharmacological industrial tool that advertises drugs whilst collecting &amp; selling user data.

I wouldn’t trust anything Healthline says.

For example they recommend Covid vaccine for infants &amp; pregnant women &amp; lie about thimerosal. https://t.co/8bC40zfVPm",1.74E+18,2023
Sat Jan 06 21:11:30 +0000 2024,5,1,0,USER_00715,NAME_00713,,United Kingdom,"@NickHudsonCT I am old enough to remember friends in schools with calipers after polio, niece is deaf due to measles, babies born handicapped as mums caught rubella while pregnant.  Not getting Covid vaccine is one thing, but many vaccines are so important",1.74E+18,2024
Thu Dec 07 19:02:40 +0000 2023,35,3,17,USER_00716,NAME_00714,,,"Also - if you are eligible for a Covid booster vaccine (which includes people who care for the vulnerable and pregnant women) then book your booster BEFORE 14 Dec!
https://t.co/8iJCXsfLRS https://t.co/llI4YtDF9b",1.73E+18,2023
Sun Jan 14 19:29:21 +0000 2024,3,0,1,USER_00717,NAME_00715,,,"See what we mean? 
Brian pushed the covid vaccine on every one incl children &amp; pregnant mothers. 
He applauded vaccine mandates. 
He didn’t speak out against the standing ovation for a Nazi in the HOC but claims to be a Jew. 
He’s abusive/manipulative but wrote a book on kindness",1.75E+18,2024
Wed Feb 07 17:59:01 +0000 2024,2,0,0,USER_00718,NAME_00716,,United States,Study finds COVID vaccine for pregnant women safe for newborn infants https://t.co/S0etu7OOLh,1.76E+18,2024
Fri Jan 12 12:59:51 +0000 2024,326,44,176,USER_00719,NAME_00717,,United Kingdom,"Giving pregnant rats the Pfizer Covid vaccine induced ‘autism-like’ traits in the male pups born after such vaccination, according to a new peer-reviewed study published in Neurochemical Research. https://t.co/EXZyxhC7w0",1.75E+18,2024
Wed Feb 14 16:53:42 +0000 2024,22,1,0,USER_00720,NAME_00718,,,@TheChiefNerd I was pregnant when COVID hit and the vaccines were made. I’m so thankful I never got it during that time and never had to give it to my son. I always had such a bad feeling about  it. Happy I followed my instinct. I do wish I knew the rest sooner though.,1.76E+18,2024
Sun Feb 11 21:13:31 +0000 2024,0,0,0,USER_00721,NAME_00719,,,"In this large population-based study, vaccination of pregnant individuals with mRNA COVID-19 vaccines was not associated with increased risks of neonatal adverse events in their infants. https://t.co/EBOOI5kpCh",1.76E+18,2024
Sat Feb 10 01:08:01 +0000 2024,147,7,62,USER_00722,NAME_00720,,United States,"Y’all!! 🫣🫣🫣🫣😭😭😭

Per @Jikkyleaks 👇👇

“On the 1st February 2024 the @AJOG_thegray published a paper showing that COVID gene therapy vaccines, that @ACOGPregnancy told pregnant women to get for 3 years without informing them of placental transfer, goes to the placenta”

Lawyers get ready..🤌🫣",1.76E+18,2024
Sun Feb 11 09:08:31 +0000 2024,3,1,0,USER_00723,NAME_00721,,Ireland,"💉🙏Swedish large scale study: Outcome - vaccination of pregnant individuals with mRNA COVID-19 vaccines was not associated with increased risks of neonatal adverse events in their infants.

Latest papers on COVID 19 👇

https://t.co/QEsjgcvGXD",1.76E+18,2024
Wed Feb 07 20:00:01 +0000 2024,42,1,25,USER_00724,NAME_00722,,United States,"In this large population-based study, vaccination of pregnant individuals with mRNA COVID-19 vaccines was not associated with increased risks of neonatal adverse events in their infants. 

https://t.co/eDnkV0BuVC https://t.co/vzo1AjoQn5",1.76E+18,2024
Tue Nov 16 23:00:00 +0000 2021,26,2,16,USER_00724,NAME_00722,,United States,"For millions of people with a compromised immune system, 3 #COVID19 vaccine doses might not be enough. They’re still sheltering in place, waiting to see if the FDA will authorize monoclonal antibodies as prophylaxis before they're exposed to #SARSCoV2 https://t.co/xorKkjuaVm",1.46E+18,2021
Thu Jan 25 16:31:44 +0000 2024,573,30,224,USER_00725,NAME_00723,,United States,“$400 million went from Pharma to the NIH - isn’t that a major conflict when the NIH is pushing COVID “vaccines” in pregnant women and children?”,1.75E+18,2024
Mon Feb 12 23:19:53 +0000 2024,1,1,1,USER_00726,NAME_00724,,,"@YourAlberta The COVID vaccines have created a suspicion for, if not an aversion to, all vaccines. Pregnant mothers will now justifiably wonder if such ads have the malicious intent to abort the child or to kill it during infancy.",1.76E+18,2024
Wed Feb 07 20:34:00 +0000 2024,4,0,2,USER_00727,NAME_00725,,United States,"NEWS |  The COVID-19 vaccine given to pregnant women does no harm to their unborn babies, and can actually lower the risk of serious complications in newborns, a new study finds. 🤰🧪
https://t.co/KAOrIEG6oF

#vaxyourfam",1.76E+18,2024
Thu Dec 28 17:02:58 +0000 2023,4,0,0,USER_00728,NAME_00726,,,@downsr30 @DeTocqueville14 @yasminarmendari @SenSanders My wife was also pregnant during Covid and her OB was 100% against the covid vaccine and told her not to get it.,1.74E+18,2023
Tue Feb 13 17:49:59 +0000 2024,10,0,0,USER_00729,NAME_00727,,United States,"Same. The way they approached the Covid vaccines was so obviously reckless, and they pushed it in pregnant women, and it just pushed me to learn as much as I could about it all. I spent years not recognizing a vaccine injury in my own son, and it should have been glaringly obvious.",1.76E+18,2024
Tue Jan 30 21:09:27 +0000 2024,12,1,7,USER_00730,NAME_00728,,United States,"@stopvaccinating A new study finds autism-like behaviors in male offspring when pregnant rats are given BNT162b2, the Pfizer mRNA COVID-19 vaccine. This clearly refutes the mantra of Big Pharma that “vaccines do not, and cannot, cause autism.” My latest for @HighWireTalk
https://t.co/0VCpTUpZMS",1.75E+18,2024
Fri Feb 09 21:04:21 +0000 2024,841,184,269,USER_00731,NAME_00729,,"North Idaho, USA","She advocated for Covid vaccine passports in 2021…

… Now she has long covid, pulmonary embolisms, and POTS. 

🤷 https://t.co/FKbHdColxj",1.76E+18,2024
Sun Feb 11 14:43:05 +0000 2024,1,0,0,USER_00732,NAME_00730,,,"@AlastairMcA30 I would rather get the Covid vaccine once every 6 mons - a year vs the twice daily blood thinner injections I was on for a year to 
get rid of the Pulmonary Embolisms I had in both my lungs from Covid. You're 10 times more likely to get clots from Covid than the vaccine.",1.76E+18,2024
Fri Feb 16 02:12:38 +0000 2024,0,0,0,USER_00733,NAME_00731,,United States,"Good for you.  I have a primary care, a pulmonary specialist, and a cardiologist. All three have addressed concerned about the vaccine and its effects.  All three have patients that had the vaccine and not Covid and yet show problems as described in the publications. I live in a very large Metro area and they see lots patients. I’m not going to debate you but I’m glad I have them. All have access to the best medical facilities in Northern CA.",1.76E+18,2024
Sat Feb 10 19:39:01 +0000 2024,3,0,0,USER_00734,NAME_00732,,,@DiedSuddenly_ I suffer from long haul COVID after vaccine it made me have pulmonary embolism. I couldn't breath it was determined I have 6+ blood clots in my lungs.,1.76E+18,2024
Tue Feb 13 04:29:24 +0000 2024,1,1,0,USER_00735,NAME_00733,,,"@Jonnymalp @BabyCowPatriot @ake2306 Covid vaccines have caused myocarditis, along with pericarditis, Guillain-Barré syndrome, Bell’s palsy, seizures, pulmonary embolism, thrombosis, blindness, deafness, miscarriage, heavy menstrual bleeding, &amp; other serious adverse reactions.",1.76E+18,2024
Mon Feb 12 17:22:37 +0000 2024,0,2,0,USER_00736,NAME_00734,,United States,@P_McCulloughMD I wonder if it even matters at this point. I think there really may be vaccine shedding going on. I have had ZERO jabs and yet came down with Covid AND cardiomyopathy/pulmonary edema and had to be hospitalized for nearly 2 weeks. This was after returning to aqua-aerobics classes.,1.76E+18,2024
Thu Feb 08 09:47:46 +0000 2024,0,0,0,USER_00737,NAME_00735,,New Zealand,"“So what people are dying from, they’re dying from ... cardiac stroke, pulmonary embolism, gastrointestinal hemorrhages, aortic arch dissections, more than the respiratory.""

https://t.co/YITJLRG82j",1.76E+18,2024
Fri Sep 01 02:02:50 +0000 2023,0,0,0,USER_00737,NAME_00735,,New Zealand,"Arrhythmias after COVID-19 Vaccination

""We treated several patients at our clinical practice complaining of palpitations or worsening of palpitations after an mRNA COVID vaccination.""

#Covid19 #vaccine #heart https://t.co/5uKiXzhZec",1.70E+18,2023
Sat Feb 10 16:40:54 +0000 2024,35,1,0,USER_00738,NAME_00736,,,"Like this is a bad thing?? 

He is very confused how im linking pulmonary emboli found 14 months post vaccine...",1.76E+18,2024
Thu Feb 08 21:52:49 +0000 2024,0,0,0,USER_00739,NAME_00737,,Canada,"'People are dying from … cardiac stroke, pulmonary embolism, gastrointestinal hemorrhages, aortic arch dissections. These vaccine-related deaths average 16 years younger than COVID deaths in 2020.'
A fully-vaccinated brother-in-law just had his second stroke!
https://t.co/33cJq8fL2B",1.76E+18,2024
Thu Feb 15 04:32:02 +0000 2024,0,0,0,USER_00740,NAME_00738,,United States,"@teachertwit2 What created AIDS was in the vaccine that the world health organization distributed. With all the bird flu pig blue and this recent bat code they've unleashed calling it covid-19... Trust me the world health organization is trying to kill you.
It's called the eugenics program.",1.76E+18,2024
Sun Feb 11 15:42:59 +0000 2024,0,0,0,USER_00741,NAME_00739,,,"Dan Scavino, [Feb 11, 2024 at 10:41 AM]
🚨U.S. Military Records 500% Increase in AIDS Since Covid Death Shot Rollout! 

“So it now appears that those who got the COVID-19 ""vaccines"" gave themselves AIDS and will die from it.”

Join @QDanScavino
 https://t.co/eIgzBzFbjv https://t.co/yFCf0Deubu",1.76E+18,2024
Sat Feb 25 17:50:54 +0000 2023,39497,693,12892,USER_00742,NAME_00740,,United States,"BREAKING: Moderna paid Fauci's National Institute of Allergy and Infectious Diseases $400M in royalties for the COVID-19 vaccine.

Prosecute Fauci.",1.63E+18,2023
Wed Oct 27 13:40:14 +0000 2021,91,6,16,USER_00743,NAME_00741,,United States,"Our Allergy &amp; Immunology Depart answers questions about Covid-19 vaccine. Do I need it, side effects, long term effects, what about heart damage, what is mRNA, is it safe, Guillain-Barre, Why aren’t ivermectin and HCQ used more widely, allergies? Thanks Dr Minh-Thu Le and  GCMS https://t.co/EARcptXnVt",1.45E+18,2021
Mon Oct 11 18:34:45 +0000 2021,8,1,5,USER_00744,NAME_00742,,,"Assessment of Risk for Allergic Reaction to COVID-19 Vaccine

ctto: Philippine Society of Allergy, Asthma and Immunology

#COVID19 #COVID19PH #resbakuna #covid19vaccine #COVID19VaccinePH #covidvaccineadvocate #YesToBakuna https://t.co/PrlgRdCfdQ",1.45E+18,2021
Sun Apr 04 13:29:10 +0000 2021,6,1,4,USER_00744,NAME_00742,,,"#COVID19 #Vaccine Guidelines for those with Hypertension

✅ Generally latients with hypertension can be vaccinated 

ctto: @PhilHeartAssoc and Philippine Society of Hypertension

#resbakuna #pha #philippineheartassociation #covid19vaccine #covidvaccineadvocate https://t.co/rnprDF0ppg",1.38E+18,2021
Fri Jul 16 14:53:01 +0000 2021,159,6,39,USER_00745,NAME_00743,,United States,"Pop music star @Olivia_Rodrigo and Dr. Anthony Fauci, director of the National Institute of Allergy and Infectious Diseases, sat down to read tweets encouraging people to get the COVID-19 vaccine. https://t.co/tb9vg6bS2P",1.42E+18,2021
Fri Mar 25 19:36:47 +0000 2022,25,1,4,USER_00746,NAME_00744,,United States,"A great talk by Dr. Kimberly Blumenthal @KimberlyBlumen1 on COVID-19 Vaccine Allergy for the Stanley S. and Adhen K. Hampton Lecture in Allergy and  Clinical Immunology @WUDeptMedicine grand rounds, @WashUAllergyImm. https://t.co/2MSPaypiY9 https://t.co/B8VMFDMwq7",1.51E+18,2022
Mon Feb 27 21:34:28 +0000 2023,17,1,0,USER_00747,NAME_00745,,,Such a great experience presenting at #AAAAI23! Some great Q&amp;A about #COVID-19 #vaccine #Allergy! https://t.co/ZaHLyctk0M,1.63E+18,2023
Fri Apr 01 03:47:40 +0000 2022,9,0,6,USER_00748,NAME_00746,,China,COVID jabs safe for people with allergies: Hong Kong Allergy Association  #vaccine #COVID_19 https://t.co/K9MpDCrbzG,1.51E+18,2022
Thu Dec 16 14:41:02 +0000 2021,140,20,8,USER_00749,NAME_00747,,Canada,Celebrating Dr Anne Ellis-winner of the 2021 DOM COVID-19 distinguished service award for her work on vaccine allergy myth-busting ⁦@QueensuDOM⁩ ⁦@KingstonHSC⁩ ⁦⁦@janephilpott⁩ -a pleasure to give Dr Ellis this award for her outstanding pandemic service https://t.co/FZjdx2BQj8,1.47E+18,2021
Tue Apr 26 17:05:09 +0000 2022,10,0,3,USER_00750,NAME_00748,,United States,"Dr. Gailen Marshall, the MCCTR Research Services Center Core Leader &amp; Chair of Allergy and Immunology @UMMCnews, examines antibody response to the Pfizer COVID-19 vaccine in healthy weight, overweight, and obese healthcare workers: https://t.co/ZP15lylM0c https://t.co/DVfSjOKJg5",1.52E+18,2022
Tue Dec 06 10:18:26 +0000 2022,0,0,0,USER_00751,NAME_00749,,United States,COVID-19 Vaccine Allergy Program Helps to Overcome Vaccine Hesitancy https://t.co/gQq5P6j37s,1.60E+18,2022
Wed Apr 05 00:10:26 +0000 2023,203,28,42,USER_00752,NAME_00750,,Japan,"""A 14-year-old Japanese girl died unexpectedly 2 days after receiving the third dose of the BNT1262b2 mRNA COVID-19 vaccine.. Since there was no preceding infection, allergy, or drug toxicity exposure, the patient was diagnosed with post-vaccination pneumonia, myopericarditis, hepatitis, nephritis, gastroenteritis, cystitis, and myositis.""

These days I'm depressed with increasing such reports.

https://t.co/KbewNtjUIL",1.64E+18,2023
Sat Feb 25 17:59:55 +0000 2023,875,75,376,USER_00753,NAME_00751,,United States,"NEW: Moderna paid $400 million in COVID-19 vaccine ‘royalties’ to the National Institute of Allergy and Infectious Disease (NIAID), formerly headed by Anthony Fauci.

I wonder if this had any influence on Fauci pushing the vaccine so much? 🤔
https://t.co/iAnt9HCfLT",1.63E+18,2023
Tue Nov 30 06:09:53 +0000 2021,5,0,3,USER_00754,NAME_00752,,Spain,Experience with polyethylene glycol allergy‐guided risk management for COVID‐19 vaccine anaphylaxis - Brockow - - Allergy - Wiley Online Library https://t.co/QoteO2Voia,1.47E+18,2021
Sat May 07 17:27:45 +0000 2022,0,0,0,USER_00755,NAME_00753,,,Lil covid 19 vaccine allergy lmaoooo,1.52E+18,2022
Thu Jan 27 19:55:55 +0000 2022,31,2,9,USER_00756,NAME_00754,,United Kingdom,"5/ Timing is a very useful bit of information. If someone develops urticaria 2 hours after COVID-19 vaccination by timing alone allergy to the vaccine can be excluded. 

And this is the basis of the guidance in the green book. https://t.co/Lnno55aYXD",1.49E+18,2022
Wed May 26 10:07:03 +0000 2021,17,2,0,USER_00757,NAME_00755,,,"Anyway, life update: got my 1st dose of Covid-19 vaccine yesterday.

*I fall under the A3 category due to my asthma. https://t.co/OlmCMFGagc",1.40E+18,2021
Tue Mar 16 06:02:45 +0000 2021,7,1,2,USER_00758,NAME_00756,,,People in San Diego County!! Those with moderate-to-severe asthma can now get the COVID-19 vaccine! Please be safe and schedule an appointment if you can. https://t.co/xVIICAcMda,1.37E+18,2021
Wed Dec 22 14:33:05 +0000 2021,0,0,0,USER_00759,NAME_00757,,United States,"You Ignored Me During Cold and Flu Season. Now, You Expect Me to Care, Because It’s Covid? by @CCoggie https://t.co/bofAyPX4FW #Covid #Vaccine #Health #Asthma #Motherhood #COVID19 #COVID_19 #CovidVaccine #CoronavirusPandemic #Pandemic #Endemic",1.47E+18,2021
Tue Jul 06 17:14:05 +0000 2021,1,0,0,USER_00760,NAME_00758,,United States,Can the COVID-19 vaccine make asthma symptoms worse? (source: medicalnewstoday) https://t.co/wZK5LRqHi2 https://t.co/9hkYyTBZJq,1.41E+18,2021
Tue Mar 09 19:42:06 +0000 2021,33,1,16,USER_00761,NAME_00759,,,LCMC Health has tons of COVID-19 vaccine appointments available- the eligibility requirements just widened in Louisiana. As of today those with health risks 16+ like asthma or a BMI (I know it’s racist af and a construct) over 25 are now eligible.,1.37E+18,2021
Tue Nov 16 18:50:44 +0000 2021,26,4,0,USER_00762,NAME_00760,,United States,"Someone told me their doctor told them not to get the COVID-19 vaccine because they have asthma and I couldn't say ""your doctor is bad at being a doctor"" but ooooo boy I wanted to.",1.46E+18,2021
Sat Feb 27 09:46:33 +0000 2021,43,10,8,USER_00763,NAME_00761,,United Kingdom,"For those interested it is almost 24 hrs since I (54 yr old with Asthma &amp; Autoimmune issues) had the AZ Covid-19 vaccine.  

So far no ill effects.

🤞it remains that way.",1.37E+18,2021
Fri May 14 16:24:18 +0000 2021,27,6,4,USER_00764,NAME_00762,,United States,"Changed my Twitter name back to Immunocompromised Mal because we still exist. I have been vaccinated, but we don't know how effective the vaccine is in immunocompromised people. 

I have diabetes and asthma. 

If I get COVID-19, I will probably die.",1.39E+18,2021
Sat May 15 16:22:04 +0000 2021,0,0,0,USER_00765,NAME_00763,,,COVID-19 Vaccine and Asthma Patients https://t.co/eNQe0jKd5o on @bloglovin,1.39E+18,2021
Mon Sep 26 15:02:21 +0000 2022,8,1,2,USER_00766,NAME_00764,,Canada,"NL Tweeps: Bivalent Covid-19 vaccine has expanded to include the following high risk groups 12 and up:
Pregnant, Down's syndrome, asthma (moderate to severe), dementia, diabetes,heart disease, high blood pressure, kidney disease, liver disease, lung disease
 and stroke. 1/2",1.57E+18,2022
Sun May 02 18:39:58 +0000 2021,25,10,9,USER_00767,NAME_00765,,,"My grandmother has tested positive for Covid-19 yesterday!
She is 85+ years old and patient of asthma.
I wish she will recover soon as she has taken both dose of Vaccine.
Please pray for her.",1.39E+18,2021
Mon Mar 29 23:05:58 +0000 2021,1,0,1,USER_00768,NAME_00766,,,"What will I get first, folks? Our K1 Visa (Stuck at the NVC and non plaintiff) or the Covid 19 vaccine (Group 3 with Asthma, located in Baden Württemberg, Germany). #LoveIsNotTourism #ResumeK1visa",1.38E+18,2021
Thu May 20 12:15:00 +0000 2021,139,31,8,USER_00769,NAME_00767,,Philippines,"Frankie Pangilinan, who has asthma, gets COVID-19 vaccine shot https://t.co/z3JzPcTIuC",1.40E+18,2021
Fri Dec 11 06:05:00 +0000 2020,26,1,2,USER_00769,NAME_00767,,Philippines,DOH says allergy warnings common after UK caution on Pfizer's #COVID19 vaccine https://t.co/w9UJEAihfc,1.34E+18,2020
Thu Jan 27 05:25:00 +0000 2022,9,0,2,USER_00769,NAME_00767,,Philippines,"Doc gives reminders for parents of kids with allergies, asthma eyeing #COVID19 vaccine https://t.co/E0K2eiuGGU",1.49E+18,2022
Fri Apr 02 16:36:11 +0000 2021,13,1,5,USER_00770,NAME_00768,,Romania,📢One of the earliest reports on the utility of skin testing to evaluate both possible COVID-19 vaccine reactions &amp; prior PEG/polysorbate allergies prior to vaccination [Pitlick MM et al. Ann Allergy Asthma Immunol. 2021] https://t.co/xKXOlO1uHt,1.38E+18,2021
Mon Jul 12 16:30:19 +0000 2021,0,0,0,USER_00771,NAME_00769,,United States,"Can the COVID-19 vaccine worsen asthma symptoms?
https://t.co/IBpHc1N87w
.
.
. 
#Allergy #Asthma #Stinging #Hives #Eczema #FoodAllergy #SeasonalAllergy #Health #Wellness #FeelBetter https://t.co/w9zLhtrQEV",1.41E+18,2021
Thu Aug 05 10:10:29 +0000 2021,37,3,28,USER_00772,NAME_00770,,South Africa,"My dad has diabetes, high blood pressure and a heart condition.

He was vaccinated in June with with J&amp;J and contracted covid-19 shortly thereafter.

I'm convinced that had he not been vaccinated, he would not have been around to celebrate his 57th bday in July... VACCINES WORK!",1.42E+18,2021
Tue Jul 19 16:20:15 +0000 2022,3,0,3,USER_00773,NAME_00771,,United Kingdom,"Where Is The Covid Vaccine Bus This Week?
Come along for Covid-19 vaccines or for free blood pressure checks!
@LBofHounslow @NHSuk https://t.co/sKxeH3L4nI",1.55E+18,2022
Wed Jan 18 20:01:18 +0000 2023,2,0,2,USER_00774,NAME_00772,,United States,"Let's Get Vaccinated Solano! Upcoming COVID-19, Flu, &amp; Tdap vaccine clinics, and blood pressure/glucose screenings available in Vallejo. No appointment needed.

1/19 Thursday @ Vallejo High School from 4:30PM - 6:30PM
840 Nebraska St, Vallejo, CA https://t.co/WR5WllhIlM",1.62E+18,2023
Sat Jan 21 20:00:52 +0000 2023,0,0,0,USER_00774,NAME_00772,,United States,"Let's Get Vaccinated Solano! Upcoming COVID-19, Flu vaccine clinics, and blood pressure/glucose screenings available in Vallejo. No appointment needed.

1/22 Sunday @ Friendship Missionary Baptist Chruch from 9:30AM - 1:30PM
1905 Florida St, Vallejo, CA https://t.co/K5yAOJIzZ7",1.62E+18,2023
Mon Aug 16 20:48:40 +0000 2021,0,0,1,USER_00775,NAME_00773,,United States,"Like millions of Americans, you could be at higher risk for COVID-19 complications because of diabetes, high blood pressure and heart conditions. If you have questions about the COVID-19 vaccine, talk to your doctor, pharmacist, or call us at 443-523-1920. https://t.co/l5oJRtZntI",1.43E+18,2021
Wed Jan 04 00:34:31 +0000 2023,3950,147,981,USER_00776,NAME_00774,,,"So I realize some people start with a conclusion and work backwards, but I decided to check these:

1 &amp; 2 are b4 vaccine was available. 3 fainted from low blood pressure. 4 had just recovered from Covid-19 (no vax). 5 blood clot (not vaxxed). 7 not vaxxed etc

See the problem?",1.61E+18,2023
Thu Sep 16 16:09:23 +0000 2021,3,0,0,USER_00777,NAME_00775,,United States,"Don’t miss out on our COVID-19 vaccine clinic next Saturday. There will be blood pressure and cholesterol testing, covid-19 resources, mammogram enrollment, and lots of RAFFLES! See you all there. https://t.co/JfW41lMjPJ",1.44E+18,2021
Thu Jul 15 01:23:26 +0000 2021,74,8,12,USER_00778,NAME_00776,,United States,"Highest risk patients seeing me worried about their cholesterol and blood pressure, but adamantly declining the COVID-19 vaccine feels like rearranging chairs on the deck of the Titanic. 😩 #ThisIsOurShot",1.42E+18,2021
Wed Jan 05 12:33:08 +0000 2022,39,11,16,USER_00779,NAME_00777,,United States,"#Covid_19 My blood pressure turned to normal lately, which is a good thing. I had hasd higher blood pressure ( 137 ish) But I still have had chest pains on and off since I was vaccinated. I wonder if someone have the same symptoms like me? #Pfizer #vaccine https://t.co/iUhT4r5m2t",1.48E+18,2022
Fri Aug 26 18:03:04 +0000 2022,6,0,2,USER_00780,NAME_00778,,United States,"Come join us this Saturday Aug. 27 from 9am to 12pm at PAHALA GYMNASIUM MPR. We offer many free services such as Covid 19 vaccine/ booster shots, vision/ hearing/ blood pressure screening, Med-Quest/ Medicare and SNAP applications. For more questions contact Krhcai 808-928-0101 https://t.co/cZaY8FOyQV",1.56E+18,2022
Thu Mar 02 14:22:36 +0000 2023,5,0,7,USER_00781,NAME_00779,,United States,"Don’t let Ron Desantis become president because he will stop the Covid-19 boosters nation wide.If you have, high blood pressure, or diabetes, or a serious health disorder and you get Covid-19 and you can’t get a Covid-19 vaccine you will die from it! The Republicans are murderers https://t.co/fspGuUdoFF",1.63E+18,2023
Mon Aug 09 04:08:37 +0000 2021,1,0,0,USER_00782,NAME_00780,,China,"Q: Can #COVID-19 vaccine affect your #blood #pressure?
A: COVID-19 #vaccine doesn't appear to directly affect blood pressure. However, some individuals may experience an increase in their BP if they are extremely anxious or have a strong pain response when they get the vaccine. https://t.co/lFsfEVTfKt",1.42E+18,2021
Mon Oct 02 15:00:48 +0000 2023,23,0,15,USER_00783,NAME_00781,,United States,"FREE health screenings this Saturday at Ebenezer Baptist Church!

Vision, Dental, Cholesterol, Glucose, Women’s Health, Weight Management, Diabetes Education, Depression Screening, Blood Pressure, Flu Vaccine, COVID-19 Booster, &amp; more.

Register online!
https://t.co/1XUOMdJqNp https://t.co/mcV6Hvxvnp",1.71E+18,2023
Wed Apr 27 06:12:05 +0000 2022,26,1,14,USER_00784,NAME_00782,,Tanzania,"Integrating health services, like blood pressure screening, with COVID-19 vaccination serves as a one stop shop for the community. @CDCTanzania and partners are helping to bring COVID-19 vaccines and health services to communities.#Vaccines4Life #WorldImmunizationWeek2022 https://t.co/FLSPAlaxxX",1.52E+18,2022
Sun Mar 27 03:05:57 +0000 2022,6,2,1,USER_00785,NAME_00783,,United States,"Post  vaccine blitz 
shenanigans with our
nurses, doctors and 
volunteers!! 🤣
Today the people of Morant Bay got to get their covid-19 vaccine, test their sugar, check their blood pressure and even ekg work up for FREE! Join me in thanking Windsor Wellness ​Center in Kingston, https://t.co/ScFzjuJN6D",1.51E+18,2022
Thu Feb 17 14:50:54 +0000 2022,1,0,1,USER_00786,NAME_00784,,United States,Join us today at the Derby Senior Center for a free blood pressure screening or COVID-19 vaccine if you need one! https://t.co/1Jfdjqdv0Y,1.49E+18,2022
Sat Dec 17 02:40:13 +0000 2022,200,8,92,USER_00787,NAME_00785,,,"Angela Marie Wulbrecht jumped at chance to get a COVID-19 vaccine, driving 3 hours from her Santa Rosa home to a mass-vaccination site on Jan. 19. 12 minutes after a Moderna shot, she stumbled into the paramedic tent with soaring blood pressure &amp; a racing heartbeat. #realnotrare https://t.co/NboFoZ8UdD",1.60E+18,2022
Sun May 30 03:30:00 +0000 2021,58,6,19,USER_00788,NAME_00786,,China,"This infographic from Singapore's @sporeMOH clearly explains who should and should not get a COVID-19 vaccination on health grounds.

(your high blood pressure is not an excuse)

*Singapore is currently only administering BioNTech and Moderna mRNA vaccines https://t.co/nReFWEHIeG",1.40E+18,2021
Thu May 13 02:59:34 +0000 2021,26,6,14,USER_00788,NAME_00786,,China,"This graphic from @nationnews in Thailand shows the top co-morbidities of COVID-19 patients who died in the kingdom from April 1st to May 10th.

And you're worried about getting vaccinated because of high blood pressure? You should be first in the queue for a vaccine. https://t.co/yVAlwqkf4P",1.39E+18,2021
Wed Jul 20 09:06:53 +0000 2022,6,8,2,USER_00788,NAME_00786,,China,"Newly reported COVID-19 deaths: 1

67-year-old male, three doses of a vaccine, suffered from hypertension and diabetes.

Committed suicide in Lai Chi Kok Reception Centre last night.

https://t.co/uPbsHkR7ay https://t.co/GqlrebbpDW",1.55E+18,2022
Mon May 08 15:16:38 +0000 2023,0,0,0,USER_00789,NAME_00787,,United States,"The Relationship Between COVID-19 Vaccines and Increased Blood Pressure

Listen to Dr. Tom Roselle, DC discuss elevated blood pressure reported, short-term and long-term, after COVID-19 vaccine injection.

For more episodes, please visit: https://t.co/WfFmO7HP53 https://t.co/GKmGnJo0GX",1.66E+18,2023
Sun Jan 16 22:59:23 +0000 2022,4,0,9,USER_00790,NAME_00788,,United States,"Join us #MLKDay (1/17) for FREE:

💉 COVID-19 Vaccines- 1st, 2nd, and Booster shots (a limited number of 1st COVID vaccine recipients will receive $100!) 

🔬 COVID-19 PCR testing

🫀 Blood pressure screenings

💳 Visa Cash Gift Card Raffle every 15 minutes!

🎶 Live music! https://t.co/6mtyetv90N",1.48E+18,2022
Sun Jan 16 02:41:57 +0000 2022,2,0,1,USER_00790,NAME_00788,,United States,"Join us MLK Day (1/17) for FREE:

💉 COVID-19 Vaccines- 1st, 2nd, and Booster shots (a limited number of 1st COVID vaccine recipients will receive $100!) 

🔬 COVID-19 PCR testing

🫀 Blood pressure screenings

💳 Visa Cash Gift Card Raffle every 15 minutes!

🎶 Live music! https://t.co/XBIBLBzZ2C",1.48E+18,2022
Mon Jan 17 17:02:02 +0000 2022,3,0,2,USER_00790,NAME_00788,,United States,"Join us TODAY on #MLKDay for FREE:

💉 COVID-19 Vaccines- 1st, 2nd, and Booster shots (a limited number of 1st COVID vaccine recipients will receive $100!) 

🔬 COVID-19 PCR testing

🫀 Blood pressure screenings

💳 Visa Cash Gift Card Raffle every 15 minutes!

🎶 Live music! https://t.co/DSXJMJN5mX",1.48E+18,2022
Thu Dec 07 13:35:44 +0000 2023,67,7,31,USER_00791,NAME_00789,,United States,"@HouseLyndsey @FoxNews @CDCgov I see patients like Calli Varner with COVID-19 vaccine strokes.  The vaccine raises blood pressure, causes blood clots, and damages the lining of blood vessels.  Additionally, the vaccine can cause atrial fibrillation and other stroke risk conditions.  #courageousdiscourse https://t.co/Ed0FDsbZAt",1.73E+18,2023
Sat Sep 09 21:37:16 +0000 2023,245,9,84,USER_00791,NAME_00789,,United States,"It's not the infection, rather is the COVID-19 vaccine inducing the autoimmunity that is responsible for Type 1 diabetes in children.  @ChildrensHD @ICANdecide @TexasLindsay_ @Jo_Bond  https://t.co/M9v0x13buN https://t.co/DTZJFAj3BW",1.70E+18,2023
Tue Feb 06 02:31:37 +0000 2024,8678,229,5043,USER_00791,NAME_00789,,United States,"Lipid nanoparticles go everywhere and cannot be targeted to specific tissues.  Means every mRNA vaccine will damage the heart, reproductive, and other vital organs.  This was known years before @moderna_tx introduced their failed COVID-19 vaccine.  Huge development blunder! https://t.co/ltzzm1S9qQ",1.75E+18,2024
Tue Jan 30 01:30:45 +0000 2024,2883,57,1596,USER_00791,NAME_00789,,United States,In 2021 vaccine deaths were reported honestly.  This stopped after a few months. Now they are said to be death due to unknown or natural causes.  A common form of COVID-19 vaccine death is shown by Hulscher et al ESC Heart Failure 2023. @escardio @ESCardioNews @ACCinTouch https://t.co/AOHRLwx0Be,1.75E+18,2024
Sun Jan 22 16:21:18 +0000 2023,2481,88,827,USER_00791,NAME_00789,,United States,So worried about airline safety.  Acute pulmonary embolism and primary cardiac arrest due to COVID-19 vaccine induced myocarditis are my biggest clinical concerns as a cardiologist. @stkirsch @louisaclary @TexasLindsay_   #courageousdiscourse https://t.co/aERmBG4Hy3,1.62E+18,2023
Thu Oct 07 20:35:34 +0000 2021,1,0,0,USER_00792,NAME_00790,,United States,Get your COVID-19 Vaccine plus free diabetes and blood pressure screening at Sacred Heart Catholic Church Parish Hall on Oct. 30. https://t.co/dRcf5bwimz,1.45E+18,2021
Fri Sep 30 07:20:42 +0000 2022,6,1,1,USER_00793,NAME_00791,,United Kingdom,"This month we ran two health ABC checks, alongside the brilliant Judi from @InclusionBarnet who discussed blood pressure monitoring and we also discussed the vaccine and Covid-19 vaccine awareness! Stay tuned for our next session in November! #vaccine #COVID19 #barnet 💜💜💜 https://t.co/vV98NrVsRM",1.58E+18,2022
Sun May 23 20:09:13 +0000 2021,8,3,3,USER_00794,NAME_00792,,United States,"@MarvinRJeffcoat @Lynda63986855 @Larryputt @Unpurgeable18 @MichaelLBraden1 @truthsearch1957 @HighPlns @ISafeyet @OxmanMartin @TJ2020landslide @Diweedad @MarilynLavala @sparty009 @RalphS24381648 @DorisMele @NymanVeepee @zirkkeli1 @kcinor @LordHiver @StressStopper @JayHiggies @DwayneRay9 @coinsoup1 @R77684365 @Tee2019K @WeStand4theFlag @ltucker8044 @ColwellStars @The_AuthorJAD @DavidRFish5 @Ginger_Snap_11 @2020Kidd @CallMeGoodTimes @nowsaveUSA @Sandra30834201 @ICanPlainlySee @Imdragonman420 @tannermaze6 @EmeraldFire1967 @AOC @mtgreenee @tedcruz @LeaderMcConnell @RandPaul @mattgaetz @SenateGOP @HouseGOP @SenateDems @HouseDemocrats @cdc One of my friends just told me that after she received Pfizer COVID-19 vaccine and then her blood pressure went up so high and luckily she went to ER room to request the medication, after 3 weeks of high blood pressure she is fine now.  She almost died of Covid vaccination.",1.39E+18,2021
Sun May 23 05:00:43 +0000 2021,8,5,4,USER_00794,NAME_00792,,United States,"@Christo29932651 @MarilynLavala @MarvinRJeffcoat @PlantLady1234 @ICanPlainlySee @ISafeyet @RalphS24381648 @MichaelJFell @Michel78118339 @vqsrose @ArgentoArcher @bindyb123 @EBree18 @Unpurgeable18 @oliverthewitnes @SophieCWong 
The Covid19 vaccine can cause heart problems. 👇",1.40E+18,2021
Mon Mar 21 14:35:02 +0000 2022,38,3,27,USER_00795,NAME_00793,,United States,"Aldine ISD is hosting a Family Health Fair from 9 a.m. to Noon, this Saturday, March 26. 

✅  Blood Pressure Checks
✅  Dental Checkups
✅  COVID-19 and Flu Vaccines
✅  Information about healthy meals
✅  Door Prizes and More! 

Share with a friend and bring the whole family! https://t.co/t2raQDoKf2",1.51E+18,2022
Wed Nov 24 22:35:55 +0000 2021,0,0,0,USER_00796,NAME_00794,,United States,A New COVID-19 Vaccine; Treating High Blood Pressure to Stave Off T2D https://t.co/fjFZpmhYpK,1.46E+18,2021
Mon May 08 15:17:15 +0000 2023,0,0,0,USER_00797,NAME_00795,,United States,"PODCAST: The Relationship Between COVID-19 Vaccines and Increased Blood Pressure

Listen to Dr. Tom Roselle, DC discuss elevated blood pressure reported, short-term and long-term, after COVID-19 vaccine injection.

For more episodes, please visit: https://t.co/F44EhGesIc https://t.co/2kxsIUVWGS",1.66E+18,2023
Wed Dec 06 16:43:02 +0000 2023,0,0,0,USER_00798,NAME_00796,,,"Volunteers for the Mobile Health Unit traveled to Apex, NC to provide locals with COVID-19 vaccine boosters as well as Diabetes, Blood Pressure, and Cholesterol screenings. How are you giving back to your community during this holiday season?
--
#nccurcmi #nccuresearch #covıd19 https://t.co/AZumGfEbKw",1.73E+18,2023
Thu Apr 28 16:35:51 +0000 2022,1,1,0,USER_00799,NAME_00797,,,"Come Join us this Saturday, April 30th at 9am to 3:30pm. Come get your Covid 19 vaccine, weight screening and blood pressure screening. Walkings are welcome but if you would like to make an appointment please call at 877-612-8299. 📱 💉 Everyone is welcome 🤗 https://t.co/WQf2BWfE8t",1.52E+18,2022
Wed Jan 24 12:25:03 +0000 2024,4,0,2,USER_00800,NAME_00798,,United States,"Come along to Frizinghall Community Centre, tomorrow 25 Jan. 

Health staff will be offering blood pressure checks, health advice, as well as COVID-19 and flu vaccine to those eligible.. No appointment needed.
📍 Frizinghall Community Centre, BD9 4HX
🗓️ 25 January 
🕛 10am - 3pm https://t.co/JrE4pTjPpT",1.75E+18,2024
Wed Nov 30 16:07:29 +0000 2022,2,0,0,USER_00801,NAME_00799,,United States,"Come out today to receive your free Covid-19 vaccine, Flu shot, blood pressure check and blood sugar checked. The clinic is open until 2pm at ScoopUSA Media Community Education Program - 1354 W. Girard Ave. https://t.co/koSK5eg7sr",1.60E+18,2022
Tue Aug 31 06:30:32 +0000 2021,15,0,0,USER_00802,NAME_00800,,Austria,"Experts suggest to stop measuring blood pressure before injecting Covid-19 vaccine
Measuring blood pressure for pre-injection screening is not effective, even increasing the risk of SARS-CoV-2 infection https://t.co/Xn8d71ViN6",1.43E+18,2021
Sun Jun 27 13:54:41 +0000 2021,0,1,3,USER_00803,NAME_00801,,United States,"Happening today in CHICAGO!!

Spread the word!!

*covid-19 vaccine clinic
*blood pressure checks
*diabetes blood sugar screening
*CPR instructions/training

#thecyfamorg #fylpro #chicago #pnai #tayohelp #liveeverysecond #afirechicago #idph #illinois #healthscreenings #community https://t.co/o8MiJSMEL0",1.41E+18,2021
Wed Oct 05 13:51:05 +0000 2022,2,0,0,USER_00804,NAME_00802,,United States,"@GCHDinfo will be at @helen_hall_lib 100 W. Walker St., League City on Oct. 6 from 1PM-2PM. They will be offering free health screenings including blood pressure, blood sugar and oxygen level checks and COVID-19 vaccine and booster doses for ages 18. We hope to see you there! https://t.co/Gye87YVLkB",1.58E+18,2022
Sat May 07 23:41:39 +0000 2022,0,0,0,USER_00805,NAME_00803,,United States,"My own opinion: By Chinese element perspective, Covid-19 vaccine problems most observed are heart/blood pressure (fire) or in joints (water). Therefore, metal element could correct side effects of the vaccine by strengthening joints (water) while distracting heart (fire) issues.",1.52E+18,2022
Thu Jan 11 05:10:47 +0000 2024,0,0,0,USER_00806,NAME_00804,,United States,"Free Health Clinics &amp; Vaccinations!
- Blood Pressure Checkup
- Blood Glucose Testing
- Physician Consultations
- Free Flu Shot
- Moderna COVID-19  Updated Vaccine
- Pfizer COVID-19 Updated Vaccine 
- Free RapidTest Kits 
- Free Hand Sanitizer Available
@OdamMedgroup 
@mnhealth https://t.co/50Dbq4rZ2u",1.75E+18,2024
Sun Aug 01 15:01:50 +0000 2021,39,0,13,USER_00807,NAME_00805,,Canada,"It’s a beautiful day to come to our Emancipation Day Health &amp; Wellness Clinic. Blood pressure + blood sugar + COVID-19 Vaccine &amp; testing. We are at the @jcaontario Centre, 995 Arrow Road until 6:00. @VaxHuntersCan https://t.co/o4GrSXIU1S",1.42E+18,2021
Sat Jul 31 17:26:03 +0000 2021,14,0,12,USER_00807,NAME_00805,,Canada,"A beautiful day at the @jcaontario Centre, 995 Arrow Road. Come down and get your questions answered by the Black Physicians of Ontario &amp; Black Scientists Taskforce. Check you blood pressure, sugar and get your 1st or 2nd dose of the COVID-19 vaccine. #COVID19 #Toronto https://t.co/FHKCZn0RB7",1.42E+18,2021
Wed Feb 23 08:01:40 +0000 2022,2,0,1,USER_00808,NAME_00806,,United States,"Ten cases of serious adverse events have been reported in children aged five to 11 after COVID-19 vaccine as of end-January: seizures, appendicitis, drop in blood pressure, allergic reaction, abnormal renal function &amp; swelling of small blood vessels.
 https://t.co/EJPYpwEiGx",1.50E+18,2022
Fri Jan 20 10:34:03 +0000 2023,0,0,1,USER_00809,NAME_00807,,United Kingdom,"A one-stop-shop for health and wellbeing. On board the bus you can have a Covid-19 vaccine and get your BMI, and blood pressure readings and be checked for diabetes. No appointment needed, just turn up. https://t.co/gbS8v86aNc",1.62E+18,2023
Thu Dec 21 20:23:48 +0000 2023,29,3,2,USER_00810,NAME_00808,,,"@DocAhmadMalik I am 60 years old and followed the rules during Covid-19 epidemic, I have had three Pfizer vaccinations, the last one gave me a headache that lasted for weeks, I now have high blood pressure (have to take meds) I have refused to attend any more vaccine appointments!",1.74E+18,2023
Thu Mar 18 23:11:38 +0000 2021,5,0,1,USER_00811,NAME_00809,,Canada,"If you have another condition such as diabetes or high blood pressure, Salvaterra suggests taking the COVID-19 vaccine. Some ppl are concerned about taking the vaccine if they have an underlying health problem, but she suggests it's all the more reason to get vaccinated.",1.37E+18,2021
Wed May 10 14:44:56 +0000 2023,158,155,2,USER_00812,NAME_00810,,United States,"@DiedSuddenly_ When I had Covid 19 for the 2nd time, it caused my already high blood pressure to go through the roof. Taking the Pfizer vaccine made it go back to normal. Look, I lost my sister in law and multiple friends to covid 19 . Don’t blame Pfizer.",1.66E+18,2023
Mon Dec 05 12:48:18 +0000 2022,6,1,0,USER_00813,NAME_00811,,,"@RomanCabanac COVID 19 vaccine 💉 = High blood pressure, diabetes, blood clots, strokes, heart attacks, cancer, DEATH",1.60E+18,2022
Sat Mar 25 10:27:33 +0000 2023,7,1,0,USER_00814,NAME_00812,,South Africa,"[Happening Now]: Health services such as HIV testing, Blood Pressure &amp; Diabetes screening, Covid-19 testing/vaccine, many more are available at the Human Rights Festival. 

The public is encouraged to come check their health statuses and enjoy the festivities.

#AsibeHealthyGP https://t.co/XCg6JYYi6c",1.64E+18,2023
Tue Aug 02 15:40:17 +0000 2022,2,0,1,USER_00815,NAME_00813,,United States,"We’re at @Rosenberg_Lib  in Galveston this morning until 11 a.m. offering FREE health screenings including blood pressure, blood sugar and oxygen level checks, as well as COVID-19 vaccine and booster doses.
Stop by and say 👋 https://t.co/xtqNhm3RLB",1.55E+18,2022
Sun Aug 22 03:52:48 +0000 2021,0,0,0,USER_00816,NAME_00814,,Vietnam,"Many people wonder if there is a fairly common situation that many people go for the COVID-19 vaccine to have high blood pressure even though it's completely normal at home, why?
 this is a phenomenon of hypertension caused by ""white coat"" syndrome
#news #Vietnam #Hanoi #COVID19 https://t.co/KOkBFHDZSL",1.43E+18,2021
Fri Aug 20 07:46:50 +0000 2021,0,0,0,USER_00817,NAME_00815,,,#clinicaltrial Short-term Effect of COVID-19 Vaccine on Blood Pressure https://t.co/XawePyAPVs,1.43E+18,2021
Tue Mar 16 21:00:16 +0000 2021,0,0,1,USER_00818,NAME_00816,,,"Like millions of Americans, you could be at higher risk for COVID-19 complications because of diabetes, high blood pressure and heart conditions. Learning about the COVID-19 vaccine can be the first step towards getting back to your life. https://t.co/kqYN9YpOZn. Get informed. https://t.co/32y1VQ4WZI",1.37E+18,2021
Thu Sep 16 18:30:00 +0000 2021,15,13,8,USER_00819,NAME_00817,,United States,"If you have a heart condition such as heart failure, plaque buildup, or even high blood pressure, there’s one easy thing you can do to help keep your heart healthy. Get the COVID-19 vaccine. It is safe and effective! https://t.co/enI19ZhRvy https://t.co/fasruJrYBa",1.44E+18,2021
Sun Oct 29 11:49:55 +0000 2023,0,0,0,USER_00820,NAME_00818,,,"Prior to the Covid 19 vaccine, my blood pressure was fine. When many of us got the vaccine, nobody communicated the risks, but now the articles are out there. 

WARNING never take this vaccine!  READ ARTICLES
https://t.co/zhbTxJ3FDc",1.72E+18,2023
Sat Nov 20 20:39:17 +0000 2021,0,0,0,USER_00821,NAME_00819,,United States,A New COVID-19 Vaccine; Treating High Blood Pressure to Stave Off T2D https://t.co/jmbuoP6w5X,1.46E+18,2021
Mon Sep 26 16:59:04 +0000 2022,5,1,3,USER_00822,NAME_00820,,United Kingdom,"As well as employers, you can also meet health and wellbeing organisations such as @SolentMind, @ActiveNationSot, @SFC_Foundation and @nolimitshelp 

There will also be free Blood Pressure Checks as well as first and second doses of the COVID-19 vaccine

https://t.co/Bf9pNbwhdK https://t.co/z3fvJEhu6K",1.57E+18,2022
Thu Feb 02 19:19:14 +0000 2023,1,0,1,USER_00823,NAME_00821,,United States,"Sign up for free COVID-19 vaccine &amp; testing &amp; free blood pressure screening, Symphony Community Park, 39 Edgerly Rd, Boston. Wed, Feb, 2pm - 5pm. Wed. March 1, 2-5pm  Learn Fenway/Kenmore Healthy Neighborhood Initiative can improve your life! https://t.co/L0uK2BWsLN
#fenwaycdc https://t.co/QLN8Lpd0s1",1.62E+18,2023
Sat Mar 27 14:20:00 +0000 2021,1,0,1,USER_00824,NAME_00822,,United States,"For people at higher risk of COVID-19 complications because of a history of stroke, diabetes, high blood pressure and heart conditions, the COVID-19 vaccine is an important choice.

 https://t.co/AL9T1vctBv",1.38E+18,2021
Sun Feb 05 16:06:00 +0000 2023,0,0,1,USER_00825,NAME_00823,,United States,"This lady may need to take the COVID-19 vaccination bc it appears she has obesity issues. COVID-19 has been devastating to people with pre-existing conditions, such as, obesity, high blood pressure, &amp; diabetes. The COVID-19 vaccine has saved the lives of many in those categories.",1.62E+18,2023
Sat Nov 20 19:40:26 +0000 2021,0,0,0,USER_00826,NAME_00824,,United States,(A New COVID-19 Vaccine; Treating High Blood Pressure to Stave Off T2D) has been published on chineselgz - https://t.co/vKvPS4WFd6,1.46E+18,2021
Sun Jun 20 00:27:14 +0000 2021,14,1,1,USER_00827,NAME_00825,,,"This weekend, our Seattle team supported their local community by conducting blood pressure screenings and sharing mental health and COVID-19 vaccine information at the @naamnw #Juneteenth Jamboree. Thanks for letting us be a part of this important event! https://t.co/5XsFV3F0mb",1.41E+18,2021
Sun Mar 06 14:04:26 +0000 2022,8,0,5,USER_00828,NAME_00826,,United States/ Canada,"Today! The JCA, CAFCAN &amp; community partners are hosting a COVID-19 Vaccine &amp; Wellness Clinic for Black, African and Caribbean Communities
11:00am - 6:00pm.
1st, 2nd &amp; 3rd doses, blood sugar  &amp; blood pressure testing available.

OHIP not required. @VaxHuntersCan https://t.co/6KK4Z4w16e",1.50E+18,2022
Sat Nov 06 00:02:02 +0000 2021,121,7,2,USER_00829,NAME_00827,,United States,"The COVID-19 vaccine WORKS.

How do I know that? Because my Nana- who’s in her 80s, has COPD &amp; high blood pressure- is currently kicking COVID’s ass. 

Our prayers were answered that she’d come out of this OK. We’re grateful to God &amp; medical advancements/science 🙏 https://t.co/koap5bWN6L",1.46E+18,2021
Mon Apr 03 21:30:37 +0000 2023,0,0,0,USER_00830,NAME_00828,,United States,"This Saturday join us for Easter in The Square 🐰🌷⁠
https://t.co/7qdaYO1OSV⁠
⁠
Saturday April 8th from 9:00am - 3:00pm⁠
⁠
Free COVID-19 vaccines for ages 5+ (All Vaccine Types Available), Free Flu Vaccines, COVID Testing, Blood Pressure &amp; Glucose Screening⁠
⁠ https://t.co/UsMbcVWs1J",1.64E+18,2023
Sat Feb 25 18:08:49 +0000 2023,1,1,0,USER_00831,NAME_00829,,,"@CarlaPeeters3 2. (zeer(groot))deel van de ACE2 aan de werking in het lichaam onttrekken.
covid-19 vaccine target chronology
https://t.co/wd2iSaxhb0
ACE2 and Blood Pressure / Hoge Bloed druk :
https://t.co/iXpyDf9YKu ''Experimental hypertension studies have measured ACE2 in either the &gt;&gt;",1.63E+18,2023
Mon Nov 13 22:22:57 +0000 2023,26,3,7,USER_00832,NAME_00830,,,"Your statements about COVID-19 vaccines are not just unfounded but dangerously misleading. 

Orthostatic Hypotension Claim: There's zero evidence linking COVID-19 vaccines to orthostatic hypotension, a condition where blood pressure drops upon standing. This symptom is not recognized as a side effect of these vaccines. Spreading such unverified claims is irresponsible.

Ruining Vascular and Autonomic Systems: This allegation is baseless and scientifically unfounded. COVID-19 vaccines have undergone extensive testing and clinical trials, ensuring their safety and efficacy. They do not ruin the vascular and autonomic systems, and suggesting so is fearmongering.

Vaccine-Induced Strokes: Asserting that COVID-19 vaccines cause strokes in the absence of scientific proof is not just incorrect, it's alarmist. There is no established evidence linking these vaccines to strokes, and making such connections without evidence is reckless.

Cardiac Specialists’ Agreement: Without concrete scientific evidence, claiming that cardiac specialists universally attribute certain medical issues to the vaccine is misleading. Medical opinions must be grounded in evidence, not anecdotal reports or unverified claims.

CDC’s Excel Sheet on Vaccine Batches: The CDC does not provide adverse event reports based on vaccine batches like you suggest. Vaccine safety is stringently monitored, and any concerns about specific batches are thoroughly investigated. Spreading misinformation about vaccine batch safety is deceptive and harmful.

Vaccine Liability Immunity Claim: Your statement that COVID-19 vaccines are completely immune from liability is false. The National Vaccine Injury Compensation Program (VICP) exists to compensate individuals who may have been injured by covered vaccines, including COVID-19 vaccines. Each claim is rigorously evaluated, and this legal process ensures accountability.

In sum, your claims are a hodgepodge of unverified, fear-inducing misinformation. Relying on and spreading such false narratives is not just irresponsible, it’s dangerous. It’s crucial to base discussions on the safety and efficacy of vaccines on accurate, scientifically verified information, not on baseless conspiracy theories and panic.",1.72E+18,2023
Sat Jan 21 14:37:58 +0000 2023,334,34,35,USER_00832,NAME_00830,,,"@RepMTG ...including serious heart rhythm abnormalities, severe liver inflammation, and kidney failure. Vaccines are the best way to protect against severe COVID-19, available and free to anyone aged 5 and above.",1.62E+18,2023
Tue Jun 15 14:36:25 +0000 2021,0,0,0,USER_00833,NAME_00831,,United States,"Like millions of Americans, you could be at higher risk for COVID-19 complications because of diabetes, high blood pressure and heart conditions. Learn about the COVID-19 vaccine as a step towards getting back to your life. Learn more from @AHANorthernCA - https://t.co/RqQRf2q9MG https://t.co/HANT3x7LxF",1.40E+18,2021
Tue Aug 08 20:48:29 +0000 2023,1,0,0,USER_00834,NAME_00832,,United States,"The #CHRC at #CBWCHC invites you to “Meet a Nurse Wednesday” from August - September (except 8/23) from 10am - 4pm. You can get these health screenings: BMI, blood pressure, cholesterol, blood glucose, and receive a COVID-19 vaccine.
168 Centre Street, 3M FL, New York, NY 10013 https://t.co/ULqg6qG5sw",1.69E+18,2023
Tue Aug 10 13:37:14 +0000 2021,11,0,8,USER_00835,NAME_00833,,United Kingdom,"Pop by the Health on the Move Van this Friday 13 August from 12pm to 6pm at The Warehouse on Cumberland Road in Reading.

Raise your healthcare concerns with healthcare professionals, receive blood pressure or BMI checks, and receive COVID-19 Pfizer vaccine if you haven't already https://t.co/rl1dLeKnde",1.43E+18,2021
Tue Feb 09 22:06:25 +0000 2021,51,4,1,USER_00836,NAME_00834,,,"day 1 after covid-19 vaccine (moderna, 1st dose): 

- arm is pretty sore, like after a really hard workout
- hard to lift stuff and couldn't sleep on right side
- blood pressure was high last night and this morning
- but feeling good! no other symptoms",1.36E+18,2021
Tue Jan 19 04:00:56 +0000 2021,0,0,0,USER_00837,NAME_00835,,United States,Never mind! Just remembered that I have to take the Moderna Covid-19 vaccine tomorrow! My blood pressure=high!,1.35E+18,2021
Wed Dec 08 17:35:20 +0000 2021,0,0,0,USER_00838,NAME_00836,,United States,"📢 @labakcare will be at Chosen 300 from 9am-12pm this upcoming Sunday.  You can get your booster shot, Covid-19 vaccine, Flu Shot and Blood pressure screening done here. 

@labakcareorg @ Chosen 300 https://t.co/6W0isYaR6Z",1.47E+18,2021
Thu Jan 19 23:04:38 +0000 2023,2,1,2,USER_00839,NAME_00837,,United States,"Did you know…?
👍🏽 COVID-19 vaccines are especially important for people who have diabetes and high blood pressure 
👍🏽 Doctors recommend everyone 6 months and up who’re eligible get the COVID-19 vaccine 
📺 Hear from Jose about why it was important for him to get his vaccine! https://t.co/h29TJOXe2k",1.62E+18,2023
Wed Oct 26 18:11:00 +0000 2022,0,0,0,USER_00840,NAME_00838,,,"JOIN US for a HEALTH FAIR at TRICK OR TREATMOORE Fri., Oct. 28, 2022 | 5-8 PM. Broadmoor Impro. Assoc.. We will provide: Covid-19 + Vaccine's Info., Services Info., Blood Pressure/Glucose Screenings, Diabetes , Cancer Screening Info./Handouts https://t.co/6e9yDgSZFM https://t.co/tsQ0uc0KZf",1.59E+18,2022
Tue Nov 28 09:37:13 +0000 2023,1,0,0,USER_00841,NAME_00839,,,@Leeleeliberty11 When I go to my doctor and anyone asks me if I’ve been vaccinated for COVID-19.  I tell them this is a bad subject with me and it gets my blood pressure up so I suggest you put a note in my records not to ask anything about COVID-19 vaccine. 😉😳😎,1.73E+18,2023
Tue Mar 02 08:55:35 +0000 2021,0,0,0,USER_00842,NAME_00840,,,"@ICMRDELHI @MoHFW_INDIA @DeptHealthRes Honoured naredra modi ji 🙏.l am so glad .that you have taken Covid-19 vaccine. But India lost of people's need of Covid-19 vaccine. For instance the aged , and diabetes and blood pressure and other disease that have Indian citizen. is need to give first vaccine. Before you",1.37E+18,2021
Tue Mar 02 08:56:18 +0000 2021,0,0,0,USER_00842,NAME_00840,,,"@PiyushGoyal @narendramodi Honoured naredra modi ji 🙏.l am so glad .that you have taken Covid-19 vaccine. But India lost of people's need of Covid-19 vaccine. For instance the aged , and diabetes and blood pressure and other disease that have Indian citizen. is need to give first vaccine. Before you",1.37E+18,2021
Fri Sep 17 18:45:48 +0000 2021,6,0,3,USER_00843,NAME_00841,,United States,"Stop by tomorrow, Sat., Sept 18th from 9am-1pm for our Preparedness &amp; Wellness Expo, El Buen Pastor Church, 950 W 8th Ave, Mesa. FREE COVID-19 vaccine, flu vaccine, blood pressure checks, and more! More info: https://t.co/HMvaPuvBvq https://t.co/B2YDreQNfs",1.44E+18,2021
Fri Sep 24 23:27:18 +0000 2021,3,0,1,USER_00843,NAME_00841,,United States,"Stop by tomorrow, Sat., Sept 25th from 9am-1pm for our Preparedness &amp; Wellness Expo at Emmanuel Temple, 3101 W Palm Ln, Phoenix. FREE COVID-19 vaccine, flu vaccine, diabetes checks, mammograms (appt only) and more! More info: https://t.co/yRemEc8OLB https://t.co/fTTWQMRptJ",1.44E+18,2021
Sat Sep 18 19:18:07 +0000 2021,14,1,7,USER_00843,NAME_00841,,United States,"You still have time to come for your #flushot #COVID19 vaccine, mammogram, blood pressure checks and CPR demos. We are at Iglesia Cristiana El Buen Pastor till 1pm at 
📍950 W. 8th Ave. Mesa, AZ. 85210 https://t.co/3YIsDkQdkC",1.44E+18,2021
Tue Nov 22 08:32:47 +0000 2022,0,1,0,USER_00844,NAME_00842,,,"@FratesChris @LLColorMeBlue @pamelarbishop From a medical study by a doctor regarding blood pressure and Covid-19 vaccine. ""The blood pressure change was not related to an immune response. I suspect the increase in blood pressure was due to a stress response.""
https://t.co/3ZFIdD3ENM",1.59E+18,2022
Sun Dec 12 21:15:26 +0000 2021,0,0,0,USER_00845,NAME_00843,,Ukraine,"Maybe I shouldn't do a connection here, but after the second COVID-19 vaccine shot, blood pressure has started being unstable. I am feeling good now and hope that all this is behind me.",1.47E+18,2021
Wed Oct 06 20:07:46 +0000 2021,0,0,0,USER_00846,NAME_00844,,,@ASoftstar Prayers for control of your high blood pressure.  🙏. For those bringing the vaccine into this…. High blood pressure has existed long before the Covid 19 vaccine.  It even exists in young healthy people occasionally.,1.45E+18,2021
Tue Oct 03 19:33:54 +0000 2023,4,1,0,USER_00847,NAME_00845,,United States,@KenDBerryMD I am going to try this diet and hopefully I can get my husband to try it also. I have had slightly high blood pressure ever since the COVID-19 Vaccine.  I am hoping it will help my overall health.  Thanks for spreading the word.,1.71E+18,2023
Tue Sep 06 14:03:40 +0000 2022,2,0,1,USER_00848,NAME_00846,,United Kingdom,"🚌 Come and have a chat about your health – free blood pressure checks, general health advice + COVID-19 vaccine. 📍 Mobile pop-up health clinic  - look out for our health bus - Thursday 8 September, 11am to 3pm, Ensham House, Tooting, SW17 8AP https://t.co/LdQ14iJ6AP https://t.co/gJtinwbBT3",1.57E+18,2022
Fri Dec 09 09:20:13 +0000 2022,1,0,4,USER_00848,NAME_00846,,United Kingdom,"The effects of flu and COVID-19 can be more serious if you have an underlying health condition such as heart disease or diabetes.

The free flu vaccine and COVID-19 booster can boost your immunity this winter.

Find out more and how to book  
➡️ https://t.co/S48AFLSIeR https://t.co/XU6U2LBxB4",1.60E+18,2022
Fri Dec 10 15:00:20 +0000 2021,1,0,1,USER_00849,NAME_00847,,United States,"TOMORROW! If you live in the Philadelphia area and want to get your COVID-19 vaccination, we are hosting a free COVID vaccine clinic! COVID-19 vaccinations, boosters and blood pressure checks will be available! RSVP here: https://t.co/LjbneKd38k https://t.co/yZcLOzpQ9y",1.47E+18,2021
Mon Dec 06 21:00:14 +0000 2021,0,0,0,USER_00849,NAME_00847,,United States,"If you live in the Philadelphia area and want to get your COVID-19 vaccination, join us for our free COVID vaccine clinic! COVID-19 vaccinations, boosters and blood pressure checks will be available - plus, live music and giveaways! RSVP here: https://t.co/LjbneKd38k https://t.co/TvpG99J3bp",1.47E+18,2021
Tue Jul 26 09:51:06 +0000 2022,0,0,0,USER_00850,NAME_00848,,South Africa,"The campaign also has Services on Wheels - HIV Testing, TB Screening, Covid-19 Vaccine, Diabetes and High Blood Pressure Screening and MDR Education corner. https://t.co/KsWEfQl3wX",1.55E+18,2022
Fri Apr 14 15:15:03 +0000 2023,3,0,1,USER_00851,NAME_00849,,,"Our health and wellbeing bus will be at Asda in #Gillingham next week. 

Come see our team and have your blood pressure checked, and the Covid-19 vaccine first and second doses.

Visit our website for further information: https://t.co/MZ8MKjvf3I https://t.co/ysVFCDAcLu",1.65E+18,2023
Wed Apr 19 07:00:37 +0000 2023,3,0,1,USER_00851,NAME_00849,,,"Our health and wellbeing bus will be at Asda in #Gillingham until Saturday. 

Come see our team and have your blood pressure checked, and the Covid-19 vaccine first and second doses.

Visit our website for further information: https://t.co/MZ8MKjvf3I https://t.co/wLsizkkVRP",1.65E+18,2023
Thu Apr 29 17:02:44 +0000 2021,244,30,13,USER_00852,NAME_00850,,Pakistan,"I got the first dose of COVID-19 vaccine at the Expo Centre. And I asked my driver, the person accompanying me, to take photos - no comments on the quality of the pics!
My blood pressure and teeka photos. Things I've to do to encourage people to get vaccinated! Yes, teekas matter https://t.co/iiUsqzEr1y",1.39E+18,2021
Mon Jan 04 21:58:56 +0000 2021,6,3,0,USER_00853,NAME_00851,,,Getting on Facebook and seeing people spread false information about the COVID-19 vaccine makes my blood pressure rise.,1.35E+18,2021
Wed Mar 31 13:53:35 +0000 2021,135,18,11,USER_00854,NAME_00852,,United States,"Received my second dose of the Pfizer vaccine yesterday and let me tell you about the side effects.

Zero. Not even sore at injection site. My blood pressure has gone down to normal knowing I will not die from Covid-19.

I will keep masking to respect others.",1.38E+18,2021
Tue Mar 16 17:40:26 +0000 2021,3,0,1,USER_00855,NAME_00853,,United States,"Like millions of Americans, you could be at higher risk for COVID-19 complications because of diabetes, high blood pressure and heart conditions. Learning about the COVID-19 vaccine can be the first step towards getting back to your life. https://t.co/g9fqvVKx83. Get informed. https://t.co/RbfzwgEtSH",1.37E+18,2021
Wed May 19 17:39:05 +0000 2021,5,0,0,USER_00856,NAME_00854,,United States,"May 22: Mega Health Fair! Attendees will be able to receive the Moderna COVID-19 vaccine, high blood pressure and diabetes screenings, HIV and STD testing, mental health services, and wellness support such as meditation, counseling and prayer. https://t.co/OinNGyblPc https://t.co/bZhkMK6v7h",1.40E+18,2021
Wed Apr 28 09:59:20 +0000 2021,0,0,0,USER_00857,NAME_00855,,United States,"PNN for Apr. 28, 2021 - JAMA: Prophylactic Anticoagulation in COVID-19 Critical Care; USPSTF Recommendation on Blood Pressure Screening. Johnson &amp; Johnson/Janssen COVID-19 vaccine recommendations. https://t.co/RJrPIoZbOO",1.39E+18,2021
Wed May 04 09:59:22 +0000 2022,0,0,0,USER_00857,NAME_00855,,United States,"PNN for May 4, 2022 - JAMA: Alcohol-Related Deaths During the COVID-19 Pandemic; Urticaria After COVID-19 mRNA Vaccine Booster; Oral Antiviral Medications for COVID-19; Chronic Hypertension During Pregnancy. https://t.co/rTi0wC04mj https://t.co/BZfes64fRO",1.52E+18,2022
Thu Mar 18 16:06:25 +0000 2021,1,0,0,USER_00858,NAME_00856,,,"@WhiteHouse One(1) week after I took the 2nd Covid-19 vaccine shot (Mudema(misspelled)), my blood pressure went sky-high to 193/111(medical documented)for an hour.Then, a week after that, my blood pressure went to 140/80 for a hour, then, real low at 107/20.I have no history of BP problems",1.37E+18,2021
Fri Aug 20 07:33:44 +0000 2021,0,1,0,USER_00859,NAME_00857,,,"Short-term Effect of COVID-19 Vaccine on Blood Pressure: Status: Not yet recruiting, 
Condition Summary: Covid19; Blood Pressure https://t.co/vSfPZ9d1oO",1.43E+18,2021
Sat Jan 30 14:04:01 +0000 2021,7,14,2,USER_00860,NAME_00858,,United States,"Smokers and people with coronary artery disease may be among those on the next priority list for a COVID-19 vaccine, but those with high blood pressure and asthma might not. https://t.co/rktI6dVhfW",1.36E+18,2021
Sun Jul 02 15:09:54 +0000 2023,1,2,0,USER_00861,NAME_00859,,Australia,"@TheSheepersGame @Dexerto Athletes = low blood pressure

High blood pressure = aneurysm 

Covid-19 vaccine = increased blood pressure

You catching on yet?",1.68E+18,2023
Fri Apr 23 23:01:28 +0000 2021,2,0,1,USER_00862,NAME_00860,,United States,"Please join us for a Health Screening Day in Coney Island, Brooklyn TOMORROW, April 24th at 10 AM. Sign Up for the COVID-19 vaccine and have your blood pressure checked. We hope to see you there! MetroPlusHealth Taking Care of the Complete You! https://t.co/mkq1V8yvxB",1.39E+18,2021
Fri Apr 16 18:30:00 +0000 2021,2,0,1,USER_00863,NAME_00861,,United States,"Like many, you could be at higher risk for COVID-19 complications because of diabetes, high blood pressure and heart conditions. Learning about the COVID-19 vaccine can be the first step towards getting back to what you miss so much — safely. https://t.co/XcLNLrXfFM",1.38E+18,2021
Thu Mar 11 18:03:14 +0000 2021,35,3,11,USER_00864,NAME_00862,,United States,"@DHSWI BREAKING:

Wisconsin expands who is eligible for the COVID-19 vaccine starting March 29 to include people with a broad array of pre-existing conditions including 

Asthma 
Cancer
Chronic kidney disease
High blood pressure
Obesity 

General public expected to be eligible in May",1.37E+18,2021
Fri Jan 08 13:23:58 +0000 2021,0,0,0,USER_00865,NAME_00863,,,@khaleejtimes What is the normal blood pressure for covid-19 vaccine ? Is it okay to take high blood pressure patient ?,1.35E+18,2021
Tue Mar 09 18:55:44 +0000 2021,12,1,4,USER_00866,NAME_00864,,United States,".@UTHealthAustin has expanded COVID-19 vaccine eligibility to include conditions such as asthma, high blood pressure or Type 1 diabetes mellitus.

https://t.co/Pu1U6Fu6OV https://t.co/7Qd5DysJdh",1.37E+18,2021
Sat Mar 27 14:20:00 +0000 2021,1,0,1,USER_00867,NAME_00865,,United States,"For people at higher risk of COVID-19 complications because of a history of stroke, diabetes, high blood pressure and heart conditions, the COVID-19 Vaccine is an important choice.

https://t.co/jHiND0eZJq",1.38E+18,2021
Thu Mar 11 18:14:40 +0000 2021,15,0,10,USER_00868,NAME_00866,,United States,"Like millions of Americans, you could be at higher risk for COVID-19 complications because of diabetes, high blood pressure &amp; heart conditions. Learning about the COVID-19 vaccine can be the first step towards getting back to your life. 

https://t.co/0UEW5F3iSQ 
Get informed. https://t.co/RqB3pIK8QZ",1.37E+18,2021
Thu Oct 21 17:00:04 +0000 2021,6,0,0,USER_00868,NAME_00866,,United States,"High blood pressure also increases the risks of serious COVID-19 complications. If you have questions, talk to your doctor about a COVID-19 vaccine. 

@AnthemFDN is proud to support the American Heart Association’s COVID-19 Response and Hypertension Management efforts. (3/3)",1.45E+18,2021
Fri Mar 19 13:00:15 +0000 2021,1,0,1,USER_00869,NAME_00867,,United States,"You could be at higher risk for COVID-19 complications because of diabetes, high blood pressure and heart conditions. Learning about the COVID-19 vaccine can be the first step towards getting back to your life. https://t.co/dozn3wOXjm. Locally supported by @mainlinehealth https://t.co/AxuO7jRayw",1.37E+18,2021
Thu Dec 17 13:14:41 +0000 2020,11,2,1,USER_00870,NAME_00868,,United States,"I want it known I will absolutely take the Covid-19 vaccine. 

I'm diabetic with high blood pressure due to massive chronic pain so I'm high risk!",1.34E+18,2020
Thu Feb 15 08:37:19 +0000 2024,1,2,0,USER_00871,NAME_00869,,Spain,"🔴Putin says Russia is close to creating cancer vaccines

👉 https://t.co/9iUFHiV44W

The same agenda in Russia… covid 19 vaccine, anti cancer vaccine, smart cities, digital ruble etc",1.76E+18,2024
Fri Dec 08 05:24:18 +0000 2023,1,1,1,USER_00871,NAME_00869,,Spain,"A case of leg pain after the initial dose of the COVID-19 vaccine, followed by deep vein thrombosis &amp; pulmonary embolism after the 2nd dose: https://t.co/XnXhlV0VJ8
""The findings from this case suggest that the COVID-19 vaccine could cause severe adverse events, such as DVT"" https://t.co/d576YUL1RS",1.73E+18,2023
Sat Dec 09 10:37:29 +0000 2023,0,0,0,USER_00871,NAME_00869,,Spain,"@JokeBruis38 @MarionKoopmans A case of leg pain after the initial dose of the COVID-19 vaccine, followed by deep vein thrombosis &amp; pulmonary embolism after the 2nd dose: https://t.co/XnXhlV0VJ8
""The findings from this case suggest that the COVID-19 vaccine could cause severe adverse events, such as DVT"" https://t.co/L4avmU3E5T",1.73E+18,2023
Sun Feb 11 23:38:47 +0000 2024,0,2,0,USER_00872,NAME_00870,,,"@mpc_xetts @jimeekay @TruthHurts2160 @haleighsheart11 @alexnatarosMD @kevinault 2) COVID-19 vaccines. He claimed this could deliver ""contaminant DNA"" into human cells and also raised concerns about cancer risk.” 

https://t.co/3CTW9cvJ71",1.76E+18,2024
Sat Feb 10 21:40:40 +0000 2024,3,0,1,USER_00873,NAME_00871,,,"COVID-19 mRNA vaccines: Re-analysis of the Pfizer trial data identified statistically significant increases in serious adverse events (SAEs) in the vaccine group. 

Numerous SAEs were identified following the Emergency Use Authorization (EUA), including death, cancer, cardiac events, and various autoimmune, hematological, reproductive, and neurological disorders.

These products never underwent adequate safety and toxicological testing in accordance with previously established scientific standards. 

Federal agency approval of the COVID-19 mRNA vaccines on a blanket-coverage population-wide basis had no support from an honest assessment of all relevant registrational data and commensurate consideration of risks versus benefits. 

Given the extensive, well-documented SAEs and unacceptably high harm-to-reward ratio, we urge governments to endorse a global moratorium on the modified mRNA products until all relevant questions pertaining to causality, residual DNA, and aberrant protein production are answered.

https://t.co/bGxiKO8Im8",1.76E+18,2024
Tue Feb 13 17:09:24 +0000 2024,0,0,0,USER_00874,NAME_00872,,United States,"Radiologist and cancer researcher William Makis said, “It’s time to immediately halt COVID-19 mRNA vaccines and begin assessing the incalculable damage done to the next generation.”",1.76E+18,2024
Mon Feb 12 13:09:09 +0000 2024,0,0,0,USER_00875,NAME_00873,,,"Add the COVID-19 “Vaccines” Monstrously disabling, hurting and killing millions of Americans. Turbo cancers that can’t be cured in time. Funeral homes exposing gigantic and long blood clots. https://t.co/41f5DuMSAc",1.76E+18,2024
Wed Feb 07 21:19:40 +0000 2024,0,1,0,USER_00876,NAME_00874,,United States,"After Toby Keith died from raging turbo cancer, his foundation staff deleted a post of them receiving the Covid-19 vaccine in 2012. 
👇👀 https://t.co/G5kajAkJ2a",1.76E+18,2024
Sat Feb 10 18:46:59 +0000 2024,0,0,0,USER_00877,NAME_00875,,United States,"@404pagefinder @thevegdoc @MonnieNass @THEHCC This is the first sentence of what you posted as proof the vaccine causes cancer:
“COVID-19 vaccination is effective for cancer patients without safety concerns” 
This is the conclusion: https://t.co/JPsx6brest",1.76E+18,2024
Wed Feb 14 19:08:40 +0000 2024,0,0,0,USER_00878,NAME_00876,,,"Russia is close to creating cancer vaccines. War always creates better medical treatment and gigantic innovations. COVID-19 created malaria vaccines and more. World War 2 created antibiotics - penicillin. D/4, should we pray for more wars? I call it natural selection in play.",1.76E+18,2024
Sun Feb 11 07:13:08 +0000 2024,0,0,0,USER_00879,NAME_00877,,,"So Charlie has cancer? Get to work all of you scientists and get making this new ""vaccine"" to cure cancer. Will it be free like the COVID 19 ""vaccine""? 

Wake the fuck up people....... https://t.co/7wdEGMsF5P",1.76E+18,2024
Wed Feb 14 17:03:22 +0000 2024,4,1,0,USER_00880,NAME_00878,,United Kingdom,"@ivor_bacon @SwaledaleMutton @k_b_lvi @Maccspider @kinlochleven7 @JaydenUddoman @UKPeaceMonger Not on the UK

A sore arm or an allergic reaction, but no mention of cancer, strokes or infertility 

https://t.co/lW0NtaTk4E",1.76E+18,2024
Sat Feb 10 17:16:06 +0000 2024,0,0,0,USER_00881,NAME_00879,,,"So, I suppose the 'turbo cancer' is from the covid-19 vaccines then, since it's been checked.",1.76E+18,2024
Thu Feb 15 00:00:20 +0000 2024,0,0,0,USER_00882,NAME_00156,,United Kingdom,"Well I trusted the AstraZeneca Covid-19 vaccine, so let's give it a whirl! Besides, if you were dying of Cancer you'd give anything a go 🤕",1.76E+18,2024
Wed Feb 14 06:30:49 +0000 2024,0,0,0,USER_00883,NAME_00880,,United States,"COVID-19 Vaccines Can Worsen Cancer, According to New Peer-Reviewed Analysis in Medical Journal https://t.co/ZyMEsBtFsD via @vigilantnews",1.76E+18,2024
Fri Feb 09 17:19:35 +0000 2024,0,0,0,USER_00884,NAME_00881,,,"Tests of a new mRNA - “cancer vaccine” - have started in the UK.

An 81-year-old man from Surrey has become the first patient to receive a new ""vaccine"" designed to treat solid tumors such as melanoma skin cancer.

Like COVID-19 vaccines, this drug contains a genetic molecule called mRNA. This relative of DNA can pass instructions to protein factories in cells, prompting them to make certain proteins.",1.76E+18,2024
Wed Feb 14 15:50:07 +0000 2024,10,3,0,USER_00885,NAME_00882,,United States,"The prevalence/projections for cancer diagnoses have been going up long before COVID-19 or the vaccines for it. So we can’t say diagnoses going up are due to vaccines.

Therefore, it’s reasonable to now abandon the “do vaccines correlate with cancer” questions.

(3/3) https://t.co/VfmIxj7Zsh",1.76E+18,2024
Sat Feb 10 06:35:13 +0000 2024,0,0,0,USER_00886,NAME_00226,,,GB News presenter Neil Oliver has been cleared of wrongdoing by Ofcom following remarks he made about so-called “turbo cancers” appearing to be more frequent in younger people since the roll-out of the COVID-19 vaccines. https://t.co/sUgjuamxbL,1.76E+18,2024
Mon Feb 12 20:14:15 +0000 2024,2,0,0,USER_00887,NAME_00883,,,"@AntonLoetj56019 @frankv1971 Covid-19 vaccines do not cause ""turbo"" cancer
https://t.co/LcIGBwJeAn",1.76E+18,2024
Wed Feb 14 19:34:24 +0000 2024,0,0,0,USER_00888,NAME_00884,,Canada,"The COVID Booster Cancer Time Bomb https://t.co/YXc8kvTt4I via @epochtimes 

""The link between COVID-19 vaccines and myocarditis and early death particularly in the young, highlighted by Peter McCullough and colleagues as well as by Aseem Malhotra in the UK, is incontestable. Now, we have a confirmatory report from the Centers for Disease Control and Prevention in the United States, data that the authorities in the UK have refused to act on so as not to alarm vaccinated patients!""

And,

""But unless the government wakes up to this now, we will be at the mercy of the World Health Organization doing the very same thing when they decide to release the Disease X virus in order to take back control and destroy our lives all over again.""

A very strong part of me thinks that because the entire world has been exposed to this infamy, there may be a case for bringing another genocide charge forward in the international courts.  We know the international players that this indictment would be pointed towards.  Quite well.",1.76E+18,2024
Thu Feb 15 09:22:09 +0000 2024,0,0,0,USER_00889,NAME_00885,,,"America: Oh We’ve landed on the Moon
Russia: The Same
America: Oh, We have Vaccines for COVID-19
Russia: Cancer Vaccines getting ready.

Do you get it?",1.76E+18,2024
Tue Feb 13 11:30:48 +0000 2024,1,2,0,USER_00890,NAME_00886,,Australia,"@Shelly5789 But I do not think that there was any evidence, that the covid-19 vaccine can cause turbo cancer!",1.75E+18,2024
Sat Feb 10 23:11:54 +0000 2024,0,0,0,USER_00891,NAME_00887,,United States,RFK Jr.  - WTF are you telling us?  Our military put two injections of mRNA contaminants in my wife &amp; me.  She died a horrible death from cancer.  I have my suspicions…. You say the NIH owns 50% of the COVID-19 vaccine patent….  Why was our military behind it all?  Follow $$.$$,1.76E+18,2024
Wed Feb 02 11:26:36 +0000 2022,6,5,0,USER_00892,NAME_00888,,Antigua and Barbuda,The Covid-19 vaccine causes diabetes 😭😭 https://t.co/1qcpqBB1Bt,1.49E+18,2022
Sun Nov 14 19:02:20 +0000 2021,0,0,0,USER_00893,NAME_00889,,,Should Children with Diabetes Get the Covid-19 Vaccine? – Diabetes Daily... https://t.co/n6aOv7tMIW,1.46E+18,2021
Tue May 02 23:49:10 +0000 2023,3,2,1,USER_00894,NAME_00890,,United States,"D I D Y O U  K N O W  V A C C I N E S  C A U S E  D I A B E T E S 1? Yep! happened to my friend in Australia. govt came into her high school class, gave HPV shots without parents, got diabetes 1 that week! A L S O  L O O K UP “COVID-19 Vaccine-Induced Latent Autoimmune Diabetes in Adults”",1.65E+18,2023
Fri Jan 07 23:30:03 +0000 2022,427,23,316,USER_00895,NAME_00891,,United States,New CDC MMWR finds children and teens 18 years &amp; younger who have had #COVID19 are up to 2.5 times more likely to have a #diabetes diagnosis after infection. Prevent COVID-19 by using tools like masks and #vaccines for those eligible. Learn more: https://t.co/AIAzp9p8vn https://t.co/i51U08u2oK,1.48E+18,2022
Fri Sep 29 19:30:31 +0000 2023,2,0,0,USER_00895,NAME_00891,,United States,Getting a #COVID19 #vaccine while pregnant can protect you and your baby. It cuts the chance of hospitalization for COVID-19 by 1/3 or more for babies less than 6 months old. Learn more about the updated COVID-19 vaccines: https://t.co/JPdAcxzikU https://t.co/RlY3CU3Bjo,1.71E+18,2023
Mon Apr 04 15:18:19 +0000 2022,15,1,9,USER_00896,NAME_00892,,Poland,"COVID-19 vaccine and autoimmune diabetes in adults: report of two cases

👇
https://t.co/0zVubAsV6G
@JCedernaes, @Kto72102356, @RogerSeheult, @_atanas_",1.51E+18,2022
Fri Oct 20 21:33:38 +0000 2023,38,3,11,USER_00897,NAME_00893,,United Kingdom,"England 🏴󠁧󠁢󠁥󠁮󠁧󠁿 8/12/2020 - 29/9/2023
105,000 #ExcessDeaths since COVID-19 Vaccine roll out

+69,000 Circulatory Deaths 💔 +10%
+29,000 Diabetes Deaths +18%
+7,000 Liver disease deaths +15%
+4,000 Cancer deaths +1%

Why did we continue to have Excess Deaths after the vaccine?
7/ https://t.co/MZ1M2d8uOE",1.72E+18,2023
Sat Nov 20 18:39:29 +0000 2021,29,1,9,USER_00897,NAME_00893,,United Kingdom,"Questions that need an answer from the Government 

1. Does the COVID19 vaccine actually make you more susceptible to catching COVID19?

2. Does the COVID19 vaccine negatively impact your immune system, make you more susceptible to other illnesses ?",1.46E+18,2021
Wed Mar 22 08:54:23 +0000 2023,8,0,4,USER_00898,NAME_00894,,,"COVID-19 is more common in middle-aged and older people. It is more risky with people that has other serious health problems___such as lung conditions,weakened immune system,obesity,diabetes, HIV etc
 vaccine is the best prevention to covid 19 https://t.co/GZeooUbWxM",1.64E+18,2023
Thu Feb 24 19:43:07 +0000 2022,2,0,0,USER_00899,NAME_00895,,United States,"Me, a PIO in public health, makes a awareness post about pre-diabetes. 

The Public: THE COVID-19 VACCINE CAUSES DIABETES (citing a case report and some random link about AIDS(¿).)

I… okay. Just ok.",1.50E+18,2022
Wed Sep 29 14:10:14 +0000 2021,24,2,19,USER_00900,NAME_00896,,Malaysia,"1. Deputy MOH Minister Dr Noor Azmi has refuted claims that 5 teenagers died after receiving Covid-19 vaccines.

He says a 17-year-old student with Type 1 diabetes from a school in Ipoh was infected with Covid-19 and died on August 18, before the adolescent vaccine rollout began. https://t.co/QbVaOIHhmT",1.44E+18,2021
Mon Mar 27 09:59:26 +0000 2023,30,1,11,USER_00901,NAME_00897,,,"BCG vaccine safe and 92% effective versus placebo against COVID-19

This RCT started 5+ years ago. They wanted to see if multiple BCG jabs could help with type 1 diabetes.

Meanwhile, SARS2 emerged and the team decided to test them for COVID.

Amazing!

https://t.co/j906c2mCl2 https://t.co/zAC8cd5cZv",1.64E+18,2023
Sat Jul 09 20:07:23 +0000 2022,26,2,10,USER_00902,NAME_00898,,Germany,"Type 1 diabetes mellitus following COVID-19 RNA-based vaccine 

""The present case suggests that COVID-19 RNA-based vaccines might trigger the onset of type 1 diabetes, even in subjects without prior histories of diabetes.""

https://t.co/BsHV6nwVmL",1.55E+18,2022
Fri Apr 08 09:52:03 +0000 2022,75,5,55,USER_00903,NAME_00899,,Malaysia,"Malaysia's cohort showed that people with underlying chronic #kidney disease, #stroke, #lung disease, and #diabetes among comorbidities had an increased ⬆ risk of severe COVID-19 and deaths. ⁦@ICR_NIH⁩
#realworlddata #COVID19 #vaccine #booster https://t.co/GlWLILDoDe",1.51E+18,2022
Sun Feb 19 12:29:54 +0000 2023,181,142,23,USER_00904,NAME_00900,,United States,"Bottom line for the public- COVID-19 vaccines have undergone and continue to undergo the most intense vaccine safety monitoring in U.S. history! They’ve saved millions of lives, and kept millions more from getting long covid, diabetes, heart attacks, etc. https://t.co/HeNnnMpybP",1.63E+18,2023
Tue May 11 01:09:54 +0000 2021,1300,62,194,USER_00904,NAME_00900,,United States,"I’m a doctor. And a dad of a 15 and soon to be 12 year old. And both my kids will get get the #COVID19 vaccine as soon as they can. To me the upside of personal protection, increased safety around my wife (who has cancer), and contributing to reopening FAR outweighs any risk...",1.39E+18,2021
Thu Jul 01 11:01:13 +0000 2021,182,11,6,USER_00904,NAME_00900,,United States,"Big day!

⁦@CNN⁩ ⁦@NewDay⁩ at 730, and then joining @PublicHealth Georges Benjamin, @katy_milkman, and @SophiaBush to talk #covid19 vaccine hesitancy w/ ⁦@COVIDOversight⁩ at 9! 
Tune into both! 📺 

I’ve even got my #hiv awareness bow tie on for good luck! https://t.co/ywZMFk1kRZ",1.41E+18,2021
Sat Dec 18 07:35:23 +0000 2021,6,0,2,USER_00905,NAME_00901,,Kuwait,"#diabetes #vaccine #Covid_19 
How do diabetics react to the SARS-CoV-2 vaccine?
Our effective research is a gift to our people.
https://t.co/6safm2lttY https://t.co/my95ZLEGym",1.47E+18,2021
Wed Aug 17 08:54:29 +0000 2022,2,0,2,USER_00906,NAME_00902,,,The BCG vaccine against COVID-19 and other infectious diseases in type 1 diabetic adults https://t.co/CknB7GL9tm @CellPressNews @MassGeneralNews @harvardmed #vaccine #vaccination #diabetes #diabetic #type1diabetes #COVID19 #coronavirus #covid #disease https://t.co/hd7fdcZe3u,1.56E+18,2022
Tue Oct 11 07:05:31 +0000 2022,2,0,1,USER_00906,NAME_00902,,,Rare case of COVID-19 vaccine-induced hypophysitis in a woman with central diabetes insipidus manifestations https://t.co/ooum4MUjhk #COVID19 #coronavirus #covid #diabetes #vaccine #vaccination #hypophysitis https://t.co/ecQONlhwZH,1.58E+18,2022
Mon Sep 20 10:08:52 +0000 2021,1,0,1,USER_00906,NAME_00902,,,Medical staff with a history of allergy suffered adverse reactions to BNT162b2 COVID-19 vaccine https://t.co/SoSp8vxOkZ @medrxivpreprint @YU_koho #SARSCoV2 #coronavirus #COVID19 #vaccine #allergies #allergy #medicalstaff https://t.co/MpJmW2m8gU,1.44E+18,2021
Thu Feb 17 16:18:04 +0000 2022,0,0,1,USER_00906,NAME_00902,,,COVID-19 vaccine-induced immunity in heart and kidney solid organ transplant recipients https://t.co/mKEnfyyZgr @medrxivpreprint @RutgersU @MedCityHospital #COVID19 #vaccine #coronavirus #covid #vaccination #covidvaccine #heart #kidney #organtransplant,1.49E+18,2022
Sat Jun 04 20:53:53 +0000 2022,3,0,0,USER_00907,NAME_00903,,,"💥Besides leukemia, type 1 diabetes spikes among 🦠💉v@((in@ted children in China.

Related findings👇
Could the development of COVID-19 vaccine-induced type 1 diabetes be explained by a simple mechanism?
https://t.co/PkxyJLvymK
💥 https://t.co/8t8Hhxuebz",1.53E+18,2022
Wed Nov 30 07:45:35 +0000 2022,23,2,18,USER_00908,NAME_00904,,United Kingdom,Type 1 diabetes mellitus following COVID-19 RNA-based vaccine - PubMed https://t.co/scNFLmYnIF,1.60E+18,2022
Tue Dec 06 15:02:11 +0000 2022,14,4,11,USER_00909,NAME_00905,,United Kingdom,"The effects of flu and COVID-19 can be more serious if you have a health condition like heart disease or diabetes.

The free flu vaccine and COVID-19 booster can boost your immunity this winter.

Find out more and how to book ➡ https://t.co/aL8w5v2K7Q https://t.co/8goQLBdX20",1.60E+18,2022
Thu Jan 05 17:01:23 +0000 2023,4,0,7,USER_00909,NAME_00905,,United Kingdom,"The effects of flu and COVID-19 can be more serious if you have an underlying health condition such as heart disease or diabetes.

The free flu vaccine and COVID-19 booster can boost your immunity this winter.

Find out more and how to book ➡ https://t.co/aL8w5v2K7Q https://t.co/RifHHC3JR3",1.61E+18,2023
Sun Nov 27 16:00:54 +0000 2022,4,3,5,USER_00909,NAME_00905,,United Kingdom,"The effects of flu and COVID-19 can be more serious if you have an underlying health condition such as heart disease or diabetes.

The free flu vaccine and COVID-19 booster can boost your immunity this winter.

Find out more and how to book ➡ https://t.co/aL8w5vkkZo https://t.co/eVfJIqWx2q",1.60E+18,2022
Thu May 26 07:04:24 +0000 2022,10,3,6,USER_00910,NAME_00906,,Australia,"COVID-19 VACCINE BOOSTER UPDATE: ATAGI has now recommended that people living with diabetes who use medication to manage the condition (metformin, insulin etc.) should get an additional winter booster dose of the COVID-19 vaccine. https://t.co/I4uiB7qPVj",1.53E+18,2022
Fri Nov 10 18:00:01 +0000 2023,7,0,3,USER_00911,NAME_00907,,United States,"Adults with diabetes had 'considerably more' adverse reactions to the COVID-19 vaccine than those without a diabetes diagnosis.

https://t.co/lZt1Te4ECX https://t.co/rXA5eC7Oau",1.72E+18,2023
Wed Aug 09 10:26:43 +0000 2023,3,1,1,USER_00912,NAME_00908,,Egypt/  Australia,"@Alshaye3F One here ⬇️
Type 1 diabetes mellitus 🔻following COVID‐19 RNA‐based vaccine🔻 - Sakurai - 2022 - Journal of Diabetes Investigation - Wiley Online Library https://t.co/QdIax3U30k https://t.co/WOuJsrO8Cq",1.69E+18,2023
Mon Sep 05 08:48:27 +0000 2022,32,4,33,USER_00913,NAME_00909,,India,"""My father, a cancer survivor and type 2 diabetes patient, has been advised not to get the Covid-19 vaccine because of his medical history.""

""So they've withheld his salary since November '21!"" writes Yash. (@gamiquette) 

Sign: https://t.co/JrB9IAGvmX

@salman7khurshid https://t.co/fHpdXYVQsy",1.57E+18,2022
Mon Jul 19 04:05:46 +0000 2021,9453,29,1636,USER_00914,NAME_00910,,,A dialysis patient turned out positive for COVID-19. Fortunately he has no symptoms and feels great. He got it from a visiting symptomatic relative who has diabetes. The difference between them? My dialysis patient is fully vaccinated. Vaccines save lives.,1.42E+18,2021
Fri Nov 19 12:57:37 +0000 2021,16,0,7,USER_00915,NAME_00911,,Canada,"Thank you to our donors and the @NunatsiavutGov and @LGHealthNL for their support during our recent trip to #Nain, Labrador! We helped out at a COVID-19 booster vaccine clinic, provided a wound management and diabetes seminar, and physiotherapy training. We plan to return soon! https://t.co/rTHKwKPmVX",1.46E+18,2021
Sat Sep 18 11:53:11 +0000 2021,22,3,11,USER_00916,NAME_00912,,,"Dr. @celinegounder says people considered at high risk for COVID-19, including those with underlying conditions like severe diabetes, obesity or cardiovascular disease, qualify to get a COVID-19 vaccine booster shot after an FDA panel recommended high-risk individuals do so. https://t.co/YKnmWyfLku",1.44E+18,2021
Sun Nov 14 11:11:02 +0000 2021,21,0,14,USER_00917,NAME_00913,,United Kingdom,"On #WorldDiabetesDay the NI Diabetes Network encourages all those living with #diabetes &amp; their carers to boost their immunity this winter. If you’re eligible for the flu vaccine, COVID-19 vaccine or both take up the offer when invited. 
@publichealthni @DiabetesUKNI https://t.co/hE7BzrnEPe",1.46E+18,2021
Wed Dec 01 20:01:05 +0000 2021,336,156,94,USER_00918,NAME_00914,,,"Marcus Lamb, CEO and founder of the Christian Daystar Television Network, outspoken against COVID-19 vaccines, has died at age 64 after contracting the virus. His wife, Joni, said he had diabetes and was hospitalized after his oxygen levels dropped. https://t.co/iMcKlIx2xv",1.47E+18,2021
Thu Feb 02 22:04:07 +0000 2023,1,0,0,USER_00919,NAME_00915,,,"My father got multiple myeloma after pfizer COVID-19 vaccine.
Diabetes &amp; glaucoma all in less than a year.",1.62E+18,2023
Tue Apr 26 21:02:37 +0000 2022,2,0,0,USER_00920,NAME_00916,,Mexico,Third dose of Covid‐19 vaccine in diabetes: relevance of good metabolic control to improve its efficacy - Pieralice - - Diabetes/Metabolism Research and Reviews - Wiley Online Library ✅✅✅ https://t.co/rwCwy5bjQ5,1.52E+18,2022
Fri Jul 01 05:53:33 +0000 2022,8,0,4,USER_00921,NAME_00917,,United Kingdom,"Associations of BMI with COVID-19 vaccine uptake, vaccine effectiveness, and risk of severe COVID-19 outcomes after vaccination in England: a population-based cohort study - The Lancet Diabetes &amp; Endocrinology https://t.co/FmRBt5YOzD",1.54E+18,2022
Thu Sep 29 09:00:01 +0000 2022,19,7,16,USER_00922,NAME_00918,,United Kingdom,"The effects of flu and COVID-19 can be more serious if you have a health condition like heart disease or diabetes.

The free flu vaccine and COVID-19 booster can boost your immunity this winter.

Find out more ➡ https://t.co/0QkgtYqBzt https://t.co/A4hSoAfjDK",1.58E+18,2022
Mon Dec 25 14:33:01 +0000 2023,23,2,14,USER_00923,NAME_00919,,,"""A 56-year-old man with no known medical history of renal dysfunction or diabetes mellitus developed both within 3 months after receiving a third dose of inactivated COVID-19 vaccine (Vero cells)."" Vero cells used in CoVaxin too. @DeeEternalOpt same  tech used in diff countries",1.74E+18,2023
Thu Sep 07 19:28:05 +0000 2023,0,1,0,USER_00924,NAME_00920,,,Medical Whistleblowers Speak Out: The Hidden Dangers of the COVID-19 Vaccine and the Diabetes Time Bomb! https://t.co/LCLhck02Gg via @ethanwh1te_,1.70E+18,2023
Sat Oct 14 11:29:11 +0000 2023,2,1,0,USER_00925,NAME_00921,,Denmark,"06.22:
""The vaccine for the COVID-19 has been reported to potentially cause or worsen diabetes. A woman received 2 doses of Moderna COVID-19 vaccine. 8 weeks after the 2. vaccination, the patient was diagnosed with type 1 diabetes"".
https://t.co/Zlf3vcg169
https://t.co/O9IJwMq7Qw https://t.co/GLY6SFBqs2",1.71E+18,2023
Wed May 04 04:57:32 +0000 2022,3,1,2,USER_00926,NAME_00922,,Switzerland,"New Research: Central Diabetes Insipidus Following Immunization With BNT162b2 mRNA COVID-19 Vaccine: A Case Report: Introduction

Cases of central diabetes insipidus (CDI) have been reported after COVID-19 infection, with… https://t.co/faaA1i3R8J #Endocrinology #Endo",1.52E+18,2022
Mon Feb 28 06:22:35 +0000 2022,0,0,0,USER_00927,NAME_00923,,,"Type 1 diabetes mellitus following COVID-19 RNA-based vaccine https://t.co/4bBT1tr2tL 
COVID-19 RNA-based vaccines might trigger the onset of type 1 diabetes, even in subjects without prior histories of diabetes.
https://t.co/6ySOYUZzaD 
https://t.co/ZGNRi4lnsW
@DrLBoominathan https://t.co/ZyPrJfbU8m",1.50E+18,2022
Thu Sep 07 16:30:56 +0000 2023,0,1,0,USER_00928,NAME_00924,,United States/ Canada,"*Medical Whistleblowers Speak Out: The Hidden Dangers of the COVID-19 Vaccine and the Diabetes Time Bomb!*

You’ve been fed a narrative that’s as shaky as a house of cards, and it’s about time someone toppled it over. 

https://t.co/Fn8T8kiWV7 https://t.co/LRC0DyGHKS",1.70E+18,2023
Tue Aug 16 10:00:15 +0000 2022,76,2,36,USER_00929,NAME_00925,,United States,"A widely used tuberculosis vaccine protected people with type 1 diabetes from Covid-19, according to a study, further illustrating the potential immune-enhancing powers of the BCG shot https://t.co/AYt5axCmGI",1.56E+18,2022
Tue Oct 11 12:41:31 +0000 2022,3,0,3,USER_00930,NAME_00926,,United Kingdom,"The effects of flu and COVID-19 can be more serious if you have a health condition like heart disease or diabetes.

The free flu vaccine and COVID-19 booster can boost your immunity this winter.

Find out more and how to book ➡️ https://t.co/YnYAUi5yyp https://t.co/yby6C2oCdE",1.58E+18,2022
Mon Jul 11 13:00:47 +0000 2022,6,3,2,USER_00931,NAME_00927,,United States,"Yes, your child should get a COVID-19 vaccine if they have a health problem. It is especially important for children with asthma, diabetes, obesity and other health problems to get vaccinated since they are at higher risk of severe COVID-19 illness: https://t.co/JSnErgUAoI https://t.co/VpW661kGxl",1.55E+18,2022
Fri Apr 15 14:05:02 +0000 2022,5,2,1,USER_00931,NAME_00927,,United States,"Yes, your child should get a #COVID19 vaccine if they have a health problem. It is especially important for children with asthma, diabetes, obesity and other health problems to get #vaccinated since they are at higher risk of severe COVID-19 illness: https://t.co/JSnErgUAoI https://t.co/Lp08yMKYMu",1.51E+18,2022
Fri Mar 19 16:40:04 +0000 2021,2,0,2,USER_00931,NAME_00927,,United States,"All New Yorkers with HIV are eligible to receive the #COVID19 vaccine! People with other health conditions, including cancer, hypertension, liver disease, asthma and those in an immunocompromised state, are also eligible. View the full list: https://t.co/rN9ziU42iv https://t.co/C6djKJ5xLZ",1.37E+18,2021
Thu Sep 07 17:09:49 +0000 2023,0,0,0,USER_00932,NAME_00928,,United Kingdom,Medical Whistleblowers Speak Out: The Hidden Dangers of the COVID-19 Vaccine and the Diabetes Time Bomb! - Gazetteller https://t.co/NEEoKeEDOC,1.70E+18,2023
Sat Sep 09 00:20:42 +0000 2023,0,0,0,USER_00933,NAME_00929,,United States,Medical Whistleblowers Speak Out: The Hidden Dangers of the COVID-19 Vaccine and the Diabetes Time Bomb! https://t.co/Ad6zgFT52G via @Gazetteller,1.70E+18,2023
Thu Sep 07 16:56:24 +0000 2023,0,0,0,USER_00934,NAME_00930,,,"*Medical Whistleblowers Speak Out: The Hidden Dangers of the COVID-19 Vaccine and the Diabetes Time Bomb!*

https://t.co/gWbbIC9iIt",1.70E+18,2023
Tue Sep 27 15:01:35 +0000 2022,1,0,2,USER_00935,NAME_00931,,United States,"The effects of flu and COVID-19 can be more serious if you have a health condition like heart disease or diabetes.
The free flu vaccine and COVID-19 booster can boost your immunity this winter.

Find out more and how to book ➡ https://t.co/wJQOz3oPzb https://t.co/aPRl9KlbbM",1.57E+18,2022
Sat Jan 21 01:57:23 +0000 2023,18,0,1,USER_00936,NAME_00932,,United States,"@AngeliaDesselle If you are really suffering leg tremors, because it's not caused by the COVID-19 vaccine, go get examined for pre-diabetes /diabetes. I'm not a doctor. I just know what helped me.",1.52E+18,2023
Thu Feb 16 00:11:22 +0000 2023,8,2,1,USER_00937,NAME_00933,,,"@sneako 🤔🦆🦆🦆🤡

US NIH Research database:

“Type 1 diabetes mellitus following COVID-19 RNA-based vaccine”

“…3 days after the first dose of COVID-19 RNA-based vaccines without a prior history of diabetes. “

https://t.co/p0nSxgj15K",1.63E+18,2023
Wed Jan 11 14:46:46 +0000 2023,1,0,3,USER_00938,NAME_00934,,United Kingdom,"The effects of flu and COVID-19 can be more serious if you have a health condition like heart disease or diabetes.

The free flu vaccine and COVID-19 booster can boost your immunity this winter.

Find out more and how to book ➡ https://t.co/aW95Z89Ucy https://t.co/JY47ZPwI8i",1.61E+18,2023
Mon Nov 15 12:46:58 +0000 2021,4,0,2,USER_00939,NAME_00935,,United States,"It's a beautiful fall morning in the Bluegrass, and we're ready to start the day! Whether it's a flu shot, a COVID-19 vaccine, help managing diabetes, information for new parents, harm reduction or more, our #PublicHealth services are helping Lexington be well!
#LexingtonKy #Fall https://t.co/Ka0cGRIyT5",1.46E+18,2021
Sun Nov 14 10:45:18 +0000 2021,5,0,0,USER_00940,NAME_00936,,India,"Latest: IMA pushes for Covid-19 vaccine for all diabetes patients
Noticing their vulnerabilities, IMA on Sunday demanded Covid-19 vaccination for all diabetes patients, including a third dose, if needed.",1.46E+18,2021
Fri Jul 08 05:54:09 +0000 2022,17,0,7,USER_00941,NAME_00937,,Kenya,"A study published by The Lancet Diabetes and Endocrinology journal finds that Covid-19 vaccine is less effective, on people with a higher Body Mass Index or overweight. https://t.co/RLQdndPA4S",1.55E+18,2022
Fri Jun 17 15:35:01 +0000 2022,7,0,1,USER_00942,NAME_00938,,,Experts recommend that people with diabetes get a COVID-19 vaccine to protect them from severe illness. Here’s how to navigate COVID-19 vaccines and booster shots if you have diabetes. https://t.co/82U80NOY61,1.54E+18,2022
Wed Oct 19 12:40:13 +0000 2022,2,0,1,USER_00943,NAME_00939,,United Kingdom,"The effects of flu and COVID-19 can be more serious if you have a health condition like heart disease or diabetes.

The free flu vaccine and COVID-19 booster can boost your immunity this winter.

Find out more and how to book ➡ https://t.co/XV9CRtiiro https://t.co/qkoFa58fLc",1.58E+18,2022
Thu Jun 15 12:56:38 +0000 2023,2,0,0,USER_00944,NAME_00940,,Canada,"Chikungunya vaccine; Sewer dengue robots; Blood shortage in Sub-Saharan Africa; a link between vertigo and migraines; Covid-19 vaccine inequity; Diabetes drug and Long Covid

Listening to ⁦@claudiahammond⁩ with ⁦@PhilippaPr⁩ 

Do listen 🎧  https://t.co/DD7tQSt6L0",1.67E+18,2023
Thu Dec 08 08:00:02 +0000 2022,4,0,3,USER_00945,NAME_00941,,United Kingdom,"The effects of flu and COVID-19 can be more serious if you have an underlying health condition such as heart disease or diabetes.

The free flu vaccine and COVID-19 booster can boost your immunity this winter.

Find out more and how to book ➡ https://t.co/aXAKy1KMne https://t.co/QIyNEEIl3j",1.60E+18,2022
Fri Sep 23 14:00:01 +0000 2022,2,0,3,USER_00945,NAME_00941,,United Kingdom,"The effects of flu and COVID-19 can be more serious if you have a health condition like heart disease or diabetes.

The free flu vaccine and COVID-19 booster can boost your immunity this winter.

Find out more and how to book ➡ https://t.co/e00i6NYmXX https://t.co/Sh2oXY0DM4",1.57E+18,2022
Sun Nov 14 10:48:19 +0000 2021,26,0,1,USER_00946,NAME_00942,,India,"IMA Pushes For Covid-19 Vaccine For All Diabetes Patients

#COVID19 
https://t.co/FiFT8n6V2c",1.46E+18,2021
Tue Mar 22 02:36:03 +0000 2022,0,0,4,USER_00947,NAME_00943,,,New: Do patients with diabetes have a different antibody response to COVID-19 vaccine... https://t.co/SHL7SKmJks via @medivizor #Diabetes,1.51E+18,2022
Sun Nov 14 11:19:14 +0000 2021,2,1,0,USER_00948,NAME_00944,,,"@JaganNKaushik @FanofMohini @Gkb19551 @Murali76133156 @shytigress @AjitsinhJagirda @swetashandilya @chimnibai @prasad_perla @Am_dilip1 @HarbirSinghSuri @nair_hena08 @Savitritvs @Ravichiruvolu1 @A_Banarsi @ResurgentIndia @macharajarao @NetaNiyanta @Ravisha23624235 @AAshaRathod @kailashkaushik8 @Cook_Ricardo @_ankahi @Visalmama @FireFly53647402 @Drsunandambal @shitul905 @4mSingh @Bhagirath1965 @witnessconscio1 @panditsripathak @raaga31280 @arunp131 @swetamishraa @sharmajyots @LoveBharatvarsh @nalini51purohit @Anju1951Purohit @hemirdesai @DamodarHegde4 @surewrap @neerangautam @KishorTrivedi7 @keeranl @nsbchd @DasShaktikanta @nsitharaman @CMD_ONGC IMA pushes for Covid-19 vaccine for all diabetes patients
Noticing their vulnerabilities, IMA on Sunday demanded Covid-19 vaccination for all diabetes patients, including a third dose, if needed.",1.39E+18,2021
Thu Feb 09 16:21:20 +0000 2023,38,1,0,USER_00949,NAME_00945,,Canada,"Yesterday at my Doctor's office I overheard two guys talking about how morphic resonance caused diabetes, how the COVID-19 vaccine caused heart trouble, about the New World Order using drones to track the chips in our bloodstream from 'the jab' and I lost my shit.",1.62E+18,2023
Thu Jan 04 17:45:08 +0000 2024,0,0,0,USER_00950,NAME_00946,,,Elizabeth’s Universe – Diabetes Eye Opener #VaccineSideEffects #VaccineScience #EducateYourself #SafetyFirst [Video] Elizabeth's Universe - Diabetes Eye Opener: Does the COVID 19 Vaccine cause DIABETES? You be the.. News video on One News Page on… https://t.co/BgbG0k9f3q,1.74E+18,2024
Tue Jan 02 16:02:51 +0000 2024,14,0,7,USER_00951,NAME_00947,,United States,Metformin mitigates insulin signaling variations induced by COVID-19 vaccine boosters in type 2 diabetes  https://t.co/Etjxgo7NUI #medRxiv,1.74E+18,2024
Thu Oct 13 13:37:04 +0000 2022,1,0,2,USER_00952,NAME_00948,,United Kingdom,"The effects of flu and COVID-19 can be more serious if you have a health condition like heart disease or diabetes.

The free flu vaccine and COVID-19 booster can boost your immunity this winter.

Find out more and how to book ➡ https://t.co/8kT6b8mzrO https://t.co/tEmu4eGW86",1.58E+18,2022
Thu Jun 23 16:23:52 +0000 2022,0,0,0,USER_00953,NAME_00949,,United States,RED VENTURES CLICKBAIT..ALSO OWNS HEALTHGRADES NOW RT @Healthline: Experts recommend that people with diabetes get a COVID-19 vaccine to protect them from severe illness. Here’s how to navigate COVID-19 vaccines and booster shots if you have diabetes. https://t.co/JJCaDZWQ95,1.54E+18,2022
Tue Nov 23 15:40:00 +0000 2021,3,0,1,USER_00954,NAME_00950,,United States,"Diabetes can put you at a greater risk of serious disease from COVID-19, so it’s important for those living with diabetes to get vaccinated. The COVID-19 vaccine is free and available in communities statewide, for more info go to https://t.co/MTX2teyibJ  #DiabetesMonth",1.46E+18,2021
Fri Aug 13 02:32:54 +0000 2021,0,0,0,USER_00955,NAME_00951,,,@stacy_redvirgo @cmg_48 @CarrieQThinks First of all I’m not a person who thinks we should be forced to get the COVID-19 vaccine but the big difference between Covid-19 and diabetes and cancer is that Covid-19 is communicable. And virtually all infectious diseases where a vaccine is available can be gotten free.,1.43E+18,2021
Tue Aug 24 13:09:18 +0000 2021,0,0,0,USER_00956,NAME_00952,,United States,What People With Diabetes Should Know About COVID-19 Vaccine? #clarksville #clarksvilletn #montgomerycounty #nashville #tennessee #covid-19 #coronavirus #diabetes #vaccine #covid19vaccine #news #health #vaccination https://t.co/uoWSE4qftJ,1.43E+18,2021
Sat Jun 11 20:00:06 +0000 2022,0,0,0,USER_00957,NAME_00953,,United States,Molecular Aspects of #COVID-19 and #Diabetes - COVID-19 Vaccine in People with Diabetes: Safe and Effective? will be live at 4:15 PM–5:45 PM EDT. View the program https://t.co/vHcIDr7201 #ENDO2022,1.54E+18,2022
Tue Jan 09 04:04:09 +0000 2024,236,16,91,USER_00958,NAME_00954,,,"Where we were:
☑️ COVID-19: created in lab
☑️ COVID-19: released from a lab
☑️ COVID-19: Vaccines bad for you
☑️ COVID-19: Vaccines = heart problems
☑️ COVID-19: Research faked
☑️ Social distancing d/n work
☑️ Lockdowns don't work
☑️ Masks don't work

What we're on to now: 
☑️ Epstein = child sex trafficker
☑️ Epstein Island = elite pedo club
☑️ Spy agencies involved for blackmail
☑️ Big names on client list
☑️ Names d/n include Trump

What's Coming Soon:
☑️ 2020 Election was rigged
☑️ States illegally changed procedures
☑️ Voting machines connected to net
☑️ SCOTUS rules for Trump/Ballots
☑️ Trump exonerated big time
☑️ DJT = POTUS 47

This is but a partial list of the things that conspiracy theorists have been (and will be) right about over the last few years alone.

The fake news media, which has been deriding the aforementioned conspiracy theorists as crazy for having made these claims, has been (and will continue to be) dead wrong at every turn.

Now ask yourself, why does the media attack and dismiss conspiracy theorists when we have a much higher batting average?

That being true, then who is the media really looking out for?  And why are they working in concert to promote abject lies as the truth, smearing anyone who dares point out uncomfortable truths?",1.74E+18,2024
Wed Jan 24 23:30:01 +0000 2024,485,15,246,USER_00959,NAME_00955,,Ethiopia,Over 7M Americans may have some form of HEART INJURY due to COVID-19 vaccines: https://t.co/iWYCyipTeY,1.75E+18,2024
Sat Dec 16 19:14:24 +0000 2023,120,135,17,USER_00960,NAME_00956,,Germany,"Meet Tom Lockyer, a victim of COVID-19 vaccine mandate

In May, he collapsed on the pitch. He suffered an atrial fibrillation. He later had heart surgery

Today, another cardiac arrest on the pitch

In his 17 year career, he had no history of heart problems

Must be a coincidence https://t.co/SFYguqMx66",1.74E+18,2023
Tue Nov 28 01:56:35 +0000 2023,1996,125,1464,USER_00961,NAME_00957,,Canada,"MUST WATCH: United States Navy Medical Service Corps officer reveals Department of Defence data that shows massive heart related issues after the Covid-19 vaccine in fixed wing and helicopter pilots. 

""Myocarditis is up 151%, hypertensive disease is up 36%, Ischemic heart disease is up 69%, pulmonary heart disease is up 62%, heart failure is up 973%, other forms of heart disease are up 63%, and cardiomyopathy is up 151%.""",1.73E+18,2023
Wed Jul 19 20:41:04 +0000 2023,39,9,29,USER_00961,NAME_00957,,Canada,"Young Ontario Father of Five Dies After Being Refused Kidney Transplant Over COVID-19 Vaccine Refusal.

Sudbury, Ontario - The heart-wrenching story of Garnet Harper, a 35-year-old father of five from Sudbury, Ontario, has shed light on the difficult choices individuals face when grappling with severe health conditions and COVID-19 vaccine requirements. In February 2022, after a blood test, Garnet received a devastating diagnosis of stage 5 kidney disease, also known as end-stage renal failure, leaving his life hanging in the balance.

The Canadian Independent spoke with Meghan, Garnet's wife, to hear his story.

Read More here: https://t.co/W3YqZY51vi",1.68E+18,2023
Mon Apr 24 17:37:48 +0000 2023,7,2,4,USER_00961,NAME_00957,,Canada,"LOOK: Mother with 7 young children being refused desperately needed kidney transplant over her COVID-19 vaccine status. 

Read More: https://t.co/w0zWfspyhJ https://t.co/qJgmiuRByu",1.65E+18,2023
Fri Jan 19 15:43:34 +0000 2024,7758,672,1509,USER_00962,NAME_00958,,,"Dolly Parton has given away over 224 million children’s books and she also helped fund the Moderna COVID-19 vaccine! 

Believe it or not, today is her 78th birthday! 

Drop ❤️ heart and Repost to thank Dolly and to wish her a very Happy Birthday! 🎂 https://t.co/YH7cFqgqBu",1.75E+18,2024
Wed Jan 10 13:36:48 +0000 2024,90,4,73,USER_00963,NAME_00959,,Canada,"Caught on film: A poor woman collapsed to the floor after receiving the Covid-19 vaccine in 2021. 

Her heart was damaged as soon as the poison hit her bloodstream. 

Look at her grabbing her chest in extreme pain. How awful. 

#VaccineInjuries 
#VaccineSideEffects
#GetVaccinated https://t.co/79OFEzMtUr",1.75E+18,2024
Fri Jan 19 01:47:24 +0000 2024,171,14,112,USER_00963,NAME_00959,,Canada,"Construction Worker Suffers A Heart Attack And Falls Off Metal Scaffolding 💉👀 (2023)

The Covid-19 vaccines are deadly.

*Footage was filmed off a large CCTV screen using a zoomed in smart phone camera, that’s why the camera moves around.*

https://t.co/hbHb2j9lQM",1.75E+18,2024
Fri Nov 24 23:43:37 +0000 2023,37,2,19,USER_00963,NAME_00959,,Canada,"Chronic Kidney Failure After Taking The Covid-19 Vaccine 💉(June 2023) 🇦🇷 Argentina #VaccineSideEffects 

“Hello my name is Alejandro Gomez. I am 28 years old. Five months ago I was diagnosed with chronic kidney failure.”

#KidneyHealth #Kidneys #Health 

https://t.co/DUDjlHoPrY https://t.co/ZpZO4vhvuL",1.73E+18,2023
Tue Jan 30 01:26:36 +0000 2024,162,11,78,USER_00963,NAME_00959,,Canada,"Emergency Surgery Due To Blood Clots - Kidney Failure - Lost 60 Pounds 💉 (Jan. 2024) #VaccineSideEffects

The Covid-19 vaccines were never safe. They lied to everyone. 

https://t.co/hk1pPO6W2g
https://t.co/F2Lq7jhqfN
https://t.co/DUDjlHoPrY https://t.co/KJhav0Ma8P",1.75E+18,2024
Thu Feb 15 15:52:14 +0000 2024,0,0,0,USER_00964,NAME_00960,,Canada,"There's no evidence the COVID-19 vaccine ""shuts off"" the heart, and the risk of myocarditis doesn't outweigh the benefits of the vaccine, experts say. https://t.co/osVapDnooe",1.76E+18,2024
Thu Feb 15 18:25:48 +0000 2024,2,0,0,USER_00965,NAME_00961,,,"https://t.co/eACDiG8Ezu
Covid-19 does not increase heart injury risk.  FACT.
mRNA-Vaccines induce heart injury. ""COVID-19 vaccination is strongly associated with a serious adverse safety signal of myocarditis, particularly in children and young adults""",1.76E+18,2024
Thu Feb 15 22:18:12 +0000 2024,0,0,0,USER_00966,NAME_00962,,United States,False claim COVID-19 vaccine 'shuts off' the heart | Fact check https://t.co/CxlQrJeCYK,1.76E+18,2024
Wed Nov 29 05:41:02 +0000 2023,7,0,7,USER_00967,NAME_00963,,,"Dr. Alan Shoemaker:

""I am very sorry. It was found that 5% to 9% of people who received the Covid-19 vaccine developed heart damage. 

-Half of those diagnosed with the side effect myocarditis (inflammation of the heart muscle) will die within 5 years, 75% within 10 years."" https://t.co/iaP8f9m2LZ",1.73E+18,2023
Thu Feb 15 06:06:49 +0000 2024,2,0,0,USER_00968,NAME_00964,,United States,"No evidence COVID-19 vaccine 'shuts off' the heart, contrary to anti-Kelce post | Fact check https://t.co/6NH7XQdy7d",1.76E+18,2024
Thu Jan 25 16:11:11 +0000 2024,7151,579,3765,USER_00969,NAME_00965,,United States,"They didn’t send the alert bc they thought it would cause panic.

“The nation’s top public health agency did not send an alert on COVID-19 vaccines and heart inflammation because officials were concerned they would cause panic, according to an email obtained by The Epoch Times.

The U.S. Centers for Disease Control and Prevention (CDC) in 2021 drafted an alert for heart inflammation, or myocarditis, and the Pfizer-BioNTech and Moderna COVID-19 vaccines. Officials prepared to release it to the public, taking steps including having the agency’s director review the language, internal documents show.

The alert would have been sent through the CDC’s Health Alert System (HAN) network, which goes to state and local officials, as well as doctors, across the country.”",1.75E+18,2024
Sat Jan 06 00:45:23 +0000 2024,138,4,80,USER_00970,NAME_00966,,,Antivaxxers in the comments blaming the vaccine when there's clear cut evidence that COVID-19 ITSELF CAN CAUSE HYPERCOAGULABLE STATES THAT CAN LEAD TO HEART ATTACK AND STROKE,1.74E+18,2024
Wed Dec 20 20:08:32 +0000 2023,2073,220,635,USER_00971,NAME_00967,,United States,"I asked @TuckerCarlson if anyone will be held accountable for the COVID-19 vaccine.

Tucker revealed that his close friend had a heart attack from the vaccine. https://t.co/HG701874Cz",1.74E+18,2023
Wed Feb 14 20:59:23 +0000 2024,0,0,0,USER_00972,NAME_00968,,,"Children's Hearts Are Being Destroyed by mRNA COVID-19 ""Vaccines"" — And Their Heart Transplants Are Not Going Well https://t.co/nuqsIVoCeH via @vigilantnews",1.76E+18,2024
Wed Jan 24 09:54:44 +0000 2024,4,0,2,USER_00973,NAME_00969,,,"Thailand conducted a COVID-19 vaccine study on teenage boys. They used echocardiography to monitor the heart condition before and after vaccination with the COVID-19 vaccine.
Results: 7/301 developed heart problems = 1/43 = 2.32% of young men developed myocarditis from  vaccines! https://t.co/q4hs4hFS9k",1.75E+18,2024
Tue Feb 13 19:25:39 +0000 2024,0,0,0,USER_00974,NAME_00970,,,"Children's Hearts Are Being Destroyed by mRNA COVID-19 ""Vaccines"" — And Their Heart Transplants Are Not Going Well https://t.co/pbVh8sSK5t via @vigilantnews",1.76E+18,2024
Sat Dec 30 18:35:47 +0000 2023,16,1,6,USER_00975,NAME_00971,,,Covid-19 Vaccine Nazis are now warning Covid will cause a pandemic of heart failure. Look at the Nazis try covering up the damage the poison they created is causing. Never forget Democrats forced this poison on Americans.,1.74E+18,2023
Tue Jan 23 20:33:28 +0000 2024,2,0,2,USER_00976,NAME_00972,,,"🚨🚨🚨🇹🇭 Thailand conducted a COVID-19 vaccine study on teenage boys. They used echocardiography to monitor the heart condition before and after vaccination with the COVID-19 vaccine.
Results: 7/301 developed heart problems = 1/43 = 2.32% of young men developed myocarditis from these vaccines!
🚨🚨🚨🇹🇭泰国对十几岁的男孩进行了一项新冠疫苗研究。他们用超声心动图监测新冠疫苗接种前后的心脏情况，
结果：7/301 出现心脏问题 = 1/43 = 2.32% 的年轻男性因这些疫苗而患上心肌炎！#盘古翻译部",1.75E+18,2024
Thu Feb 15 01:48:27 +0000 2024,1,0,0,USER_00977,NAME_00973,,Canada,"No evidence COVID-19 vaccine 'shuts off' the heart, contrary to anti-Kelce post | Fact check https://t.co/aBTMSOxBJV via @myLCadvocacy  

#MyLongCovidAdvocacy  #LongCovid",1.76E+18,2024
Sat Feb 10 20:10:24 +0000 2024,5,1,1,USER_00978,NAME_00974,,,"@NarfGb Am I being over critical here? It should be good but there are so many gaps and contradictions its like a junk study.   

Adjuvants in COVID-19 vaccines: innocent bystanders or culpable abettors for stirring up COVID-heart syndrome
https://t.co/d82mtGytum",1.76E+18,2024
Tue Jan 02 17:21:52 +0000 2024,113,5,73,USER_00979,NAME_00975,,United States,"“ Herein, we report the case of a 17-year-old woman who presented with chest pain and syncope following the first dose of the messenger RNA COVID-19 vaccine. Despite the administration of immunomodulatory drugs, the patient's heart function was not fully restored“
https://t.co/Jcxq5LXQJ8",1.74E+18,2024
Tue May 30 23:06:23 +0000 2023,2324,101,947,USER_00979,NAME_00975,,United States,"26 y.o. Danny Lumbar was diagnosed with myocarditis after getting a covid shot. He was told by cardiologist that “it is in no way related to the covid-19 vaccine”. His heart was functioning at 15% of what is considered normal & he almost needed a liver transplant.

https://t.co/FfhhTGPvIu",1.66E+18,2023
Mon Nov 20 01:47:13 +0000 2023,533,81,233,USER_00980,NAME_00976,,,"In the past week, Medsafe fully approved the COVID-19 injections for New Zealanders.

A 'vaccine' which does not stop infection, transmission, severe illness, or death.

It causes sudden heart disease, rapid cancer, strokes, clots and dementia, along with 9 other pages of adverse reactions within the Pfizer post-marketing surveillance or the tens of thousands of 

The mRNA injections must be taken off the market due to the extraordinary harm that is continuing to impact the lives of New Zealanders, as a consequence of this previously enforced rollout.

NZDSOS once again calls for an immediate stop to the rollout to protect the lives and health of New Zealanders.

#StopTheSilence #nzpol #nzpolitics #StoptheShots

@CranmerWrites @HopeRising19 @c_plushie @P_McCulloughMD @lawrie_dr @ClareCraigPath @stkirsch @WCH_Org @dragonfishy @AMPS_RedUnion @MurfittTauranga @Thomas_Binder @wideawake_media @gbdeclaration",1.73E+18,2023
Sat Feb 10 20:22:58 +0000 2024,4,1,1,USER_00981,NAME_00977,,,"@richardursomd *sigh* Another pseudo critical ""safe and effective"" paper:

Adjuvants in COVID-19 vaccines: innocent bystanders or culpable abettors for stirring up COVID-heart syndrome

https://t.co/SKhgv0Nscz

Try this ones, dear doctor Urso. In deepest respect.

https://t.co/IQjVQTKQRh",1.76E+18,2024
Sat Feb 10 18:26:23 +0000 2024,1,0,0,USER_00982,NAME_00978,,,"Did you see this article?
Shocking CDC Report: Autoimmune Heart Disease Risk Skyrockets Post-COVID Vaccination
Source Link:
https://t.co/8pb6e4FAji
The CDC is still claiming in writing that COVID-19 vaccines are still Safe and Effective on Feb 10th 2024.
Source Link: https://t.co/74EgSDY4YX.
The Study itself: https://t.co/piRZAuRH56",1.76E+18,2024
Sun Feb 11 15:31:18 +0000 2024,0,0,0,USER_00983,NAME_00979,,Canada,"'Let’s assume you’re the Trudeau government and you’ve poisoned your population.
You recommended 7 experimental COVID-19 Vaccines that are now causing heart attacks, blood clots, collapses, cancers &amp; sudden deaths.'",1.76E+18,2024
Sat Feb 10 17:11:04 +0000 2024,1,0,0,USER_00984,NAME_00980,,,"DID YOU GET THE VACCINE
NOW you have Autoimmune Heart Disease.
This means COVID-19 vaccination increases the risk of suffering myocarditis (DEATH from HEART FAILURE), an autoimmune disease causing inflammation of the heart, by 13,200%.

https://t.co/6AiZ6zwda7",1.76E+18,2024
Wed Feb 14 04:10:44 +0000 2024,0,1,0,USER_00985,NAME_00981,,,getting the vaccine); Another man whose life has been ruined by the Covid-19 vaccine. I know people who have lost both legs - amputations. I know people like me who have heart disease… https://t.co/G7iZ0yMPLF,1.76E+18,2024
Thu Feb 15 15:56:37 +0000 2024,3,0,0,USER_00986,NAME_00982,,,"@DocDeezWhat To avoid the suspense, here is the money shot:

“COVID-19 infection and the related vaccines both pose a risk for myocarditis. However, the relative risk of heart inflammation induced by COVID-19 infection is substantially greater than the risk posed by the vaccines,”",1.76E+18,2024
Wed Feb 14 02:26:15 +0000 2024,1,0,0,USER_00987,NAME_00983,,United States,a child has near zero risk of dying from C- 0.0003% but a child who takes C jab has a 2.2% risk of permanent heart damage. Full article https://t.co/uGberOVNv7,1.76E+18,2024
Sun Feb 11 18:48:55 +0000 2024,0,0,0,USER_00988,NAME_00984,,Austria,"Adjuvants in COVID-19 vaccines: innocent bystanders or culpable abettors for stirring up COVID-heart syndrome - Sri Harsha Kanuri, Prapthi Jayesh Sirrkay, 2024 https://t.co/UPDAMZPIez",1.76E+18,2024
Sun Jan 14 00:52:44 +0000 2024,91,21,32,USER_00989,NAME_00985,,United States,"[NEW RESEARCH] POTS after COVID-19 mRNA vaccine

#Posturalorthostatictachycardiasyndrome is characterized by autonomic nervous system dysfunction and is associated with cardiovascular symptoms. People often experience lightheadedness and a racing heart when moving from lying to sitting to standing. Diseases and illnesses that drive inflammation can lead to nervous system dysfunction, resulting in #POTS.

POTS has been associated with #LongCOVID, but this is the first study I have seen demonstrating the onset or exacerbation of POTS after receiving an mRNA COVID-19 vaccine. Physicians from a POTS clinic at Cedars Sinai Medical Center in Los Angeles collected data from patients who experienced new or worsened POTS symptoms following #COVID19 vaccination.

All patients had conditions that could increase the risk of POTS, including a previous COVID-19 infection, hypermobile #EhlersDanlossyndrome (#hEDS), #mastcellactivationsyndrome (#MCAS), or autoimmune or gastrointestinal conditions. After about a year of follow-up, all patients reported improvement with “usual POTS care,” except for one person who was infected with COVID and another with small fiber neuropathy.

Comment below if you developed POTS or your POTS exacerbated after receiving an mRNA COVID vaccine.

#dysautonomia 

Source: https://t.co/ysMNykmOpB",1.75E+18,2024
Wed Feb 14 10:40:49 +0000 2024,1,1,0,USER_00990,NAME_00986,,United Kingdom,"Why are there so many COVID 19 Vaccine injury coincidences?

Fishi Sunak says the jabs are perfectly safe, &amp; I believe everything he, &amp; Bill Gates, Schwab/the other globalist ruling elites say.

They have our best interests at heart.

So why would they harm the masses?

I wonder.",1.76E+18,2024
Thu Feb 01 02:58:49 +0000 2024,2007,132,653,USER_00991,NAME_00987,,Australia,"“The nation’s top public health agency did not send an alert on COVID-19 vaccines and heart inflammation because officials were concerned they would cause panic, according to an email obtained by The Epoch Times.”
ㅤ
Hypocrisy writ large and more evidence of covering up vaccine injuries.

It was okay to cause panic for Covid but not vaccine injuries!
ㅤ
Interestingly enough, early on Covid caused breathing issues not heart issues. The heart issues only started occurring after it was discovered the vaccine caused heart issues.

Never forget.
ㅤ
Quote from:
https://t.co/fNqMbj7Zb0
ㅤ
#auspol",1.75E+18,2024
Sun Feb 11 04:22:42 +0000 2024,10,1,0,USER_00992,NAME_00988,,United States,"@KTLA It's called Myocarditis. Inflammation of the heart. Cause by the Covid 19 Vaccine. 🤡",1.76E+18,2024
Sun Jan 07 22:11:45 +0000 2024,109,3,116,USER_00993,NAME_00989,,,"The truth is coming out! @TuckerCarlson @BretWeinstein #mrnavaccines 
1. How does the COVID-19 vaccine trick your immune system into attacking your body cells?
2. The COVID-19 vaccines injected intravenously may cause significant unrepairable damage to the heart. 
3. How many of these mRNA shots were administrated globally?",1.74E+18,2024
Mon Feb 12 10:21:08 +0000 2024,0,0,0,USER_00994,NAME_00990,,,"New publication alert!
Adjuvants in COVID-19 vaccines: innocent bystanders or culpable abettors for stirring up COVID-heart syndrome - Sri Harsha Kanuri, Prapthi Jayesh Sirrkay, 2024 https://t.co/S8RNQOgbVS",1.76E+18,2024
Wed Feb 07 19:01:03 +0000 2024,0,0,0,USER_00995,NAME_00991,,,"mRNA COVID-19 Vaccines Caused More Deaths Than Saved: Peer-Reviewed Study--""It is unethical and unconscionable to administer an experimental vaccine to a child who has a near-zero risk of dying from COVID-19 but a well-established 2.2 percent risk of permanent heart damage...""

https://t.co/HNimB1VzPZ",1.76E+18,2024
Thu Feb 15 06:36:41 +0000 2024,2,1,0,USER_00996,NAME_00992,,,"@Lanceduke127729 @CKellyUAP The HIV test can turn positive after COVID-19 as well as the vaccine”; “maybe a form of immunodeficiency is there”
SOURCE: Peter McCullough, Rumble, Instagram",1.76E+18,2024
Mon Jan 10 21:04:43 +0000 2022,37,3,22,USER_00997,NAME_00993,,,"Most COVID-19 hospitalizations due to four conditions: #lack of vaccines is not one of them. 

•A study estimated that nearly 66% of COVID-19 hospitalizations in the U.S. could be attributed to obesity, diabetes, hypertension, and heart failure.

source: https://t.co/1QjyGRmeyw",1.48E+18,2022
Sat Jan 14 15:00:24 +0000 2023,8,4,2,USER_00998,NAME_00994,,,"Keep eyes on random deaths in Pakistan! Post Covid-19 one can witness a huge wave of increasing cancer, cardiac arrests, hypertension, depression and Governments are involve in killing people via vaccine to make Covid-19 project successful https://t.co/Y3TBd847jY",1.61E+18,2023
Mon Jan 30 08:48:24 +0000 2023,21,0,15,USER_00999,NAME_00995,,Nigeria,"COVID 19 vaccines have proven to be effective but COVID 19 infection associated with other co-morbidities such as HIV, TB and Hypertension has been more severe. Do well and get vaccinated today, you owe yourself a COVID 19 free life. https://t.co/660VHVvB2v",1.62E+18,2023
Tue Mar 09 18:20:12 +0000 2021,0,0,0,USER_01000,NAME_00996,,United States,"BREAKING NEWS: Effectively immediately anyone 16 or older with certain conditions will be eligible for the COVID-19 vaccine including hypertension, diabetes, heart conditions, obesity, HIV, cancer, and asthma.  For a full list, go to https://t.co/Z5wyhIxxOL. https://t.co/SObtPflrhX",1.37E+18,2021
Tue Aug 31 19:58:41 +0000 2021,1,1,1,USER_01001,NAME_00997,,,"According to COVID-19 Alberta statistics, hypertension is highly correlated among COVID-19 deaths. 

https://t.co/bUa24s3qyf

Given the red flags, if someone has hypertension, should they change their diet and lose weight or take the vaccine?",1.43E+18,2021
Mon Aug 02 06:38:46 +0000 2021,0,0,0,USER_01002,NAME_00998,,India,Coronavirus vaccination: What to expect with your COVID-19 vaccine if you have hypertension https://t.co/h64Z1JVEps,1.42E+18,2021
Thu Mar 25 12:10:19 +0000 2021,0,0,0,USER_01003,NAME_00999,,,Going back and forth with my old man about COVID 19 vaccine will give hypertension,1.38E+18,2021
Sat Mar 13 04:36:33 +0000 2021,0,0,0,USER_01004,NAME_01000,,,"☏ Understanding your COVID-19 vaccine options, why obesity &amp; hypertension are concerning #News https://t.co/HLwQyHPlMO https://t.co/t770fiCKd6",1.37E+18,2021
Thu Jan 21 07:10:00 +0000 2021,182,7,74,USER_01005,NAME_01001,,India,"A news claiming that people suffering from Cancer, Diabetes, Hypertension, etc cannot take the COVID-19 vaccine is completely FAKE. Don’t fall prey to such misinformation! Visit: https://t.co/t8yHLhHqZa to stay updated with authentic information around vaccination. @MoHFW_INDIA https://t.co/uzaHYin3zY",1.35E+18,2021
Wed Jan 13 12:10:00 +0000 2021,106,6,40,USER_01005,NAME_01001,,India,"Should one take COVID-19 vaccine if they are taking medicines for illnesses like Cancer, Diabetes, Hypertension, etc.? Watch Dr Randeep Guleria, Director, AIIMS answer this question! #IndiaFightsCorona #Unite2FightCorona @PIB_India @MIB_India @PMOIndia @MoHFW_INDIA https://t.co/tvQWiheeWk",1.35E+18,2021
Wed May 19 16:00:30 +0000 2021,43,2,8,USER_01006,NAME_01002,1995,United States,"Renowned Cardiologist Dr Hamed Bashir (MD, DNB CARDIOLOGY) will join us tomorrow 20may at 10pm in twitter space inshaAllah
You can ask him any question related to heart diseases, hypertension, cholesterol, weight gain, COVID-19 and its vaccine, black fungus, etc
Be there 🙂",1.40E+18,2021
Wed Mar 31 05:38:43 +0000 2021,0,0,0,USER_01007,NAME_01003,, India,"Small case series describes post–COVID-19 vaccine hypertension
https://t.co/k2zsI1ck2z https://t.co/unQ3byYIWp",1.38E+18,2021
Mon Feb 08 15:56:39 +0000 2021,78,2,73,USER_01008,NAME_01004,1990,United States,"ByMyGov:-
Should one take COVID-19 vaccine if they are taking medicines for illnesses like Cancer, Diabetes, Hypertension, etc.? #IndiaFightsCorona #Unite2FightCorona

👉 https://t.co/400N7KrLXv",1.36E+18,2021
Mon Aug 02 05:54:47 +0000 2021,0,0,0,USER_01009,NAME_01005,,,Coronavirus vaccination: What to expect with your COVID-19 vaccine if you have hypertension https://t.co/23Zd5keAC9,1.42E+18,2021
Thu Aug 04 20:00:57 +0000 2022,0,0,0,USER_01010,NAME_01006,,United States,"Multi-Specialty Research Associates is looking for participants in the following clinical trials:

＊ Migraine Headaches             
＊ Diabetes Type II 
＊ Pediatric Migraine
＊ COVID-19
＊ Major Depression
＊ RSV Vaccine
＊ Hypertension

https://t.co/elfPfn2JAB | 386-438-8977 https://t.co/bNf96FXtS4",1.56E+18,2022
Mon Aug 02 06:27:38 +0000 2021,0,0,0,USER_01011,NAME_01007,,India,Coronavirus vaccination: What to expect with your COVID-19 vaccine if you have hypertension | The Times of India https://t.co/aAKd4AjMV3,1.42E+18,2021
Wed Mar 03 23:00:12 +0000 2021,1,0,0,USER_01012,NAME_01008,,United States,"Fan favorite Roxie Wells, MD, joins us on the next episode of Making Rounds Live! She'll give an update on COVID-19, the vaccine and talk about hypertension. Mark your calendars for Tuesday, March 9, at 11 on WIDU 1600 AM, 99.7 FM and the Cape Fear Valley Facebook page! https://t.co/BuyF1x2KDN",1.37E+18,2021
Fri Sep 08 15:41:42 +0000 2023,62,3,31,USER_01013,NAME_01009,,United States,"“So the mechanism, at the end of the day... is the spike protein.”

In this week's episode of 'Long Story Short', @drbeen_medical discussions #hypertension after COVID-19 #vaccines and how this may occur. Watch now: https://t.co/R48f71hqQY

#DrBeen #LongStoryShort #FLCCC #COVID https://t.co/HU8RKEVpGw",1.70E+18,2023
Mon May 29 17:55:48 +0000 2023,8,0,1,USER_01014,NAME_01010,,United Kingdom,"Hypertension, and the impact of COVID-19 and the Vaccine https://t.co/n8jyKXDER8",1.66E+18,2023
Fri Oct 08 13:53:30 +0000 2021,24,0,4,USER_01015,NAME_01011,,Malaysia,"My medical assistant was tested positive for COVID-19 in August 2021, his fully-vaccinated mother, 62 years old with diabetes and hypertension was tested negative throughout and after his quarantine period. What proof do you still need to show that vaccine works? #GetVaccinated",1.45E+18,2021
Mon Aug 02 06:31:24 +0000 2021,0,0,0,USER_01016,NAME_01012,,India,Coronavirus vaccination: What to expect with your COVID-19 vaccine if you have hypertension | The Times of India https://t.co/QlKDOisnmX,1.42E+18,2021
Mon Aug 02 06:31:26 +0000 2021,0,0,0,USER_01017,NAME_01013,,India,Coronavirus vaccination: What to expect with your COVID-19 vaccine if you have hypertension | The Times of India https://t.co/JiAg8vwJAF,1.42E+18,2021
Mon Aug 02 05:38:48 +0000 2021,0,0,0,USER_01018,NAME_01014,,,Coronavirus vaccination: What to expect with your COVID-19 vaccine if you have hypertension https://t.co/wrMOJrhtZ1,1.42E+18,2021
Mon Aug 02 06:13:40 +0000 2021,0,0,0,USER_01019,NAME_01015,,India,Coronavirus vaccination: What to anticipate together with your COVID-19 vaccine when you have hypertension - https://t.co/ZTobItdY8u,1.42E+18,2021
Mon Aug 02 05:39:15 +0000 2021,0,0,0,USER_01020,NAME_01016,,,Coronavirus vaccination: What to expect with your COVID-19 vaccine if you have hypertension | The Times of India https://t.co/osDYPNoDKC,1.42E+18,2021
Thu Dec 24 16:28:46 +0000 2020,50,10,12,USER_01021,NAME_01017,,Nigeria,"3: @ASUUNGR give us local vaccine for Covid -19 pls. We need solutions to diabetes, hypertension etc  problems",1.34E+18,2020
Thu Jan 28 16:18:06 +0000 2021,7,0,1,USER_01022,NAME_01018,,India,"WHO advises pregnant women not to go for COVID-19 vaccine

Says it is safe for patients of hypertension, diabetes, asthma, pulmonary, liver or kidney disease

@suhail_naik @ashraf_wani @dr_umarjan @dar_owais @DrSuneem @shahfaesal @islahmufti @Gousia__Mir",1.35E+18,2021
Mon Aug 02 06:51:33 +0000 2021,0,0,0,USER_01023,NAME_01019,,India,Coronavirus vaccination: What to expect with your COVID-19 vaccine if you have hypertension | The Times of India https://t.co/cmTg7c9cPf,1.42E+18,2021
Fri Jun 17 11:32:34 +0000 2022,0,0,0,USER_01024,NAME_01020,,,Cureus   . Posterior Reversible Encephalopathy Syndrome Onset Within 24 Hours Following Moderna mRNA Booster COVID-19 Vaccination: Vaccine Adverse Event Vs. Hypertension? https://t.co/rFMsilwO1n,1.54E+18,2022
Wed Mar 17 01:04:59 +0000 2021,4,2,1,USER_01025,NAME_01021,,,"I still want to know why California has excluded hypertension from its definition of ""high risk"" for COVID-19 vaccine prioritization purposes. If I lived in New York or 13 other states, I would be eligible for a vaccine but California thinks I'm not high risk enough",1.37E+18,2021
Mon Jan 04 00:45:00 +0000 2021,11,0,8,USER_01026,NAME_01022,,India,"FAQs on #COVID19 Vaccine : 

Q- If one is taking medicines for illnesses like Cancer, Diabetes, Hypertension, etc., can s/he take the COVID-19 vaccine?

Q- Will the family of Healthcare providers/Frontline workers also be given the vaccine?

#CoronaVaccine https://t.co/IPH2hsOQUq",1.35E+18,2021
Wed Jan 06 23:49:00 +0000 2021,2,0,1,USER_01026,NAME_01022,,India,"If one is taking medicines for illnesses like Cancer, Diabetes, Hypertension, etc., can s/he take the #Covid19 vaccine?

#Unite2FightCorona | #CoronaVaccine 

@PrakashJavdekar | @PIB_India | @shashidigital | @MIB_India https://t.co/4hI3bYdZ1j",1.35E+18,2021
Wed Sep 29 05:16:53 +0000 2021,15,4,15,USER_01027,NAME_01023,,Malaysia,"@boosulyn This terrible #Sarawak
Almost 90% of Covid-19 patients admitted to ICU at Sibu Hospital in this new wave had received two doses of vaccine, mainly Sinovac. Most are aged above 60, though some are as young as in their 30s. Most of them have diabetes, hypertension &amp; dyslipidaemia",1.44E+18,2021
Mon Aug 02 06:21:51 +0000 2021,0,0,0,USER_01028,NAME_01024,,India,Coronavirus vaccination: What to expect with your COVID-19 vaccine if you have hypertension | The Times of India https://t.co/58tra7fNKX,1.42E+18,2021
Sat Feb 27 12:05:03 +0000 2021,0,0,0,USER_01029,NAME_01025,,United States,"NEW UPDATE! Myocardial Infarction [Pocket Card]
PLUS: COVID-19 Vaccine Errors | Hypertension Across the Lifespan: Pediatrics | Quick Guide to Common Calculations
https://t.co/6VgD70O2BO https://t.co/iW3p6MrpBo",1.37E+18,2021
Thu Oct 28 09:38:10 +0000 2021,29,3,39,USER_01030,NAME_01026,,Nigeria,"COVID-19 vaccination is important for people with underlying medical conditions such as hypertension, heart disease, cancer, etc. People with these conditions are more likely to get very sick from COVID. The vaccines do not cause the disease but helps the body develop immunity.",1.45E+18,2021
Mon Apr 19 14:13:15 +0000 2021,38,7,40,USER_01030,NAME_01026,,Nigeria,"Myth: The COVID19 vaccine enters your cells and changes your DNA.

Fact: The COVID19 vaccines available are designed to help your body’s immune system fight the coronavirus. It doesn’t alter your DNA. 

#YesToCovid19Vaccine",1.38E+18,2021
Thu Sep 16 11:54:25 +0000 2021,81,35,104,USER_01030,NAME_01026,,Nigeria,"One of the most asked questions about the #COVID19 vaccine is can Pregnant and lactating mothers take the vaccine?

Pregnant women can take COVID-19 vaccine after due consultations with their Doctor.

Lactating mothers can be vaccinated with COVID-19 vaccine if they are eligible.",1.44E+18,2021
Thu Jul 21 21:14:03 +0000 2022,0,2,0,USER_01031,NAME_01027,,United Kingdom,"Study finds heart conditions extremely rare after COVID-19 vaccination - Medical News Today: * Study finds heart conditions extremely rare after COVID-19 vaccination  Medical News Today
 * Oral vaccine shows promise; hypertension ups COVID… https://t.co/Z3Y3H2gKdG",1.55E+18,2022
Fri May 21 09:29:33 +0000 2021,4,2,2,USER_01032,NAME_01028,,South Africa,"- Vaccinated people can still contract COVID-19, the key difference is that they will not get severely ill or die from the disease.
- People with chronic conditions such as HIV, Diabetes and Hypertension can receive a COVID-19 vaccine.",1.40E+18,2021
Sun Jan 07 22:12:07 +0000 2024,0,0,0,USER_01033,NAME_01029,,Canada,"@MakisMD @catraines4187 Okay, so the Covid-19 vaccine cured my hypertension",1.74E+18,2024
Thu Apr 29 10:40:01 +0000 2021,0,0,0,USER_01034,NAME_01030,,,"Orac: No, there’s no good evidence that spike protein from COVID-19 vaccine causes pulmonary hypertension https://t.co/B9CrwUv90L",1.39E+18,2021
Thu Dec 07 17:14:32 +0000 2023,4,0,0,USER_01035,NAME_01031,,United States,"""...seriously injured from pulmonary hypertension three weeks after receiving the COVID-19 vaccine. He explains how this happened, how he has tried to treat and manage the condition, and how he has been able to return to pretty good exercise function and to his medical practice 18 months after the injury."" @DrHarveyRisch @btysonmd @richardursomd @KLVeritas @WmHaseltine @Fynnderella1 
https://t.co/mYuRrJUAgQ via @OutLoudNews",1.73E+18,2023
Tue Apr 18 22:27:49 +0000 2023,0,0,0,USER_01036,NAME_01032,,United States,Poor immune response to inactivated COVID-19 vaccine in patients with hypertension #covid https://t.co/awOFptz3Zw,1.65E+18,2023
Thu May 25 17:13:55 +0000 2023,1,0,1,USER_01036,NAME_01032,,United States,Safety of BNT162b2 mRNA COVID-19 Vaccine in children with chronic kidney disease: a national population study of South Korea #covid https://t.co/Cn8KbB1qKD,1.66E+18,2023
Wed Jan 19 07:01:15 +0000 2022,2,0,1,USER_01037,NAME_01033,,Philippines,Acosta explained on #Agenda she is waiting for a protein-based COVID-19 vaccine because of her hypertension and history of serious allergic reactions.,1.48E+18,2022
Mon Aug 02 08:16:26 +0000 2021,1,0,0,USER_01038,NAME_01034,,India,"Coronavirus vaccination: What to expect with your COVID-19 vaccine if you have hypertension
 https://t.co/NwbZ2zpRDb",1.42E+18,2021
Thu Nov 18 00:12:15 +0000 2021,0,0,2,USER_01039,NAME_01035,,Barbados,"Dr. Kenneth Connell, Associate Consultant at the QEH shares why he chose to get the COVID-19 vaccine, and why persons with #hypertension should get vaccinated.

https://t.co/FyckaksUeQ

 #VaccinatedandProud #Barbados #letsbeatcovivd19

@ConnellDr",1.46E+18,2021
Tue Sep 28 22:00:06 +0000 2021,0,1,0,USER_01040,NAME_01036,,,"High blood pressure also increases the risks of serious COVID-19 complications. If you have questions, talk to your doctor about a COVID-19 vaccine. 

@AnthemBlueCross is proud to support the American Heart Association’s COVID-19 Response &amp; Hypertension Management efforts. (3/4)",1.44E+18,2021
Fri Nov 10 05:23:12 +0000 2023,0,0,0,USER_01041,NAME_01037,,Cyprus,"This is also the same dude that filed a yellow card report for the COVID-19 vaccine as the possible cause of his hypertension, when he'd previously made a video saying that he had developed hypertension before the vaccines were even available.

I don't know how anyone can take this clown seriously anymore",1.66E+18,2023
Sat Feb 10 01:30:24 +0000 2024,7,1,1,USER_01042,NAME_01038,,,"Well I took that vaccine unwillingly because I had to travel overseas. I’m not anti-vaccines but I believe I didn’t need this Covid-19 injection because my immune system was very strong and I’m not high risk for it. I don’t believe anyone should take any drugs their bodies do not need because it primes your system to become alarmed and overreact when it encounters things with similar biochemical structures. 

It distresses me because immediately after the vaccine, my body suddenly developed allergies to what used to be innocuous things. 

So I am concerned not only for myself but for the billions of other people in the world whose bodies were healthy but now they are sensitized to pathogens and substances w similar biochemical structures. Eg,
myocarditis in young kids. I am 100% certain they would not have this diseased condition if they didn’t get the Covid-19 injection and the incessant boosters. 

It’s like we were forced to poison ourselves.",1.76E+18,2024
Thu Feb 15 11:26:34 +0000 2024,0,2,0,USER_01043,NAME_01039,,,"@jakeshieldsajj I took 2 Pfizer jabs and i got COVID-19 more the 4 times, and yet they claim this vaccine will improve your immune system and reduce the affect of the sickness but for me it didn't, the 4 times were very difficult on me",1.76E+18,2024
Tue Feb 13 05:29:57 +0000 2024,0,1,0,USER_01044,NAME_01040,,,"I have taken every COVID-19 vaccination. And I am up-to-date on all my shots. And I have an immune system that's compromised. Like any other vaccine, some may be allergic, etc.  My point is I'm very well alive! 
Remember no one on has  antibodies
https://t.co/X3xo9eq2L9",1.76E+18,2024
Thu Feb 08 18:56:17 +0000 2024,15,3,2,USER_01045,NAME_01041,,,"FACTS ABOUT COVID-19 VIRUS:-
1. A man-made virus from China 🇨🇳.
2. Aimed at depopulation &amp; the target was Africa. 
3. Miraculously, God created poor Africans with strong immune system.
They defeated the virus. 
4. Then came vaccines aimed to infect us further, we rejected them.",1.76E+18,2024
Mon Feb 12 20:05:58 +0000 2024,1,0,0,USER_01046,NAME_01042,,,"The Spike Protein left in your body by the Covid-19 virus or the ""vaccine"" is a pathogen.  @PgSupplements has just released a supplement to help you get rid of it.  The formula in IMMUNE SYSTEM D-TOX is the one recommended by Dr. Peter McCullough.",1.76E+18,2024
Thu Feb 15 07:15:52 +0000 2024,0,0,0,USER_01047,NAME_01043,,,"@blanketlint @MichelleCossey2 @swd2 And you must be from the group with a dramatically higher rate of death from covid due to avoiding a vaccine intended to give your immune system a heads up in order to reduce the severity of symptoms if caught.

You know...what vaccines are actually for.
https://t.co/LfClVnw9OQ",1.76E+18,2024
Thu Feb 15 09:21:07 +0000 2024,2,1,0,USER_01048,NAME_01044,,,"@IanBlackha48094 @stuffynz @zap_lock @PapaTom1954 @ChiariPaul Overall, the mRNA vaccine provides the immune system with a blueprint to recognize and fight the actual COVID-19 virus if encountered later. 

It is NOT ""Gene Therapy.""",1.74E+18,2024
Sun Feb 11 21:20:09 +0000 2024,5,3,1,USER_01049,NAME_01045,,,@CartlandDavid Asleep people think it’s long term Covid-19 but it’s actually sickness caused by the experimental vaccine that’s weakened their immune system.,1.76E+18,2024
Thu Feb 15 16:43:06 +0000 2024,0,0,0,USER_01050,NAME_01046,,,"@nastasiaKlimash BioNTech’s history and research was discussed when they came up with the first mRNA vaccine for COVID-19.
“BioNTech was founded on the idea of using mRNA to activate the immune system against a patient’s individual tumor..”
But people have short memories. 
https://t.co/b3JNRT7A9X",1.76E+18,2024
Sat Feb 10 09:38:22 +0000 2024,1,0,0,USER_01051,NAME_01047,,United Kingdom,@ClareCraigPath What’s in Astra Zeneca covid 19 vaccines? They’ve certainly damaged my immune system &amp; allowed me to covid several times!,1.76E+18,2024
Sat Feb 10 02:19:06 +0000 2024,1,0,0,USER_01052,NAME_01048,,,"This is how they lie:
#COVID19 vaccines may or may not make your immune system stronger to fight the virus. Millions have safely received COVID-19 vaccines in the U.S., and we really don't want to talk about how many it's killed or just didn't help at all.#vaccination is the best or maybe it might help, or maybe it won't help at all or it may kill you, we really don't know or care, way to protect against serious COVID-19 illness.",1.76E+18,2024
Sun Feb 11 00:21:52 +0000 2024,1,0,0,USER_01053,NAME_01049,,,Vaccine Injury Treatment - Fasting for 48-72 hours creates autophagy - the body's detox process that kills COVID-19 vaccine spike protein damaged cells and reboots the immune system https://t.co/76n21vZ9Nn @vigilantnewsより,1.76E+18,2024
Mon Feb 12 15:38:53 +0000 2024,0,0,0,USER_01054,NAME_01050,,,"COVID-19 boosters impair the immune system response, raising questions about whether giving multiple vaccine doses is more harmful than beneficial https://t.co/LJZxXZhuwW #COVID19 #Vaccine #VaccineSideEffects #CovidVaccines",1.76E+18,2024
Fri Feb 09 21:47:44 +0000 2024,0,0,0,USER_01055,NAME_01051,,Canada,"@Fynnderella1 @CommunityNotes This is old ..it has been known for a very long time that the vaccine impairs your immune system

https://t.co/aQJCJ5QJRm",1.76E+18,2024
Fri Feb 09 16:26:45 +0000 2024,0,0,0,USER_01056,NAME_01052,,,"WTH r they doing? ""mRNA vaccine boosters may impair immune system response in immune compromised individuals.Multiple doses of the mRNA COVID-19 vaccines may result in much higher levels of IgG 4 antibodies..impaired activation of CD4 + and CD8 + T cells."" https://t.co/YOzuyTbeU2",1.76E+18,2024
Thu Feb 15 03:19:41 +0000 2024,1,0,1,USER_01057,NAME_01053,,Mexico,"@_LIONS_GATE I have experience a gradual tendency towards arthritis with a bronchial component to it. Mild and treatable with low dosages of Prednisone (5mg.). My immune system has mutated BUT I cannot be sure if it is because of the 2 Pfizer vaccines, COVID-19 &amp;/or something else, age.",1.76E+18,2024
Fri Feb 09 17:12:54 +0000 2024,3,3,0,USER_01058,NAME_01054,,,"CDC : ""COVID19 vaccines make your immune system stronger to fight the virus. Millions have safely received COVID-19 vaccines in the U.S""

I wonder how that Daily Clout lawsuit is shaping up?🤔",1.76E+18,2024
Sun Feb 04 16:17:38 +0000 2024,5,1,2,USER_01058,NAME_01054,,,"""With mRNA proof of concept on display in Covid-19, Moderna plots HIV vaccine moonshot as part of pipeline expansion"" Jan. 2021

What else?

https://t.co/vuLMnt3MSp https://t.co/yV6DtOBW8s",1.75E+18,2024
Fri Feb 09 16:50:58 +0000 2024,1,0,0,USER_01059,NAME_01055,,,"@uhcwo The vaccines caused more deaths and serious adverse events among subjects during the Pfizer and Moderna trials than did covid

And as they suppress the immune system they increase recipients likelihood of getting covid

https://t.co/fV4w7fDJHZ",1.76E+18,2024
Thu Feb 08 15:00:01 +0000 2024,0,0,0,USER_01060,NAME_01056,,United States,"📚💉 Read the tips below to learn how to strengthen your immune system and stay healthy this cold season. Don't miss out on vital information and a chance to receive the new COVID-19 vaccine at our upcoming clinic on February 23rd. Let's prioritize our well-being together! 🌡️🌬️ https://t.co/53Ip7ZOrn7",1.76E+18,2024
Wed Feb 07 22:31:29 +0000 2024,1,0,0,USER_01061,NAME_01057,,United Kingdom,"@JaneJohnsonBakr @NateB_Panic Cuba’s new development is NOT a vaccine, Nasalferon is administered with a drop in each nostril twice a day for 10 days. It can “reduce” the risk of severe symptoms by strengthening the immune system in people who contract Covid-19. https://t.co/YcJ4oRhU9T",1.76E+18,2024
Wed Jan 18 22:16:39 +0000 2023,29,3,8,USER_01062,NAME_01058,,Finland,"CLAIR BRIDGES: 21, was fully vaccinated for COVID-19, caught COVID anyway, vaccine was supposed to prevent severe disease, however, Clair had both legs amputated, myocarditis, and kidney failure anyway. https://t.co/F5f5xeVtRi",1.62E+18,2023
Wed Apr 26 16:01:46 +0000 2023,24,6,10,USER_01063,NAME_01059,,United States,"Georgia Mother of 7 Denied Kidney Transplant for Refusing COVID-19 Shot

The reason? The woman, who has already had COVID-19, refused to receive the COVID-19 vaccine on religious and medical grounds.

https://t.co/5J6BuAxFnN",1.65E+18,2023
Sun Jul 23 23:25:54 +0000 2023,39,13,28,USER_01064,NAME_01060,,United States,Ontario Father of Five Dies After Being Refused Kidney Transplant Over COVID-19 mRNA Vaccine Refusal https://t.co/4XVB8AzDM2,1.68E+18,2023
Tue May 16 18:03:23 +0000 2023,22,1,4,USER_01065,NAME_01061,,Uganda,"It is interesting to find out that the African Green Monkeys 'used' to develop polio vaccines were obtained from Uganda, and exported to several other countries including Germany. Two years ago, we struggled to get a few of its kidney cells for the COVID-19 vaccine development!",1.66E+18,2023
Fri Jan 27 00:54:16 +0000 2023,64,1,34,USER_01066,NAME_01062,,,"Covid-19 mRNA vax assoc with acute kidney injury (AKI): “Pfizer-BNT was noteworthy for the relationship to AKI (n=1133 cases) among all vaccines due to its statistically significant ROR (2.15 95% CI (1.97, 2.36)), PRR (2.15(290.75)), &amp; EBGM (1.87(1.73))” https://t.co/r7nzI27HmN https://t.co/WeV5JdNlAX",1.62E+18,2023
Tue May 02 21:16:07 +0000 2023,1,1,1,USER_01067,NAME_01063,,,"Kidney Transplantation from a Deceased Donor with COVID-19 Vaccine-Induced Thrombotic Thrombocytopenia

2 kidney transplantations were performed from a single brain-dead vaccine-induced thrombosis and thrombocytopenia donor following COVID-19 vaccine

https://t.co/sdmqK8CNop https://t.co/AyJKrAtSsv",1.65E+18,2023
Wed Jan 17 18:14:09 +0000 2024,70,4,19,USER_01068,NAME_01064,,Canada,"BREAKING NEWS: COVID-19 infections can diminish your measles vaccine ability to fight off measles. 

They will blame the victim even if they were vaccinated, same as they are blaming toddler’s “lifestyle choices” for developing kidney stones.

#AirborneAIDS 
#ExcessDeaths",1.75E+18,2024
Tue Feb 14 19:00:07 +0000 2023,258,26,123,USER_01069,NAME_01065,,Australia,"Yet another blatant example of the unvaccinated being discriminated against, this time a 14 year old woman has been denied a kidney transplant because she has not had a covid 19 vaccine.

#medicaltyranny #medicalcoercian 

https://t.co/fZw8Tdk32T",1.63E+18,2023
Fri Feb 03 16:33:28 +0000 2023,0,0,0,USER_01070,NAME_01066,,United States,"Covid 19 vaccine onset of acute Kidney disease!
https://t.co/LMw5bNCQU4",1.62E+18,2023
Sat Aug 26 09:26:52 +0000 2023,17,0,4,USER_01071,NAME_01067,,,"Ref. 122 
IgA血管炎→IgA腎症

New-onset kidney biopsy-proven IgA vasculitis after receiving mRNA-1273 COVID-19 vaccine: case report 

https://t.co/VkW9AFmmFq https://t.co/HYR3zuH1Q5",1.70E+18,2023
Fri Feb 17 04:53:32 +0000 2023,6,0,0,USER_01071,NAME_01067,,,A Case of Chronic Myelomonocytic Leukemia Unmasked After Receiving J&amp;J COVID-19 Vaccine https://t.co/8siKoZpiL6,1.63E+18,2023
Sat Feb 04 04:36:04 +0000 2023,5,0,2,USER_01071,NAME_01067,,,"American Journal of Case Reports | Myocarditis, Pulmonary Hemorrhage, and Extensive Myositis with Rhabdomyolysis 12 Days After First Dose of Pfizer-BioNTech BNT162b2 mRNA COVID-19 Vaccine: A Case Report - Article abstract #934399 https://t.co/kBNGUhgtwg",1.62E+18,2023
Wed Apr 19 14:39:40 +0000 2023,3,2,0,USER_01072,NAME_01068,,,"@sunshine_toes @dirk_fasshauer @rubrogram @JimHB_4Liberty @ThomMohr @kamziknahorach @lagerth13136056 @Burki677 @KStateTurk @The_Seeadler @lifestylemanoz @TakethatCt @ViroLIEgy @claushetting @ReviewingRemy @JamieAA_Again @Dirk_aus_Hessen @PChandr43659403 @sense_strand @bitcoinbumBB @SoupTomatoSoup @DrCrazynski @THC1001 @adiosmuchachos4 @DdkDav @Censored4sure @dan_gadd @Debunk_the_Funk @rw_christian @dpl003 @richdatasci @themcpaw @HealthcareGlob1 @DarrenT76334333 @ExposeThePlan @TrevorJukes1 @RameseSanders @macgyvertang20 @DAVID__BB @ine16840704 @JoeHendry696 @Alec_Zeck @andyparksmma @Fckelonmusk1 @jason_willz1 @rt7683 @holisticgrenade @SpkJayIII @MCPAW Covid 19 vaccine and acute kidney injury. 

https://t.co/9A8m9LRgxA",1.63E+18,2023
Tue Mar 14 09:00:00 +0000 2023,1,0,1,USER_01073,NAME_01069,,Switzerland,"🔎Today for #TransplantTuesday discover

#Immune response to third dose BNT162b2 COVID-19 vaccine among kidney transplant recipients – a prospective study

➡️https://t.co/17JWrW2HOg

Dafna Yahav, Ruth Rahamimov, Tiki Mashraki, et al

@ESOTtransplant  @Transpl_Int https://t.co/50W3QA1cfP",1.64E+18,2023
Fri Jul 14 20:43:12 +0000 2023,0,0,0,USER_01074,NAME_01070,,,"Both safe and effective. New injections coming soon!

Pfizer-BioNTech COVID-19 Vaccine Linked to AAV Kidney Damage | Rare Case Links COVID-19 Vaccine to Autoimmune Diseases Like AAV | ANCA Vasculitis News https://t.co/GPDszW6B2z",1.68E+18,2023
Thu May 25 00:40:32 +0000 2023,7,2,2,USER_01075,NAME_01071,,United States,"Do you have diabetes, asthma, lung problems, kidney illness, blood disorder or any ailments?
Did you know you are at risk if you didn't get the vaccine? Yes, for Covid-19. 
I'm a POC and we have a lot in our communities. 
In the GQP proposal, they want to get rid of...1",1.66E+18,2023
Mon Jan 30 14:00:02 +0000 2023,28,0,12,USER_01076,NAME_01072,,,"The third dose of mRNA vaccine against Covid-19 improves both humoral and cellular responses, but less effectively in #kidney transplant than in dialyzed patients and healthy controls. #VisualAbstract #TransplantTwitter https://t.co/4YexqxlUao https://t.co/2YK4gNxXkJ",1.62E+18,2023
Thu Mar 02 14:00:00 +0000 2023,3,0,0,USER_01076,NAME_01072,,,#TBT to this week's featured top downloaded paper from 2021: COVID-19 in Kidney Transplant Recipients Vaccinated With Oxford–AstraZeneca COVID-19 Vaccine (Covishield): A Single-center Experience From India #TransplantTwitter https://t.co/BQY0dYTOxN https://t.co/Ms3SeNoSPn,1.63E+18,2023
Mon Nov 15 14:00:02 +0000 2021,17,0,9,USER_01076,NAME_01072,,,Many who have had transplants did not see desired immunogenicity after 2 doses. This study provides information on the serological response to the #COVID19 vaccine in young adult/adolescent kidney recipients. #VisualAbstract #TransplantTwitter https://t.co/HZ54D96wEr https://t.co/kYrrakbm0x,1.46E+18,2021
Wed Dec 08 14:00:01 +0000 2021,10,1,7,USER_01076,NAME_01072,,,In this issue of @TransplantJrnl: Growing evidence of kidney transplant recipients showing weaker response to #COVID19 vaccine than immunocompetent counterparts show a need to investigate alternatives to protect patients. #VisualAbstract #TransplantTwitter https://t.co/b1PbyTOAsT https://t.co/WPpsea6ET1,1.47E+18,2021
Wed May 31 13:00:03 +0000 2023,19,0,10,USER_01076,NAME_01072,,,"In kidney transplant recipients, one month MPA withdrawal improves transient Covid-19mRNA vaccine responsiveness with the risk of de novo DSAs. @louise_benning #VisualAbstract #TransplantTwitter https://t.co/vvP7YKVxwV https://t.co/HcWMclgv5o",1.66E+18,2023
Fri Jul 21 22:26:28 +0000 2023,7,0,1,USER_01077,NAME_01073,,,"""Sudbury man has died of kidney disease after he could not get a kidney transplant because he refused to get the COVID-19 vaccine.""

Wicked. Pray for this dear family!

Two family members were willing to donate a kidney, but docs wouldn't operate. 

https://t.co/xVv0b3YYQg",1.68E+18,2023
Sun Apr 02 04:30:02 +0000 2023,7,1,2,USER_01078,NAME_01074,,Uganda,"#ISNWCN 

Plenary Session 4: Rapid COVID-19 Vaccine Development and the Future of Pandemic Preparedness

Chaired by @AgnesFogo 
How vaccines saved kidney patients @BarneyGrahamMD https://t.co/pBLyK9Ej1u",1.64E+18,2023
Fri Jul 07 16:57:17 +0000 2023,21,1,19,USER_01079,NAME_01075,,United Kingdom,COVID-19 Vaccines Linked to Kidney Disease Safety Signal—Fujita Health University Investigation https://t.co/89EMfVONgT,1.68E+18,2023
Sun Jul 23 10:28:51 +0000 2023,3,3,0,USER_01080,NAME_01076,,,"Doesn't make sense to me.
""Sudbury man has died of kidney disease after he could not get a kidney transplant because he refused to get the COVID-19 vaccine.""
https://t.co/xebYT1NYZi",1.68E+18,2023
Fri Nov 17 21:58:36 +0000 2023,0,0,0,USER_01081,NAME_01077,,,Relapse of IgG4-related nephritis following mRNA COVID-19 vaccine - Kidney International https://t.co/Oc3eVzZoo9,1.73E+18,2023
Thu Aug 24 23:54:13 +0000 2023,1,0,1,USER_01081,NAME_01077,,,Intracellular Reverse Transcription of Pfizer BioNTech COVID-19 mRNA Vaccine BNT162b2 In Vitro in Human Liver Cell Line https://t.co/P26QagrT0d #mdpicimb via @CIMB_MDPI,1.69E+18,2023
Wed Dec 13 09:15:46 +0000 2023,0,0,0,USER_01082,NAME_01078,,United States,"#LIDSEN #OBMTransplantation
Special Issue from Open for Submissions:    

📗Safety and Effectiveness of COVID-19 Vaccine in Kidney Transplant Recipients
🔆Guest edited by Sanjeev Gulati, MD

🔗https://t.co/1AXBxKOqnF

#COVID19 #Kidney #Transplant https://t.co/1dRuW1KcaD",1.73E+18,2023
Tue Apr 25 15:51:07 +0000 2023,29,7,17,USER_01083,NAME_01079,,United Kingdom,Georgia Mother of 7 Denied Kidney Transplant for Refusing COVID-19 Shot. Their bullying intimidation continues. Stand firm. #mRNA #Vaccine  https://t.co/0azhV5ZkaY,1.65E+18,2023
Thu Jun 01 23:00:14 +0000 2023,82,20,41,USER_01084,NAME_01080,,,"Tonight on Real America! Erin Siegrist, the mother of a woman who has been unable to get a kidney transplant for not getting the COVID-19 vaccine, tells her daughter's story. Tune in tonight at 8pm Eastern, 5pm Pacific
@DanNewsManBall https://t.co/xEjG2wIJN9",1.66E+18,2023
Thu Jan 05 16:41:21 +0000 2023,14,0,7,USER_01085,NAME_01081,1960,,"The paper is based on a survey initiated by a team of ISN members on the availability, preparation, and prioritization of COVID-19 vaccines for people with advanced chronic kidney disease or kidney transplants worldwide. https://t.co/oeTGpMQ0AM",1.61E+18,2023
Mon Mar 20 13:52:17 +0000 2023,8,0,4,USER_01085,NAME_01081,1960,,"@Kidney_Int @pi_ronco @BradRovin @germjacq @ameliebjean @letiziadechiara @sapir_ruth @smoertelt @KatherineTuttl8 ➡️ Impact of study design on vaccine effectiveness estimates of two mRNA COVID-19 vaccine doses in patients with stage 5 chronic kidney disease https://t.co/SLVS2bw8f3 https://t.co/cOtxrOd7WH",1.64E+18,2023
Tue Jan 31 14:57:57 +0000 2023,6,0,2,USER_01085,NAME_01081,1960,,Impact of study design on vaccine effectiveness estimates of two mRNA COVID-19 vaccine doses in patients with stage 5 chronic kidney disease. 2023 from @kidney_int https://t.co/SLVS2bwG4B https://t.co/jbajkmPx1e,1.62E+18,2023
Wed Jun 30 16:38:51 +0000 2021,17,1,6,USER_01085,NAME_01081,1960,,"We are delighted to announce the winners of the @ISNeducation quiz ""#COVID19 vaccine and patients with kidney disease"" ➡️ https://t.co/KxPzxCkpWc 

Congratulations to:
🥇 Hiral
🥇 @Jithukurian6 

For getting a perfect 10/10 on the first attempt at solving the quiz! 🙌🏼 https://t.co/Ygr3FjdKvq",1.41E+18,2021
Fri May 21 17:22:39 +0000 2021,24,0,17,USER_01085,NAME_01081,1960,,"Test your knowledge and prepare for the next Nuances in Nephrology webinar ""COVID-19 vaccination in immune-mediated kidney diseases"" -taking place on May 27- by solving the @ISNeducation quiz ""#COVID19 vaccine and patients with kidney disease"" ➡️ https://t.co/KxPzxCkpWc @divyaa24 https://t.co/RVkms4iE4e",1.40E+18,2021
Tue Aug 31 16:00:00 +0000 2021,5,0,2,USER_01085,NAME_01081,1960,,"A third injection of BNT162b2 mRNA #Covid19 vaccine in kidney transplant recipients improves the humoral immune response. 2021 from @Kidney_Int @c_massoumipour

➡️ https://t.co/vbj8dHFiGZ #COVIDVaccine https://t.co/V6AgTTJbYa",1.43E+18,2021
Mon Apr 24 20:52:40 +0000 2023,0,1,0,USER_01086,NAME_01082,,,"Mother with 7 young children being refused kidney transplant over COVID-19 vaccine status.

https://t.co/avlLT27BF3",1.65E+18,2023
Thu Jul 06 14:09:22 +0000 2023,8,0,4,USER_01087,NAME_01083,,,"If you’re 50+ or have certain health issues (such as heart, lung, or kidney conditions), #COVID19 could make you very sick. Protection can weaken over time. Get your updated COVID-19 vaccine to help restore your protection. Find free vaccines near you https://t.co/zTz4lYcoww. https://t.co/kJfpedEYjB",1.68E+18,2023
Fri Sep 23 14:58:01 +0000 2022,12,3,7,USER_01087,NAME_01083,,,The updated #COVID19 vaccine helps teach your immune system how to fight both the original and current variants of COVID-19. This cuts your risk of severe illness or hospitalization and helps you stay healthy. Find an updated COVID-19 vaccine near you: https://t.co/j3SilL5Nnu https://t.co/GnPMwWOff5,1.57E+18,2022
Thu Feb 17 15:28:14 +0000 2022,7,0,0,USER_01087,NAME_01083,,,#DYK the #COVID19 vaccine helps your immune system learn to fight the virus? The booster is like a refresher course that helps your immune system remember what to do. Make sure you’re protected with a booster: https://t.co/j3SilLnof2 https://t.co/hea6ABoI5E,1.49E+18,2022
Sat May 27 18:22:52 +0000 2023,7,0,0,USER_01088,NAME_01084,,,"Pretransplant vaccination against COVID-19 before kidney transplant significantly improves the response to vaccine after transplantation 
https://t.co/mgnIK15yNS",1.66E+18,2023
Sat Feb 03 12:01:13 +0000 2024,1,0,0,USER_01089,NAME_01085,,,"Gene Study Reveals How COVID-19 mRNA Vaccine Leads To High Risk Of IgA Nephropathy, Eventual Kidney Failure And Possible Cancers! - Thailand Medical News https://t.co/vGqZq7CsfA",1.75E+18,2024
Mon Jul 10 15:02:25 +0000 2023,0,0,0,USER_01090,NAME_01086,,United States,@gatewaypundit Translation: Warmer temperatures will react with the Covid-19 vaccine by causing Kidney Stones and possible Kidney failure.,1.68E+18,2023
Sat Nov 25 04:38:11 +0000 2023,1,1,0,USER_01091,NAME_01087,,Australia,"@BrettYoud Kidney damage in COVID-19 vaccine injured patients is common, and can range from proteinuria, haematuria to acute kidney injury requiring renal replacement therapy (RRT).19 Feb 2023",1.73E+18,2023
Thu Mar 02 06:40:49 +0000 2023,1,1,1,USER_01092,NAME_01088,,,"the public for the first time ever.
According to the documents, when Pfizer applied for FDA approval, it was aware of almost 158,000 adverse events.
The list of side effects to the Pfizer-BioNTech Covid-19 vaccine includes: Acute kidney injury, acute flaccid…",1.63E+18,2023
Tue Sep 12 11:28:51 +0000 2023,7,0,1,USER_01093,NAME_01089,,Canada,"88 abortions, 116 kidney damage, 198 facial paralysis, 283 heart attacks, 289 strokes &amp;1,167 case of heart inflammation.

Deaths that “occurred after being vaccinated with a Covid-19 vaccine” totaled 442 as of May 29 @GovCanHealth",1.70E+18,2023
Tue Jan 31 18:00:46 +0000 2023,1,0,0,USER_01094,NAME_01090,,,Impact of study design on vaccine effectiveness estimates of two mRNA COVID-19 vaccine doses in patients with stage 5 chronic kidney disease @Kidney_Int #COVID19 #ESKD https://t.co/thqMfZsCEh,1.62E+18,2023
Tue May 11 14:07:45 +0000 2021,32,2,12,USER_01094,NAME_01090,,,#COVID19 vaccine 💉 efficacy in patients on #Dialysis @Kidney_Int https://t.co/DlCBfyIjMw,1.39E+18,2021
Thu Jul 20 17:56:25 +0000 2023,5,5,0,USER_01095,NAME_01091,,Canada,"@Storiesofinjury People don’t get put on a Liver Transplant list unless they quit drinking for a minimum amount of time. 
Being put on the Kidney Transplant list required Covid-19 vaccine. The patient chose not to. 
His choice.",1.68E+18,2023
Fri Jan 27 03:59:25 +0000 2023,0,0,0,USER_01096,NAME_01092,,,"@2ruthSerum @TomFitton @AlexBerenson ""whether the link between the COVID-19 vaccine and acute kidney disease (AKD) is causal or coincidental remains to be verified.""

Not exactly incontrovertible. 

Sorry. People aren't exactly keeling over. The vaccines aren't a cure. They're not perfect. Never claimed to be.",1.62E+18,2023
Tue Sep 12 11:51:12 +0000 2023,40,10,23,USER_01097,NAME_01093,,Canada,"Adverse Vaccine Events in Cda

Remember: Covid 19 Vax was 100% safe/effective

10,906 cases were serious:

88 spontaneous abortions
116 cases of kidney damage 
198 cases of facial paralysis
283 heart attacks 
289 strokes
1,167 case of heart inflammation

https://t.co/9qOiO5XrV0",1.70E+18,2023
Mon Oct 23 16:13:11 +0000 2023,10,1,4,USER_01098,NAME_01094,,United Kingdom,"As we head into chillier months, The Kidney Charities Together Group strongly encourage everyone who is eligible, to have their autumn booster. The vaccine remains an important defence against becoming severely ill from Covid-19. 

See the PDF guide 👉 https://t.co/StXO0uc0Di https://t.co/tPmsnak1cr",1.72E+18,2023
Thu Aug 19 10:00:15 +0000 2021,6,0,5,USER_01098,NAME_01094,,United Kingdom,"The Kidney Charities Together Group is calling on the JCVI to prioritise the roll out of a third dose of #Covid19 vaccine to kidney patients and clearly communicate this as a matter of urgency. 

Learn more: 👉 https://t.co/w5Bp3rnisJ https://t.co/UaC9YMAeaC",1.43E+18,2021
Wed Sep 15 09:35:01 +0000 2021,15,0,5,USER_01098,NAME_01094,,United Kingdom,"The Kidney Charities Together group have produced a new guide which details how the #Covid19 vaccine helps to protect and why you shouldn’t interpret the results of an antibody test as an indication of protection from infection. 

More information: 👉 https://t.co/I3jqZAUg49 https://t.co/WNLiIgp6pe",1.44E+18,2021
Fri Sep 03 17:06:07 +0000 2021,17,0,9,USER_01098,NAME_01094,,United Kingdom,"The JCVI has recommended that people with severely weakened immune systems should have a third #Covid19 vaccine dose. It's hoped that by having a third dose of the vaccine, these people will be better protected. Read more below. 👇 
https://t.co/oF5OgA2mK0",1.43E+18,2021
Tue May 16 02:56:08 +0000 2023,1,0,0,USER_01099,NAME_01095,,United States,"@CDCgov I don't believe any farther than I can throw you. I'm one of the ppl who has permitly be compromised because of the Moderna Covid 19 Vaccine. I have kidney problems. I didn't have any kidney problems before taking the jab. 

Shame on you.",1.66E+18,2023
Fri Feb 17 01:59:33 +0000 2023,2,0,0,USER_01100,NAME_01096,,Switzerland,"New Research: Factors associated with the humoral response after three doses of COVID-19 vaccination in kidney transplant recipients: Introduction

Kidney transplant recipients showed a weak humoral response to the mRNA COVID-19 vaccine… https://t.co/0YqYPqNcsx #immunology",1.63E+18,2023
Tue Oct 10 14:14:10 +0000 2023,2,0,0,USER_01101,NAME_01097,,United States,"What We’re Reading: #Novavax Ships Updated #COVID-19 Vaccine; #Cardiovascular-Kidney-Metabolic Syndrome; #Walgreens Walkout
Learn more: https://t.co/nrsVIbW85E https://t.co/IV6oCwk3GH",1.71E+18,2023
Thu Mar 02 22:49:47 +0000 2023,0,0,0,USER_01102,NAME_01098,,,"A 65-year-old man presented with muscle pain and muscle weakness after his second BNT162b2 COVID-19 vaccine.  He was diagnosed with acute kidney failure caused by rhabdomyolysis resulting from a statin-fibrate interaction from a COVID-19 vaccination
https://t.co/46WNjtXOWB",1.63E+18,2023
Fri Feb 02 20:39:32 +0000 2024,0,0,0,USER_01102,NAME_01098,,,A Case of Chronic Myelomonocytic Leukemia Unmasked After Receiving J&amp;J COVID-19 Vaccine https://t.co/pBPjkv8XLG,1.75E+18,2024
Mon Oct 30 00:00:13 +0000 2023,5,1,2,USER_01103,NAME_01099,,,Safety of BNT162b2 mRNA COVID-19 vaccine in children with chronic kidney disease: a national population study from South Korea https://t.co/T5lfkOVdQg @Ped_Neph #CKD #COVID_19,1.72E+18,2023
Tue May 30 17:07:52 +0000 2023,0,0,0,USER_01104,NAME_01100,,,"Immunogenicity and safety of COVID-19 BNT162b2 booster vaccine in end-stage kidney disease patients receiving haemodialysis in Yogyakarta, Indonesia: a cohort prospective study https://t.co/pNPa0L7EQS",1.66E+18,2023
Tue Apr 25 20:35:00 +0000 2023,11,5,11,USER_01105,NAME_01101,,United States,"On dialysis and potentially facing death, a homeschooling mother of seven young children has been rejected as a candidate for a life-saving #kidney #transplant.

The reason? The woman, who has already had #COVID19, refused to receive the COVID-19 #vaccine.https://t.co/Bnpq6DgdBH",1.65E+18,2023
Sun Sep 03 04:45:52 +0000 2023,10,0,4,USER_01105,NAME_01101,,United States,"Can ivermectin help restore smell and taste after COVID-19 or the mRNA vaccine?

Critical care and pulmonary specialist @PierreKory says it can. 
https://t.co/8d43H8yzsn",1.70E+18,2023
Tue Jul 18 13:46:25 +0000 2023,21,2,0,USER_01106,NAME_01102,,Canada,"@KirkLubimov The lady in Alberta who was in the same situation fought the hospital and won!  She'll now be allowed to have her kidney transplant without getting the Covid-19 ""vaccine"".",1.68E+18,2023
Thu Jan 05 17:02:29 +0000 2023,6,0,0,USER_01107,NAME_01103,,Canada,"Read our story of a recent BC study showing a significantly reduced risk of COVID-19 for vaccinated non-dialysis kidney patients  – up to 78% with 3 vaccine doses – compared to pre-vaccination: https://t.co/wRkBFDHgZe
#KidneyResearch #KidneyPatients
@Providence_Hlth @PHSAofBC https://t.co/IP7bJJYsTV",1.61E+18,2023
Sat Jul 15 00:45:38 +0000 2023,4,0,2,USER_01108,NAME_01104,,United States,Severe kidney problems seen with COVID-19; second vaccine dose should not be delayed for cancer patients https://t.co/WIrsiHOpAL,1.68E+18,2023
Thu Nov 02 11:20:17 +0000 2023,14,2,8,USER_01109,NAME_01105,,United Kingdom,Covid-19 still poses risks to thousands of immunocompromised people who don’t have the same level of protection from the vaccines as the general public do. People with kidney disease are also vulnerable to flu complications.,1.72E+18,2023
Mon Oct 23 15:10:31 +0000 2023,5,0,1,USER_01109,NAME_01105,,United Kingdom,"As the warmth of summer begins to turn to a crisp chill, The Kidney Charities Together Group strongly encourage everyone who is eligible to have their autumn booster vaccine, which remains an important defence against becoming severely ill from Covid-19 https://t.co/vTr81cwdIZ https://t.co/RLzNvN1HhB",1.72E+18,2023
Fri Dec 18 09:25:10 +0000 2020,5,0,1,USER_01109,NAME_01105,,United Kingdom,This is the last of our #covid19 vaccine facts. If you have heard rumours on social media around covid19 vaccines &amp; kidney patients please make sure you are informed. For more information and advice go to https://t.co/eObjiWfQpW #coronavirus https://t.co/ruG6zRsNIW,1.34E+18,2020
Tue Sep 12 23:40:13 +0000 2023,0,0,0,USER_01110,NAME_01106,,United States,COVID-19 vaccine and treatments for people with kidney disease https://t.co/Ca2Y9mLdrI via @NKF,1.70E+18,2023
Sun Feb 04 16:19:53 +0000 2024,3,0,2,USER_01111,NAME_01107,,United States,What’s Behind the Chronic Kidney Disease Injuries Associated with the Pfizer-BioNTech mRNA COVID-19 Vaccine? https://t.co/elSSr5cax6,1.75E+18,2024
Sun Jun 04 14:29:47 +0000 2023,4,1,0,USER_01112,NAME_01108,,Canada,"@AlixG_2 “Doctors believed it was a kidney infection and did not associate it with the COVID-19 vaccine”

Of course doctors ‘believed’ it had nothing to do with the vaccine.",1.67E+18,2023
Mon Jul 17 12:48:40 +0000 2023,1,0,1,USER_01113,NAME_01109,,United States,"Original Article by Malahe et al, ""The role of interleukin-21 in COVID-19 vaccine–induced B cell–mediated immune responses in patients with kidney disease and kidney transplant recipients""

https://t.co/Aj7Sf1UBWN",1.68E+18,2023
Sat Feb 25 03:44:04 +0000 2023,3,0,2,USER_01114,NAME_01110,,Canada,"This case report summarizes a rare case of a previously healthy patient presenting with focal crescentic glomerulonephritis and kidney failure following the administration of the vectored COVID-19 vaccine, Ad26.COV.2.  #ScienceUpFirst #vaccineinjuries https://t.co/POSW7LGzhy",1.63E+18,2023
Thu Dec 28 16:47:56 +0000 2023,1,1,1,USER_01115,NAME_01111,,Australia,"While we join millions of Nigerians mourning the demise of Governor Akeredolu who died of Leukemia - in reference to professor Kariko's approach in Covid-19 vaccine discovery and the FDA's approval in  2022, I have discovered mRNA-based therapeutics for Leukemia and others. https://t.co/14ouCucaZd",1.74E+18,2023
Tue Oct 31 13:57:30 +0000 2023,36,18,32,USER_01116,NAME_01112,,,"Wang Dan, a 22-year-old Chinese woman, was diagnosed with acute leukemia after two injections of the Covid-19 vaccine. Her family woke up in pain when they learned that the vaccine was known to cause cancer and posted messages on social media to get the truth out. https://t.co/8VrezbYHQA",1.72E+18,2023
Sat Jul 08 04:47:12 +0000 2023,22,12,19,USER_01116,NAME_01112,,,"Zhao Fei, 34, diagnosed with blood cancer
 due to the Covid-19 vaccine

 Zhao Fei, a 34-year-old man from Guizhou province, China, received the Covid-19 vaccine in June 21 and was suddenly diagnosed with acute leukemia in October of the same year.

#beautifulchinanews https://t.co/HBPmH2pNhC",1.68E+18,2023
Mon Dec 18 17:41:32 +0000 2023,32,15,27,USER_01116,NAME_01112,,,"Xiao Ziyi, a first grader in Wuhan, China, received the first injection of COVID-19 vaccine on November 8, 2021, and the second on December 4....... On December 28, he was examined for a 5-centimeter mass in his lungs, and on December 30 he was diagnosed with acute leukemia. https://t.co/ebRTPGgh9F",1.74E+18,2023
Sun Nov 27 04:31:29 +0000 2022,74,69,69,USER_01116,NAME_01112,,,"Pan Zhongping, 28, contracted liver cancer from the Covid vaccine
 
Guangdong Province, China, handsome Mr. Pan was suddenly diagnosed with advanced liver cancer after receiving the Covid vaccine. 

#beautifulchinanews
 #covid19 #vaccine 
#hujintao #Qatar2022  #Qatar #shanghai https://t.co/ba1NEkHChV",1.60E+18,2022
Mon Dec 19 03:52:27 +0000 2022,44,60,36,USER_01116,NAME_01112,,,"Zheng Ya Xuan, an elementary school student in Jiangsu Province, China, was suddenly diagnosed with acute leukemia and many other serious diseases after receiving the Covid vaccine, and the child's life is still in danger after treatment.

#beautifulchinanews
 #covid19 #vaccine https://t.co/6xfEuqJJD8",1.60E+18,2022
Mon Dec 19 03:58:08 +0000 2022,55,66,44,USER_01116,NAME_01112,,,"In Guangdong Province, China, 65-year-old Chen Qing was diagnosed with acute leukemia after experiencing a persistent high fever following his third vaccination. His family is now doing everything they can to raise money for treatment…

#beautifulchinanews
 #covid19 #vaccine https://t.co/rjn6irv9Lf",1.60E+18,2022
Sun Dec 11 05:17:26 +0000 2022,8,2,6,USER_01116,NAME_01112,,,"Yu Jiaojiao, a woman from Hubei province, China, diagnosed with acute leukemia after receiving Covid vaccine, woke up in pain knowing that the vaccine caused the disease, tried to seek redress but was rejected by the local government.

#beautifulchinanews
 #covid19 #vaccine https://t.co/CleNBhAcIv",1.60E+18,2022
Fri Jan 20 18:23:30 +0000 2023,14,3,9,USER_01116,NAME_01112,,,"“Without the vaccine, I don't think my son would have developed leukemia.”
In Guizhou province, China, Yang Yizhuo, a 9-year-old boy who got acute leukemia from the COVID vaccine.

#beautifulchinanews #covid19  #vaccine 
#hujintao https://t.co/VNyvHHjhJx",1.62E+18,2023
Sun Nov 19 20:41:09 +0000 2023,12,3,5,USER_01117,NAME_01113,,,"A 70 years old lady on my floor, beat breast cancer 25 yrs ago, double mastectomy 
3 vaccines in
she now has an aggressive leukemia 

 Dr. Ryan Cole: COVID-19 Vaccines Causing An Alarming Uptick In Cancers",1.73E+18,2023
Fri Oct 13 08:35:14 +0000 2023,0,1,0,USER_01118,NAME_01114,,,"William Makis MD
@MakisMD
TURBO CANCER DEATH IN HOURS - Brazil - 43 year old journalist Wallescka de Andrade Lyra  was diagnosed with leukemia in the morning, intubated &amp; died same day Sep.23, 2023  Diagnosis to death: hours  COVID-19 mRNA Vaccine Turbo Cancer Leukemia https://t.co/Im2OiNBbAX",1.71E+18,2023
Thu Jun 22 08:48:12 +0000 2023,12,0,4,USER_01119,NAME_01115,,Spain,"Check our final report about COVID-19 vaccines in allo-HCT recipients published on Leukemia Research @ELShematology, a collaborative work between Immunology, Infectious Diseases, and Hematology Departments from @HospitalSantPau @IIBSantPau @CarrerasIJC
https://t.co/b7eC4fHIQj",1.67E+18,2023
Fri Aug 04 14:32:02 +0000 2023,0,1,0,USER_01120,NAME_01116,,United States,GeoVax Announces Initiation of Phase 2 Clinical Trial of COVID-19 Vaccine Booster in Patients with Chronic Lymphocytic Leukemia Seeking Improved Immune Response vs mRNA Vaccine. #vaccines #COVID19 #immunocompromised #leukemia $GOVX https://t.co/PnCu75HR3X,1.69E+18,2023
Sun Nov 05 16:35:28 +0000 2023,0,0,0,USER_01121,NAME_01117,,,"Liang Yueyan contracted leukemia after vaccination

Two members of mrs. He’s family contracted cancer following the COVID-19 vaccine 

Mrs. Zhang Guiying got leukemia from vaccinated
#China #Israel #CCP https://t.co/EBgvd03hPU",1.72E+18,2023
Sat Mar 11 14:39:21 +0000 2023,25,2,8,USER_01122,NAME_01118,,,"@kacdnp91 ""Breastfeeding for 6 months or more may help lower childhood leukemia incidence, in addition to its other health benefits for children and mothers.""

But

""Detection of Messenger RNA COVID-19 Vaccines in Human Breast Milk"" 

https://t.co/Qh7WA9UbMi

https://t.co/6BpHevi1JE",1.63E+18,2023
Fri Oct 13 17:54:50 +0000 2023,1,0,0,USER_01123,NAME_01119,,,"This is turbo cancer.
TURBO CANCER DEATH IN HOURS - Brazil - 43 year old journalist Wallescka de Andrade Lyra
was diagnosed with leukemia in the morning, intubated & died same day Sep.23, 2023
Diagnosis to death: hours
COVID-19 mRNA Vaccine Turbo Cancer Leukemia

Repost from
Dr Makis",1.71E+18,2023
Sat Sep 02 06:02:55 +0000 2023,0,0,0,USER_01124,NAME_01120,,,(2022) Case mistaken for leukemia after mRNA COVID-19 vaccine administration: A case report https://t.co/gDq4DYprr5,1.70E+18,2023
Tue Aug 01 18:14:01 +0000 2023,4,0,1,USER_01125,NAME_01121,,United States,GeoVax Announces Initiation of Phase 2 Clinical Trial of COVID-19 Vaccine Booster in Patients with Chronic Lymphocytic Leukemia Seeking Improved Immune Response vs mRNA Vaccine. #vaccines #COVID19 #immunocompromised #leukemia $GOVX https://t.co/A9LOXkUVLx,1.69E+18,2023
Fri Jul 21 19:14:00 +0000 2023,5,0,1,USER_01125,NAME_01121,,United States,News Coverage: GeoVax Announces Initiation of Phase 2 Clinical Trial of COVID-19 Vaccine Booster in Patients with Chronic Lymphocytic Leukemia #immunocompromised https://t.co/XdcSbFkc6t $GOVX,1.68E+18,2023
Tue Aug 08 00:13:00 +0000 2023,2,0,0,USER_01125,NAME_01121,,United States,"Clinical Trials .gov Identifier: NCT05672355, titled “Randomized observer-blinded phase 2 trial of COVID-19 booster with GEO-CM04S1 or Pfizer-BioNTech Bivalent vaccine in patients with chronic lymphocytic leukemia."" https://t.co/eF2eif9Y1T",1.69E+18,2023
Fri Nov 11 17:37:00 +0000 2022,4,0,3,USER_01125,NAME_01121,,United States,"GEO-CM04S1 - Primary vaccine for immunocompromised cancer patients, in direct comparison to the Pfizer mRNA vaccine (NCT04977024)
https://t.co/vUohQmmD9M
#COVID19 #vaccine #immunocompromised #cancer #antibodies #TCells $GOVX https://t.co/FDXqglZMmN",1.59E+18,2022
Tue Oct 03 13:38:43 +0000 2023,0,0,0,USER_01126,NAME_01122,,Ireland,"Case mistaken for leukemia after mRNA COVID-19 vaccine administration: A case report

https://t.co/w3Cxn3z2Wh https://t.co/rbGfDa6v2o",1.71E+18,2023
Fri Nov 03 14:49:42 +0000 2023,0,0,2,USER_01126,NAME_01122,,Ireland,"A Chronic Obstructive Pulmonary Disease Exacerbation Following the Administration of a COVID 19-Booster Vaccine: A Case Report

https://t.co/SNKUJPTfTZ https://t.co/q7q7WuA62q",1.72E+18,2023
Sun Oct 22 11:03:14 +0000 2023,1,0,0,USER_01127,NAME_01123,,,"Australian government official: 
“Autopsy data shows a direct link between the COVID-19 vaccine and turbocarcinoma (leukemia and various rapid cancers).

those who pushed jabs should be hanged",1.72E+18,2023
Mon Jan 15 18:23:26 +0000 2024,11,1,4,USER_01128,NAME_01124,,,"Beijing Sinovac COVIDvaccine company bribed officials of the Health Commission to successfully market unqualified COVID-19 vaccines. Yu Luming, director of the Beijing Health Commission, has been arrested. 
Sinova caused leukemia, myocardial infarction, cancer, and blood diseases",1.75E+18,2024
Tue Mar 21 12:40:02 +0000 2023,0,0,0,USER_01129,NAME_01125,,,Can the Covid-19 vaccine cause leukemia in people? Any study or research performed?,1.64E+18,2023
Wed Jun 14 19:35:14 +0000 2023,0,1,0,USER_01130,NAME_01126,,,"On May 18, 2023, at the entrance of the Hubei Provincial Health Commission in China, a woman contracted leukemia after receiving the Covid-19 vaccine, and her husband was beaten and fell to the ground due to his rights aspirations. He died on June 6 under unclear circumstances. https://t.co/yOI4v324KO",1.67E+18,2023
Mon Jul 24 03:44:01 +0000 2023,0,1,0,USER_01131,NAME_01127,,United States,"GeoVax Announces Initiation of Phase 2 Clinical Trial
of COVID-19 Vaccine Booster in Patients withChronic Lymphocytic Leukemia 
#vaccines #COVI D19 #immunocompromised #leukemia $GOVX

https://t.co/yVnaUuYznC https://t.co/8zgppT58v1",1.68E+18,2023
Wed May 03 15:27:36 +0000 2023,0,0,0,USER_01132,NAME_01128,,,Turbo Cancer Leukemia • Children From Ages 11 to 21 Are Dying Within Hours or Days of Cancer Diagnosis • COVID-19 mRNA vaccines deliver LNPs with mRNA to the bone marrow • Vaccine Genocide https://t.co/hJTA9clE5T,1.65E+18,2023
Tue Aug 01 16:39:17 +0000 2023,0,0,0,USER_01133,NAME_01129,,,"""The cells, known as HeLa cells, are ""among the important scientific discoveries of the last century,"" according to Johns Hopkins. They have contributed to development in polio vaccine, COVID-19 vaccine, leukemia studies &amp; understanding of the AIDS virus."" https://t.co/C240dD8hX0",1.69E+18,2023
Fri Jan 12 15:33:34 +0000 2024,0,0,1,USER_01134,NAME_01130,,,"@PhaedraXTeddy The genes of animals and humans are different. Vaccines produced by experiments with animals will bring unpredictable dangers to the human body.
In China, the COVID-19 vaccine has infected some people with leukemia.",1.75E+18,2024
Tue Aug 15 15:52:55 +0000 2023,0,0,0,USER_01135,NAME_01131,,,$GOVX GOVXW - GeoVax Announces First Patients Vaccinated in Phase 2 Clinical Trial of COVID-19 Vaccine Booster in Patients with Chronic Lymphocytic Leukemia,1.69E+18,2023
Wed Jun 14 13:47:04 +0000 2023,0,0,0,USER_01136,NAME_01132,,,"Berlusconi died 18 months after contracting chronic myelomonocytic leukemia, which in turn took over a month after the 3rd dose of the Covid-19 vaccine.

“Who advised him to get the vaccine??????”",1.67E+18,2023
Tue Jun 13 23:12:17 +0000 2023,0,0,0,USER_01137,NAME_01133,,,A Case of Chronic Myelomonocytic Leukemia Unmasked After Receiving J&amp;J COVID-19 Vaccine - PubMed https://t.co/oWiaaRQMYg,1.67E+18,2023
Sun Sep 24 10:37:15 +0000 2023,0,0,0,USER_01138,NAME_01134,,France,"2/2 COVID-19 vaccine mandated students are now developing Stage 4 cancers - 72 cases (in 2023): Lymphoma, leukemia, brain, testicular, sarcoma, breast, colon",1.71E+18,2023
Sun Nov 05 18:18:26 +0000 2023,0,0,0,USER_01139,NAME_01135,,Sweden,"#Covid19China 🇨🇳 ""This netizen’s father was diagnosed with acute myeloid leukemia after taking the COVID-19 vaccine."" (digital translation) Turbo cancer in China too.

https://t.co/sdPVlLdfAo",1.72E+18,2023
Sat Jul 22 02:03:28 +0000 2023,0,1,0,USER_01140,NAME_01136,,United States,"@Diedsuddenly13 @heiltsuk_paleo @crwequine I found several articles that even recommended COVID-19 vaccines, including this one from the Leukemia and Lymphoma Society

• New Study Shows Most Blood Cancer Patients Benefit from an Additional COVID-19 Vaccine Dose • Leukemia and Lymphoma Society

https://t.co/6cTrOX954G",1.68E+18,2023
Wed Mar 08 13:07:23 +0000 2023,2,2,0,USER_01141,NAME_01137,,United States,"@FLSpacePort @BabsRags @ibdgirl76 @headdock @Wanita1 @jinks462 @stevero40104467 @76MaySmith @Bilked2TheBrink @ThomasKlineMD @EqualityCouple @Katamac1967 @DebraCartles @VIoletTailor @PennyCarrigan1 @MelBell18468101 @GeneW22614687 @GetaPetaHome @CMerandi @JenSawyer5 @KatTwisted @JoeAllenNewman @CanadaPain @SandraEmery7 @ravensspirit68 @ChrisNeuen @Colo_Trumpette @MaryinKansas @GOP @IntlCrimCourt @supportprop @life_is_art___ @CIAAG_Lauren @Shasta_Rayne @candiomercer @FBI My brother was diagnosed with Leukemia last year. Prior to that, ALL his hair fell out one morning. I blame it on the COVID-19 Vaccine. He finally agreed with me. I hope his Oncologist reported it to VAERS. He's been having a difficult time with finding the right drug &amp; dosage.😥",1.55E+18,2023
Sun Sep 24 19:48:34 +0000 2023,4,0,3,USER_01142,NAME_01138,,,"Check up this awesome contentTURBO CANCER Ages 18-24: College &amp; University COVID-19 vaccine mandated students are now developing Stage 4 cancers - 72 cases (in 2023): Lymphoma, leukemia, brain, testicular, sarcoma, breast, colon:  https://t.co/K7XSDsE4ky",1.71E+18,2023
Sun Feb 04 19:59:50 +0000 2024,1,0,0,USER_01143,NAME_01139,,,"Special effect 💉🪄
A Case of Chronic Myelomonocytic Leukemia Unmasked After Receiving J&amp;J COVID-19 Vaccine https://t.co/DRekeExwjo",1.75E+18,2024
Thu Jul 20 13:00:20 +0000 2023,0,0,1,USER_01144,NAME_01140,,United States,$GOVX GOVXW - GeoVax Announces Initiation of Phase 2 Clinical Trial of COVID-19 Vaccine Booster in Patients with Chronic Lymphocytic Leukemia,1.68E+18,2023
Fri May 05 16:26:35 +0000 2023,1,0,1,USER_01145,NAME_01141,,United States,"Turbo Cancer Leukemia • Children From Ages 11 to 21 Are Dying Within Hours or Days of Cancer Diagnosis • COVID-19 mRNA vaccines deliver LNPs with mRNA to the bone marrow • Vaccine Genocide by Dr. William Makis https://t.co/XddI6yOS5g via @FromtheTrenches 

Why the silence?",1.65E+18,2023
Tue Oct 17 18:14:57 +0000 2023,1,0,1,USER_01146,NAME_01142,,United Kingdom,"Unusual vaccine side effect - I've not see this before. ""Case mistaken for leukemia after mRNA COVID-19 vaccine administration: A case report."" Published online November 26th 2022. https://t.co/JduJXV8Di8",1.71E+18,2023
Wed Jan 17 17:20:13 +0000 2024,0,0,0,USER_01147,NAME_01143,,,"@iluminatibot Not just one major increase in obesity, cardiovascular disease etc. since the 70s, but 30% increase since mass COVID-19 injections were distributed, falsely labeled as vaccines. Blood clots in the lungs &amp; heart leading to acute leukemia for many. Those in the know true criminals.",1.75E+18,2024
Mon Jan 15 21:50:31 +0000 2024,1,0,1,USER_01148,NAME_01144,,,"@xiaoj8380 19 vaccine will be blessed.  What is even more frightening is that the sequelae of the Sinovac COVID-19 vaccine include leukemia, cerebral infarction, myocardial infarction, cancer, and blood diseases.",1.75E+18,2024
Mon Jan 15 15:46:05 +0000 2024,1,0,0,USER_01148,NAME_01144,,,"@zhihui999 COVID-19 vaccine will be blessed. ! 💥 What is even more frightening is that the sequelae of the Sinovac COVID-19 epidemic include leukemia, myocardial infarction, cancer, and blood diseases...",1.75E+18,2024
Tue Dec 19 14:54:04 +0000 2023,0,0,0,USER_01148,NAME_01144,,,"@NFSC999 Victims of leukemia caused by the COVID-19 vaccine always relapse and worsen after a period of chemotherapy, and very few are cured. This is caused by the vaccine spike protein in their bodies, and the blood of relatives and friends who donated bone",1.74E+18,2023
Wed May 03 00:53:26 +0000 2023,0,1,0,USER_01149,NAME_01145,,,@MakisMD Covid 19 vaccine does not cause or exacerbate leukemia .,1.65E+18,2023
Sat May 06 06:48:26 +0000 2023,0,0,1,USER_01150,NAME_01146,,Vietnam,"😔
SEIZURES in young people: COVID-19 mRNA vaccine spike protein in the brain causes inflammation fatal seizures
https://t.co/KhYxxAQyzO Dr William Makis
Turbo Cancer Leukemia - children from ages 11 to 21 are dying within hours or days of cancer diagnosis",1.65E+18,2023
Wed Jul 26 03:00:08 +0000 2023,0,0,0,USER_01151,NAME_01147,,United States,News Coverage: GeoVax Announces Initiation of Phase 2 Clinical Trial of COVID-19 Vaccine Booster in Patients with Chronic Lymphocytic Leukemia #immunocompromised https://t.co/ONLN42ZZb9 $GOVX,1.68E+18,2023
Sun Oct 01 05:36:42 +0000 2023,0,0,0,USER_01152,NAME_01148,,Australia,A Vaccine Booster (GEO-CM04S1 or Pfizer-BioNTech Bivalent) for the Prevention of COVID-19 in Patients with Chronic Lymphocytic Leukemia - NCI https://t.co/zVDEJ9nEPG,1.71E+18,2023
Mon Aug 21 23:02:45 +0000 2023,3,1,1,USER_01153,NAME_01149,,Japan,"⚠️TURBO CANCER - Nurses are developing advanced (usually Stage 4) turbo cancers after being forced into taking COVID-19 mRNA vaccines. 

I present 30 nurses &amp; their tragic stories!

- lymphoma (6)
- colon (6)
- breast (5)
- lung (2)
- leukemia (2)
- melanoma (2) https://t.co/bBwUApAdx7",1.69E+18,2023
Sun Jan 08 19:34:47 +0000 2023,0,1,0,USER_01154,NAME_01150,,United States,"Case mistaken for leukemia after mRNA COVID-19 vaccine administration: A case report

It was just some severe thrombocytopenia, leukocytosis and cirrhotic liver features, nothing to worry about😇😇

@RMConservative @IamBrookJackson @FLSurgeonGen 
https://t.co/Dn2S7dID2F",1.53E+18,2023
Sun Feb 04 16:44:57 +0000 2024,0,1,0,USER_01154,NAME_01150,,United States,"Just gonna drop this one here:

'COVID-19 Vaccine Cardiac Complications: A Case Series on Implications of Marijuana in Adolescents With Myopericarditis'

Cuz, of course

""An 18-year-old previously healthy male with a past medical history of asthma presented to the emergency room…",1.75E+18,2024
Sun Feb 04 16:58:02 +0000 2024,13,1,8,USER_01154,NAME_01150,,United States,"""Here, we showed that 61.1% patients with type 2 diabetes, but not healthy controls, exhibited aggravated insulin resistance towards the booster shots of the COVID-19 vaccine""

!!!!!!!!!!!
**61%**
!!!!!!!!!!!

https://t.co/3c4xZXYEne",1.75E+18,2024
Wed Jun 14 20:08:10 +0000 2023,18,1,12,USER_01155,NAME_01151,,,"@FmMosca @sconnesso_ Studio pubblicato su ""Pubmed ncbi"" nel 2022: ""Case of Chronic Myelomonocytic Leukemia Unmasked After Receiving J&amp;J COVID-19 Vaccine"". 
I ""casi"" cominciano ad essere diversi.",1.67E+18,2023
Fri Jun 16 16:18:49 +0000 2023,1,0,0,USER_01155,NAME_01151,,,"@LBasemi Studio pubblicato su ""Pubmed ncbi"" nel 2022: ""Case of Chronic Myelomonocytic Leukemia Unmasked After Receiving J&amp;J COVID-19 Vaccine"".",1.67E+18,2023
Thu Aug 10 18:45:48 +0000 2023,0,0,0,USER_01156,NAME_01152,,United States,"Release – GeoVax Announces First Patients Vaccinated in Phase 2 Clinical Trial of COVID-19 Vaccine Booster in Patients with Chronic Lymphocytic Leukemia

$GOVX  #Biotechnology #GeneTherapy #Immunotherapy #Vaccine

https://t.co/T2UkVZs1mL",1.69E+18,2023
Thu Jul 20 17:17:41 +0000 2023,0,0,0,USER_01157,NAME_01153,,,FGBN News: GeoVax Announces Initiation of Phase 2 Clinical Trial of COVID-19 Vaccine Booster in Patients with Chronic Lymphocytic Leukemia  https://t.co/o52mOghA3J #biotech #news,1.68E+18,2023
Tue Jul 11 20:19:51 +0000 2023,0,0,0,USER_01158,NAME_01154,,United States,"@Vivi44939724 @JebraFaushay I've got a type of Leukemia(CLL) and I haven't taken ANY Covid-19 vaccine shots and boosters, I don't and refuse to get the Flu shots either
I just use ""Common Sense"" and don't get out when I feel bad and I wear a mask when I do have to go anywhere",1.68E+18,2023
Sun Apr 23 18:59:43 +0000 2023,8,2,4,USER_01159,NAME_01155,,,"The conspiracy study is published mRNA is reverse transcribed into DNA in liver cells, risk of integration!  Intracellular Reverse Transcription of Pfizer BioNTech COVID-19 mRNA Vaccine BNT162b2 In Vitro in Human Liver Cell Line https://t.co/BGqgcZjXYS #mdpicimb via

@CIMB_MDPI",1.65E+18,2023
Sun Dec 24 22:32:48 +0000 2023,2,0,0,USER_01160,NAME_01156,,,"@hemeoncABnorth Smart parents. “Our study is the first in vitro study on the effect of COVID-19 mRNA vaccine BNT162b2 on human liver cell line…evidence on fast entry of BNT162b2 into the cells and subsequent intracellular reverse transcription of BNT162b2 mRNA into DNA”.
https://t.co/cVJdwramzq",1.74E+18,2023
Sat Jan 14 20:58:48 +0000 2023,1515,59,769,USER_01161,NAME_01157,1974,United States,"BREAKING: US Doctors Warn that the mRNA COVID-19 vaccines damage the brain, heart, liver, bone marrow, fetus, and cause harm to the body.  Why are the CDC and FDA silent? 

#vaccinedeath #diedsuddendly #diedsuddenly #FauciFiles #pfizer
 https://t.co/2aJesGOnaG",1.61E+18,2023
Wed Jan 04 18:10:00 +0000 2023,2815,149,1604,USER_01162,NAME_01158,,United States,"BREAKING: US Doctors Warn that COVID-19 vaccines damage the brain, heart, liver, bone marrow, fetus, and cause harm to the body.  Why are the CDC and FDA silent?  Why are they still pushing this on everyone?
#vaccinedeath #diedsuddendly #diedsuddenly #FauciFiles #pfizer https://t.co/2XcBMocR6i",1.61E+18,2023
Sun Jul 30 18:11:58 +0000 2023,696,14,240,USER_01163,NAME_01159,,,Study observed the distribution of the Covid-19 vaccine in the bodies of Wister Rats over a period of 48 hours. With a concerning finding being that the Pfizer injection accumulates in the ovaries over time. The highest concentration was noted in the liver &amp; the salivary glands. https://t.co/h4ee909bhf,1.69E+18,2023
Sat Jan 21 16:32:12 +0000 2023,21,1,4,USER_01164,NAME_01160,,United States,Check out our recent meta-analysis about real-world effectiveness of COVID-19 vaccine in liver cirrhosis https://t.co/CVFD76rpGd  @MohammedMhanna5 @MouhandMD @HassounehRamzi @IUGastro,1.62E+18,2023
Sat Jan 28 17:00:19 +0000 2023,0,0,0,USER_01165,NAME_01161,,,Pfizer’s COVID-19 Vaccine Goes Into Liver Cells and Is Converted to DNA: Study https://t.co/9zLWWWVeaj,1.62E+18,2023
Fri Mar 10 08:33:04 +0000 2023,3,0,2,USER_01166,NAME_01162,,,"Bad News: ""Intracellular Reverse Transcription of Pfizer BioNTech COVID-19 mRNA Vaccine BNT162b2 In Vitro in Human Liver Cell Line""
https://t.co/Fo6WJEvOQS",1.63E+18,2023
Tue Feb 14 05:20:11 +0000 2023,23,0,10,USER_01167,NAME_01163,,,"@PamelaE83716920 @nbreavington @naomirwolf Intracellular Reverse Transcription of Pfizer BioNTech COVID-19 mRNA Vaccine BNT162b2 In Vitro in Human Liver Cell Line: 

https://t.co/a3RrmjU8Y3",1.63E+18,2023
Sat Apr 01 08:34:37 +0000 2023,56,1,18,USER_01168,NAME_01164,,,"23/2/22 - Swedish study (MDPI) found that the Pfizer vaccine goes into liver cells and converts to DNA, challenging claims so far that the mRNA COVID-19 vaccines do not change or interact with your DNA. EMA baas Emer Cooke loog tegen @Rob_Roos 🤷‍♀️ https://t.co/HMnbzsQW5T",1.64E+18,2023
Sat Feb 11 03:22:51 +0000 2023,5,1,5,USER_01169,NAME_01165,,Sub Tropical Island ,"Genetic Mutation caused by the Vaccine.
Intracellular Reverse Transcription of Pfizer BioNTech COVID-19 mRNA Vaccine BNT162b2 In Vitro in Human Liver Cell Line
#vaccinegenocide #vaccineinjuries #VaccineSideEffects 
#PfizerExposed #Pfizer 

https://t.co/1ixYLlYoTx https://t.co/R9tEgqzdCy",1.62E+18,2023
Thu Apr 27 09:43:25 +0000 2023,1,0,1,USER_01170,NAME_01166,,Sweden,"Swedish Scientists: Pfizer’s Covid-19 Vaccine goes into Human Liver Cells and Converts into DNA!
https://t.co/L0gTO0y2zc",1.65E+18,2023
Sat Sep 30 12:07:58 +0000 2023,4,0,2,USER_01171,NAME_01167,,United States,"Judicial Watch today said documents obtained from the U.S. Department of Health and Human Services show lipid nanoparticles from Pfizer’s COVID-19 vaccine were found in the liver, ovaries and other organs 48 hours after… https://t.co/LPm6Nt8jt5",1.71E+18,2023
Mon Jan 08 23:38:58 +0000 2024,41,2,6,USER_01172,NAME_01168,,Canada,"@RedCross I wonder why? 🤔 

Intracellular Reverse Transcription of Pfizer BioNTech COVID-19 mRNA Vaccine BNT162b2 In Vitro in Human Liver Cell Line.
https://t.co/pXfOJE9vxl",1.74E+18,2024
Sat Dec 30 13:11:49 +0000 2023,4,0,1,USER_01172,NAME_01168,,Canada,"@CSmiles_News @trutharmyfilms Intracellular Reverse Transcription of Pfizer BioNTech COVID-19 mRNA Vaccine BNT162b2 In Vitro in Human Liver Cell Line.
https://t.co/pXfOJE9vxl",1.74E+18,2023
Tue Dec 26 08:07:34 +0000 2023,4,0,1,USER_01173,NAME_01169,,Iran,"My paper titled ""Efficacy, Immunogenicity, and Safety of COVID-19 Vaccines in Individuals with Liver Cirrhosis: A Rapid Review and Meta-Analysis"" has been accepted without revision in the ""Clinical and Experimental Vaccine Research"" journal with an IF=2.7.
#Covid_19
#research https://t.co/iUMGBOUpr0",1.74E+18,2023
Sun Apr 23 18:59:25 +0000 2023,23,1,0,USER_01174,NAME_01170,,,Intracellular Reverse Transcription of Pfizer BioNTech COVID-19 mRNA Vaccine BNT162b2 In Vitro in Human Liver Cell Line https://t.co/oe0wA3CUse,1.65E+18,2023
Thu Jan 19 12:23:38 +0000 2023,0,0,0,USER_01175,NAME_01171,,United States,Pfizer’s COVID-19 Vaccine Goes Into Liver Cells and Is Converted to DNA: Study https://t.co/X3qheC3AIG,1.62E+18,2023
Fri Jan 13 16:00:52 +0000 2023,0,0,0,USER_01176,NAME_01172,,,Pfizer’s COVID-19 Vaccine Goes Into Liver Cells and Is Converted to DNA: Study https://t.co/yPxWtB8Jab,1.61E+18,2023
Fri Feb 10 13:57:12 +0000 2023,0,0,0,USER_01177,NAME_01173,,,Pfizer’s COVID-19 Vaccine Goes Into Liver Cells and Is Converted to DNA: Study https://t.co/qD1Z0I56B1,1.62E+18,2023
Sun Jul 30 17:44:00 +0000 2023,1,0,0,USER_01178,NAME_01174,,United States,"Oh,  you mean this Scientific fact ? The mRna vaccines do enter the DNA. Prior to this study,  through a FOIA request,  the  CDC acknowledged they do not have any evidence stating  whether the jab alters the DNA. Pfizer’s COVID-19 Vaccine Goes Into Liver Cells and Is Converted to DNA: Study https://t.co/bxdIndCPBi",1.69E+18,2023
Tue Jan 03 17:03:28 +0000 2023,0,0,0,USER_01179,NAME_01175,,,Pfizer’s COVID-19 Vaccine Goes Into Liver Cells and Is Converted to DNA: Study https://t.co/id3x0YIMD1,1.61E+18,2023
Thu Mar 23 11:17:36 +0000 2023,2,0,2,USER_01180,NAME_01176,,United States,"Pfizer’s COVID-19 Vaccine Goes Into Liver Cells and Is Converted to DNA:

Autoimmune Disorders
The Swedish study also found spike proteins expressed on the surface of the liver cells that researchers say may be targeted by the immune system and possibly cause autoimmune hepatitis, as “there [have] been case reports on individuals who developed autoimmune hepatitis after BNT162b2 vaccination.”

https://t.co/DKAMSssVii",1.64E+18,2023
Sat Jan 07 16:36:22 +0000 2023,0,0,0,USER_01181,NAME_01177,,United States,Pfizer’s COVID-19 Vaccine Goes Into Liver Cells and Is Converted to DNA: Study https://t.co/ND3z6AFX4a,1.61E+18,2023
Thu Feb 15 17:05:19 +0000 2024,0,2,0,USER_01182,NAME_01178,,United States,"@Alex_on_A14 @Horatioyuletide @thisisnothappen @FessFinn @Elvisnspiders @Vermino @AndyShrimpton4 @rubrogram @EricFactz @MakisMD Because you and your homies are dumb, I put in all caps... MAYBE, and it's a THEORY. 
As usual, the vaccine reps swarmed and ""debunked it"". 
I REALIZE THAT. But it's ONE MORE difference. Vaccines should stay local, not migrate to liver cells https://t.co/KTHysazvnD",1.76E+18,2024
Sun Feb 12 18:46:09 +0000 2023,0,0,0,USER_01183,NAME_01179,,,Pfizer’s COVID-19 Vaccine Goes Into Liver Cells and Is Converted to DNA: Study https://t.co/SmZEC0QyeN,1.62E+18,2023
Tue Jan 03 16:18:53 +0000 2023,0,0,0,USER_01184,NAME_01180,,,"Comirnaty? More like Comir""nasty""!

Pfizer’s COVID-19 Vaccine Goes Into Liver Cells and Is Converted to DNA: Study https://t.co/6Z6wHlxzTD",1.61E+18,2023
Tue Aug 01 21:08:46 +0000 2023,0,0,0,USER_01185,NAME_01181,,,"Pfizer’s COVID-19 Vaccine Goes Into Liver Cells and Is Converted to DNA: Study 
“spike-directed antibodies induced by vaccination may also trigger autoimmune conditions in predisposed individuals”  https://t.co/8fuAbTH5V2",1.69E+18,2023
Fri Jan 20 15:54:32 +0000 2023,13,0,7,USER_01186,NAME_01182,,,@healthbyjames https://t.co/l2rItMzJ9s Intracellular Reverse Transcription of Pfizer BioNTech COVID-19 mRNA Vaccine BNT162b2 In Vitro in Human Liver Cell Line,1.62E+18,2023
Fri Feb 03 01:31:14 +0000 2023,2,0,0,USER_01186,NAME_01182,,,"@sampeaceamerica Comment on Aldén et al. Intracellular Reverse Transcription of Pfizer BioNTech COVID-19 mRNA Vaccine BNT162b2 In Vitro in Human Liver Cell Line. Curr. Issues Mol. Biol. 2022, 44, 1115–1126
by Hamid A. Merchant @DrSeussBen  mRNA into DNA
https://t.co/Mvs2nyNXMn",1.62E+18,2023
Fri Jan 06 14:01:09 +0000 2023,0,0,0,USER_01187,NAME_01183,,,Pfizer’s COVID-19 Vaccine Goes Into Liver Cells and Is Converted to DNA: Study https://t.co/65NsxZPoO3,1.61E+18,2023
Sat Apr 01 03:13:09 +0000 2023,1,0,1,USER_01188,NAME_01184,,United States,"COVID-19 vaccine injury to the liver: brave Ontario mother shares story of vaccine injured young boy; 22 year old young woman in Army National Guard develops liver disease 3 weeks after Pfizer vaccine, by @MakisMD https://t.co/3yl3bNbxp9",1.64E+18,2023
Mon Feb 27 08:45:36 +0000 2023,52,1,20,USER_01189,NAME_01185,,Japan,"Intracellular Reverse Transcription of Pfizer BioNTech COVID-19 mRNA Vaccine BNT162b2 In Vitro in Human Liver Cell Line
Aldén et al. (2022) current issues in moleculr biology
https://t.co/Q2YmUvyFbF",1.63E+18,2023
Sun Apr 23 17:54:15 +0000 2023,12,1,2,USER_01190,NAME_01186,,United States,"@DocAhmadMalik ""Our study is the 1st in vitro study on the effect of COVID-19 mRNA vaccine BNT162b2 on human liver cell line. 
We present evidence on fast entry of BNT162b2 into the cells &amp; subsequent intracellular reverse transcription of BNT162b2 mRNA into DNA.""",1.65E+18,2023
Wed Dec 06 20:20:29 +0000 2023,0,1,0,USER_01191,NAME_01187,,United Kingdom,"@sffourtygiant @SGriffin_Lab @ProBrexit_MBGA had both covid and flu boosters in September thanks.

But that didn’t help me in early 2020 when I got covid -19 and long covid.

Almost exactly one year BEFORE my first vaccine shot.

But knowing how covid-19 damaged my heart  liver kidneys eyes

Means I don’t want it again https://t.co/fR6EgHDyPJ",1.73E+18,2023
Fri Dec 01 22:05:06 +0000 2023,0,0,0,USER_01192,NAME_01188,,United States,"Patients with liver disease develop robust antibody and T-cell responses after 2 or more COVID-19 vaccine doses. However, liver transplant recipients. Study in @jhepatology. @SamMurray13 @EleanorBarnesOx @tom_marjot @macarlotal @ProfJACook

https://t.co/XyAPVw8Ygq https://t.co/IkNYk4TGSM",1.73E+18,2023
Fri Aug 25 15:26:33 +0000 2023,0,0,1,USER_01193,NAME_01189,,Ireland,"LitCovid:  Clinical application of COVID-19 vaccine in liver transplant recipients.: {'title': 'Clinical application of COVID-19 vaccine in liver transplant recipients.', 'date': '2023-08-25T12:00:00Z', '_id': '37620225'} #covid19 #SARSCOV2 #coronavirus https://t.co/vbLQuID0Qq",1.70E+18,2023
Tue Jan 16 19:33:24 +0000 2024,5,0,2,USER_01194,NAME_01190,,,"6/ Enlace al estudio:

Intracellular Reverse Transcription of Pfizer
BioNTech COVID-19 mRNA Vaccine BNT162b2 In
Vitro in Human Liver Cell Line

https://t.co/6kLzU3mrql",1.75E+18,2024
Sat Oct 28 20:06:13 +0000 2023,1,0,0,USER_01195,NAME_01191,,,"@stkirsch No evidence of cholelithiasis, sludge, or other malignant symptoms - only high liver enzymes consistent with COVID-19 vaccine liver injury on a patient who had not received a vaccine injection.",1.72E+18,2023
Tue Dec 05 04:44:21 +0000 2023,0,1,0,USER_01196,NAME_01192,,South Africa,Think about it this dude has invested in pharmaceutical companies to provide ARVs to our health care systems and covid 19 vaccine and the ARVs have its complications such as Liver failure and with covid 19 vaccines they gonna kill us with Nanotechnology,1.73E+18,2023
Sat Jan 20 07:56:38 +0000 2024,0,0,0,USER_01197,NAME_01193,,United States,"Not only is it likely, it was studied: Study from Lund University in Sweden on how the Pfizer-BioNTech COVID-19 vaccine affects human liver cells under experimental conditions

""We show that the vaccine enters liver cells as early as six hours after the vaccine has been administered. We saw that there was DNA converted from the vaccine's mRNA in the host cells we studied. These findings were observed in petri dishes under experimental conditions, but we do not yet know if the converted DNA is integrated into the cells' DNA in the genome—and if so, if it has any consequences.""",1.75E+18,2024
Mon Mar 27 22:30:09 +0000 2023,1,0,0,USER_01198,NAME_01194,,,"COVID-19 vaccine injury to the liver: brave Ontario mother shares story of vaccine injured young boy; 22 year old young woman in Army National Guard develops liver disease 3 weeks after Pfizer vaccine, by @MakisMD https://t.co/d2Y14gncOv",1.64E+18,2023
Sun Aug 27 10:49:04 +0000 2023,1,0,2,USER_01199,NAME_01195,,Germany,CIMB | Free Full-Text | Intracellular Reverse Transcription of Pfizer BioNTech COVID-19 mRNA Vaccine BNT162b2 In Vitro in Human Liver Cell Line https://t.co/X3nU64Thpk,1.70E+18,2023
Tue Mar 28 00:54:11 +0000 2023,0,0,0,USER_01200,NAME_01196,,,"COVID-19 vaccine injury to the liver: brave Ontario mother shares story of vaccine injured young boy; 22 year old young woman in Army National Guard develops liver disease 3 weeks after Pfizer vaccine, by @MakisMD https://t.co/FOAmJ4dKy4",1.64E+18,2023
Thu Apr 13 06:30:11 +0000 2023,0,1,0,USER_01201,NAME_00984,,United States,"Would like to add my crunched-down version of Pfizer-BionTech Vaccine mRNA, Converted to DNA in Liver Cell Nucleus(In-vitro Swedish Study)

CIMB | Free Full-Text | Intracellular Reverse Transcription of Pfizer BioNTech COVID-19 mRNA Vaccine BNT162b2 In Vitro in Human Liver Cell Line (https://t.co/yKo7Ipo3wa)",1.65E+18,2023
Tue Mar 28 18:09:10 +0000 2023,0,0,0,USER_01202,NAME_01197,,Mexico,"COVID-19 vaccine injury to the liver: brave Ontario mother shares story of vaccine injured young boy; 22 year old young woman in Army National Guard develops liver disease 3 weeks after Pfizer vaccine, by @MakisMD https://t.co/SHaQ9xtyNN",1.64E+18,2023
Mon Sep 04 21:13:55 +0000 2023,0,1,0,USER_01203,NAME_01198,,,"Yet a Swedish study—conducted outside a living organism, or in vitro—has shown that the
Pfizer COVID-19 vaccine can enter human liver cells and convert the mRNA to spike DNA
within six hours. In addition, these spike DNA were found in the nucleus.",1.70E+18,2023
Tue Mar 28 18:34:58 +0000 2023,1,0,0,USER_01204,NAME_01199,,United States,"This study emphasizes the COVID-19 vaccine's significance in reducing liver injury and related outcomes, such as length of stay and mortality in infected patients. https://t.co/Ta9URMePAr",1.64E+18,2023
Fri Jan 12 13:52:52 +0000 2024,6,1,1,USER_01205,NAME_01200,,United States,"Study finds Pfizer COVID vaccine is reverse transcribed into liver cell DNA in as little as 6 hours

Abstract

Preclinical studies of COVID-19 mRNA vaccine BNT162b2, developed by Pfizer and BioNTech, showed reversible hepatic effects in animals that received the BNT162b2 injection. Furthermore, a recent study showed that SARS-CoV-2 RNA can be reverse-transcribed and integrated into the genome of human cells. 

In this study, we investigated the effect of BNT162b2 on the human liver cell line Huh7 in vitro. Huh7 cells were exposed to BNT162b2, and quantitative PCR was performed on RNA extracted from the cells. We detected high levels of BNT162b2 in Huh7 cells and changes in gene expression of long interspersed nuclear element-1 (LINE-1), which is an endogenous reverse transcriptase. Immunohistochemistry using antibody binding to LINE-1 open reading frame-1 RNA-binding protein (ORFp1) on Huh7 cells treated with BNT162b2 indicated increased nucleus distribution of LINE-1. PCR on genomic DNA of Huh7 cells exposed to BNT162b2 amplified the DNA sequence unique to BNT162b2. 

Our results indicate a fast up-take of BNT162b2 into human liver cell line Huh7, leading to changes in LINE-1 expression and distribution. We also show that BNT162b2 mRNA is reverse transcribed intracellularly into DNA in as fast as 6 h upon BNT162b2 exposure.

@ScottAdamsSays 

https://t.co/IqLRgKA8Oo",1.75E+18,2024
Sun Jan 07 20:09:13 +0000 2024,0,0,0,USER_01206,NAME_01201,,United Kingdom,"some quotes  “it is assumed that RNA cannot be incorporated into the genome. This is not supported by experiments and is, contradicted by experiments showing reverse transcription of the Pfizer BioNTech COVID-19 mRNA vaccine into a human liver cell. https://t.co/xbl7fIuGxV",1.74E+18,2024
Fri May 05 13:01:57 +0000 2023,2,2,0,USER_01207,NAME_01202,,,"@zeyele @harryvlachunin @Ballerinas_1 @Maris2237 Conclusions
Our study is the first in vitro study on the effect of COVID-19 mRNA vaccine BNT162b2 on human liver cell line. We present evidence on fast entry of BNT162b2 into the cells and subsequent intracellular reverse transcription of BNT162b2 mRNA into DNA.",1.65E+18,2023
Sun Jul 16 10:34:53 +0000 2023,1,1,0,USER_01208,NAME_01203,,United States,"January 18th 2022 Article abut Swedish Study
Pfizer mRNA vaccine goes into liver and changes into DNA, Swedish study finds
https://t.co/pXEIMIR75i
Intracellular Reverse Transcription of Pfizer BioNTech COVID-19 mRNA Vaccine BNT162b2 In Vitro in Human Liver Cell Line",1.68E+18,2023
Thu Nov 16 06:41:53 +0000 2023,2,1,1,USER_01209,NAME_01204,,Gadigal Land,"More attention: 

Conclusion: Our study is the first in vitro study on the effect of COVID-19 mRNA vaccine BNT162b2 on human liver cell line. We present evidence on fast entry of BNT162b2 into the cells and subsequent intracellular reverse transcription of BNT162b2 mRNA into DNA.",1.73E+18,2023
Sun Feb 12 18:35:49 +0000 2023,1,0,0,USER_01210,NAME_01205,,,"@BigJoeBastardi Epoc Times is spreading a similar bit of pseudoscience:
""Pfizer’s COVID-19 Vaccine Goes Into Liver Cells and Is Converted to DNA: Study.""
Every time I block them from my email in box they find a way in anyway.",1.50E+18,2023
Thu Feb 08 20:27:28 +0000 2024,147,1,33,USER_01211,NAME_01206,,United States,"2/n COVID-19 during pregnancy is an awful life-threatening condition, vaccination both protects the mother and the newborn https://t.co/1cEcblUKwk.",1.76E+18,2024
Wed Oct 18 19:16:42 +0000 2023,2784,274,1419,USER_01212,NAME_01207,,United States,"This is what a college student with Covid-19 “vaccines” from 2021 looks like in our home.

2nd hospital visit this week in 2023. Twice daily blood thinner injections and he is on Pulmonary Embolism watch. He was left with autoimmune disorders and walks with a cane from age 22 when he got out of the hospital the first time.  Next up are weekly blood tests for this life threatening, life long blood clotting disorder he was left with after his C-19 injections. See his medical case study in my other posts and see that he was repeatedly tested and did not have Covid-19 infection. Look and research before complying with the mandates. Please note mom and dad asked him not to get the shots. But our govt. and a doctor encouraged him.

He is one of countless college age young adults with severe C-19 jab injuries. We must end the college mandates and stop the shots. @scarletletterv",1.71E+18,2023
Fri Mar 24 22:01:51 +0000 2023,535,36,202,USER_01212,NAME_01207,,United States,"My son, Cody who has neuropathy in his hands and legs and walks with a cane since he was 21 --after his Covid-19 ""vaccine."" He also had a large pulmonary embolism & survived 5 months without finding a doctor to look into and diagnose what we now know is a life-threatening blood clotting disorder after his mRNA vaccine.#fourthcause",1.64E+18,2023
Tue Jan 23 21:03:15 +0000 2024,6,1,3,USER_01213,NAME_01208,,United States,"💥Covid-19 Vaccine Expert Panel Briefing to the Massachusetts Legislature and Public Health Officials

Excellent video, with heartbreaking testimonials like this newly married man, whose young wife died suddenly of a pulmonary embolism: 
""She was sitting at her desk, hunched over.  It was the death rattle that I was hearing...I was able to wake her up, and laid her down. I was holding her hand, looking into her eyes when she went...I had no idea that she had just died."" 

WATCH: 3 HRS 👇👇👇
https://t.co/RL3f83yFBg

#vaccinedeaths #vaccineinjuries #VaccineGenocide #Vaccine #Massachusetts #Covid #genocide",1.75E+18,2024
Thu Jul 20 22:37:04 +0000 2023,2684,79,1830,USER_01214,NAME_01209,,,"Just released - 

14K pages of Moderna COVID-19 vaccine data related to adverse events.

Neurological disorders days after vaccination.

Details on post-vaccine deaths, heart attacks, pulmonary embolism - all not investigated by the ""studies""

https://t.co/UVjmxWBvOh",1.68E+18,2023
Mon Jan 08 05:58:28 +0000 2024,20,1,15,USER_01215,NAME_01210,,Thailand/ Australia/ United States,"Shall keep on warning till it sinks in their heads & something is done! COVID-19 Infections & Vaccines are driving the incidences of new onset Pulmonary Fibrosis & also accelerating its progression & causing lung cancer! So many cases emerging! 
#Warning 

https://t.co/fWOfCWekx2",1.74E+18,2024
Mon Feb 05 12:21:27 +0000 2024,21,1,3,USER_01215,NAME_01210,,Thailand/ Australia/ United States,"They Lied! They keep on telling us that the vulnerable ie the old &amp; those with underlying issues like diabetes, heart &amp; cardiovascular issues &amp; hypertension, the COVID-19 mRNA vaccines would help!

#Thailand #Australia #Canada #UnitedKingdom #Germany #Florida #Texas #Michigan",1.75E+18,2024
Wed Aug 02 15:48:04 +0000 2023,16,1,2,USER_01216,NAME_01211,,United States,"New @JAMANetworkOpen study!

TLDR: the mRNA vaccines were safe in older adults with frailty, but Moderna (vs Pfizer) showed slightly better protection against COVID-19 and some adverse events (eg pulmonary embolism).

CC @Brown_SPH @BrownHSPP @BrownGero

https://t.co/qO6QiG3VeL",1.69E+18,2023
Fri Jan 13 02:19:28 +0000 2023,218,8,6,USER_01217,NAME_01212,,,"@ChidiNwatu @RonFilipkowski People are dying suddenly, but it's not because of vaccines; it's because COVID-19 demonstrably causes all forms of cardiovascular damage, from promoting pulmonary embolisms and thrombi, to myocarditis.",1.61E+18,2023
Mon Jan 16 14:40:00 +0000 2023,27,2,4,USER_01218,NAME_01213,,Canada,This is the first reported case of IgG4-related pulmonary and pleural disease after Pfizer COVID-19 vaccine.,1.62E+18,2023
Sun Nov 12 01:29:59 +0000 2023,4,1,0,USER_01219,NAME_01214,,,"Michigan - Elizabeth Helms delivered a baby and 2 weeks later got a pulmonary embolism

Many people are developing ""genetic disorders"" that perfectly match most common COVID-19 mRNA Vaccine side effects https://t.co/DXvsa1crIQ",1.72E+18,2023
Mon May 01 12:39:45 +0000 2023,3,1,1,USER_01220,NAME_01215,,,Hey I have some mutuals retweeting this guy's stuff! Just wanted to let you know pulmonary embolism is a possible symptom of Covid-19 itself and this guy has no proof that these deaths occured cause of the vaccine. The J&amp;J vaccine has a slight risk of pulmonary embolism but  1/?,1.65E+18,2023
Mon Jan 09 22:05:15 +0000 2023,5,7,0,USER_01221,NAME_01216,,United States,@JosephFraiman Wouldn’t it be prudent to calculate the risk of pulmonary embolism after getting Covid 19 and compare that with the risk of getting it after the vaccine? Then finally check to see the rates of Pulmonary Embolism in elderly who received the vaccine and then caught Covid.,1.61E+18,2023
Wed Feb 01 01:30:12 +0000 2023,14,0,5,USER_01222,NAME_01217,,Australia,"Are you a researcher interested in immunology and vaccines? 

The Lynn Systems Immunology Group are hosting Prof Warwick Britton AO on Friday, 17th Feb for an invited speaker seminar. He will share insights into Pulmonary vaccines, from TB to Covid-19.

More details below ⬇ https://t.co/CLdG40Yvcr",1.62E+18,2023
Sun Jan 22 11:13:13 +0000 2023,0,0,0,USER_01223,NAME_01218,,,"DYSPNEIC AFTER EVERY COVID-19 SHOT: SUSPECTED BNT162B2 MRNA VACCINE-RELATED, DRUG-INDUCED PULMONARY
EOSINOPHILIA
🔻
https://t.co/dWePP12tFV https://t.co/J5ywE1rgCb",1.59E+18,2023
Tue Sep 05 05:02:34 +0000 2023,1,5,0,USER_01224,NAME_01219,,United States,"Can ivermectin help restore smell and taste after COVID-19 or the mRNA vaccine?

Critical care and pulmonary specialist @PierreKoryFLCCCofficial says it can.
https://t.co/SXBYBAI7ZY",1.70E+18,2023
Tue Jan 24 14:01:14 +0000 2023,0,0,0,USER_01225,NAME_01220,,,"DYSPNEIC AFTER EVERY COVID-19 SHOT: SUSPECTED BNT162B2 MRNA VACCINE-RELATED, DRUG-INDUCED PULMONARY EOSINOPHILIA - CHEST https://t.co/oAMCJGYb3R",1.62E+18,2023
Mon Apr 17 12:18:10 +0000 2023,8,1,2,USER_01226,NAME_01221,,,"🧵10/As compared to vaccines, complications of the COVID-19 infection are more frequent, numerous, chronic, and multi-systemic in nature, including but not limited to pulmonary, cardiac, renal, vascular, and central and peripheral nervous system events. ...",1.65E+18,2023
Sat Oct 07 18:59:29 +0000 2023,0,0,0,USER_01227,NAME_01222,1977,United States,"If your child is seriously immunocompromised, has severe pulmonary issues, etc., then there’s a chance the COVID-19 vaccine may be worth it.

But if your child is normal, there’s lots of potential downside but absolutely no statistical upside.",1.71E+18,2023
Tue Sep 05 05:50:06 +0000 2023,0,2,0,USER_01228,NAME_01223,,,"Can ivermectin help restore smell and taste after COVID-19 or the mRNA vaccine?

Critical care and pulmonary specialist 𝗗𝗿. 𝗣𝗶𝗲𝗿𝗿𝗲 𝗞𝗼𝗿𝘆 says it can.  
https://t.co/P76oAiSP5K https://t.co/vVfS9GJ4Hl",1.70E+18,2023
Mon Aug 21 03:28:53 +0000 2023,4,0,1,USER_01229,NAME_01224,,,"In 2021, after his mRNA Covid-19 vaccine, Cody  went from running miles a day to suddenly being hospitalized with a pulmonary embolism, two leaky heart valves (due to the pressure the embolism put on his heart), a bleeding disorder, and clinging to life.",1.69E+18,2023
Sun Jan 15 17:24:19 +0000 2023,0,0,0,USER_01230,NAME_01225,,United States,"In Jul 2021 FDA disclosed findings of potential increase in serious adverse events in elderly who had had Pfizer’s covid-19 vaccine: acute myocardial infarction, disseminated intravascular coagulation, immune thrombocytopenia, and pulmonary embolism https://t.co/WhjW6YVCtL",1.61E+18,2023
Sun Jan 15 08:42:03 +0000 2023,1,0,0,USER_01231,NAME_01226,,,"DYSPNEIC AFTER EVERY COVID-19 SHOT: MRNA VACCINE-RELATED, DRUG-INDUCED PULMONARY EOSINOPHILIA.

Eosinophilia is the most commonly reported adverse event following administration of the Pfizer/BioNTech vaccine, accounting for 237 of 372 events (63.7%).  https://t.co/N0uYqJtdqi",1.61E+18,2023
Thu Dec 14 21:50:21 +0000 2023,76,4,35,USER_01232,NAME_01227,,United States,"Ivermectin can help restore smell and/or taste lost due to COVID-19 infection or mRNA vaccine, says critical care and pulmonary specialist Dr. Pierre Kory.  

What about omega 3, nattokinase?",1.74E+18,2023
Fri Aug 25 18:02:25 +0000 2023,83,4,32,USER_01232,NAME_01227,,United States,"Can ivermectin help restore smell and taste after COVID-19 or the mRNA vaccine?

Critical care and pulmonary specialist @PierreKory says it can.
https://t.co/QAgdRImavb",1.70E+18,2023
Wed Jan 31 16:48:54 +0000 2024,2,0,2,USER_01233,NAME_01228,,United States,"""In conclusion, the case report presented herein confirms the occurrence of strong adverse effects of anti-covid-19 mRNA vaccine in patients having suffering previously a pulmonary form of covid-19."" https://t.co/iVk8meSP8F",1.75E+18,2024
Sun Jan 22 07:06:33 +0000 2023,0,0,0,USER_01234,NAME_01229,,United States,"DYSPNEIC AFTER EVERY COVID-19 SHOT: SUSPECTED BNT162B2 MRNA VACCINE-RELATED, DRUG-INDUCED PULMONARY EOSINOPHILIA - CHEST. I received this article from a Twitter friend about the vaccine and the damaging consequences on a healthy 73 yr.  old man. Scary!  https://t.co/2VdJif2nYi",1.62E+18,2023
Wed Aug 02 15:56:02 +0000 2023,3,0,1,USER_01235,NAME_01230,,,"Comparative Risks of Potential Adverse Events Following COVID-19 mRNA Vaccination Among Older US Adults

🔎 Headlines: “Moderna is safest, most effective mRNA vaccine…”

🔘4% lower risk of pulmonary embolism, a 2% lower risk of thromboembolic events, and a 14% lower risk of diagnosed COVID-19 were observed among those who received the mRNA-1273 vaccine compared with the BNT162b2 vaccine

🔘”compared with BNT162b2, mRNA-1273 was associated with a lower risk of adverse events, possibly due to improved protection against COVID-19.”

https://t.co/WuQmEZaMeA

@JAMANetworkOpen",1.69E+18,2023
Sun Mar 19 18:09:56 +0000 2023,0,0,0,USER_01236,NAME_01231,,,"A rare case of COVID-19 vaccine-induced thrombotic thrombocytopaenia (VITT) involving the veno-splanchnic and pulmonary arterial circulation, from a UK district general hospital  https://t.co/SjlYbkmYtg   CASE STUDY  PRESENTED AS EARLY AS MARCH 2021 AND MSM STAYED SILENT 🤔",1.64E+18,2023
Thu Dec 07 20:22:45 +0000 2023,0,1,0,USER_01237,NAME_01232,,,"A case of leg pain after the initial dose of the COVID-19 vaccine, followed by deep vein thrombosis &amp; pulmonary embolism after the 2nd dose: https://t.co/LPhIo4eHKG
""The findings from this case suggest that the COVID-19 vaccine could cause severe adverse events, such as DVT""",1.73E+18,2023
Wed Feb 15 07:35:57 +0000 2023,0,0,0,USER_01238,NAME_01233,,United States,"If hemoglobin could be exported from the body into a form of an antibiotic or vaccine, it would help or cure the Covid-19 virus because Covid-19 is a pulmonary illness, right?",1.63E+18,2023
Thu Jan 25 23:20:07 +0000 2024,2,1,0,USER_01239,NAME_01234,,,"@glenpyle Woah
A case of leg pain after the initial dose of the COVID-19 vaccine, followed by deep vein thrombosis &amp; pulmonary embolism after the 2nd dose: https://t.co/Um6tRLepMp
""The findings from this case suggest that the COVID-19 vaccine could cause severe adverse events, such as DVT",1.75E+18,2024
Mon Jul 03 17:48:13 +0000 2023,5,1,0,USER_01240,NAME_01235,,,"@r_hirschman @RealKaleyLynn It's Covid-19. Why do people assume it's the vaccine which only includes a tiny portion of the virus, rather than Covid, the full-blown pulmonary disease, which is know to cause bizarre blood clotting issues?",1.68E+18,2023
Thu Apr 27 21:45:11 +0000 2023,0,0,0,USER_01241,NAME_01236,1974,Italy,COVID-19 Vaccine in Patients with Exacerbation of Idiopathic Pulmonary Fibrosis | American Journal of Respiratory and Critical Care Medicine https://t.co/Ln1avMBQOn,1.65E+18,2023
Tue Oct 24 18:00:18 +0000 2023,1,1,0,USER_01242,NAME_01237,,United States,"Exposing euthanasia programs  throughout US hospital Covid ICU Units.

By Pushing Remdisivir, Which  Causes a pulmonary ademia, Which emulates, symptomatic symptoms, caused by the covid 19 vaccine. 

1st Step was 2 Push 14 Narcotics 2 Knock out Patients

https://t.co/O89pooR3Pp",1.72E+18,2023
Thu Mar 09 01:32:30 +0000 2023,0,0,0,USER_01243,NAME_01238,,,"SECDEF AUSTIN KNEW: DOD DMED Data Leak Shows Destruction Of US Troops; HIV +590%, Heart Attacks +269%, Pulmonary Embolisms + 467% Jan-Nov 2021; Yet Austin Mandated COVID-19 Vaccine August 2021 - https://t.co/tKLoGCzMkq via @Shareaholic",1.63E+18,2023
Wed Sep 06 07:01:44 +0000 2023,1,0,1,USER_01244,NAME_01239,,,"The COVID-19  vaccine may cause acute exacerbation of Pulmonary Fibrosis, the disease Ms. Lewis had. There are several case reports in medical journals. @CharlieAngusNDP  may want to do a search. https://t.co/47OYLogVru",1.70E+18,2023
Wed Jul 19 17:19:22 +0000 2023,3,0,0,USER_01245,NAME_01240,,,@Suzyqfit4u Two family members of mine died of Pulmonary Embolism before the Covid Vaccine.  They died of complications to Covid-19.,1.68E+18,2023
Wed Jan 11 23:23:20 +0000 2023,3,0,2,USER_01246,NAME_01241,,,"Myocardial Infarction, Stroke, and Pulmonary Embolism After BNT162b2 mRNA COVID-19 Vaccine in People Aged 75 Years or Older | Geriatrics | JAMA | JAMA Network https://t.co/i5owUJPj06",1.61E+18,2023
Sat Feb 11 16:23:37 +0000 2023,52,1,11,USER_01247,NAME_01242,,,"""Insidious development of pulmonary embolism in asymptomatic patients with COVID-19: Two rare case-reports""
The two patients here were both previously healthy in their 50s i.e. not old. From 2020, so no, it was not the vaccine 

https://t.co/vPRm35klgl",1.62E+18,2023
Tue Sep 05 04:48:03 +0000 2023,83,11,28,USER_01248,NAME_01243,,United States,"Can ivermectin help restore smell and taste after COVID-19 or the mRNA vaccine?

Critical care and pulmonary specialist @PierreKory says it can. 
https://t.co/BIhdYbaHf3",1.70E+18,2023
Sun Sep 25 15:40:00 +0000 2022,245,7,202,USER_01248,NAME_01243,,United States,"A majority of young Americans who suffered #Myocarditis, a form of heart inflammation, after receiving a #COVID19 vaccine had abnormal MRI results, according to a new study from @CDCgov. https://t.co/Bw0fd7jXfo",1.57E+18,2022
Wed Aug 31 22:40:02 +0000 2022,93,9,57,USER_01248,NAME_01243,,United States,A top university in #RhodeIsland is not denying that a student at the school was hospitalized with heart inflammation after receiving a #COVID19 vaccine. https://t.co/wCSITStsjh,1.57E+18,2022
Sat Jun 03 14:07:55 +0000 2023,867,15,216,USER_01248,NAME_01243,,United States,"The family of a college student who died from heart inflammation caused by Pfizer’s #COVID19 vaccine has sued the Biden administration, alleging officials engaged in “willful misconduct.” https://t.co/K9PBUVaoxK",1.67E+18,2023
Mon Sep 26 16:10:01 +0000 2022,82,0,53,USER_01248,NAME_01243,,United States,"“The meaning of the cardiac MRI findings… is unclear,” the CDC researchers wrote.  

A majority of young Americans who suffered #Myocarditis, a form of heart inflammation, after receiving a #COVID19 vaccine had abnormal MRI results, a @CDCgov study shows. https://t.co/Bw0fd7jXfo",1.57E+18,2022
Fri Sep 29 14:20:00 +0000 2023,71,4,38,USER_01248,NAME_01243,,United States,"#COVID19 vaccine was detected in patients who died within a month of vaccination, according to a new study.

The research shows ""the vaccine can persist for up to 30 days, including in the heart."" https://t.co/rZXwfVaDlO",1.71E+18,2023
Mon Apr 24 01:05:00 +0000 2023,459,60,292,USER_01248,NAME_01243,,United States,"On dialysis and potentially facing death, a 41-year-old homeschooling mother of 7 young children has been rejected as a candidate for a life-saving kidney transplant.

The reason? She refused to receive a #COVID19 vaccine on religious and medical grounds. https://t.co/LKiv5bm7OB",1.65E+18,2023
Mon Apr 24 18:05:00 +0000 2023,172,37,144,USER_01248,NAME_01243,,United States,"On dialysis and potentially facing death, a 41-year-old homeschooling mother of 7 young children was rejected as a candidate for a life-saving kidney transplant.

The reason? She refused to receive a #COVID19 vaccine on religious and medical grounds. https://t.co/LKiv5bm7OB",1.65E+18,2023
Fri Sep 02 01:40:00 +0000 2022,139,10,101,USER_01248,NAME_01243,,United States,"#Pfizer’s clinical trial to evaluate their #COVID19 vaccine in pregnant women was discontinued, a newly disclosed internal email shows, released related to a challenge over whether it was adequately tested to assess risks to women’s reproductive health. https://t.co/Kvsqpg2OTR",1.57E+18,2022
Wed Oct 19 22:25:00 +0000 2022,34,3,23,USER_01248,NAME_01243,,United States,"#COVID19 vaccine effectiveness has plummeted for both pregnant women and newborns since Omicron became the dominant virus strain in the US, according to @CDCgov data.

Effectiveness against Omicron and dropped to 11% after 150 or more days. https://t.co/NTl1vbN0nJ",1.58E+18,2022
Fri Dec 01 18:00:06 +0000 2023,8,1,0,USER_01249,NAME_01244,,Australia,"2 asthmatics in our house &amp; one near fatal asthma attack.

People living with asthma, chronic obstructive pulmonary disease (COPD), and interstitial lung disease (ILD) may have a weaker response to the COVID-19 vaccine.

https://t.co/Iht9FHtFYs",1.73E+18,2023
Tue Jan 24 17:36:21 +0000 2023,1,0,0,USER_01250,NAME_01245,,United States,"@Dljwinter1 @jimearl666 The worst outcomes were in the first wave from 1 February 2020 to 31 July 2020 prior to the vaccine. 

Risks of deep vein thrombosis, pulmonary embolism, and bleeding after covid-19: nationwide self-controlled cases series and matched cohort study:
https://t.co/QwrhG8Lb3U",1.62E+18,2023
Mon May 01 01:19:41 +0000 2023,2,1,0,USER_01251,NAME_01246,,New Zealand,@DiedSuddenly_ The phase 1 &amp; 2 independent trials that were being done for a Sars vaccine before covid 19 showed 2 main problems. The weakening of CD4 &amp; 8 T cells and pulmonary immunopathy. The research was at an impasse as at 27th October 2019. Paper since removed from PubMed.,1.65E+18,2023
Mon Jul 17 11:51:56 +0000 2023,0,1,0,USER_01252,NAME_01247,,,"@rt7683 @VikiLovesFACS Child murderer has to copy-paste the 'rare' section to deny his guilt. It's only a few people you're killing.

""Myocardial Infarction, Stroke, and Pulmonary Embolism After BNT162b2 mRNA COVID-19 Vaccine in People Aged 75 Years or Older""

https://t.co/k81aCj17MU",1.68E+18,2023
Sat Apr 15 23:24:59 +0000 2023,11,0,4,USER_01253,NAME_01248,,,@MakisMD @julesserkin Husband had 2 pulmonary emboli 48 hours after 2nd Pfizer vaccine. Never smoked and was an athlete. Cardiologists in a London Hospital said the same ‘all Covid 19 vaccines cause blood clots’,1.65E+18,2023
Tue Jan 12 05:35:17 +0000 2021,32,4,16,USER_01254,NAME_01249,,,#COVID19Vaccine The Sheikh of the Muslims of Jerusalem discovered an important secret in the laboratory for anti-science: the Covid19 vaccine carries the AIDS protein !!!!! https://t.co/eCUG9e6xnN,1.35E+18,2021
Fri Oct 29 18:14:10 +0000 2021,8,2,9,USER_01255,NAME_01250,,,"Those #INOCULATED with #COVID19 #vaccine will be more likely to develop #AIDS (announced by #QuintaColumna)
@KathMLee1 @CenturySeedz @white_arrow_uk @DarnCat9 @Mikenotsoyeadon @stokie23 @Hasan08931491 @MadetojaStig @DrMadej @DrButtar @Lyndonx @L0rava @jacwiljam @TheFreds @CacAnna https://t.co/pHG32AvkY8",1.45E+18,2021
Wed May 04 00:06:36 +0000 2022,1,0,0,USER_01256,NAME_01251,,,AIDS COVID19 VACCINE CAUSING AIDS LOL😂😂😂😂,1.52E+18,2022
Mon Mar 15 19:56:24 +0000 2021,9,4,2,USER_01257,NAME_01252,,United States,"I felt like my head exploded after a conversation just now with a republican.  He was praising the former one's covid19/ vaccine response, while ripping Fauci for never curing aids. 

I'm going to need anger management lessons. 😩",1.37E+18,2021
Sat Apr 16 13:14:06 +0000 2022,15,0,2,USER_01258,NAME_01253,,Uganda,"Today we reached out to the community in Acholi quarters with different services like HIV/AIDS, family planning, COVID19 vaccine and much more.

Empowering people to make informed life choices is what we pride in as @reachahand . 

We’re #10AndBold https://t.co/IvdFiiYoaS",1.52E+18,2022
Mon May 17 09:19:27 +0000 2021,143,8,25,USER_01259,NAME_01254,,China,"China has provided #COVID19 #vaccine aids to more than 80 countries, exported vaccines to over 50 countries and carried out technology transfer and cooperation in manufacturing vaccines with more than 10 developing countries: Chinese foreign ministry https://t.co/ADmVoQJF5Q",1.39E+18,2021
Wed Jul 14 09:55:00 +0000 2021,2639,7,203,USER_01260,NAME_01255,,Switzerland,"Our new report shows that in sub-Saharan Africa, which is home to 67% of people living with HIV, less than 3% of people had received at least one dose of a #COVID19 vaccine by July 2021. 

Read the 2021 Global AIDS Update 👇🏾

#EndInequalitiesEndAIDS",1.42E+18,2021
Sun Aug 22 18:43:00 +0000 2021,1142,2,54,USER_01260,NAME_01255,,Switzerland,"In sub-Saharan Africa, which is home to 67% of people living with HIV, less than 3% of people had received at least one dose of a #COVID19 vaccine by July 2021. 

Read the 2021 Global AIDS Update 👇🏾

#EndInequalitiesEndAIDS",1.43E+18,2021
Sun Dec 27 13:08:00 +0000 2020,710,4,42,USER_01260,NAME_01255,,Switzerland,"The 🌍 must learn from the AIDS response and the millions of lives lost due to unequal access to treatment.

When a #COVID19 vaccine is developed, it must be available to everyone, everywhere, free of charge. 

@Winnie_Byanyima and @MelissaFleming talk about a #PeoplesVaccine.",1.34E+18,2020
Fri Jul 16 10:15:10 +0000 2021,2673,11,205,USER_01260,NAME_01255,,Switzerland,"At the end of June 2021, just 1% of people in low-income countries had received at least one dose of a #COVID19 vaccine, compared to 46% in high income countries.

This has serious implications for people living with HIV.

Find out why in the new Global AIDS Update👇🏾",1.42E+18,2021
Wed Jan 27 09:51:51 +0000 2021,32,0,21,USER_01260,NAME_01255,,Switzerland,"""We know how to solve the #COVID19 vaccine problems. Open up production!"" says @Winnie_Byanyima.

""We know this from the painful lessons from the early years of the AIDS response, when millions of lives were needlessly lost... Let’s not repeat these mistakes.""

#PeoplesVaccine",1.35E+18,2021
Sun Jul 18 09:54:00 +0000 2021,1538,1,70,USER_01260,NAME_01255,,Switzerland,"In sub-Saharan Africa, which is home to 67% of people living with HIV, less than 3% of people had received at least one dose of a #COVID19 vaccine by July 2021. 

#EndInequalitiesEndAIDS",1.42E+18,2021
Thu Jul 14 18:25:42 +0000 2022,40,2,15,USER_01260,NAME_01255,,Switzerland,"Joshua Appiah, who is living with HIV, was worried about getting the #COVID19 vaccine.

After learning that it is actually a lack of vaccination which poses a threat to health, particularly for people living with HIV, Joshua decided to become a Vaccine Champion.",1.55E+18,2022
Sun Feb 12 22:07:17 +0000 2023,1,0,0,USER_01261,NAME_01256,,,"The COVID19 VACCINE causes Cancer and AIDS?
#BillGatesBioTerrorist https://t.co/2fNII2kjsy",1.62E+18,2023
Sat Jan 16 20:38:14 +0000 2021,139,7,89,USER_01262,NAME_01257,,,"My spouse is ""essential"" enough to receive #COVID19 vaccine, but not as much to get consideration from the immigration bill for ""essential workers"" &amp; has to rely on band-aids like #H4EAD to serve the community.

Q - Why? 
A - Legal immigrant.",1.35E+18,2021
Thu Feb 10 21:30:08 +0000 2022,7,0,2,USER_01263,NAME_01258,,United States,The #COVID19 #vaccine does not cause #AIDS — debunking another anti-vaxxer myth in the inexorable march of moving goalposts. https://t.co/mGeVG63l8d #VaccinesWork #VaccinesSaveLives https://t.co/5D8RusRhLc,1.49E+18,2022
Thu Feb 10 22:30:13 +0000 2022,7,0,2,USER_01263,NAME_01258,,United States,The #COVID19 #vaccine does not cause #AIDS — debunking another ridiculous and ignorant anti-vaxxer myth in their inexorable march of moving goalposts. https://t.co/mGeVG63l8d #VaccinesWork https://t.co/RAYr4824Cj,1.49E+18,2022
Thu Jan 12 19:30:11 +0000 2023,6,0,4,USER_01263,NAME_01258,,United States,"Anti-vax favorites, #JoeMercola and @RobertKennedyJr  claim that #COVID19 #vaccine boosters cause #cancer. The whole claim is based on a retracted paper. I am not surprised. https://t.co/LcxbSBRGtE #VaccinesWork https://t.co/CN2XPJHpbB",1.61E+18,2023
Sun Dec 18 14:56:10 +0000 2022,1,0,0,USER_01264,NAME_01259,,,Fauci is guilty. Crimes against humanity. There must be consequences. #aids #COVID19 #vaccine #BioWeapon https://t.co/vN7DfSYVGm,1.60E+18,2022
Sun Dec 27 10:57:17 +0000 2020,237,11,46,USER_01265,NAME_01260,,South Africa,Let's not forget how long it took to get anti-retrovirals to patients with HIV/AIDS in South Africa. I will never forget what we went through back then. Delaying the covid19 vaccine is the same thing. 10/10 end,1.34E+18,2020
Sun Jun 05 14:44:46 +0000 2022,1,0,1,USER_01266,NAME_01261,,United States,"Long-term #HIV #Survivor #day.....
ONE day when thousands have been living with #drugs #pills #chemotherapy for DECADES!
#OperationWarpSpeed developed AND delivered a #COVID19 #vaccine in TWO years.
#AIDS....
It's been 40 years.
Where is the #HIVCure? https://t.co/cgrl7FGsYl",1.53E+18,2022
Thu Feb 10 19:31:26 +0000 2022,9,2,7,USER_01267,NAME_01262,,United Kingdom,"@JorgeDeadbeater @faulknerdrew @jayr1972 I'm just leaving this here for anyone's perusal and walking away. 😇.... Link to the full episode follows too. 

Here @BBC explains why HIV was added to the COVID19 vaccine.  #HIV  #AIDS #COVID19 #VaccineDeaths #NoVaccineMandates https://t.co/MNrUNSgvf6",1.49E+18,2022
Thu Dec 09 18:35:42 +0000 2021,1,0,0,USER_01268,NAME_01263,,United States,"Camala harris  this womanis stopping any kind of investigation in regard that I RICHARD ALEXANDER SALMERON OWN  THE COVID19 VACCINE, HIV/AIDS MEDS+OTHERS I have saved million of lives the only life I won't save is HERS. 
                                      #2",1.47E+18,2021
Tue Nov 30 08:24:28 +0000 2021,4,1,3,USER_01269,NAME_01264,,Nigeria,"We all have a role to play in ending the #Pandemic, #AIDS and #Inequalities to have better society.

Join @PathfinderInt @NACANigeria today at Rockview Hotel Classic to get free HIV/AIDS testing and #Covid19 vaccine. 

Let's all PLAY our Part. 

#EndInequalities 
#EndThePandemic https://t.co/7W1sv13iW5",1.47E+18,2021
Wed Dec 23 18:14:41 +0000 2020,22,1,10,USER_01270,NAME_01265,,United States,#COVID19 Vaccine in Pregnancy Decision Aids via @FOAMpodcast https://t.co/L6PTF1HCvc #FOAMed #COVID19FOAM https://t.co/dCsjf4yYx2,1.34E+18,2020
Sun Oct 15 15:25:27 +0000 2023,0,0,0,USER_01271,NAME_01266,,,#COVID19 vaccine induced #AIDS,1.71E+18,2023
Mon Jan 02 11:33:27 +0000 2023,14,3,0,USER_01272,NAME_01267,,Australia,"This person:
1. assuming I'm male just from my name
2. thinking people get AIDS from the Covid19 vaccine
3. spreading misinformation 
4. thinking he's smart 😁",1.61E+18,2023
Thu Jun 24 15:18:00 +0000 2021,11,0,5,USER_01273,NAME_01268,,United States,"According to Carl Dieffenbach, the Director of the Division of AIDS at the NIH, the extensive research into an #HIV vaccine over the years led to the rapid development of the different versions of a #COVID19 vaccine.

https://t.co/ooisZmccJh",1.41E+18,2021
Tue Jan 05 11:11:59 +0000 2021,12,3,4,USER_01274,NAME_01269,,South Africa ,"Would they have developed covid19 vaccine so quick if it was affecting mostly Africa like TB and HIV/AIDS?

can you see the cure for most diseases can be found if those diseases also hit hard in Western countries?",1.35E+18,2021
Sat Oct 22 05:26:00 +0000 2022,2,1,2,USER_01275,NAME_01270,,,"Jab Injuries or Chronic Covid? AIDS-Like Infections Are Taking Over Europe, Australia and NZ 
#COVID19 #vaccine
https://t.co/TbRh2BFVrm",1.58E+18,2022
Sat Aug 06 14:25:34 +0000 2022,0,0,0,USER_01275,NAME_01270,,,"Watch: The Trozzi Report On Excess Jab Mortality &amp; VI AIDS 
#COVID19 #vaccine
https://t.co/zyjlPYOTV6",1.56E+18,2022
Wed Dec 14 09:23:21 +0000 2022,5,0,1,USER_01275,NAME_01270,,,"Tory MP Alleges ‘Cover Up’ of Covid Vaccine Inflaming Heart Arteries in Bombshell Claim 
#COVID19 #vaccine
https://t.co/PiefU4eNdX",1.60E+18,2022
Tue Aug 16 17:25:28 +0000 2022,2,0,1,USER_01275,NAME_01270,,,"COVID-19 Vaccine Sidelines Immune System: Doctor 
#COVID19 #vaccine
https://t.co/1gyAEUMISg",1.56E+18,2022
Wed Aug 03 14:28:18 +0000 2022,1,1,0,USER_01275,NAME_01270,,,"Case Links Pfizer Jab to Acute Kidney Failure 
#COVID19 #vaccine
https://t.co/wEt0BbqrZL",1.55E+18,2022
Wed Nov 01 10:51:21 +0000 2023,21,7,19,USER_01276,NAME_01271,,,#MidazolamMatt #midazolam #MattHancock Should Be Prosecuted For Crimes Against Humanity. It Wasn’t Just #Covid #COVID19 #Vaccine #clotshot #booster That Caused #vaccinedeath #vaccinedeaths #vaccineinjury #VaccineInjuries #vaccinesideeffects #vaccinedamage #SADS #VAIDS #AIDS https://t.co/GBx69MMlj9,1.72E+18,2023
Sun Feb 04 11:04:26 +0000 2024,0,0,1,USER_01276,NAME_01271,,United Kingdom,#mRNA #covid #covid19 #Vaccine #clotshot #booster PRESENT TOXICITY CONCERNS Say Nature Journal! But We Already Know That Because Of #vaccineinjury #vaccineinjured #vaccineinjuries #vaccinedamage #vaccinesideeffects #vaccinedeaths #SADS #VAIDS #AIDS  https://t.co/yPfE75qAxY,1.75E+18,2024
Fri Feb 18 05:07:56 +0000 2022,0,0,2,USER_01277,NAME_01272,,United Kingdom,So it's true. #COVID19 #vaccine has #AIDS in it what.... #genocide #CrimesAgainstHumanity #Nuremberg2 #freedomconvoy22 #EndAllMandates #healthcarejobs #healthcare #HoldTheLineCanada,1.49E+18,2022
Wed Jan 27 20:32:51 +0000 2021,25,4,5,USER_01278,NAME_01273,,,"🤔President Magufuli warns Tanzanians against Covid-19 vaccines promted by foreign companies &amp; countries.

He cast doubt on the global urge to develop Covid19 vaccine claiming that little has been done to help cure other diseases like TB, HIV/Aids, Malaria https://t.co/VdVpjf19jo",1.35E+18,2021
Tue Apr 06 03:48:25 +0000 2021,3,0,0,USER_01279,NAME_01274,,,"Whoa! 🤯🤯
An HIV vaccine with a 97% antibody response rate in phase I human trials.  This, thanks to mRNA research and work started for the Zika virus, resulting in the COVID19 vaccine.

#HIV #AIDS #mRNA #science #ScienceTwitter #MedTwitter
https://t.co/c7L9cwBEY9",1.38E+18,2021
Sun Dec 12 15:25:25 +0000 2021,1,0,2,USER_01280,NAME_01275,,Germany,"📢WARNING #COVID19 #Vaccine Causes #AIDS Warns Dr. Zelenko
https://t.co/ihdZG0ZN66",1.47E+18,2021
Thu Jul 28 17:07:23 +0000 2022,3,0,4,USER_01281,NAME_01276,,Switzerland,"Some things really never change 😢
#HIV / #AIDS antivirals...
#H1N1 #pandemic flu #vaccine...
#COVID19 vaccine...
#MonkeyPox vaccine...
#Equity #VaccineEquity",1.55E+18,2022
Sat Dec 04 05:01:45 +0000 2021,0,0,0,USER_01282,NAME_01277,,,Brazil’s Jair Bolsonaro to be investigated for linking COVID-19 vaccine to AIDS #englishheadline #Brazils #Jair #Bolsonaro #investigated #linking #COVID19 #vaccine #AIDS https://t.co/TCmr8rMNGf,1.47E+18,2021
Tue Nov 02 20:48:27 +0000 2021,15,0,3,USER_01283,NAME_01278,,United States,"Get your 5-11 yr olds ready! Bring bubbles + 🍭🍭 lollipops + celebratory Band-Aids! The Pfizer #COVID19 #vaccine is coming soon to

🩺Pediatric clinics!
💊Pharmacies!
🚸Schools!

My family of six (ages 7, 9, 15, 17, + parents) will be fully vaxxed! 

Don't wait. Vaccines work!",1.46E+18,2021
Fri Jul 16 21:04:28 +0000 2021,7,0,4,USER_01284,NAME_01279,,,"People Living With #HIV Should Be
Included In #COVID19 #Vaccine
Priority List
@iasociety
#IAS2021—International AIDS
Society—11th Conference on #HIV
Science 18-21 July—Speakers
include German Chancellor
#AngelaMerkel—&amp; global health
experts—including #AnthonyFauci
@IAS_conference https://t.co/vwxDBAC4F2",1.42E+18,2021
Wed Apr 21 13:52:19 +0000 2021,29,2,6,USER_01285,NAME_01280,,,Please to speak with H.E. Verónica Macamo Ndlhovo yesterday. AIDS remains one of the greatest health &amp; development challenges in Mozambique which has 2nd highest burden globally. Now #COVID19 'vaccine apartheid' mirrors same inequalities we see in access to other health services. https://t.co/dK13M3TxXu,1.38E+18,2021
Wed Jul 13 00:25:02 +0000 2022,30,1,15,USER_01285,NAME_01280,,,"Colonial-era racial hierarchies, echoing what we saw in the #AIDS response, have led to vastly unequal #COVID19  vaccine distribution. 
Int'l solidarity &amp; cooperation must be the guiding principle for this &amp; any future health crisis. @peoplesvaccine #HRC50
https://t.co/HMSaJH9DqS",1.55E+18,2022
Tue Feb 09 20:16:24 +0000 2021,67,1,28,USER_01285,NAME_01280,,,"A #COVID19 vaccine was found in record time - but we're still waiting for an #HIV vaccine. Here's why:
https://t.co/2iETQ3xn1G",1.36E+18,2021
Fri Aug 27 00:41:03 +0000 2021,93,4,40,USER_01285,NAME_01280,,,"The first mRNA-based #HIV vaccine is about to start human trials - the same system Moderna used for its @COVID19  vaccine may also be able to help prevent HIV. #innovation to #endAIDS
https://t.co/8Hkcvgpdb6",1.43E+18,2021
Thu Feb 10 13:13:26 +0000 2022,0,0,1,USER_01286,NAME_01281,,Canada,"Jason Kenney​ apologizes after comparing those who don’t have #COVID19 vaccine to #AIDS victims

@Alberta_UCP

#cdnpoli #ableg #abpoli #YEG #YYC @jkenney https://t.co/VtXlvqqEXl",1.49E+18,2022
Sun Apr 04 08:33:00 +0000 2021,19,3,13,USER_01287,NAME_01282,,United States,"Iranian TV Host Arman Ghaffarian: Iranians Cannot Trust American Coronavirus Vaccine; the U.S. Has Spread AIDS, Ebola, Various Viruses Throughout the World #COVID19 #vaccine #Iran #antiamericanism https://t.co/o5MfwCdKTw",1.38E+18,2021
Wed Dec 01 13:19:02 +0000 2021,19,0,4,USER_01288,NAME_01283,,China,"Though China and Africa are far apart, China's #COVID19 vaccine aid to Africa must travel long distances and outpace the virus, says Chinese State Councilor and Foreign Minister Wang Yi, reaffirming China's commitment to vaccine aids to African countries https://t.co/thosRaMUhR https://t.co/d4GF2YbUUH",1.47E+18,2021
Fri Aug 26 13:28:22 +0000 2022,1,0,1,USER_01289,NAME_01284,,,"@Peshk319 @Uganetlaw @TASOUganda @DorahNellyK @HamahNsubuga @Matovuwilliam1 @MAbubannks @wanamdynasty24 @Drwalu920 @SoBoldOfYou @awacuganda @_ARASAcomms @kipxiss If someone can get covid19 vaccine in less than 6months of the virus break-up, how about AIDs which has been here for more than 40yrs?

Unless you want to prove to us that pharmicists don't know that AIDs in Uganda is too much.

Let's get a once solution",1.56E+18,2022
Wed Nov 30 00:56:55 +0000 2022,7,0,2,USER_01290,NAME_01285,,,@CREWcrew Can you find out if these are the same guys who called the black community in Cleveland &amp; told them Covid19 vaccine will give you AIDS?,1.60E+18,2022
Mon May 15 01:26:06 +0000 2023,1,0,0,USER_01291,NAME_01286,,,"Did CDC say COVID-19 vaccines increased AIDS + cancer by 338X?! 😲🤨

https://t.co/kaw89FDoe4

#TechARP #CDC #COVID19 #Vaccine #Vaccination #Health #Healthcare #Facts #FactsMatter #FactCheck #Fake #FakeNews #HIV #AIDS #Death #DiedSuddenly #Science #Medicine #Health #Healthcare",1.66E+18,2023
Mon May 17 09:58:14 +0000 2021,33,2,13,USER_01292,NAME_01287,,China,"Meanwhile, #China has provided #COVID19 #vaccine aids to more than 80 countries, exported vaccines to over 50 countries and carried out technology transfer and cooperation in manufacturing vaccines with more than 10 developing countries.

This is also China speed.",1.39E+18,2021
Fri Feb 05 20:20:05 +0000 2021,165,6,56,USER_01293,NAME_01288,,United States,"BREAKING: People with HIV/AIDS &amp; other immunocompromised individuals are eligible for the #COVID19 vaccine as of 2/15. 

Grateful to @NYGovCuomo for making this a priority despite supply constraints from feds

@GMHC @housingworks @CallenLorde @VOCALNewYork @HarlemUnited",1.36E+18,2021
Wed Dec 01 13:06:14 +0000 2021,191,1,41,USER_01294,NAME_01289,,,#PrinceHarry: “It’s striking to now see the world’s leading AIDS activists are also leading the call for #COVID19 vaccine equity.Vaccinating the world is a test of our moral character &amp; we’re experiencing a spectacular failure when it comes to global #VaccineEquity” #WorldAIDSDay https://t.co/fhKiuxdnek,1.47E+18,2021
Fri Apr 15 13:29:06 +0000 2022,1,0,1,USER_01295,NAME_01290,,United States,Pharmalot.. Pharmalittle.. Good Morning: WTO head says Covid vaccine IP talks are nearing agreement; RSV is the next big target for vaccine makers &amp; More news.. https://t.co/5gzfHDMmPp #pharma #COVID19 #vaccine #patent #cancer #HIV #AIDS $BMY $NKTR $EDIT $OCGN,1.51E+18,2022
Fri Jun 24 13:37:08 +0000 2022,2,0,4,USER_01295,NAME_01290,,United States,Pharmalot.. Pharmalittle.. Good Morning: Sarepta halts a Duchenne clinical trial over safety; Why the CVS Health #whistleblower lawsuit comes at a pivotal moment &amp; More news.. https://t.co/U7oeH7ourV #pharma #COVID19 #vaccine #cancer #monkeypox $CVS $MRK $SNY $GSK $SRPT $SGEN,1.54E+18,2022
Mon Jun 06 13:22:43 +0000 2022,2,0,1,USER_01295,NAME_01290,,United States,Pharmalot.. Pharmalittle.. Good Morning: Cancer drug trial yields remission in every patient; Novartis data hacked by extortionists &amp; More news.. https://t.co/MLSgVZt32W #pharma #COVID19 #vaccine #cancer #oncology #ASCO2022 $NVS $GSK $PFE $GILD,1.53E+18,2022
Thu Sep 08 13:35:22 +0000 2022,1,0,0,USER_01295,NAME_01290,,United States,Pharmalot.. Pharmalittle.. Good Morning: FDA advisers recommend approval of controversial ALS drug; US Judge rules against coverage of HIV prevention drugs &amp; More news. https://t.co/WZkUODPdN8 #pharma #monkeypox #COVID19 #vaccine #malaria #HIV #ALS $AMLX $GILD $GSK $PFE $AZN $JNJ,1.57E+18,2022
Wed Jun 22 13:43:35 +0000 2022,0,0,0,USER_01295,NAME_01290,,United States,Pharmalot.. Pharmalittle.. Good Morning: U.K. inks $1.2 billion deal with Moderna for vaccine center; Top Biocon exec arrested in bribery scandal &amp; More news.. https://t.co/Hgd6rOW2jo #pharma #COVID19 #vaccine #bribe #HIV #patents $NVS $PFE $MRNA $PTCT $ENTA,1.54E+18,2022
Tue Sep 14 00:57:18 +0000 2021,219,43,50,USER_01296,NAME_01291,,United States,"Bob didn't take the #Covid19 vaccine because of ""abortion concerns.""

""On his old TV show, Bob Enyart Live, the host would “gleefully read obituaries of AIDS sufferers while cranking ‘Another One Bites the Dust’ by Queen,” Westword reported.""

Bye, Bob.

https://t.co/Wxl87dnkO5",1.44E+18,2021
Tue Nov 09 10:12:06 +0000 2021,0,0,2,USER_01297,NAME_01292,,Africa,Group of Women Living With HIV/AIDS Intensifies Covid-19 Prevention Measures in Malawi: https://t.co/lffSsArNoz #Malawi #HIV #AIDS #Covid19 #Vaccine #Vaccination https://t.co/E213SmRRBP,1.46E+18,2021
Thu Jul 22 20:49:40 +0000 2021,8,3,2,USER_01298,NAME_01293,,Australia,My husband just did back of the envelope calculation to try and work out the pro/con of getting AZ vaccine as an under 40. Struggling to find the facts that help. Urgent need for #COVID19 vaccine decision aids plus pop up opportunities to get Q’s answered @DrShaneRRR,1.42E+18,2021
Sun May 02 17:46:20 +0000 2021,5,1,3,USER_01299,NAME_01294,,United Kingdom,"@786maq @Afzal4Gorton @NajmaKhalid1 @BeingMo @Jav_Rehman @NHSEngland @NHSEnglandMedia Thank you @1BMHC   An informative session and interesting questions/interest from #young people including :
A) best #covid19 #vaccine
B) support for #CYP #mentalhealth &amp; #Wellbeing 
C) #education catch-up
Hope info aids the participants to support their #families combat #Covid19",1.39E+18,2021
Fri Oct 15 16:49:34 +0000 2021,1,0,0,USER_01300,NAME_01295,,United States,"@BobbyJeffriesPA Well, if you bothered to educate yourself Bobby, you'd understand why this is the case.

Kyrie Irving is refusing to comply with COVID19 vaccine mandates for political reasons, not medical. COVID19 is airborne. AIDS is not.

Just. Think. About it. https://t.co/95X8pdp6xu",1.45E+18,2021
Fri Nov 26 15:13:11 +0000 2021,7,3,3,USER_01301,NAME_01296,,,Why are so few talking about the advances in therapeutics? We seem to have created a vaccine-centric POV in the face of variants and varying efficacy.  (Lessons from AIDS) #COVID19 #vaccine #variants @ScottGottliebMD @MartyMakary https://t.co/OzdzvBClr3,1.46E+18,2021
Mon Aug 08 05:25:36 +0000 2022,0,0,0,USER_01302,NAME_01297,,Mexico,"‼️Every person who left his immune system alone now has permanent immunity to the Wuhan coronavirus (Covid-19), a new study has found. 
But every person who got “vaccinated” now has acquired immunodeficiency syndrome, also known as AIDS.
https://t.co/KRg0YVxGpt

#COVID19
#vaccine",1.56E+18,2022
Wed Nov 03 10:25:02 +0000 2021,7,0,3,USER_01303,NAME_01298,,United States,"As the fight for global #vaccine equity heats up over the #COVID19 vaccine, lessons from #AIDS activists are more relevant than ever before. https://t.co/rhOjYXM0lp #publichealth #healthisahumanright",1.46E+18,2021
Wed Nov 10 15:30:01 +0000 2021,30,3,11,USER_01304,NAME_01299,,,"Thursday: join us for a discussion on public health activism with @MariaSTsehai, @gregggonsalves &amp; @_HassanF. We'll look at HIV/AIDS activism &amp; how it may apply to today’s challenges, especially confronting #COVID19 vaccine inequity. 10am EST/3pm GMT. https://t.co/tsZYI1wg7a",1.46E+18,2021
Thu Mar 18 15:13:01 +0000 2021,4,0,0,USER_01305,NAME_01300,,United States,"With no real roads in the bush, healthcare professionals gather drugs &amp; hop on motorcycles to get to their patients. The work enables the people to live meaningful lives.

Here's 1 thing I took from the HIV/AIDS crisis to #COVID19 vaccine distribution.

https://t.co/eaYZkCPzEJ",1.37E+18,2021
Fri Feb 03 14:09:54 +0000 2023,4,4,0,USER_01306,NAME_01301,,,"@nationalpost sorry but they arent unfounded beliefs, Germany saying vaccinated people have AIDS brought on from covid19 vaccine, well AIDS spreads throughout blood transfusions, so ya i never wanted a transfusion ever and now really never will take one",1.62E+18,2023
Sat Jan 08 11:31:04 +0000 2022,6,1,1,USER_01307,NAME_01302,,United States,@fiocruz_en's #COVID19 vaccine will redefine equitable access: just as courageous BRICS &amp; @WHO  leadership brought did in relation to AIDS control efforts. Let's hope that a similar international alliance is created to make a public #Covid19 vaccine the backbone vaccine justice.,1.48E+18,2022
Wed Dec 01 15:00:13 +0000 2021,3,0,1,USER_01308,NAME_01303,,,"""This isn't the first time the governments of rich countries have moved on from a problem as soon as it appears to be in someone else's back yard.""

Our ED @SteglingC tells @Newsweek how COVID19 vaccine inequity echoes the AIDS crisis. #WorldAIDSDay2021

https://t.co/b8qVjugRmB",1.47E+18,2021
Tue Feb 08 05:40:28 +0000 2022,0,1,0,USER_01309,NAME_01304,,South Africa,"I see #antivaxxers are now peddling a ""#COVID19"" vaccine causes AIDS narrative!

They are disseminating this crap after @drsimonegold of AFLDS decided that waning vaccine efficacy (from this study https://t.co/zHCh7nlRob) meant ""immune erosion"" or ""acquired immune deficiency"".",1.49E+18,2022
Thu Feb 04 11:55:35 +0000 2021,1332,133,243,USER_01310,NAME_01305,,Switzerland,"Handsome doctor recieves astrazeneca #COVID19 vaccine.

1) Written info given.
2) Informed consent taken
3) Allergies checked
4) No pain at all
5) Observed after
6) Have copies of written info (see below)
7) No side effects yet (2.5 hours)
8) No microchip, 5G
9) All free on #NHS https://t.co/rxjQrVBNPB",1.36E+18,2021
Sun Feb 28 18:45:56 +0000 2021,196,7,126,USER_01311,NAME_01306,,United States,"Millions of people who have a history of any food, medication, venom, inhalant allergies CAN safely receive a #COVID19 vaccine. 

Even if you've had anaphylaxis - you fall in the green zone.

Green = good (safe)✅

Full CDC guidance: https://t.co/S4i7J4phMX
#AAAAI21 https://t.co/1r31Vlw6SF",1.37E+18,2021
Fri May 14 20:57:04 +0000 2021,120,7,120,USER_01312,NAME_01307,,United States,"At least 40% of National Institute of Allergy &amp; Infectious Disease AND FDA employees are REFUSING to get the Covid19 vaccine &amp; that’s a problem for a regime that is in favor of Vaccine Passports. 

People have the Right to decide with NO discrimination‼️

 https://t.co/U6QOgJAXe0",1.39E+18,2021
Thu Apr 21 07:04:57 +0000 2022,14,1,5,USER_01313,NAME_01308,,South Africa,Lovely talk and great datasets on COVID19 vaccine allergy @KimberlyBlumen1 👏👏 #DHM2022 #drugallergy https://t.co/1bpfjgWedb,1.52E+18,2022
Sat Feb 25 17:09:56 +0000 2023,9,0,1,USER_01313,NAME_01308,,South Africa,Good list of mechanisms and phenotypes for patients reporting #COVID19 #vaccine #allergy #AAAAI23 https://t.co/f4mvMH7raJ,1.63E+18,2023
Thu Apr 21 10:03:06 +0000 2022,10,1,3,USER_01313,NAME_01308,,South Africa,Reassuring to see all the data from COVID19 vaccine allergy cohorts in different countries showing safety in the context of other drug allergies or initial first dose reactions. #DHM2022 #EAACI #drugallergy,1.52E+18,2022
Fri Feb 24 18:50:35 +0000 2023,15,0,2,USER_01313,NAME_01308,,South Africa,Great opening slide for a talk on COVID19 vaccine allergy. Sometimes things you thought were a no-no like socks and saddles (giving a second dose after a reaction to first dose) can become fashionable - so says Vogue for this season #AAAAI23 👏 https://t.co/EP7ChbtVnM,1.63E+18,2023
Wed Jan 06 02:10:25 +0000 2021,246,24,58,USER_01314,NAME_01309,,Canada,"Many have asked about Penicillin, shellfish, other allergies &amp; risk of #Covid19 vaccine reactions. Does it increase your risk? The short answer is NO. But let's dig deeper to answer some related questions while we're at it 1/",1.35E+18,2021
Wed Sep 29 21:52:07 +0000 2021,249,53,52,USER_01314,NAME_01309,,Canada,"Let's be clear. #Covid19 vaccine-induced myo/pericarditis is still a largely mild, very manageable condition. Covid-related heart complications are often neither. We are fortunate to have a choice between A+ and A++ vaccines. 
https://t.co/E2OfQxBqJU",1.44E+18,2021
Sun Mar 27 15:53:42 +0000 2022,23,1,2,USER_01315,NAME_01310,,United States,🙌🎉New study #inpress #CovidVaccine #allergies The best thing about pandemic research =new &amp; exciting collaborations! This epi &amp; pop health researcher is SO pleased to have worked on a pilot assessing SARS-CoV-2 antibody profiles in those with mRNA #COVID19 vaccine #allergy. 1/5 https://t.co/zCmZxcwSUK,1.51E+18,2022
Sat Mar 27 23:01:31 +0000 2021,227,15,21,USER_01316,NAME_01311,,United Kingdom,"So I’ve had my 1st dose of the COVID19 Vaccine; I was given the #AstraZeneca one

I delayed because of an allergy fear; everything is fine, I’m looking forward to my 2nd dose scheduled for June

Thank you to the NHS staff in Leicester and volunteers who made me feel comfortable https://t.co/iMZUDRelDx",1.38E+18,2021
Sat Sep 11 03:08:23 +0000 2021,11,2,1,USER_01317,NAME_01312,,Canada,"1/#COVID19 #Vaccine #Allergy consultations and how #Allergists assess them.
 
This following is not a substitute for professional medical advice, diagnosis or treatment recommended by your physician. TALK to your doctor!
#AIMedEd #medtwitter #tweetorial https://t.co/Bh88TFB4zL",1.44E+18,2021
Wed Mar 31 02:48:15 +0000 2021,14,0,4,USER_01317,NAME_01312,,Canada,"Lively OMA Allergy Town hall on COVID Vaccine Allergy! @Health_Ontario_  @DrDougMackMD 

Key message: “I would 1000x’s prefer managing anaphylaxis than COVID infection.” - Dr M.Greenhawt

#COVID19 #vaccine #allergy @OntariosDoctors",1.38E+18,2021
Fri Sep 23 21:36:16 +0000 2022,6,1,2,USER_01318,NAME_01313,,,Exponential increase in Allergy and Immunology eConsults during the pandemic! High demand of COVID19 vaccine related concerns! Allergists’ eConsult numbers surpassed other specialties! @DrSamiraJeimy #CSACI22 #VirtualHealthcareDelivery https://t.co/BjkM7xDdz0,1.57E+18,2022
Sun Jan 03 01:30:16 +0000 2021,0,0,0,USER_01319,NAME_01314,,United States,"My insight into allergic reactions of mRNA-based SARS-CoV-2 vaccines.

#covid19 #vaccine #allergy #novelmedicine #mrnavaccine",1.35E+18,2021
Tue May 25 13:25:57 +0000 2021,7,1,0,USER_01320,NAME_01315,,,Got my 2nd dose of AstraZeneca Covid19 vaccine. On allergy watch (history of anaphylaxis. Thanks Infliximab) then I can go home. Hopefully no side effects this time.. i like not being dizzy,1.40E+18,2021
Sat May 22 14:00:16 +0000 2021,36,1,30,USER_01321,NAME_01316,,Trinidad and Tobago,"Get the facts on the #COVID19 Vaccine 

Seasonal allergies do not exclude you from getting the COVID-19 vaccine. Persons who've had severe reactions to injectable medicines or vaccines should talk to their healthcare provider before taking the COVID-19 vaccine. https://t.co/zTuhUw4DoC",1.40E+18,2021
Tue Nov 23 07:00:06 +0000 2021,122,0,38,USER_01322,NAME_01317,,France,"VT storm in long QT resulting from #COVID19 vaccine allergy treated with epinephrine https://t.co/l6rbNpf8si 

@escardio #EHJ #ESCYoung #cardiotwitter @ehj_ed @rladeiraslopes https://t.co/InwTjperug",1.46E+18,2021
Fri Dec 18 18:34:00 +0000 2020,104,6,40,USER_01323,NAME_01318,,Mexico,"Hospital Worker With No Prior Allergies In Intensive Care With Severe Allergic Reaction to The #COVID19 Vaccine. 

#Vaccines 

Watch the Full Video at https://t.co/7KJCxFm0hu https://t.co/BPzkA7yxhC",1.34E+18,2020
Mon May 10 14:50:40 +0000 2021,0,0,2,USER_01324,NAME_01319,,Malaysia,case scenarios for allergy assessment BEFORE the first dose of Covid19 vaccine. selamat membaca esp yg ada allergy reaction tu https://t.co/AF1ZvdEBxT,1.39E+18,2021
Fri May 27 19:15:40 +0000 2022,27,1,5,USER_01325,NAME_01320,,United States,We continue to learn and accumulate data on COVID19 vaccine reactions. The initial abundance of caution/risk stratification of patients continues to shift to a more evidence based approach. Vast majority can safely be vaccinated. A very small minority need allergy referral. https://t.co/BHrOWOY0fb,1.53E+18,2022
Mon Jan 17 17:56:02 +0000 2022,13,2,2,USER_01325,NAME_01320,,United States,Important point @Kimblumenthal1! Here is a recent publication on safely tolerating #Janssen #COVID19 vaccine despite PEG allergy concerns. Just more evidence that it's nearly impossible to be allergic to all the #COVID19vaccines @vumc_cdsi_rsch  https://t.co/osl3mGDTSy,1.48E+18,2022
Thu Mar 03 19:46:50 +0000 2022,7,0,0,USER_01325,NAME_01320,,United States,Very well said @ATLergist! I have personally seen @KimberlyBlumen1 leading the way and many of my colleagues @MGHAllergy @BWHAllergy doing so much to address #COVID19 vaccine allergy and decrease vaccine hesitancy @LaceyRobinsonMD @AnnaWolfsonMD @rebeccasaff,1.50E+18,2022
Wed Jul 21 10:06:18 +0000 2021,0,0,0,USER_01326,NAME_01321,,India,Side effects of Sputnik V_covid19 vaccine. Having allergy after 18 hours. #SputnikV #India #Kolkata #WoodlandsHospital https://t.co/XB2tnWOjOE,1.42E+18,2021
Tue Feb 09 14:42:56 +0000 2021,0,0,0,USER_01327,NAME_01322,,India,Covid19 vaccine allergy?,1.36E+18,2021
Wed Oct 27 21:14:16 +0000 2021,708,18,146,USER_01328,NAME_01323,,United States,"My teen is one of those severely allergic people—#anaphylaxis to nuts, to eggs, &amp; on #allergy shots for yrs for mult environmental allergies—&amp; he got both doses of Pfizer #COVID19 #vaccine with no issues. We brought his Epipen along, same as every day, but it was uneventful.",1.45E+18,2021
Sat Dec 26 02:22:32 +0000 2020,81,14,17,USER_01328,NAME_01323,,United States,"Doctor w/ history of a #shellfish allergy gave self Epipen after receiving Moderna #COVID19 #vaccine w/ allergic rxn. Home from ER now. As dr &amp; mom of a teen w/ severe #PeanutAllergy &amp; #asthma, I’m watching closely. We’ll pursue vaccination —w/ epi on hand—when available.",1.34E+18,2020
Fri Apr 29 19:24:05 +0000 2022,18,0,4,USER_01328,NAME_01323,,United States,"Kathrin Jensen is one of the #WomenInScience whose name you should know. She has played key roles in dev of a #COVID19 vaccine, an #HPV vaccine that prevents cervical cancer #gyncsm, &amp; a vaccine against pneumococcus. #MedTwitter #MedStudentTwitter",1.52E+18,2022
Sun Jul 18 18:21:12 +0000 2021,24,0,5,USER_01328,NAME_01323,,United States,There is nothing more natural than using the #COVID19 #vaccine to ensure YOUR OWN immune system is ready to fight if it encounters the  #coronavirus 🦠.,1.42E+18,2021
Thu Jul 29 13:47:25 +0000 2021,19,0,2,USER_01328,NAME_01323,,United States,"You know what is much scarier than the #COVID19 #vaccine, which trains YOUR OWN immune system how to recognize a deadly virus then disappears? The #DeltaVariant that infects you, hijacks your body, &amp; does whatever it wants including ☠️. And you can’t stop it. #GetVaccinated",1.42E+18,2021
Sun Dec 26 01:35:55 +0000 2021,171,3,55,USER_01328,NAME_01323,,United States,"5/ If you know (or are) someone #pregnant, PLEASE make it a priority to get the #COVID19 #vaccine or, if it’s been 6+ mos since dose 2 (2+ mos since J&amp;J), #GetBoosted. Wear a good 😷 (N95/KN95/KN94) indoors ANYTIME you’re with people from outside of your home. #Omicronisairborne",1.47E+18,2021
Mon Mar 01 08:35:00 +0000 2021,37,2,22,USER_01329,NAME_01324,, ,"Only 21 cases of anaphylactic reactions have been reported following administration of the #PfizerBioNTech #COVID19 #vaccine in nearly 2 million people, in the US. Of the 21, 81% had a documented history of allergies 
https://t.co/3IgUSz6wnR via @JAMA_current part of @JAMANetwork",1.37E+18,2021
Thu Dec 08 15:33:00 +0000 2022,16,1,2,USER_01329,NAME_01324,, ,"In a laboratory mouse model with #diabetes and #obesity, induced #immunity was shown to be weak and compromised after immunization with the #mRNA-based #vaccine.
Addressing obesity could be one avenue to improve the efficacy of the #COVID19 vaccine.
https://t.co/QsB8w8osOQ https://t.co/JXx6ZOd5Yr",1.60E+18,2022
Sun Dec 13 02:46:54 +0000 2020,137,24,53,USER_01330,NAME_01325,,Canada,"Health Canada guidance on allergies &amp; the Pfizer #COVID19 vaccine:

""People with allergies to any of the ingredients in the Pfizer-BioNTech COVID 19 vaccine should not receive it. Speak with your health professional about any serious allergies...."" 

https://t.co/zgkDNy0OTM https://t.co/5hVrDQHIjA",1.34E+18,2020
Fri Sep 10 11:12:06 +0000 2021,242,18,41,USER_01330,NAME_01325,,Canada,"On #COVID19 vaccine exemptions:

""Most of the time patients can safely get their 2nd dose. &amp; we hardly ever give a true medical exemption because of a reaction that has occurred""

-Dr. Mariam Hanna, Pediatric Allergy/Immunology specialist

https://t.co/a7bs1FS1QT; @PedsAllergyDoc https://t.co/gjGwxXExil",1.44E+18,2021
Sun Jul 25 13:50:48 +0000 2021,320,55,76,USER_01330,NAME_01325,,Canada,"1/ &gt;80% of eligible🇨🇦 have a 1st  #COVID19 vaccine dose.

Who is unvaccinated? Those with:

-Concerns re safety, side-effects
-Mistrust in process/comms
-Vehemently opposed (regardless)
-Barriers (mobility, language, etc)
-Phobia/allergy
-Etc

https://t.co/DoWnxEiqZu by @JPTasker",1.42E+18,2021
Mon Sep 20 11:14:30 +0000 2021,1109,79,252,USER_01330,NAME_01325,,Canada,"1/ Pfizer announces that their #COVID19 vaccine for 5-11 year olds is safe &amp; provides a strong immune response.

Glad there are no safety signals, but can really see the true incidence of myocarditis (heart inflammation) in post marketing surveillance.

https://t.co/z0jOxf0Uyh https://t.co/EyL3IZI62d",1.44E+18,2021
Wed Jun 02 11:39:33 +0000 2021,272,34,80,USER_01330,NAME_01325,,Canada,"1/ Israel reports 275 cases of myocarditis (inflammation of the heart) in over 5 million individuals who received Pfizer's #COVID19 vaccine.

These rare events were mostly seen in men aged 16-30, &amp; 95% of cases were classified as mild.

https://t.co/PFJJf5gIUx by @jeffreyheller",1.40E+18,2021
Sat Nov 20 17:01:33 +0000 2021,14,3,11,USER_01331,NAME_01326,,Canada,"A: Nearly everyone can be safely vaccinated for COVID-19, regardless of medical condition. If you have an allergy to an ingredient in one type of #COVID19 vaccine, you can still receive the other. Speak to your care provider for info.

More at: https://t.co/83riXV22yA #AskBCCDC https://t.co/2u0rtJnHCJ",1.46E+18,2021
Tue Mar 09 14:44:13 +0000 2021,7,0,5,USER_01332,NAME_01327,,Malaysia,"Science, Technology and Innovation Minister Khairy Jamaluddin said the government is considering a certificate of exemption for individuals who cannot get the #Covid19 vaccine such as those who are immunocompromised or have a serious allergy.

Read more at https://t.co/TUGsVAWdGV https://t.co/ahhWYE8pBb",1.37E+18,2021
Mon Dec 28 23:27:32 +0000 2020,40,6,5,USER_01333,NAME_01328,,United States,"Have an allergy? Hear what I had to say about #COVID19 vaccine reactions with @EricShawnTV @ANHQDC @foxnews.

Please note: In the rare event of a severe reaction, those who administer vaccines are prepared to safely treat any reaction that may occur. https://t.co/AHTxr6p9Sc",1.34E+18,2020
Sat May 20 01:11:51 +0000 2023,10,0,3,USER_01334,NAME_01329,,Australia,@KimberlyBlumen1 @MGHAllergy #DHS2023 - Tour de force on immediate #COVID19 #vaccine allergy. Global data to support non IgE mediated mechanisms in the majority! @TheDohertyInst @CAAR_Aus https://t.co/HUt0kJn71J,1.66E+18,2023
Thu Nov 11 19:57:39 +0000 2021,2,0,1,USER_01335,NAME_01330,,United States,Pop quiz! Is an allergy a valid reason for a #COVID19 #Vaccine exemption? Find out in our webinar presented by Dinsmore #EmploymentLaw attorneys Alina Klimkina and Amir Nahavandi. Watch here: https://t.co/mi2GOQiFad https://t.co/hia7xxTK9S,1.46E+18,2021
Thu Oct 27 21:11:28 +0000 2022,8,1,3,USER_01336,NAME_01331,,United States,"#Fauci ‘s  agency, the National Institute of Allergy and Infectious Diseases, owns 50% of the #Moderna  #COVID19 vaccine and gets royalties from its sales. Nothing to see here folks! #TruthAboutMRNAVaccines #FauciLiedMillionsDied and will continue to now because of lies!",1.59E+18,2022
Sun Jan 08 12:21:22 +0000 2023,5,0,0,USER_01337,NAME_01332,,Australia/ United Kingdom,"Finally published, findings from the first year of the COVID19 vaccine allergy service I run @NHS @NorthBristolNHS.  #CovidVaccines
 https://t.co/YqGCHQ01a0",1.61E+18,2023
Tue Jun 08 20:27:26 +0000 2021,0,0,0,USER_01337,NAME_01332,,Australia/ United Kingdom,"Allergy team: for work up of immediate reaction to mRNA vaccine, would you SPT/IDT vaccine first and move on to macrogol in other forms (eg laxido/methylpred) only if +ve or would you do both? Asking for me #allergy #COVID19 #vaccine",1.40E+18,2021
Sun Jan 24 18:36:27 +0000 2021,7,0,7,USER_01338,NAME_01333,,United States,"Fear of #anaphylaxis &amp; other allergic reactions leads to #Covid19 vaccine hesitancy. Our #Allergy expert Dr. Manish Ramesh of @MontefioreNYC &amp; @EinsteinMed explains why people shouldn't be afraid. Read &amp; share our Q&amp;A 👉 https://t.co/vCAp4X6C9E

#vaccinehesitancy #GetVaccinated https://t.co/rVf6MpyW8R",1.35E+18,2021
Sun Dec 27 03:05:34 +0000 2020,2,0,2,USER_01339,NAME_01334,,Canada,"First Severe Reaction to Moderna Vaccine Reported

A US doctor with a shellfish allergy suffered a severe allergic reaction on Christmas Eve after receiving $MRNA #COVID19  #vaccine 

$PFE $BNTX $JNJ $NVAX

https://t.co/9MFaByFNNh https://t.co/XJuz6oLm9Q",1.34E+18,2020
Sun Feb 07 16:11:40 +0000 2021,0,0,0,USER_01340,NAME_01335,,Netherlands,"RE: #COVID19  #vaccine &amp; #allergies -- including #allergy to  #PEG --

#COVID19vaccine #COVID19vaccines #COVID19vaccination",1.36E+18,2021
Sat Mar 13 09:13:08 +0000 2021,37,2,17,USER_01341,NAME_01336,1948,Uganda,THREAD: CLARIFICATION ON THE #COVID19 VACCINE ALLERGIES #UGANDA https://t.co/Vi8dwI7Gnc,1.37E+18,2021
Tue Feb 23 16:45:54 +0000 2021,15,0,12,USER_01342,NAME_01337,,United Kingdom,We have updated our #COVID19 vaccine page to include an interactive prior allergy decision tool for healthcare professionals. You can access it here ⬇️ https://t.co/UFCWfeSmd2,1.36E+18,2021
Mon Jan 11 08:40:44 +0000 2021,20,2,17,USER_01342,NAME_01337,,United Kingdom,You can now find on our website our summary of guidance available to healthcare professionals related to ALLERGIES for the AstraZeneca #COVID19 vaccine ⬇️ https://t.co/Hakk5UOvfj,1.35E+18,2021
Fri Dec 25 15:30:04 +0000 2020,77,8,23,USER_01343,NAME_01338,,United States,"At least eight people who received Pfizer’s #COVID19 vaccine have reported severe, allergy-like reactions. Suspicions are growing that a nanoparticle in the vaccine could be the cause. https://t.co/rvfdL9LmIo",1.34E+18,2020
Tue Dec 22 16:00:11 +0000 2020,21,6,12,USER_01343,NAME_01338,,United States,"There are growing suspicions that nanoparticles in Pfizer’s #COVID19 vaccine are what triggered severe, allergy-like reactions in at least eight people who received the shot over the past two weeks. @pulitzercenter https://t.co/vZQNaZYdou",1.34E+18,2020
Sat Mar 13 19:30:07 +0000 2021,205,4,102,USER_01343,NAME_01338,,United States,"Heard of Novavax? Their #COVID19 vaccine is made of tiny particles studded with the coronavirus spike protein plus honeycomblike molecules, derived from plants, that stimulate the immune system. 💉 Learn more: https://t.co/HuST0NV7oK #WeekendReads https://t.co/bKeSJ6EV3l",1.37E+18,2021
Sat Jun 26 01:30:04 +0000 2021,59,1,23,USER_01343,NAME_01338,,United States,"Novavax has recently announced results from a 30,000-person trial for its #COVID19 vaccine, which is made of tiny particles studded with the coronavirus spike protein plus honeycomblike molecules, derived from plants, that stimulate the immune system. https://t.co/53yIndvWpi https://t.co/XxcKFOnKUE",1.41E+18,2021
Wed Jan 20 16:50:01 +0000 2021,3,0,3,USER_01344,NAME_01339,,United States,"Coming up TODAY at 4:00 pm ET … Our latest #COVID19 webinar, “COVID Vaccine: Allergy, Anaphylaxis and Answers.” National experts answer questions about the #COVID19 vaccine and reports of allergic reactions. Still time to register! https://t.co/pRW6OHKGiT https://t.co/wwj2MDA6lM",1.35E+18,2021
Fri Jan 22 00:39:28 +0000 2021,5,0,5,USER_01344,NAME_01339,,United States,You’ve got questions about the #COVID19 vaccine: How effective is it? Are there side effects? How long will immunity last? Allergy &amp; Asthma Network national spokesperson @purviparikhmd has answers -- via @Shape_Magazine. https://t.co/bFwrf5wjjV #COVIDvaccine,1.35E+18,2021
Mon Feb 07 14:09:46 +0000 2022,3,0,4,USER_01344,NAME_01339,,United States,"Is the #COVID19 vaccine booster safe for those with asthma? Yes, the CDC recommends the booster for anyone 12 years and older. The booster is important to offer better protection against the virus, especially for those with weakened immune systems.  https://t.co/ZBAxFHaBzB https://t.co/oWmAxoWwZd",1.49E+18,2022
Thu Feb 11 23:14:57 +0000 2021,1,0,1,USER_01344,NAME_01339,,United States,"Former Presidents @BillClinton, George W. Bush, and @BarackObama are getting the #COVID19 vaccine! #BlackPeopleLikeMe #asthma #covid19 #BlackHealthMatters https://t.co/LCZShLFy6Y",1.36E+18,2021
Mon Feb 01 14:41:59 +0000 2021,7,0,0,USER_01345,NAME_01340,,United States,This will be a fantastic timely discussion. #AIMedEd #AIMedEdJC #COVID19 #vaccine #allergy #anaphylaxis,1.36E+18,2021
Mon Dec 14 02:28:30 +0000 2020,4,0,1,USER_01346,NAME_01341,,,Two people who had the Pfizer- BioNTech vaccine jab on Tuesday have reported major allergic reactions. UK regulators have issued a warning that people with a history of “significant” allergy should not currently receive the Pfizer - BioNTech COVID19 vaccine.,1.34E+18,2020
Wed Dec 16 18:55:13 +0000 2020,15,1,3,USER_01347,NAME_01342,,United States,""" there is no evidence to suggest that people with #celiac disease would be more prone to an adverse effect of vaccination"" 
""Celiac disease is not considered an allergy and by itself does not prompt additional precaution when proceeding with #vaccination""
#COVID19 #vaccine",1.34E+18,2020
Mon Jan 18 14:20:40 +0000 2021,2,1,0,USER_01348,NAME_01343,,United States,"Anyone get #moderna vaccine who has a history of anaphylactic food allergy? Fearful they aren’t going to let me get vaccine (if it’s even available). I’ve never had anaphylaxis to a vaccine or other medicine, just a prior food allergy. Any intel on this? #COVID19 #vaccine",1.35E+18,2021
Wed Sep 29 20:42:58 +0000 2021,6,0,5,USER_01349,NAME_01344,,Canada,"#ASK2021 - The following allergy related conditions are NOT Contraindications to the #COVID19 vaccine:
Allergies to unrelated vaccines
Food allergy
Drug allery
Stinging insect allergy
Radio contrast media reactions
Latex allergy
Environmental allergies",1.44E+18,2021
Mon Nov 22 20:52:37 +0000 2021,133,21,0,USER_01349,NAME_01344,,Canada,"Dear #Twitterverse Yes- I'm more quiet than usual. Yes, #COVID19 and the #COVID19 vaccine talks have finally worn me down. I will continue to deliver my public service announcements about food recalls &amp; other ALLERGY related info. But for my mental health...I need a COVI19 break",1.46E+18,2021
Thu Nov 25 12:55:08 +0000 2021,14,0,0,USER_01349,NAME_01344,,Canada,"#QMGR Attending in person today for Chief Resident Grand Rounds! 1st up is Dr. Sherwin Wong speaking about the Resident Scheduling Program.
2nd up is my mentee Dr. Eman Badawod who will discuss #COVID19 Vaccine Allergy. Eman is off to study Allergy &amp; Immunology at @UofT next yr!",1.46E+18,2021
Wed Mar 17 23:29:26 +0000 2021,2,0,0,USER_01349,NAME_01344,,Canada,"Great presenting with Dr. Julia Upton from @SickKidsNews tonight on a Post #AAAAI21 debrief
I covered #Asthma and Allergic rhintis - she is covering food allergy, COVID19 vaccine allergy and immunodeficency!",1.37E+18,2021
Tue Aug 30 15:56:23 +0000 2022,1,0,0,USER_01350,NAME_01345,,,"Vaccination against COVID19 has already been mandatory in many places. If you do not want to get vaccinated, you must provide a manual detailing the reason &amp; a certificate of allergy issued by hospital. But in most cases, doctors cannot issue COVID19 vaccine allergy certificate. https://t.co/982cH6rE5Z",1.56E+18,2022
Sun Nov 14 01:42:12 +0000 2021,1,0,1,USER_01351,NAME_01346,,United States,"And even #allergy to previous #COVID19 #vaccine dose may not be a problem.
https://t.co/vu6R2rRD7T",1.46E+18,2021
Sat Jan 23 08:01:38 +0000 2021,0,0,0,USER_01352,NAME_01347,,United States,We have answers to your questions about the COVID-19 Vaccine. https://t.co/kDJJH4m622 #covid19 #vaccine #allergies #allergy #asthma #questions https://t.co/Rmu9M0ezq7,1.35E+18,2021
Wed Jan 27 14:57:56 +0000 2021,0,0,0,USER_01352,NAME_01347,,United States,"If you have concerns regarding the COVID-19 vaccine or have had a reaction to a vaccine in the past, we would like you to schedule a telemedicine or in-house appointment to discuss this with your provider. Call 972-539-0086 today. #covid19 #vaccine #allergies #asthma #northtexas https://t.co/iFL1IgFZxq",1.35E+18,2021
Mon Aug 09 11:00:00 +0000 2021,1,0,0,USER_01353,NAME_01348,,Switzerland,"📰New Research!
Check out this #OpenAccess article published in our #ResearchTopic ⬇
Adverse Vaccine Reactions
👨‍🔬👩‍🔬From our Editorial Board members Agnes Leung and Philip Hei Li
🔗https://t.co/4ACCWe8YDN
💉🩺🔬🏥
#allergy #COVID19 #vaccine #safety https://t.co/a2BuoiE4wH",1.42E+18,2021
Sun Oct 31 05:07:38 +0000 2021,3,1,1,USER_01354,NAME_01349,,India,"As per @VSivankuttyCPIM, 2282 teachers in Kerala's schools have not taken Covid19 vaccine due to 
1) allergy 2) health reasons 3) religious reasons 
Hope they are barred from handling offline classes till they double-vaccinate. https://t.co/aG3uCCo0HX",1.45E+18,2021
Mon Jan 25 20:26:16 +0000 2021,13,0,2,USER_01355,NAME_01350,,United Kingdom,"Ten cases of anaphylaxis have now been reported with the Moderna #COVID19 vaccine. Remarkably all in females. 90% had a history of allergy. For both the Moderna &amp; Pfizer vaccines the anaphylaxis rate is less than 1 in 100,000.  https://t.co/zPsVNSP9AF https://t.co/5I3VHLDGKt",1.35E+18,2021
Wed Dec 30 09:27:43 +0000 2020,8,1,0,USER_01355,NAME_01350,,United Kingdom,"The doctor who had the severe allergic reaction to the Moderna #COVID19 vaccine still advises people with severe allergy to have the vaccine, but do it in a hospital setting. I wonder if he will agree to have the second dose.",1.34E+18,2020
Wed Dec 30 14:07:23 +0000 2020,1,1,0,USER_01356,NAME_01351,,United Kingdom,"How much progress have @MHRAgovuk &amp; @US_FDA made re: drivers of severe #allergy to @pfizer #COVID19 vaccine? Trial excluded h/o vaccine allergy, but #OxfordVaccine excludes any h/o anaphylaxis/angioedema. Will I ever get my #COVIDvaccine? #NHS #MedTwitter #frontlineworkers https://t.co/t6kj86GbU2",1.34E+18,2020
Mon Aug 01 17:00:02 +0000 2022,0,0,0,USER_01357,NAME_01352,,,"Rapid progress in our understanding of #COVID19 vaccine allergy: A cause for optimism, not hesitancy https://t.co/EwSEKjDVtv https://t.co/ddoeTa1Pqn",1.55E+18,2022
Sun Dec 13 13:25:11 +0000 2020,4,0,3,USER_01358,NAME_01353,,United States,What allergy sufferers need to know about Pfizer's Covid-19 #covid19 #vaccine  https://t.co/77ppOBOBu7,1.34E+18,2020
Fri Feb 12 06:15:07 +0000 2021,2,0,3,USER_01359,NAME_01354,,United States,"⚕️ #BlackHistoryMonth at the @NIH

Dr. Kizzemkia Corbett, Ph.D
Research Fellow, Allergy and Infectious Disease
Primary #Scientist for #COVID19 #Vaccine

Dr. Monica Webb Hooper, Ph.D
Deputy Director @NIMHD

Dr. Paule Joseph, Ph.D, CRNP, FAAN
Lasker Clinical Research Scholar, etc. https://t.co/8dNLEinIso",1.36E+18,2021
Fri Dec 25 17:00:46 +0000 2020,2,2,0,USER_01360,NAME_01355,,Kenya,"At least eight people who received #Pfizer’s #COVID19 #vaccine have reported severe, allergy-like reactions. Suspicions are growing that a nanoparticle in the vaccine could be the cause.

Via @ScienceMagazine https://t.co/qyLXX4GTe2",1.34E+18,2020
Thu Nov 18 18:14:00 +0000 2021,0,0,0,USER_01361,NAME_01356,,United Arab Emirates,"🗓️DAY 1 closed with the talk of Dr. Mona-Rita Yacoub, on 👉COVID19- Vaccine: Assessment of #Allergy Risk and Management of Patients with Suspected Hypersensitivity Reactions🔚
See you all tomorrow on day 2️⃣
#mcowebinars #livebroadcast https://t.co/Rx4fi46TFI",1.46E+18,2021
Mon Oct 04 14:05:50 +0000 2021,4,0,4,USER_01362,NAME_01357,,Italy,"We prospectively followed up 118 patients with allergy history receiving the BNT162b2 #COVID19 vaccine. Hypersensitivity reactions occurred in 14% of patients at allergic risk compared to only 0.2% in those without allergic background.
🔗 https://t.co/oekaiT4mzG https://t.co/JMo9Q4oFGQ",1.45E+18,2021
Tue Aug 02 13:00:02 +0000 2022,0,0,0,USER_01363,NAME_01358,,,"Rapid progress in our understanding of #COVID19 vaccine allergy: A cause for optimism, not hesitancy https://t.co/jbiUfuDRrl https://t.co/esiWJxhnW3",1.55E+18,2022
Mon Dec 13 15:05:02 +0000 2021,4,0,0,USER_01363,NAME_01358,,,"Immunogenicity of Pfizer-BioNTech #COVID19 vaccine in patients with inborn errors of immunity - Part of an #Allergy and #Immunology Article Collection from the journals of the American Academy of Allergy, Asthma &amp; Immunology: https://t.co/Ga6w9xL8fY https://t.co/s1WzGfQPS1",1.47E+18,2021
Wed Jul 13 14:26:57 +0000 2022,5,0,3,USER_01364,NAME_01359,,United States,Kids with history of allergic reaction to 1st dose of Pfizer #COVID19 vaccine can safely get 2nd dose. Kids with history of polyethylene glycol or polysorbate allergy can also get vaccine according to research published in @JACIInPractice. #COVID19Vaccine https://t.co/nnBvHJuH1E https://t.co/vkKxwBNIfv,1.55E+18,2022
Tue Aug 02 11:00:03 +0000 2022,1,0,0,USER_01365,NAME_01360,,United Kingdom,"Rapid progress in our understanding of #COVID19 vaccine allergy: A cause for optimism, not hesitancy https://t.co/eGCPPzltKc https://t.co/M7ISQg6UN3",1.55E+18,2022
Thu Dec 23 14:35:12 +0000 2021,19,4,17,USER_01366,NAME_01361,,Canada,"The Johnson &amp; Johnson (Janssen) #COVID19 vaccine is available to those aged 18 &amp; over who have an allergy or contraindication to mRNA vaccines or at the request of an individual who has not yet been vaccinated. 

Contact your #PublicHealth unit to book: https://t.co/wATz4UAHzY https://t.co/E17jZUMi2I",1.47E+18,2021
Wed Nov 24 14:06:33 +0000 2021,14,7,7,USER_01366,NAME_01361,,Canada,"Several studies have demonstrated that getting the #COVID19 vaccine while #pregnant is safe and have shown no impact on pregnancy outcomes. 

Dr. Wendy Whittle explains the importance of getting vaccinated to help protect yourself and your baby: https://t.co/R0TqtUW3Wh",1.46E+18,2021
Sun Jan 09 10:05:02 +0000 2022,5,4,0,USER_01367,NAME_01362,,United Kingdom,@BBCPolitics All NHS staff (and everyone who doesn't have a serious allergy to the #COVID19 vaccine) should #GetVaccinatedNow and #GetBoostedNow!,1.48E+18,2022
Tue Jun 08 06:06:14 +0000 2021,70,0,38,USER_01368,NAME_01363,,India,"Can people with allergies get vaccinated ?

Can pregnant women take #Covid19 vaccine? 

Do I get enough antibodies after getting vaccinated?

Is blood clotting common after taking vaccine shots ?

Check out all the answers here⬇️
https://t.co/2PkyRYOmSg

https://t.co/99f9ltqptE",1.40E+18,2021
Wed Feb 24 18:30:20 +0000 2021,2,0,2,USER_01369,NAME_01364,,United States,"Dr. Stephanie Leonard is one of 12 local allergy-immunology experts in the newly formed San Diego #COVID19 #Vaccine Allergy Group. Learn more about their work and Dr. Leonard's emphasis on the ""very rare"" incidence of severe reactions: https://t.co/bBFxxKLX1c.",1.36E+18,2021
Mon Jul 05 12:52:53 +0000 2021,10,0,6,USER_01370,NAME_01365,,United Kingdom,"The @P_H_S_Official website contains helpful resources for ppl who deliver the Scottish #COVID19 vaccine programme inc. an allergy tool to help vaccinators manage patients with a history of allergy when they present for their 1st vaccine

https://t.co/2vkRG2rI2b

#C19VaccineInfo https://t.co/g4lzKnEy9m",1.41E+18,2021
Wed Jul 07 08:11:25 +0000 2021,4,1,1,USER_01370,NAME_01365,,United Kingdom,"The @P_H_S_Official website contains helpful resources for people who deliver the Scottish #COVID19 vaccine programme, including an allergy tool to help vaccinators manage patients with a history of allergy at their first vaccine.

➡️https://t.co/2vkRG2rI2b

#C19VaccineInfo https://t.co/Ttlk9zkR5E",1.41E+18,2021
Wed Feb 10 17:06:10 +0000 2021,8,0,5,USER_01371,NAME_01366,,United States,"⚕️ #BlackHistoryMonth at the @NIH

Dr. Kizzemkia Corbett, Ph.D
Research Fellow, Allergy and Infectious Disease
Primary #Scientist for #COVID19 #Vaccine

Dr. Monica Webb Hooper, Ph.D
Deputy Director @NIMHD

Dr. Paule Joseph, Ph.D, CRNP, FAAN
Lasker Clinical Research Scholar, etc. https://t.co/aN5hPzatu8",1.36E+18,2021
Sun Jan 10 11:25:27 +0000 2021,20,1,14,USER_01372,NAME_01367,,Egypt,"Pfizer-BioNteck, the first #COVID19 vaccine approved by @WHO for emergency use, is safe and effective. However, it is currently not recommended to people with a history of severe allergies, most pregnant women and international travelers.

Read more:
https://t.co/1MUs1IGEH8",1.35E+18,2021
Wed Mar 24 18:11:25 +0000 2021,10,0,5,USER_01373,NAME_01368,,United States,"Meet @KizzyPhD, one of our 7 #WomenOfPower Awards honorees. As a research fellow at the Nat'l Institutes of Health, Nat'l Institute of Allergy + Infectious Diseases, Vaccine Research Center, she helped develop a #COVID19 vaccine. Thank you, Dr. Corbett! https://t.co/CnYntQ8az6 https://t.co/HWtUFwVfxl",1.37E+18,2021
Sun Aug 29 02:16:47 +0000 2021,0,0,0,USER_01374,NAME_01369,,,'Borderline medical discrimination': B.C. man to be denied services for vaccine allergy #deadlyallergy #anaphylaxis #covid19 #vaccine https://t.co/PwxOs5sldF,1.43E+18,2021
Fri Mar 04 19:10:09 +0000 2022,0,0,0,USER_01375,NAME_01370,,United States,"BREAKING: 

New #CDC guideline on water allergy (aquagenic urticaria) treatment. Yes, it's a real thing. The CDC recommends the COVID19 Vaccine series to treat all cases of water allergy in all individuals over the age of 16.",1.50E+18,2022
Tue Dec 15 16:51:13 +0000 2020,32,4,14,USER_01376,NAME_01371,,Canada,"A guide to who can safely get the #Pfizer/BioNTech #Covid19 #vaccine https://t.co/FP6pgwD4qT by @HelenBranswell via @statnews 

Pregnant (yes - with caveats), lactating people (ditto), people on immunosuppressant therapy (ditto), people with allergies (ditto), teens &lt; 16 (no)...",1.34E+18,2020
Sat Nov 27 16:33:00 +0000 2021,21,0,7,USER_01376,NAME_01371,,Canada,"""...no increase in the incidence of acute myocardial infarction, stroke, &amp; pulmonary embolism was detected...""

Myocardial Infarction, Stroke, &amp; Pulmonary Embolism After BNT162b2 mRNA #COVID19 #Vaccine https://t.co/DwUJnYlKgm by @JabagiMarie et al. via @JAMA_current  @JAMANetwork",1.46E+18,2021
Fri Dec 11 20:43:31 +0000 2020,33,3,9,USER_01377,NAME_01372,,United States,"Last night, @CDCgov convened an external group with expertise in vaccine safety, immunology and allergy to discuss reactions to Pfizer/BioNTech #covid19 vaccine in UK - per ACIP meeting just now",1.34E+18,2020
Thu Oct 21 18:01:11 +0000 2021,251,31,126,USER_01377,NAME_01372,,United States,"Rates of rare heart risks (myocarditis/pericarditis) among 18-39 year olds are higher for Moderna #covid19 vaccine than Pfizer/BioNTech’s, according to presentation just now from CDC advisory committee https://t.co/B9rBYMsYWi",1.45E+18,2021
Sun Dec 13 02:50:04 +0000 2020,2,1,0,USER_01378,NAME_01373,,France,@DrHarryThomas Thanks a lot. Very interesting informations. The 2 cases of anaphylaxis to Pfizer #COVID19 vaccine need now some allergy testing !,1.34E+18,2020
Fri Jul 30 17:06:24 +0000 2021,2,0,0,USER_01379,NAME_01374,,United States/ Canada,Study shows most having allergy-like reactions to 1st #COVID19 vaccine could tolerate 2nd dose. Suggests non-IgE reaction (not 'classic allergy') w/ 1st dose: https://t.co/sAaXtiZp9K via @mdmagazine @KimberlyBlumen1,1.42E+18,2021
Tue Dec 15 17:40:01 +0000 2020,2,0,0,USER_01380,NAME_01375,,Canada,"An excellent explanation on potential allergic reactions to the Pfizer COVID19 vaccine. Dr. A. reviews the various non-medicinal components, including polyethylene glycol. People with food/environmental allergies should be reassured. #Pfizer #COVID19 #vaccine #safety #allergy",1.34E+18,2020
Wed Apr 28 15:07:06 +0000 2021,3,2,1,USER_01381,NAME_01376,,Canada,"In our primary care + specialist e-newsletters, we shared links to our Resources page on our website where you can find information on 'Ontario eConsult and #COVID19' and a '#COVID19 Vaccine Allergy Group Guide'. Check it out here: https://t.co/ktW6nxSFID #vaccine #allergy #COVID https://t.co/fweDmfOSUR",1.39E+18,2021
Mon Jan 11 14:06:20 +0000 2021,2,0,1,USER_01382,NAME_01377,,,Update FAQ on allergy concerns &amp; #COVID19 vaccine from @AllergicLiving #Allergy #Anaphylaxis,1.35E+18,2021
Wed Jan 13 20:45:00 +0000 2021,49,4,15,USER_01383,NAME_01378,,United Kingdom,"Professor Jonathan Van-Tam appeared on @LBC today to answer listeners’ questions on the #COVID19 vaccine.

The Deputy Chief Medical Officer talked about the two-dose schedule, clinical trials and whether people with certain allergies can have the vaccine.

https://t.co/jpnuPu0pyK",1.35E+18,2021
Tue Aug 03 18:30:00 +0000 2021,56,4,44,USER_01383,NAME_01378,,United Kingdom,"WATCH ▶️ I got my #COVID19 vaccine because...

""My brother's got asthma and my dad's not very well.""

Book an appointment or find a drop-in centre: https://t.co/6ePOXYlDY6 https://t.co/mvHcctKj7k",1.42E+18,2021
Mon Nov 08 19:15:00 +0000 2021,41,6,22,USER_01383,NAME_01378,,United Kingdom,"To mark the last day of #AskYourPharmacist week, @mariacaulfield visited @SgBaraipharmacy to see all the services offered by local pharmacies. 

You can visit your pharmacist for advice &amp; support on anything from blood pressure checks to receiving your #COVID19 vaccine. https://t.co/vXQ2n5ecw0",1.46E+18,2021
Thu Mar 17 07:30:00 +0000 2022,45,26,34,USER_01383,NAME_01378,,United Kingdom,"People who had a severely weakened immune system at the time of getting their first two doses of the #COVID19 vaccine are eligible for both:
 
☑️ a third dose
 
☑️ a booster dose
 
Details on how and when to get these jabs 🔽",1.50E+18,2022
Wed Mar 23 07:30:00 +0000 2022,31,6,39,USER_01383,NAME_01378,,United Kingdom,"People aged 12 and over who had a severely weakened immune system at the time of their first two doses of the #COVID19 vaccine are eligible for:
 
☑️ a third primary dose
 
☑️ a booster dose

☑️ a spring booster
 
Details on how and when to get these jabs 🔽",1.51E+18,2022
Sat Mar 13 20:30:00 +0000 2021,36,3,16,USER_01383,NAME_01378,,United Kingdom,"If you have kidney disease and you're eligible for the #COVID19 vaccine, you can now book online or by calling 119.

Find out more about health conditions and the vaccination:
▶️ https://t.co/m02ktcjBdK

@kidneycareuk https://t.co/3e5lDCUjMZ",1.37E+18,2021
Thu Nov 25 15:53:40 +0000 2021,241,408,189,USER_01383,NAME_01378,,United Kingdom,"New data from @UKHSA has provided further evidence that the #COVID19 vaccine is safe for pregnant women 🤰
 
Our Chief Scientific Adviser Professor @LucyChappell2 explains why this is so reassuring 🔽
 
More: https://t.co/wNVsMA28DW https://t.co/w2dOuAVqAf",1.46E+18,2021
Wed Nov 17 18:00:01 +0000 2021,65,35,44,USER_01383,NAME_01378,,United Kingdom,"""I encourage all women who are pregnant, or wishing to become pregnant, to get their vaccination.""

@CMO_England Professor Chris Whitty explains how the benefits of the #COVID19 vaccine for pregnant women outweigh the risks. https://t.co/2ZlPB7D32k",1.46E+18,2021
Thu Dec 16 14:05:34 +0000 2021,108,11,67,USER_01383,NAME_01378,,United Kingdom,"The NHS is offering the #COVID19 vaccine to all pregnant women 🤰

Kate, who is 35 weeks pregnant, and Chief Midwife @KingsCollegeNHS Tess, tell us all about their experiences with the vaccine 👇 

See the full video: https://t.co/Fyb8ISjrXH https://t.co/xvRB2iHYcA",1.47E+18,2021
Tue Nov 30 21:30:00 +0000 2021,18,5,10,USER_01383,NAME_01378,,United Kingdom,"Our Chief Scientific Adviser, consultant obstetrician Professor @LucyChappell2, highlights the latest data on the safety of the #COVID19 vaccine for pregnant women 🤰

Read more:
https://t.co/DQC7XIO6h1",1.47E+18,2021
Thu Oct 28 19:00:00 +0000 2021,14,2,6,USER_01383,NAME_01378,,United Kingdom,"Is the #COVID19 vaccine safe for pregnant women?

Obstetrician Dr Jennifer Jardine explains her advice to Gabrielle from @NHSYouthForum 👇

@RCObsGyn",1.45E+18,2021
Wed Mar 17 15:42:23 +0000 2021,4,0,0,USER_01384,NAME_01379,,Canada,"Very excited to share my presentation for our Medical Grand Rounds @cusm_muhc @AllergyMuhc #drug #allergy #research #COVID19 #Vaccine - Thank you @TrubianoJason @CAAR_Aus @id_austin for EVERYTHING!
https://t.co/9piElGY2xS",1.37E+18,2021
Fri Feb 24 17:06:00 +0000 2023,2,0,0,USER_01384,NAME_01379,,Canada,"Joined the Difficult case session #AAAAI23 #NAIA this morning! Great clinical pearls from #contactdermatitis, complex #asthma management, #immunodeficiency and #auto-inflammation, #OIT and from the amazing Dr.E.Phillips @vumc_cdsi_rsch #COVID19 #vaccine reactions.",1.63E+18,2023
Wed Jan 27 08:05:51 +0000 2021,0,0,0,USER_01385,NAME_01380,,Thailand,#bangkokinsurance makes the first move to put in the market insurance for #COVID19 vaccine allergy,1.35E+18,2021
Sun Jan 17 16:33:16 +0000 2021,25,3,7,USER_01386,NAME_01381,,United States,"What's the risk of severe allergic reactions from the #COVID19 #vaccine &amp; what should u do if you have a history of allergies?

Here I cover for @forbes these questions, including advice from allergy &amp; immunology experts @KimberlyBlumen1 &amp; 
@PaigeWickner https://t.co/8fEgqu6cCw",1.35E+18,2021
Sun Jan 17 23:58:12 +0000 2021,2,1,1,USER_01387,NAME_01382,,United States,1/19 Dr Radio SiriusXM 110 6AM &amp; 4PM Michael Stephen’s “Breath Taking” #COVID19 vaccine &amp; #allergy #radon awareness; oral rinse against #COVID19 Call 877-698-3627 or docs@siriusxm.com,1.35E+18,2021
Mon Jan 25 13:38:30 +0000 2021,4,1,1,USER_01387,NAME_01382,,United States,01/26 Dr Radio SiriusXM 110 6AM &amp; 4PM #COVID19 vaccine resistance #pulmonary fibrosis #COVID19 FDNY &amp; EMS call 877-698-3627 or docs@siriusxm.com,1.35E+18,2021
Wed May 26 18:16:39 +0000 2021,0,0,0,USER_01388,NAME_01383,,,"#CovidVaccine : Study of 64,900 Recipients of Hospital system for @pfizer &amp; @moderna_tx Vaccine only 0.25% reported Allergic reaction apart from Itchiness in arms!:“UT Southwestern to study #COVID19 vaccine-allergy link” via @dallasnews https://t.co/dSfuMRYdbd",1.40E+18,2021
Fri Mar 12 22:00:14 +0000 2021,0,0,0,USER_01389,NAME_01384,,United States,"#COVID19 #Vaccine Allergy Concerns with Dr. Johnie Rose, M.D. @CCBH_Net 
https://t.co/89g1DubqKs",1.37E+18,2021
Mon Dec 28 00:53:10 +0000 2020,0,0,0,USER_01390,NAME_01385,,United States,#COVID19 #vaccine #shellfish #allergy | A #Boston doctor with a shellfish allergy had a serious reaction to #Moderna's Covid-19 vaccine and has recovered after he was allowed to use his allergy autoinjector https://t.co/4L5OhGp6CX,1.34E+18,2020
Wed Mar 17 11:55:01 +0000 2021,3,3,0,USER_01391,NAME_01386,,United Kingdom,"Vaccine / Allergy #covid19 thread

In early December 2020 two NHS staff with known allergies had an adverse reaction to a #covid19 vaccine

@MHRAgovuk suspended the use of the Pfizer vaccine for known allergy sufferers

This received widespread publicity 

https://t.co/fVGHIlAO6O",1.37E+18,2021
Thu Jan 07 17:04:09 +0000 2021,8,1,7,USER_01392,NAME_01387,,Israel,"Israel's Sheba Medical Center is set to administer the #COVID19 vaccine to 100 high-risk allergy patients in a new pilot program.

Reporting by @MaayanJaffe 

https://t.co/zqEemyfLYw",1.35E+18,2021
Tue Mar 23 04:48:00 +0000 2021,4,2,11,USER_01392,NAME_01387,,Israel,"Drugmaker @AstraZeneca  may have included outdated information from its #COVID19 vaccine clinical trial, the U.S. National Institute of Allergy and Infectious Diseases (NIAID) said.

https://t.co/nibFrnhzRN",1.37E+18,2021
Sun Mar 21 03:10:57 +0000 2021,16,0,5,USER_01392,NAME_01387,,Israel,"The @Pfizer COVID-19 vaccine's mRNA technology could be used to fight cancer, according to one of the scientists behind it.

Reporting by @KeyserZachary | #COVID19 | #vaccine | #Cancer

https://t.co/L8xEPorVlg",1.37E+18,2021
Sun May 23 03:12:04 +0000 2021,22,1,24,USER_01392,NAME_01387,,Israel,"The US @CDCgov looked into reports of young men who were vaccinated with an mRNA vaccine against the coronavirus who later developed heart conditions.

#COVID19 | #vaccine 

https://t.co/C2ICTzxIYg",1.40E+18,2021
Mon Sep 20 02:01:56 +0000 2021,0,0,0,USER_01393,NAME_01388,,Canada,"“And, at least in my experiences, we don't often ask people to inject their allergens directly into their bodies. In fact, we actively try to avoid such things, which is why I didn't think having only one dose would become an issue.” #covid19 #vaccine #allergy",1.44E+18,2021
Thu May 13 14:17:02 +0000 2021,1,0,0,USER_01394,NAME_01389,,Australia,Therefore #COVID19 vaccine skin test or BAT is indispensable in diagnosis of PEG allergy; this  has fundamental implications for #COVID19 #vaccine #allergy testing. Thank you to all the co-authors and RAH vaccine allergy clinic staff @SAHealth,1.39E+18,2021
Mon Jan 25 22:54:41 +0000 2021,0,0,0,USER_01395,NAME_01390,,United States,"Informative thread on #anaphylaxis and the #COVID19 vaccine from an allergy expert ... 

#ThisIsOurShot",1.35E+18,2021
Wed Jun 16 18:08:55 +0000 2021,1,1,0,USER_01396,NAME_01391,,Mauritius ,"@UGooriah Regarding allergy, anyone who has an allergy to any component of the vaccine, should not take it. Food allergy however is not a contraindication for COVID19 vaccine. But special attention to someone with any severe allergy (which required medical care).",1.41E+18,2021
Sat May 15 10:26:54 +0000 2021,7,0,3,USER_01397,NAME_01392,,United Kingdom,"WORLD EXC hope for allergy sufferers after Royal #Adelaide Hospital study found Pfizer #COVID19 vaccine caused no major anaphylactic reactions, in breakthrough with major global implications https://t.co/bBdkskYH2I (via @theTiser @SAHealth) #coronavirus",1.39E+18,2021
Tue Dec 22 19:00:07 +0000 2020,7,0,4,USER_01398,NAME_01393,,United States,"There are growing suspicions that nanoparticles in Pfizer’s #COVID19 vaccine are what triggered severe, allergy-like reactions in at least eight people who received the shot over the past two weeks. @pulitzercenter https://t.co/ZtzJCBpECZ",1.34E+18,2020
Tue Oct 26 19:00:00 +0000 2021,2,0,3,USER_01399,NAME_01394,,United States,"Among healthcare employees who received a #mRNA #COVID19 vaccine, high-risk allergy history was associated with increased risk of self-reported allergic reactions but nearly all individuals, regardless of allergy history, were safely vaccinated. https://t.co/ApOeBQdxav",1.45E+18,2021
Sat Dec 12 22:44:05 +0000 2020,1,0,0,USER_01400,NAME_01395,,,"More on the #COVID19 #vaccine &amp; severe allergy issues via @caseymross @statnews 
https://t.co/DWAO7nY84a",1.34E+18,2020
Tue Aug 10 18:39:21 +0000 2021,13,0,5,USER_01400,NAME_01395,,,"I was watching that countdown clock nervously - but Patrick manages to explain in 60 seconds all the good stuff the #COVID19 #vaccine does to your immune system. 
#GetVaccinated 👍🏽",1.43E+18,2021
Tue Jun 08 06:19:54 +0000 2021,2,1,1,USER_01401,NAME_01396,,India,"Can people with Allergies get #Vaccinated?

If someone has a significant allergy problem, then #COVID19 vaccine should be taken only after medical advice

- Member(Health) @NITIAayog

Read https://t.co/RoPTlTaiXG

https://t.co/sYtdznUpGd",1.40E+18,2021
Wed Sep 15 17:43:30 +0000 2021,13,3,1,USER_01402,NAME_01397,,Canada,• People who had a severe allergy or anaphylactic reaction to a previous dose of a #COVID19 vaccine or its components *and* that reaction can't be managed by the Health Sciences Centre Allergy Clinic.,1.44E+18,2021
Sun Dec 13 22:11:28 +0000 2020,14,2,9,USER_01403,NAME_01398,,United States,"This is reassuring: People with allergies to food, latex, pollen or substances other than a component of the #covid19 vaccine are recommended to receive the Pfizer/BioNTech shot. https://t.co/cPMjtYAuNa via @statnews",1.34E+18,2020
Thu Jan 21 04:49:53 +0000 2021,33,4,6,USER_01404,NAME_01399,,United States,"New tonight: @CAPublicHealth lifts restriction on #Moderna vaccine Lot 41L20A, which was paused Sunday after some severe allergic reactions. State panel and allergy specialists are satisfied this lot of this #COVID19 vaccine is safe and its use can resume.",1.35E+18,2021
Tue Jan 05 02:35:08 +0000 2021,2,0,0,USER_01405,NAME_01400,1965,India,"COVID19 Vaccine Reactions: Allergy Group Updates Guidance.December 29,2020American College of Allergy, Asthma,Immunology (ACAAI)updated advice-risks of allergic reactions to new mRNA vaccines(Moderna/Pfizer) https://t.co/Iq0TiL071d",1.35E+18,2021
Wed Dec 16 03:59:32 +0000 2020,4,0,0,USER_01406,NAME_01401,,Canada,"Great interview by my kiddo’s favourite allergist, Dr Zainab Abdurrahman. @Health_Ontario_ breaks down risk of allergy to #COVID19 #vaccine, and provides fact based reassurance. I feel confident passing this info on to friends, family and patients with concerns about allergy.",1.34E+18,2020
Fri May 07 11:39:40 +0000 2021,79,3,32,USER_01407,NAME_01402,,Philippines,"Yo Cebu pips, SM Seaside and Rob Galleria is now administering Covid19 vaccine shots for Persons w/ Comorbidities!

Afaik 1PM sugod sa Seaside (morning is for senior citizens). The process took abt 2 hrs :)

Im vaccinated yay!! (I have bronchial asthma so I qualified for a shot) https://t.co/ir7NOJ9UFx",1.39E+18,2021
Fri Oct 29 18:12:35 +0000 2021,90,9,2,USER_01408,NAME_01403,,United States,#COVID19 Vaccine scheduled for my 9 year old with asthma! https://t.co/IsuPNJJdRJ,1.45E+18,2021
Sun Mar 07 22:51:41 +0000 2021,64,4,2,USER_01409,NAME_01404,,United States,Got my first dose of the #COVID19 vaccine today! As someone with moderate asthma this made me elegible for #vaccination in #NYState. I'm so incredibly happy that I had the opportunity to get my shot!!! 😭😭😭😭 https://t.co/uS2rRnYKC6,1.37E+18,2021
Wed Feb 24 14:06:30 +0000 2021,18,1,1,USER_01410,NAME_01405,,United Kingdom,"Covid19 Vaccine is safe if you have asthma. 

#asthma #COVID19 #coronavirusvacccine #teamhalo https://t.co/5dyGarRyqG",1.36E+18,2021
Mon May 02 12:42:51 +0000 2022,1,0,0,USER_01411,NAME_01406,,India,"Watch this session ""WORLD ASTHMA DAY | DR. YASHWANTH K O"" CONSULTANT PULMONOLOGIST AT UDBHAVA HOSPITALS on 03RD MAY #udbhava #udbhavahospitals #health #medical #hospitals #trending #covid19 #vaccine #WorldAsthmaDay #asthma #asthmaawareness #asthmaproblems #AsthmaDay #asthmaattack https://t.co/YsNU0Ah7HR",1.52E+18,2022
Mon Feb 15 19:40:09 +0000 2021,10,0,8,USER_01412,NAME_01407,,United Kingdom,"New #blogpost : Covid19 Vaccine - Many Asthma Patients No Longer On The Priority Group 6 List 💉 &gt;&gt;

https://t.co/ulqdaW2JHI

#vaccine #COVID19 #coronavirus #uk #COVIDVaccine #chronicillness #Health #healthcare #NHS #spoonie #BorisHasFailedTheNation #asthma #asthmatic",1.36E+18,2021
Sun Feb 14 13:06:37 +0000 2021,9,2,0,USER_01412,NAME_01407,,United Kingdom,"I thought I couldn't get any more angry with our shitshow of a government. Disgusting. Those who should have been in group 6 as vulnerable individuals may now be waiting with gen pop for their #vaccination. 

#asthma #covid19 #vaccine #borishasfailedtheuk #coronavirus #uk #NHS",1.36E+18,2021
Sun Jun 06 11:37:38 +0000 2021,15,1,2,USER_01413,NAME_01408,,United Kingdom,"My daughter turns 12 in July and has decided she wants the COVID19 vaccine.
Why?
Because she understands how viruses works.
She also has asthma, which according to antivaxxers means that her life is worth less than those without underlying health conditions..
You know..there were",1.40E+18,2021
Tue Feb 08 21:50:12 +0000 2022,71,16,5,USER_01413,NAME_01408,,United Kingdom,Where did this “you can get HIV from the COVID19 vaccine” fuckery come from? They’re really getting desperate now aren’t they,1.49E+18,2022
Tue Dec 15 14:37:01 +0000 2020,2,2,0,USER_01414,NAME_01409,,,#asthma is getting me down right now when I am desperate to feel part of my workplace.  Will not be able to have #COVID19 vaccine until exacerbation cleared and notified #respiratory #Healing #steroids #wellbeing,1.34E+18,2020
Thu Jul 29 07:22:48 +0000 2021,12,3,3,USER_01415,NAME_01410,,South Africa,"Lung tea benefit people who smoke, people who get regular exposure to air pollution, &amp; those with chronic conditions that affect the respiratory system,asthma, chronic obstructive pulmonary disease, Covid-19 symptoms &amp; cystic fibrosis
#covid #COVID19 #Vaccine #CovidIsNotOver https://t.co/cUnkxOGjCj",1.42E+18,2021
Thu Mar 11 12:16:19 +0000 2021,3,1,0,USER_01416,NAME_01411,,United States,"Suddenly everyone in Florida has asthma.
Last year: ""can't take the flu vaccine doc, I have asthma 🤥 and don't want to get sick""
This year: ""i have asthma doc 🤥 I need the covid19 vaccine cause i don't want to get sick""
🤷🏽‍♂️ https://t.co/UWQPvdqyqS",1.37E+18,2021
Sun Feb 14 13:34:21 +0000 2021,5,2,0,USER_01417,NAME_01412,,United States,"So it looks like in shortening/simplifying their comorbidity list for #COVID19 vaccine registration, @riteaid in NYS has left ones off like asthma. Compare their list with @NYStateofHealth. @MarkLevineNYC @ny_covid. This is not good! Needs to be consistent across providers. https://t.co/QhPS6jnNP9",1.36E+18,2021
Fri Feb 26 14:02:55 +0000 2021,23,2,11,USER_01418,NAME_01413,,United Kingdom,"The decision by the JCVI to not include all those with asthma in the next phase of the #Covid19 vaccine rollout is wrong.

Evidence shows those with asthma are more at risk from Covid and #LongCovid. Sign our petition calling for an urgent rethink 🔽
https://t.co/McJqCLiLKD https://t.co/LkURS6zRDJ",1.37E+18,2021
Tue Feb 23 17:01:36 +0000 2021,10,0,6,USER_01418,NAME_01413,,United Kingdom,"We believe that everyone with asthma who is not already in priority group four and six for the #COVID19 vaccine should be prioritised in the next wave of the vaccine roll out.

Do you agree? If so, click below to add your name to our calls 🔽
https://t.co/McJqCLiLKD",1.36E+18,2021
Tue Apr 06 18:35:38 +0000 2021,1,0,2,USER_01419,NAME_01414,,United States,Know and understand the facts about Asthma and COVID19. #HamiltonCHN #Health #Wellness #Asthma #COVID19 #Vaccine #GetVaccinated,1.38E+18,2021
Thu Feb 18 14:09:19 +0000 2021,26,9,19,USER_01420,NAME_01415,,United States,"🚨 Update: People 65 and older and those with two or more of certain medical conditions, including Asthma, can book #COVID19 vaccine appointments starting today, February 18. Book an appointment and check your eligibility through the state’s website: https://t.co/d2QtfVQAMc https://t.co/APxxX93Vhd",1.36E+18,2021
Sun Feb 28 15:00:28 +0000 2021,16,2,6,USER_01420,NAME_01415,,United States,"Reminder: People 65 and older and those with two or more of certain medical conditions, including Asthma, can now book #COVID19 vaccine appointments. Book an appointment and check your eligibility through the state’s website: https://t.co/d2QtfVQAMc https://t.co/fua1V9cpbF",1.37E+18,2021
Tue Jun 14 16:27:31 +0000 2022,12,0,4,USER_01421,NAME_01416,,United States,"""Gellar said she has taken the #COVID19 #vaccine and #booster. However, Gellar has a history of #asthma and lung issues that she says are making her recovery difficult...""

Transmission mitigation is urgently needed!

#COVID19 #CovidIsNotOver #SARSCoV2 is #airborne",1.54E+18,2022
Wed Apr 07 20:32:00 +0000 2021,9,0,0,USER_01422,NAME_01417,,United States,"No, it did not hurt. The flu shot hurts more in my opinion. 

Personal note: I’m ecstatic that I received the #COVID19 vaccine! As someone with Asthma, I’ve always been worried about the effects the coronavirus would have on me. Thankfully, I don’t have to experience that. 🙏🏼 https://t.co/zIvtuwqJJO",1.38E+18,2021
Wed Dec 16 14:15:40 +0000 2020,0,0,0,USER_01423,NAME_01418,,United States,"All I want for Christmas is a Covid vaccine! However, this asthmatic will have to unfortunately wait. #COVID19 #vaccine #Christmas #Covid_19 #OKCovid #asthma",1.34E+18,2020
Thu Apr 01 14:36:04 +0000 2021,60,4,94,USER_01424,NAME_01419,,Nigeria,"Please, if you are suffering from asthma and has taken the Covid19 vaccine, I need you to tell me about your experience. I will also want more than one person's experiences.

Please don't air me.

RT and tag anyone you know.
#MedTwitter",1.38E+18,2021
Thu Feb 18 14:24:22 +0000 2021,3,2,1,USER_01425,NAME_01420,,United States,Covid19 Vaccine: Asthma Patients Off Priority Group 6 List https://t.co/osep3cnZUg via @invisiblymeblog,1.36E+18,2021
Sat Feb 20 03:22:00 +0000 2021,4,1,5,USER_01426,NAME_01421,,Canada,Covid19 Vaccine: Asthma Patients Off Priority Group 6 List https://t.co/4LCkZ5yU8g via @invisiblymeblog,1.36E+18,2021
Tue Feb 23 23:33:58 +0000 2021,1,0,0,USER_01427,NAME_01422,,United Kingdom,"Petition from @asthmauk to prioritise people with asthma in the next roll out of the vaccine
#asthmaticsatrisk #asthma #COVID19 #vaccine #COVIDVaccine 
https://t.co/cOXOdzBdz5",1.36E+18,2021
Tue Jan 26 04:02:06 +0000 2021,14,3,0,USER_01428,NAME_01423,,United States,"My 71 year old mom who has asthma, COPD &amp; Diabetes gets her covid19 vaccine this Thursday.  I’m ecstatic for her!",1.35E+18,2021
Wed Mar 17 10:34:26 +0000 2021,26,3,6,USER_01429,NAME_01424,,India,#askdrkk Can asthma patients take the #COVID19 vaccine? https://t.co/m54ERwV74a,1.37E+18,2021
Wed Feb 10 05:27:24 +0000 2021,24,1,6,USER_01429,NAME_01424,,India,"What to do in case of diabetes, allergies, blood pressure or pacemaker implantation for taking the #COVID19 vaccine? https://t.co/xOD2FB6iLl",1.36E+18,2021
Wed Jun 09 13:21:31 +0000 2021,30,3,6,USER_01429,NAME_01424,,India,"Can people with blood pressure problems take the #COVID19 #vaccine? Yes! 

Watch to find out the precautions to be taken! 
——
Brought to you by HCFI Dr KK Research Fund https://t.co/4Ygk3SRJFI",1.40E+18,2021
Tue Jun 22 11:17:01 +0000 2021,26,0,10,USER_01429,NAME_01424,,India,"Should people with comorbidities like diabetes, hypertension, psoriasis, fibromyalgia etc take the #COVID19 vaccine? 
Let’s hear from @SanjayKalraDr1 ! 

For daily FAQs follow us on Instagram https://t.co/jHYObcr76m 

- HCFI Dr KK Research Fund https://t.co/fJFpuOpiIk",1.41E+18,2021
Thu Jul 08 06:16:19 +0000 2021,21,2,7,USER_01429,NAME_01424,,India,"Choice of #COVID19 vaccine for pregnant women in India.

Experts:
@AskDrShashank and Dr Rahul Pandit from COVID-19 Task Force, Maharashtra. 

- Dr KK’s Heart Care Foundation of India. https://t.co/l7f66gKkT8",1.41E+18,2021
Sat Mar 13 05:03:04 +0000 2021,0,0,0,USER_01430,NAME_01425,,,Im eligible for my covid19 vaccine soon since i have asthma. https://t.co/CyQhMPJ3m1,1.37E+18,2021
Sun Mar 07 21:04:08 +0000 2021,26,6,1,USER_01431,NAME_01426,,United States,My dad is getting the #COVID19 vaccine on Tuesday! He is 65 and has asthma but the rollout in California has been slow so they keep telling him for several weeks that he was eligible but there wasn't enough vaccine.,1.37E+18,2021
Wed Feb 17 08:47:53 +0000 2021,2,1,0,USER_01432,NAME_01427,,United Kingdom,Covid19 Vaccine: Asthma Patients Off Priority Group 6 List https://t.co/DKyRxsOMcP via @invisiblymeblog,1.36E+18,2021
Mon Mar 01 10:00:00 +0000 2021,4,0,2,USER_01433,NAME_01428,,,"Our MD John Roberts had his 1st #COVID19 vaccine on Saturday.

Suffering from Asthma John was keen to get the 1st jab of the vaccine.

We can't wait for the day in the not too distant future where we can get out and see our clients again!

#InsuranceBroker #localbusiness https://t.co/RczDQCTNSg",1.37E+18,2021
Mon Feb 15 18:31:06 +0000 2021,1,0,1,USER_01434,NAME_01429,,United States,"Now that more people are eligible to receive the COVID-19 vaccine, check out the link below for the latest guidance for people with asthma and allergies. 

https://t.co/cuUF7U7CR9

#COVID19 #Vaccine #Asthma #Allergies https://t.co/Y3ydwPsJPe",1.36E+18,2021
Mon Feb 15 15:50:25 +0000 2021,10,0,0,USER_01435,NAME_01430,,,Delighted to have received a text inviting me for my #COVID19 #vaccine on the very first day it’s opened up to the clinically vulnerable #asthma #thankyouNHS #NHS💙,1.36E+18,2021
Sun Jan 31 14:05:42 +0000 2021,27,4,7,USER_01436,NAME_01431,,,"I have heart disease asthma &amp; diabetes. I am in group 6 for #COVID19 #vaccine I have been unable to work for a year. If I catch it I will almost certainly die.
#Labour want my vaccination delayed so they can play politics by prioritising #teacher 
Thanks #starmer",1.36E+18,2021
Wed Feb 17 16:50:03 +0000 2021,43,4,33,USER_01437,NAME_01432,,United States,"IMPORTANT UPDATE: Starting tomorrow, individuals 65 and older, those with 2+ certain medical conditions (including asthma, cancer, heart conditions) and others will be eligible to get a #COVID19 vaccine. Read more: https://t.co/cowCMmBFiG  @HHSBOS @CityOfBoston https://t.co/tQGXkD2inQ",1.36E+18,2021
Wed Mar 17 02:46:40 +0000 2021,4,6,0,USER_01438,NAME_01433,,United States,"I’m honestly confused. How is it that people who are 21 to 35 years in age, getting their #covid19 vaccine BEFORE people who are 50 or even elderly? What am I missing?? So 21 with asthma or diabetes or obese etc supersedes a 60 year old with no underlying conditions??",1.37E+18,2021
Mon Feb 15 15:40:09 +0000 2021,12,0,1,USER_01439,NAME_01434,,United Kingdom,"All adults with a #LearningDisability &amp; all adults with #asthma need to be included in Priority Group 6 for the #COVID19 vaccine in the UK. 

I also think that people in Priority Group 6 should be able to book online ASAP.

@nadhimzahawi @JustinTomlinson @mencap_charity @asthmauk",1.36E+18,2021
Sat Jan 23 14:53:01 +0000 2021,12,0,1,USER_01440,NAME_01435,,,"Due to my asthma I’m in a high-risk group together with &gt;500,000 &lt;60 yrs old Berliners. Based on this an algorithmic tool has calculated that I‘ll be offered a covid19 vaccine between March 2021 and February 2022. It’s just amazing what data science have brought to the world...🥴",1.35E+18,2021
Tue Dec 15 05:45:54 +0000 2020,36,1,0,USER_01441,NAME_01436,,United States,"I am getting my #COVID19 vaccine Wednesday morning. 

As someone with moderate-persistent asthma, I have spent every shift since March living in fear that this would be the day. 

Thank you to all the scientist and physicians who have made this possible.",1.34E+18,2020
Tue Jan 19 19:45:39 +0000 2021,9,0,0,USER_01442,NAME_01437,,,"Trying to get my #COVID19 vaccine this week....

#Asthma #FrontlineWorker #Educator",1.35E+18,2021
Sun Feb 14 22:57:11 +0000 2021,2,0,0,USER_01443,NAME_01438,,United States,"I'm still in a lot of pain but making myself eat and drink and rest so i can go in and get my 2nd #COVID19 #vaccine.

Meanwhile my (non-veteran) Husband (diabetes, asthma , etc) hasn't been able to  get his first shot.
(if you know a vaccine location in #Philadelphia let me know)",1.36E+18,2021
Thu Aug 11 20:55:56 +0000 2022,37,0,1,USER_01444,NAME_01439,,United Kingdom,On reflection 2 years of Director ⁦@PRCBradford⁩ has been a huge challenge and very gratifying. Bringing the largest #covid19 vaccine trial to ⁦@CityOfResearch⁩ #novavax ! Now bringing cutting edge treatments for our asthma patients is even more ⁦gratifying https://t.co/xIBIFy4wSn,1.56E+18,2022
Tue Feb 16 23:16:39 +0000 2021,5,1,0,USER_01445,NAME_01440,,United Kingdom,"""The Covid19 vaccine drive in the UK has been going at breakneck speed, with the over 65s &amp; clinically vulnerable aged 16 to 64 now due to be called up. However, it’s recently emerged that many asthma suffers will no longer be included""https://t.co/w7azpxA6NS via @invisiblymeblog",1.36E+18,2021
Tue Feb 16 21:50:24 +0000 2021,1,0,1,USER_01446,NAME_01441,,,UK Government : People with #asthma should be Group 6 for #Covid19 vaccine. - Sign the #Petition! https://t.co/mJpAL9iyQu via @UKChange &gt; @asthmauk,1.36E+18,2021
Wed Jun 02 23:35:53 +0000 2021,1,1,0,USER_01447,NAME_01442,,United States,"""Is the #COVID19 vaccine safe for people w/medical conditions as:
cancer? viral infections?
terminal illnesses?
respiratory illnesses?
COPD? asthma? diabetes?
contagious diseases?
heart problems?
mental disorders?
venous diseases?
skin infections?rheumatoid arthritis?""
#IMPORTANT",1.40E+18,2021
Wed Jul 20 13:36:40 +0000 2022,16,1,3,USER_01448,NAME_01443,,Ireland,"So #covid19 vaccine shots + boosters start to wane after 3 months. I got my last one 6 months ago. I have #longcovid and post covid diabetes, asthma, heart issues.  When are we getting the next round? @HSELive @DonnellyStephen @LeoVaradkar @MichealMartinTD",1.55E+18,2022
Sun Mar 21 20:23:23 +0000 2021,1,0,0,USER_01449,NAME_01444,,,"I live in Saudi Arabia and the good government instructions coming by message to take the COVID Vaccine 
I got one shot of #AstraZeneca #COVID19 #vaccine 
Even I have #asthma trouble I took it without any side effects or symptoms 
#AstraZeneca is safe 
Thankfully forSaudi Arabia",1.37E+18,2021
Tue Mar 02 19:58:15 +0000 2021,14,0,2,USER_01450,NAME_01445,,United States,"New York City in particular is an environment that practically manufactures asthma! YES, GET THE COVID19 VACCINE WHEN YOU CAN! YES, YOU ARE SICK ENOUGH, TWENTYSOMETHINGS WITH CHRONIC RESPIRATORY ISSUES",1.37E+18,2021
Thu Feb 18 09:57:08 +0000 2021,4,0,1,USER_01451,NAME_01446,,,#BBCRadioWolverhampton Breakfast with @Elise__Evans heard from a 22 year old from Wolves who has Asthma. She created an audio diary of her experience going to get the #COVID19 vaccine... https://t.co/CGlfDvJFBl,1.36E+18,2021
Thu Nov 18 01:10:36 +0000 2021,3,0,0,USER_01452,NAME_01447,,,"I have my COVID19 vaccine booster booked for this friday - I am very thankful, given the association between asthma and severe post-covid syndrome  - this makes me so nervous. I am also glad to be in #LanarkCounty with the highest vax rate in Ontario!",1.46E+18,2021
Fri Mar 05 09:54:00 +0000 2021,0,0,0,USER_01453,NAME_01448,,,"Asthma patients refused #COVID19 vaccine by some GPs
https://t.co/0s31kLtzre",1.37E+18,2021
Fri Feb 26 14:42:17 +0000 2021,10,0,6,USER_01454,NAME_01449,,United Kingdom,"The decision by the JCVI to not include all those with asthma in the next phase of the #Covid19 vaccine rollout is wrong.

Evidence shows those with asthma are more at risk from Covid and #LongCovid. Sign our petition calling for an urgent rethink 🔽

https://t.co/5ShjzGvHdu https://t.co/qhvGCtwsPE",1.37E+18,2021
Tue Mar 16 01:37:34 +0000 2021,1,0,1,USER_01455,NAME_01450,,Canada,@JustinTrudeau Can you please make #mbpoli put #asthma at any age over 18 on their #Covid19MB #covid19 vaccine priority. We are high risk too! #COPD isn’t the only breathing condition. Our @MBGov is not protecting us! #VaccinesForAsthmatics,1.37E+18,2021
Mon Feb 22 16:58:01 +0000 2021,0,0,0,USER_01456,NAME_01451,,United Kingdom,"Anyone gone and had their #COVID19 #vaccine at @BrightonRace ? My mother who has asthma is booked to this site on Saturday, spoken on the phone with the booking team &amp; they said they do not send appointment confirmation has anyone had any issues with this when the have attended?",1.36E+18,2021
Sat Jan 09 12:30:22 +0000 2021,0,1,0,USER_01457,NAME_01452,,United States,"Wow it looks like I will be almost last to get a COVID19 vaccine. Even with asthma and type 1 diabetes and 2 other autoimmune disorders.
https://t.co/x41WaArPYf",1.35E+18,2021
Sat Dec 19 16:57:50 +0000 2020,3,2,0,USER_01458,NAME_01453,,,"No. Asthma is not a risk factor to having a reaction to the COVID19 vaccine. Remember that the risk of an allergic reaction to the vaccine was found to be 0.53% vs 0.61% in placebo during the study of over 42,000 people.",1.34E+18,2020
Mon Feb 15 09:07:07 +0000 2021,1,1,0,USER_01459,NAME_01454,,,Please share and sign peeps. I know it probably won’t change their minds but its worth a shot. https://t.co/9G8P8O82nE #asthma #COVID19 #vaccine,1.36E+18,2021
Tue Dec 22 17:08:44 +0000 2020,8,3,3,USER_01460,NAME_01455,,United Kingdom,"There has been an update on this from @asthmauk. People with asthma taking inhaled steroids will be in priority group 6, the 'at risk' group. for #covid19 vaccine. https://t.co/INo7A2oPuC",1.34E+18,2020
Sun Jan 24 16:43:56 +0000 2021,1,0,0,USER_01461,NAME_01456,,United States,"The COVID19 vaccine can help keep each of us healthy. 
This is true if you have HIV or asthma. 
This is true if you are a member of the LGBTQIA+ community or are straight.
This is true if you are cisgender or transgender.
This is true regardless of the color of your skin.

3/3 https://t.co/34HbTUSypu",1.35E+18,2021
Tue Feb 16 18:50:28 +0000 2021,1,1,0,USER_01462,NAME_01457,,Bosnia and Herzegovina,Covid19 Vaccine: Asthma Patients Off Priority Group 6 List https://t.co/DW5w0FCEvU via @invisiblymeblog,1.36E+18,2021
Sun Jan 03 00:27:52 +0000 2021,2,0,0,USER_01463,NAME_01458,,United States,"Just got approved for my Covid19 vaccine this week! I qualify bc I do home health dealing with people’s faces, have asthma, and am over a qualifying age (we can just leave that # out, right? 😉)
I’m pretty dang excited!",1.35E+18,2021
Wed Sep 29 14:18:46 +0000 2021,1,1,0,USER_01464,NAME_01459,,,Has anyone else’s asthma got worse after getting the #covid19 vaccine? #COVID19Vaccine can’t tell if it’s from that or harvest season but I haven’t been able to take a full breath since getting my second shot,1.44E+18,2021
Tue Dec 22 16:07:33 +0000 2020,0,0,0,USER_01465,NAME_01460,,United States,"When will people with asthma get the #COVID19 vaccine? Can someone please shed some insight? @GovMurphy I know not yet, and thats fine, but 1C?  Anything???",1.34E+18,2020
Tue Feb 16 18:56:42 +0000 2021,3,1,0,USER_01466,NAME_01461,,United Kingdom,"If you have asthma and thought you were in priority group 6 for getting the Covid19 Vaccine, you might find you no longer are. Please read this post and sign the petition about it. (Link to petition is in the post)

 https://t.co/0uCbdupWfd via @invisiblymeblog",1.36E+18,2021
Sat Dec 11 07:48:41 +0000 2021,0,0,0,USER_01467,NAME_01462,,France,Do other folks with #asthma also get severe asthma attacks after each #COVID19 #vaccine? I had 2 #AstraZeneca jabs &amp; just recently 1 #Moderna and each time I am in for several uncontrollable asthma days. On the upside it would probably be 10 times worse with real Covid. https://t.co/iC4B0hJZ8g,1.47E+18,2021
Tue Aug 17 00:37:15 +0000 2021,3,0,1,USER_01468,NAME_01463,,United States,"Visit Carle's Mobile Health Clinic for affordable, non-urgent medical care, and more, in a neighborhood near you.

THIS WEEK:
Every day - Johnson &amp; Johnson #COVID19 vaccine
Wed/Thu - Mobile Market
Thu - Robbins Pediatric Asthma Clinic

Location schedule 🚌 https://t.co/Lnumgrh8H5 https://t.co/xj8MYAnr2E",1.43E+18,2021
Mon Jul 26 00:46:55 +0000 2021,1,0,1,USER_01469,NAME_01464,,United States,"Have you got the #COVID19 vaccine?  

Was no question for me got it ASAP, littlest girl has virus induced asthma.",1.42E+18,2021
Thu Mar 18 19:34:02 +0000 2021,17,0,0,USER_01470,NAME_01465,,United Kingdom,"Feeling very thankful that I was called early and received my  #COVID19 #vaccine today. 

One step closer to getting back to the real world again! 🌎

#blessed #thankful #BetterTogether #Wednesdayvibe #asthma #asthmatic #nhs #lucky #VaccinationDrive #GetVaccinated",1.37E+18,2021
Thu Aug 12 18:35:49 +0000 2021,5,3,2,USER_01471,NAME_01466,,United States,"Most adults with an underlying health condition like diabetes, heart disease, high blood pressure or asthma, can safely get a #COVID19 vaccine. Talk to your health care provider about getting vaccinated &amp; continuing to care for your health. Visit https://t.co/b96xkXPYCn for more. https://t.co/Uy6ueHCojM",1.43E+18,2021
Thu Mar 04 20:14:18 +0000 2021,3,0,1,USER_01471,NAME_01466,,United States,"The #COVID19 Vaccine &amp; HIV Community Forum answers many questions you might have about the #COVID19 Vaccine &amp; HIV. There’s also a place to submit questions. Adults living with HIV will become eligible for the COVID vaccine no later than March 29. 
https://t.co/mvFWzMiXNc https://t.co/vlAV39YPkN",1.37E+18,2021
Tue Sep 14 12:06:15 +0000 2021,1,0,0,USER_01472,NAME_01467,,United States,"Both my children received the #COVID19 vaccine. Both have asthma. Mom is relieved! Still, we take precautions because though vaccinated people are less likely to get severe illness or be hospitalized, #LongCovid  is still a possibility. We are COVID-free &amp; wish to remain so.",1.44E+18,2021
Thu Jan 28 19:09:33 +0000 2021,5,0,0,USER_01473,NAME_01468,,United States,"Heads up @NEDHHS: signed up for Covid19 Vaccine, filled out every category &amp; when prompted to verify info, the county I reside &amp; work in shows blank. 

Submitted anyway because as a public school teacher with asthma I deserve the vaccine ASAP!

CC: @TonyVargas, my state senator",1.35E+18,2021
Thu Feb 18 20:46:14 +0000 2021,47,6,10,USER_01474,NAME_01469,,United States,"Yesterday @MassGovernor announced, as of today: anyone 65 or older, or who has 2 or more qualifying medical conditions, including asthma, is now eligible to receive the #COVID19 vaccine.",1.36E+18,2021
Mon Apr 18 16:02:25 +0000 2022,1,0,0,USER_01475,NAME_01470,,United States,"Diabetes, heart disease, asthma, and high blood pressure affect the Bronx community in a large way, compromising immune systems and the ability to fight viruses. Get your #COVID19 vaccine/booster shot TODAY! Schedule your appt at UCHC 877.829.4692 #BronxStrong #FQHC #CHC #NACHC https://t.co/l87TgqFl1N",1.52E+18,2022
Mon Feb 08 16:05:11 +0000 2021,0,0,0,USER_01476,NAME_01471,,Ireland,"FAQ: Can an someone on asthma medication receive a COVID-19 vaccine? ❓🤔
Answer: Yes. 
Underlying asthma is not a contraindication. 👍

#asthma #covid19 #vaccine #irishmammy #inhaler #blueinhaler #browninhaler #asthmameds #allergies #trigggers #vaccination #reactions",1.36E+18,2021
Wed Feb 17 18:39:16 +0000 2021,0,0,0,USER_01477,NAME_01472,,,"@asthmauk #asthma #covid19 #vaccine #UKGovernment 
Great opportunity to ask some questions",1.36E+18,2021
Wed Aug 04 01:45:57 +0000 2021,0,1,0,USER_01478,NAME_01473,,,"Ok here’s something crazy…since I got the 2nd #COVID19 #vaccine my #Asthma is nearly gone. I’m not hacking up a lung constantly. I’m shocked. And I can’t get a flu shot…I get sick as a dog. 
I was terrified…but I got the vaccine. I can’t believe how great I feel. Go figure!",1.42E+18,2021
Sat Feb 20 06:49:19 +0000 2021,2,1,1,USER_01479,NAME_01474,,,"Naorem Sundari, 48yr/F Aganwadi staff, Bishnupur, MN; COVISHIELD jab @ 12 Feb; AEFI- fever &amp; allergies, condition worsened, 🏥ized, died on 19 Feb. Allegedly Sundari had reported about past asthma &amp; experiencing allergy but still jab was given.

Post-COVID19 vaccine deaths: 39 https://t.co/k1VRCCT3nE",1.35E+18,2021
Sun Jun 20 02:15:52 +0000 2021,6,2,10,USER_01479,NAME_01474,,,"Govt of Assam has decided that all cancer, diabetes mellitus, chronic kidney disease, chronic liver disease, HIV, TB &amp; such chronic illness requiring long treatment or steroid therapy shall be preferentially admin COVID19 vaccine. (Order on 18 June 2021) https://t.co/gpeAyK3Tb4 https://t.co/Jpk3BR0Rzx",1.41E+18,2021
Tue Feb 16 00:18:01 +0000 2021,2,0,2,USER_01480,NAME_01475,,United Kingdom,"The likely reason why asthma patients have been shafted by Johnson on #COVID19 vaccine priority......more nice shiny headlines &amp; deadlines to please the CRG:

https://t.co/KCybmGI210 #COVID19UK https://t.co/Ror62BZ9VS",1.36E+18,2021
Mon Feb 15 19:33:05 +0000 2021,5,0,4,USER_01480,NAME_01475,,United Kingdom,"Slimy UK Gov now shafting asthma sufferers on #COVID19 vaccine priority

There're approx 5 million people in UK receiving treatment for asthma

Now some will be left exposed as Johnson lifts restrictions against advice

https://t.co/EyGkNftV0y

https://t.co/rDUawgJ5zD

#COVID19UK https://t.co/tfjaMF8PjV",1.36E+18,2021
Wed Mar 10 21:29:01 +0000 2021,11,0,2,USER_01481,NAME_01476,,,"Can people with asthma get the #COVID19 vaccine? Yes!

People with mild to severe #asthma were included in clinical trials for the Moderna and Pfizer-BioNTech vaccines currently being distributed in the United States. https://t.co/WZzYt8RQhO #vaccination #healthcare #medicine",1.37E+18,2021
Mon Dec 21 13:53:36 +0000 2020,1,1,0,USER_01482,NAME_01477,,,Thank you @AAFANational for sharing information on #COVID19 #vaccine for those with #asthma and #allergies.  More information at @COVIDVxProject,1.34E+18,2020
Tue Feb 16 13:25:46 +0000 2021,0,1,0,USER_01483,NAME_01478,,United Kingdom,"Wish media orgs like BBC would make up their minds. Ppl who should get #covid19 vaccine priority: teachers, millions w/ v mild asthma, ppl w/ disabilities, etc. Only so much vaccine &amp; nurses. So make up your mind, who should get it first? Follow sci advice maybe to reduce deaths?",1.36E+18,2021
Fri Feb 26 14:26:16 +0000 2021,2,0,0,USER_01484,NAME_01479,,United Kingdom,"The decision by the JCVI to not include all those with asthma in the next phase of the #Covid19 vaccine rollout is wrong.

Evidence shows those with asthma are more at risk from Covid and #LongCovid. Sign our petition calling for an urgent rethink 🔽
https://t.co/4sJf7QUrCk https://t.co/IZw7FD704N",1.37E+18,2021
Mon Feb 08 16:46:31 +0000 2021,3,1,1,USER_01485,NAME_01480,,United Kingdom,@CV_UHB @vaughangething @PublicHealthW Thanks a lot. Usually with the flu vaccine patients with asthma are considered priority. I'd be really concerned if they aren't considered priority for the covid19 vaccine.,1.36E+18,2021
Tue Oct 18 23:16:02 +0000 2022,4,0,3,USER_01486,NAME_01481,,United States,"Christine Sadlowski talks to Dr. Martin C. Runnström and Dr. Pedro A. Lamothe about their study, presented at #CHEST2022, on the effect of biologic therapies for #asthma and atopic dermatitis on #COVID19 vaccine response. https://t.co/livmbT80ie https://t.co/M3eJCVYw2m",1.58E+18,2022
Wed Feb 23 05:54:11 +0000 2022,1,0,0,USER_01487,NAME_01482,,Israel,"Reduced #COVID19 #Vaccine Response in Patients on Biologic Therapies for #Asthma
Biologics affecting IL-5 or IL-4 cause reduced Ab response compared to controls starting from day 1 post 2nd dose. People on corticosteroids were excluded from study.  
https://t.co/TFtcK4Z8qo https://t.co/dRXuNopUs2",1.50E+18,2022
Sat Feb 20 02:29:45 +0000 2021,1,0,0,USER_01488,NAME_01483,,,@LBAU23A @AnnieFuller09 @ScottMorrisonMP @GregHuntMP Went to the GP today (need prescription for asthma preventer) asked about the covid19 vaccine. GP couldn't answer. She said she doesn't even know when her opportunity to get the vaccine is.,1.36E+18,2021
Mon Feb 15 14:23:41 +0000 2021,19,0,1,USER_01489,NAME_01484,,United Kingdom,@asthmauk I feel so let down. Asthma UK you were disappointingly slow off the mark at the beginning of the Covid19 pandemic and have been too passive for too long regarding the Covid19 Vaccine.,1.36E+18,2021
Tue Aug 03 18:31:30 +0000 2021,0,0,0,USER_01490,NAME_01485,,United Kingdom,"WATCH ▶️ I got my #COVID19 vaccine because...

""My brother's got asthma and my dad's not very well.""

Book an appointment or find a drop-in centre: https://t.co/lbYvWJxKck https://t.co/itx3KKnPZ0",1.42E+18,2021
Mon Nov 08 19:19:34 +0000 2021,0,0,0,USER_01490,NAME_01485,,United Kingdom,"To mark the last day of #AskYourPharmacist week, mariacaulfield visited SgBaraipharmacy to see all the services offered by local pharmacies. 

You can visit your pharmacist for advice &amp; support on anything from blood pressure checks to receiving your #COVID19 vaccine. https://t.c",1.46E+18,2021
Wed May 19 09:07:59 +0000 2021,1,0,0,USER_01491,NAME_01486,,Australia ,"Hi @PatsKarvelas in my 50's was eligible for a #COVID19 vaccine which I had 4 weeks ago #AstraZeneca because I was hospitalised for an #Asthma attack 12 years ago that put me on an Asthma Extender puffer and Blood Pressure Medication 

Just advertise the facts @ScottMorrisonMP",1.39E+18,2021
Thu Mar 25 01:30:02 +0000 2021,2,0,1,USER_01492,NAME_01487,,,"The @asthmacouncilau has updated the #AustralianAsthmaHandbook to coincide with phase 1b of the #COVID19 vaccine rollout. GP and Chair of the Guidelines Committee, Prof @nickzwar says he hopes it will instil confidence in patients with #asthma. #newsGP  
https://t.co/aPRebR06Xi",1.37E+18,2021
Sat May 13 00:59:59 +0000 2023,0,0,0,USER_01493,NAME_01488,,,"@MeetJess Yes got it at local medical clinic. This site lists which #Covid19 vaccine is available in Victoria Australia. You can refuse Pfizer and Moderna if have any co-morbidity such as asthma. Or older. 
https://t.co/GtIlriOuhi",1.66E+18,2023
Tue Dec 29 06:45:05 +0000 2020,0,0,0,USER_01494,NAME_01489,,,"#COVID19 #Vaccine Can Cause Severe Asthma Attack Because of this One Ingredient... I'm Shocked the paid off Govt officials lied yet again
 https://t.co/KYDRcoMEkf",1.34E+18,2020
Sat Feb 20 02:54:19 +0000 2021,0,0,0,USER_01495,NAME_01490,,,@MassGovernor - Would you explain why an obese smoker or a smoker with moderate asthma can get a #COVID19 vaccine but someone with #cysticfibrosis cannot? This is MA’s priorities?,1.36E+18,2021
Sat Apr 10 16:30:22 +0000 2021,5,0,0,USER_01496,NAME_01491,,,"Almost 30,000 people with chronic conditions have participated so far in Inspire's #COVID19 vaccine survey. Approx. 26.3% of 296 individual with #asthma reported not qualifying for the the COVID vaccine due to local restrictions. View more results now: https://t.co/lRxz2K0sT4 https://t.co/2heBsqjlh8",1.38E+18,2021
Wed Feb 17 18:40:36 +0000 2021,13,1,4,USER_01497,NAME_01492,,United States,"Asthma added to list of eligible medical conditions for #COVID19 vaccine! Important inclusion for Springfield area as the 2019 “Asthma Capital of the USA”. 

TY @MindyForMA &amp; Rep. Gonzalez, proud to join you and 49+ colleagues to call for this.
https://t.co/hsK7eHZHQQ",1.36E+18,2021
Mon Jan 09 19:38:17 +0000 2023,28,27,8,USER_01498,NAME_01493,,United States,"Catch-up on the latest #NIH news: A “genotype first” approach to patient care, how hydration levels affect health, what causes non-viral #asthma attacks, award-winning diets supported by NIH, and the safety of the #COVID19 vaccine in youth following MIS-C. https://t.co/60e6d7wokH",1.61E+18,2023
Sat Feb 27 22:17:20 +0000 2021,95,4,9,USER_01499,NAME_01494,,United Kingdom,"The Duke and Duchess of Cambridge heard from Shivali and Fiona - who both have long-term health conditions, and are now eligible to receive the #Covid19 vaccine. Shivali, who has type 2 diabetes, and Fiona, who lives with asthma, shared their experiences of the pandemic.",1.37E+18,2021
Mon Sep 27 12:30:01 +0000 2021,1,0,0,USER_01500,NAME_01495,,United States,"In a new #InstituteResearchRecap, @DeptPopMed investigators explore #ACA Marketplace enrollment; #COVID19 #vaccine surveillance; OOP spending on #asthma care; #polygenic risk scores; pediatric BMI by region; &amp; recs for those at high risk for skin cancer.

https://t.co/Wn4bOeY5PO https://t.co/msyCXuBjY8",1.44E+18,2021
Sat Feb 20 19:43:01 +0000 2021,1,0,0,USER_01501,NAME_01496,,United States,"As of Feb.15, pregnant New Yorkers and New Yorkers of any age with certain diseases or health problems such as sickle-cell disease, Type 1 or 2 diabetes, asthma, obesity, and high blood pressure are eligible to receive the #COVID19 vaccine. https://t.co/FKPRhncYC5",1.36E+18,2021
Thu Feb 18 13:51:59 +0000 2021,0,0,0,USER_01502,NAME_01497,,United States,"Starting today! People 65 and older and those with two or more of certain medical conditions, including Asthma, can book #COVID19 vaccine appointments. Book an appointment and check your eligibility through the state’s website: https://t.co/wzUqaMhIsn",1.36E+18,2021
Tue Mar 09 04:24:52 +0000 2021,3,0,2,USER_01503,NAME_01498,,United States,"High blood pressure? Cancer? Asthma? 

These and about a dozen other ailments are expected to make you eligible for the #COVID19 vaccine in Louisiana starting tomorrow. 

https://t.co/7876Y3nIaE #lalege #lagov",1.37E+18,2021
Sun Sep 05 09:58:07 +0000 2021,0,1,0,USER_01504,NAME_01499,,United Kingdom,"Confirmed that ""Uncontrolled asthma"" in the context of 12-15 yrs #COVID19 vaccine eligibility is defined as:
1. ≥2 courses of oral corticosteroids in preceding 24 months OR
2. On maintenance oral corticosteroids OR
3. ≥1 hospital admission for asthma in preceding 24 months 4/n",1.43E+18,2021
Tue Feb 23 20:51:55 +0000 2021,10,0,3,USER_01505,NAME_01500,,United Kingdom,"Everyone with asthma  and not already in priority group 4 and 6 for the #COVID19 vaccine , should be prioritised in the next wave of the vaccine roll out says @lungwales .

@BBCRadioCymru",1.36E+18,2021
Wed Mar 17 15:28:07 +0000 2021,11,0,0,USER_01506,NAME_01501,,United Kingdom,"Thread #AsthmaticsAtRisk 

Solidarity with fellow #ChronicIllness people struggling to obtain their rightful ‘clinically vulnerable’ status recognised in order to obtain #COVID19 vaccine

I have many family members with #Asthma",1.37E+18,2021
Tue Mar 02 04:04:42 +0000 2021,15,0,3,USER_01507,NAME_01502,,United States,How will officials decide if someone with asthma gets a #COVID19 vaccine before a cancer patient? (via @AliceParkNY for @TIME on News+) https://t.co/MoO4822bNW,1.37E+18,2021
Mon Mar 08 16:36:28 +0000 2021,0,0,0,USER_01508,NAME_01503,,United States,"ICYMI: New Jersey adds 11 medical conditions, including being overweight and asthma, to #COVID19 vaccine eligibility list – read more: https://t.co/sjeF3f24HC via @njdotcom #vaccinenj",1.37E+18,2021
Fri Aug 26 10:44:44 +0000 2022,1,1,0,USER_01509,NAME_01504,,Zambia,"#COVID19 vaccine are safe for all, including pregnant &amp; breastfeeding women, those living with HIV, &amp; others with underlying health conditions, including hypertension, diabetes, asthma &amp; pulmonary, liver &amp; kidney diseases.",1.56E+18,2022
Tue Apr 06 10:45:55 +0000 2021,0,1,0,USER_01510,NAME_01505,,United Kingdom,"@BB_Taylor_ @NHSuk People with severe asthma are eligible to receive the #COVID19 vaccine.

If you have asthma, you can find further guidance about your priority group here: https://t.co/BF0OzUDvDL

If you’re eligible for the vaccine, you can book an appointment here: https://t.co/ahwVTF21ou",1.38E+18,2021
Fri Mar 12 16:18:47 +0000 2021,0,0,1,USER_01511,NAME_01506,,Canada,"Today on @770CHQR with @ShayeGanam:
9:30 @WhiteLightKing #AB investing
10 @DavidLYager #AB budget
10:30 @JarisSwidrovich Indigenous vaccine hesitancy
11 @cpa_backtheblue #COVID19 vaccine priority
12 Byram W. Bridle, #COVID19 and asthma
https://t.co/rnwRycRiaB",1.37E+18,2021
Tue Mar 30 02:35:13 +0000 2021,0,0,0,USER_01512,NAME_01507,,United States,New momma task until whenever...logging on to every #COVID19 #vaccine provider until 3/4 of the family got that shot. And praying the 15.5 yo w asthma makes it until he's eligible.,1.38E+18,2021
Sun Mar 07 18:25:59 +0000 2021,0,0,0,USER_01513,NAME_01508,,Europe,Non-chronic #asthmatics do not count as #AtRisk for #Covid19 #vaccine. Against virus that attacks the #respiratory system. Even when #asthma attack in normal times with no pandemic may mean 6 weeks inhaling steroids through a #mask &amp; #machine and #physiotherapy to help breathing https://t.co/mQ7nMv4oay,1.37E+18,2021
Tue Feb 23 21:51:01 +0000 2021,2,0,0,USER_01514,NAME_01509,,United Kingdom,"People with asthma deserve to have our health taken seriously, we must get placed in the #COVID19 vaccine in the priority groups before it's too late. #asthmaticsatrisk",1.36E+18,2021
Fri Dec 18 18:05:25 +0000 2020,1,1,0,USER_01515,NAME_01510,,,"I have a long history of anaphylaxis to drugs, foods, latex. I have asthma &amp; have had pneumonia. As soon as a COVID19 vaccine is avail to general public, my sleeve will be up. The risks of COVID19 to my family far outweigh the very rare risk of a treatable allergic reaction.",1.34E+18,2020
Fri Mar 05 05:34:59 +0000 2021,1,0,0,USER_01516,NAME_01511,,United States,Are you kidding me? They have so much vaccine they can’t get rid of it and my 50 year old friend in CA with Asthma is SOL? How is the distribution so messed up? #COVID19 #vaccine https://t.co/SQqK6RTtDN,1.37E+18,2021
Fri Jan 29 13:26:04 +0000 2021,5,0,0,USER_01517,NAME_01512,,United Kingdom,@myldn please ask gov to list which steroids qualify for asthmatics to be in group 6 for the #COVID19 #vaccine or clarify what systemic steroids means. Thousands if not millions of people in UK confused and anxious. Story here you can write. #asthma #CovidVaccine,1.36E+18,2021
Fri Jan 29 19:44:10 +0000 2021,1,0,0,USER_01518,NAME_01513,,United States,Got an appointment for mum to get her first #COVID19 #vaccine. @myAllinaClinic reached out to her. Hoping that as her #caretaker who also suffers from #asthma I will qualify for a #vaccine soon too. #eldercare. #Minnesota #vaccinations,1.36E+18,2021
Tue Mar 16 16:05:58 +0000 2021,0,0,0,USER_01519,NAME_01514,,United Kingdom,"My Dad, who has asthma and is over 60, got the #COVID19 vaccine today in Edinburgh. Apparently, the process was very efficient and genial. He is buzzing now having had it. Thank you @NHSuk and @NHS_Lothian.",1.37E+18,2021
Fri Mar 19 22:55:46 +0000 2021,0,0,0,USER_01520,NAME_01515,,,"I can make a pristine retirement portfolio for any one with any preferred risk level, any age and any income.

But I can't find out how to get my covid19 vaccine at home in Florida as a disabled person with asthma and hypertension.

@twilio @CDCgov",1.37E+18,2021
Sat Mar 20 13:44:12 +0000 2021,1,0,0,USER_01521,NAME_01516,,United States,@GregAbbott_TX my daughter has severe asthma and can not get a COVID19 vaccine! Even though lung conditions are on CDC requirements! Because you can’t read unless it’s tapped in stone you neanderthal! #ResignAbbott #RepublicansAreTheProblem,1.37E+18,2021
Wed Mar 10 02:19:38 +0000 2021,0,0,0,USER_01522,NAME_01517,,United States,This isn't just for allergic asthmatic patients. This article answers most questions from #Anyone re: #covidvacccine #HerdImmunity ...  The #COVID19 Vaccine: The Latest Information for People With Asthma and Allergies https://t.co/kEgzwp3051,1.37E+18,2021
Thu Jun 03 20:00:00 +0000 2021,0,0,0,USER_01523,NAME_01518,,,"Whether you live in #Australia or elsewhere, #patients at risk may have early access to the #covid19 #vaccine. Look for the conditions in your country. #diabetes #asthma #heartdisease #PatientEmpowerment #VaccinesWork #nursing https://t.co/9ynAVDehgQ",1.40E+18,2021
Mon Feb 15 00:49:37 +0000 2021,1,1,1,USER_01524,NAME_01519,,Philippines,"@iamkarendavila @EdselSalvana #ANCHeadstart Lobo: AstraZeneca is a viral vector vaccine. If you had an allergic reaction to the first dose of the #COVID19 vaccine, you are not advised to go for the second dose. But if you have asthma or allergic rhinitis, you can still take the vaccine.",1.36E+18,2021
Sat Mar 18 06:30:00 +0000 2023,490,65,125,USER_01525,NAME_01520,,Uganda,"If you had the COVID19 infection or had a COVID19 vaccine, please check your blood pressure as soon as possible to make sure it's ok.

Many people are developing unexpected high blood pressure post COVID19.

If high, see a doctor and ensure you're lifestyle is heart friendly.",1.64E+18,2023
Thu Feb 23 07:25:00 +0000 2023,148,16,24,USER_01525,NAME_01520,,Uganda,"Post COVID19 we are seeing people have significant new, worsening and unexpected rises in blood pressure.

If you've had COVID19 or the vaccine, please check your blood pressure regularly.

Mine went up 20 points from consistently 100/60 to 120/80 after one of 3 COVID infections.",1.63E+18,2023
Thu Nov 16 02:17:48 +0000 2023,485,33,107,USER_01526,NAME_01521,,Canada,"The Covid19 Vaccine may cause high blood pressure, potentially for a long time. It can damage your arteries which may lead to clots, strokes and death.

That's just one side effect that should be on the informed consent paper.",1.72E+18,2023
Sun Jul 11 07:03:25 +0000 2021,10,0,0,USER_01527,NAME_01522,,Fiji,"On intravenous antibiotics, high blood pressure and coughing blood but the phone call with her partner is him telling her she shouldn’t have got the #COVID19 vaccine &amp; how he won’t get the vaccine because sIdE EfFeCts🙄🥴 https://t.co/mfREib0i3f",1.41E+18,2021
Fri Mar 25 03:05:27 +0000 2022,0,0,1,USER_01528,NAME_01523,,United States,"#Covid19 #Vaccine maker #Pfizer forced to recall blood pressure medications because of cancer risk. 

Yeah, go get another #Booster... #Sheep",1.51E+18,2022
Thu Feb 10 18:55:27 +0000 2022,2,0,1,USER_01529,NAME_01524,,,@Ph_Towncrier @VictorIsrael_ @aproko_doctor @DrOlufunmilayo I am not a doctor but when I took covid19 vaccine I had low blood pressure. When I called a doctor friend he said more water.,1.49E+18,2022
Sat Oct 07 00:03:56 +0000 2023,2,0,1,USER_01530,NAME_01525,,United States,"We are proud to have partnered with the Department of Aging and The Ryan Health Center for an amazing community event. Our clients were able to get information on senior programs and got assistance with flu shots, blood pressure tests and the COVID19 Vaccine.#yourcityyourpalante https://t.co/IEYJlOKXgC",1.71E+18,2023
Sun Nov 26 05:15:48 +0000 2023,0,0,0,USER_01531,NAME_01526,,,"I used the free blood pressure machine at walmart. I put my arm in, the pressure tightened on my arm, locking me in the machine. Then it played a covid19 vaccine ad lol",1.73E+18,2023
Mon Jan 16 18:20:10 +0000 2023,0,0,0,USER_01532,NAME_01527,,South Sudan,"If I was still in #Canada I would of took #COVID19 vaccine &amp; I'm O+ it world of been so so great recovery like #CNNSport &amp; camara, my blood pressure test is now 100 for donation maybe.",1.62E+18,2023
Fri Jun 02 15:46:18 +0000 2023,0,0,0,USER_01533,NAME_01528,,,"@abati1990 From ""blood pressure"" to covid19 vaccine &amp; the story goes on &amp; on, but only the Famiky knows best.
My thoughts &amp; get well prayers to the multi talented fav Star. 🙏 https://t.co/IiZgnGUzXQ",1.66E+18,2023
Thu Feb 17 13:04:25 +0000 2022,0,1,0,USER_01534,NAME_01529,,United Kingdom,"@Jamy79290750 Because it is scare mongering click bait
People with high blood pressure who take paracetamol on prescription could be increasing their risk of heart attacks and strokes, a study suggests.
""could""
""suggests""

Meanwhile the #covid19 vaccine is perfectly safe

#MSM are shite.",1.49E+18,2022
Wed Nov 23 13:22:08 +0000 2022,1,0,0,USER_01535,NAME_01530,1957,United States,"@badbusterboy As the #COVID19 vaccine prevented me from getting seriously sick (5 days of headache &amp; exhaustion) or dying (I’m 65 with high blood pressure), I’ll keep getting boosters. #BlockAllAntiVaxBots",1.60E+18,2022
Sun Jan 10 11:51:36 +0000 2021,1,1,0,USER_01535,NAME_01530,1957,United States,"@CarrieDDahl We're in the Pittsburgh area. We might get the #COVID19 vaccine in June.  By then, my husband will be 66 &amp; I will be 64 (but have high blood pressure, so I can go a bit early).  But that means we might be able to travel out of state (or, hell, out of county) later this year.",1.35E+18,2021
Fri May 19 15:30:00 +0000 2023,1,0,1,USER_01536,NAME_01531,,United States,"FREE COVID-19, Flu Vaccines &amp; Blood Pressure Tests at @brazilianwomensgroup THIS Saturday, May 20th from 11am - 1pm.

Participants will also receive a $25 gift card

#miracoalition #covid19 #vaccine https://t.co/lsvYvLRo11",1.66E+18,2023
Fri Dec 09 10:00:23 +0000 2022,3,0,3,USER_01537,NAME_01532,,United Kingdom,"Until 4pm today, you can get your #COVID19 vaccine (12+ yrs old) &amp; have your blood pressure &amp; BMI checked at Bell Square (Hounslow High Street, TW3 3HH). #COVID_19 vaccines are also available from West Middlesex University Hospital in Isleworth (TW7 6AF).

https://t.co/mav7KQZGkX https://t.co/WpEQTRvXZD",1.60E+18,2022
Sat Mar 04 11:00:28 +0000 2023,0,0,0,USER_01537,NAME_01532,,United Kingdom,"If you're 12+, you can get your #COVID19 vaccine and check your blood pressure and BMI at our mobile clinic at Bell Square on #Hounslow High Street today until 4pm.

For more details, visit: https://t.co/mav7KQZGkX #bloodpressure #bmi #knowyournumbers https://t.co/Og4Qk6qNlU",1.63E+18,2023
Sat Mar 18 11:00:24 +0000 2023,0,0,0,USER_01537,NAME_01532,,United Kingdom,"If you're aged 12+, you can get your #COVID19 vaccine along with your BMI and Blood Pressure checked today until 4pm at our mobile clinic located at #Chiswick Sainsbury's (31 Essex Pl, W4 5UT).

For more information and future dates &amp; locations, visit: https://t.co/mav7KQZGkX https://t.co/jqDjgvUdp8",1.64E+18,2023
Sat Feb 25 10:00:21 +0000 2023,0,0,0,USER_01537,NAME_01532,,United Kingdom,"Over 12yrs old? Then get your #COVID19 vaccine as well as checking your BMI and Blood Pressure at our mobile clinic at Morrisons Brentford (228-246 High Street, TW8 0AB) today until 4pm.

For more information, including future dates, times &amp; venues, click: https://t.co/mav7KQZGkX https://t.co/omtOxoDIyq",1.63E+18,2023
Wed Mar 23 03:09:53 +0000 2022,0,0,0,USER_01538,NAME_01533,,,"How do you have a recall of blood pressure drugs???
It’s not exactly a manufactured car seat
But hey, let’s trust @AlbertBourla when he pays @US_FDA &amp; @CDCgov to tell us his @pfizer #COVID19 ‘vaccine’ is tested &amp; safe.
https://t.co/c7KdQ3mPSz",1.51E+18,2022
Wed Aug 25 05:12:05 +0000 2021,13,2,2,USER_01539,NAME_01534,,New Zealand,"Reported side effects of covid19 vaccine: sore arm, feel a bit poorly, and rare cases of allergic reaction.

Ivermectin: nausea, vomiting, diarrhea, low blood pressure, allergic reactions, dizziness, problems with balance, seizures, coma and even death.",1.43E+18,2021
Sat Sep 25 21:53:18 +0000 2021,2,1,0,USER_01540,NAME_01535,,,"If the #Covid19 #vaccine were truly effective and life saving, it would not be free. It'd be just like chemo or insulin or blood pressure meds or psychiatric drugs or literally every other life saving drug on the planet.",1.44E+18,2021
Fri Aug 27 23:01:05 +0000 2021,0,0,0,USER_01541,NAME_01536,,Indonesia,@business Does the Covid19 vaccine or disease has any relation with blood pressure increase?,1.43E+18,2021
Sat Apr 24 02:03:27 +0000 2021,0,0,1,USER_01542,NAME_01537,,United States,"This is the kind of tweet where 
I KNOW
I shouldn’t read replies.
And then I do.
And then I’m arguing with imbeciles.
And it’s really bad for my blood pressure.
It’s like a debate match between prepared students and poop-flinging howler monkeys.
#COVID19 #vaccine #debate
#masks",1.39E+18,2021
Wed Aug 25 09:15:52 +0000 2021,0,1,0,USER_01543,NAME_01538,,,@RwandaHealth All my hotel staff have been told to undergo blood test ( hepatitis C and blood pressure) before Covid19 vaccine can be administered. This is happening at Kimonyi health centre in Musanze District. Is this a new requirement?,1.43E+18,2021
Mon Jun 28 05:24:15 +0000 2021,0,0,0,USER_01544,NAME_01539,,India,"Have #COVID19 Vaccine doubts? 

Most people with underlying medical conditions like high blood pressure or diabetes can safely receive the vaccine. 

Taking the vaccine will protect people who are at high risk of severe diseases and death due to #coronavirus

#GetVaccinated https://t.co/U8AcOcs6a5",1.41E+18,2021
Sat Jan 29 13:33:05 +0000 2022,4,1,0,USER_01545,NAME_01540,,Cambodia,"Your health matters the most. 
For people with underlying conditions such as diabetes and high blood pressure, getting a #COVID19 vaccine means preventing hospitalization or death. Get vaccinated as soon as it is your turn. 💪💉 #VaccinesWork https://t.co/9iOnNS3adj",1.49E+18,2022
Tue Jul 26 11:38:26 +0000 2022,0,0,0,USER_01546,NAME_01541,,,"@TheTorontoSun @healthing_ca I fix it for you...

""Those who received the covid19 vaccine is at higher risk of high blood pressure and especially stroke!

💉💉💉",1.55E+18,2022
Wed Sep 22 20:22:01 +0000 2021,3,0,1,USER_01547,NAME_01542,,United States,"This week's #EaglesEyeView summarizes articles on empagliflozin improving #CV outcomes irrespective of blood pressure, the efficacy of the #COVID19 vaccine at 6 months post-vaccination, &amp; more. Listen to the full episode here: https://t.co/g4XX6v2VVQ @keaglemd https://t.co/2o8ucpkmSP",1.44E+18,2021
Wed Nov 17 13:00:34 +0000 2021,0,0,0,USER_01548,NAME_01543,,United Kingdom,"From blood pressure checks to receiving your COVID19 vaccine, Dr Elton Pardoe from @SleafordMedical explains why you should ask your pharmacist first for advice &amp; support on minor illnesses or symptoms. #SelfCareWeek #AskYourPharmacist https://t.co/KPVRgEqtp8",1.46E+18,2021
Wed Feb 08 00:46:39 +0000 2023,0,1,0,USER_01549,NAME_01544,,United States,"@DrLoupis @AlbertBourla Much to their dismay, I survived covid19 WITHOUT a single covid19 vaccine or booster shot and I have heart issues, diabetes, high blood pressure and kidney problems! I can assure anybody that's doubtful that I wouldn't be here now if I had gotten any of those shots!",1.62E+18,2023
Tue Sep 28 12:52:01 +0000 2021,0,0,0,USER_01550,NAME_01545,1992,Uganda,"@MwesigyeWalter Vaccination is supposed to be accepted by a person voluntarily, some people with underlying health conditions like diabetes,high blood pressure, HIV,heartattack, pregnant women are not supposed to be vaccinated by the covid19 vaccine",1.44E+18,2021
Mon Jun 14 09:03:02 +0000 2021,5,2,0,USER_01551,NAME_01546,,Thailand ,"Process at #Bangkok #Thailand #Phayathai2 hospital is that you enter/register, get a number, more waiting, get ushered into room to fill out medical/#covid19 #vaccine form, get blood pressure, temperature taken &amp; off to get a shot. #โควิด19 #whatshappeninginthailand https://t.co/rXM3DABzbk",1.40E+18,2021
Wed Oct 13 15:35:47 +0000 2021,1,1,1,USER_01552,NAME_01547,,United States,"What's new in cancer research at KPWHRI? Our newsletter has a roundup for #breastcancerawarenessmonth from @ErinJBowles, Weiwei Zhu, @DianaBuist, plus news about lowering dementia risk, checking blood pressure at home and #COVID19 vaccine safety https://t.co/DzF7q12T57 https://t.co/jzDZhupIXu",1.45E+18,2021
Thu Oct 14 16:23:51 +0000 2021,1,0,0,USER_01552,NAME_01547,,United States,"In this month's KPWHRI newsletter: Supporting #BreastCancerAwareness all year long—including with mobile mammography. Plus, tracking blood pressure at home, lowering risk of #dementia, #COVID19 vaccine safety, and more! https://t.co/s5MHoXETBm https://t.co/srbSkmx4zi",1.45E+18,2021
Thu May 20 15:57:00 +0000 2021,6,0,1,USER_01553,NAME_01548,,United Arab Emirates,"#COVID19 #vaccine jabs in the UAE: Do you suffer from White Coat Syndrome? A look at how blood pressure spikes in some patients who fear doctors, needles https://t.co/BLHKl7bVEv",1.40E+18,2021
Tue Jun 22 15:25:50 +0000 2021,191,60,46,USER_01554,NAME_01549,,Namibia,"I WAS READY- GEINGOB 

President Geingob said he was ready to take the COVID19 vaccine but he’s Doctors adviced otherwise, given his age and conditions like high blood pressure. Geingob said the vaccine he was to get is not available in the country. 
Video: Julia Heita https://t.co/izWsCqkIrr",1.41E+18,2021
Fri Jul 23 10:57:37 +0000 2021,0,0,0,USER_01555,NAME_01550,,India,"There are so many questions floating around. Is it safe to take #COVID19 vaccine, if you have blood pressure or diabetes? 
#GetSwasthIndia @banegaswasthind https://t.co/b9M2ueZUKx",1.42E+18,2021
Sun Aug 15 18:08:55 +0000 2021,50,1,4,USER_01556,NAME_01551,,Czech Republic,"My uncle suffered a stroke a few months ago, he is still recovering, today, I took him to InnovarX Global Health today for his #Covid19 vaccine. The care that was given to him and managing his blood pressure before the vaccine was amazing. Thank you again @innovarxglobal",1.43E+18,2021
Sun Aug 08 17:46:00 +0000 2021,8,0,1,USER_01557,NAME_01552,,Ireland,"""I don't need a #COVID19 vaccine because God will protect me"" says people who wear contacts for poor vision, have fillings in cavities, received joint replacements, and take meds for high blood pressure and cholesterol. God sent a miracle vaccine. Take His gift!",1.42E+18,2021
Sun Jun 27 03:45:36 +0000 2021,1,0,0,USER_01558,NAME_00192,,,"@HHSGov Cont.- I Get , Actually Have Right Now 
Side Effects From Blood Pressure &amp;
Other Meds. Continuously !! But 
No Additional From The Covid19 Vaccine !!
At 81 In Sept. , I Was Concerned !!
Everything Fine &amp; Glad To Get Them !!!",1.40E+18,2021
Wed Jun 30 12:21:55 +0000 2021,1,0,0,USER_01559,NAME_01553,,Canada,"Another serious side-effect from #AstraZeneca #Covid19 #vaccine: capillary leak syndrome. Condition causes fluid leakage from small blood vessels resulting in swelling of arms &amp; legs, sudden weight gain, low blood pressure, thickening of blood.😮💉🩸 https://t.co/etFwSVdQFD",1.41E+18,2021
Wed Apr 07 15:38:07 +0000 2021,88,26,20,USER_01560,NAME_01554,,United States,"A recent poll found 49% of GOP men said they wouldn’t take the #COVID19 vaccine. One of them told me he’s on 3 meds for blood pressure &amp; 1 for high cholesterol. He believes Drs when they say take those meds. He doesn’t believe Drs suggesting the COVID shot
https://t.co/F2QZi7lEhz",1.38E+18,2021
Sat May 01 14:09:38 +0000 2021,122,4,26,USER_01561,NAME_01555,,United States,"We’re at @UnivHospNewark’s walk-in event to vaccinate the community, and it’s so exciting.

Not only can folks get a #COVID19 vaccine- we’re also screening for blood pressure, glucose, and more.

Selfies with my incredible team are my favorite part of these events: https://t.co/Bd4voWPbyP",1.39E+18,2021
Fri Jan 22 03:19:00 +0000 2021,15,2,9,USER_01562,NAME_01556,,United States,"“At 18 minutes, it was like my throat started closing...My blood pressure went to 185 over 125, which I guess is very life-threatening.""
#COVID19 #Vaccine #Reactions
https://t.co/AZmh0v1xfJ @CDCgov",1.35E+18,2021
Sat May 01 05:46:02 +0000 2021,5,1,0,USER_01563,NAME_01557,,India,"Respected @himantabiswa sir,
    My father who is 55 years old and has some health issues like high blood pressure and diabetes, and he is taking medicine for that.  Sir can he able to take the covid19 vaccine now?",1.39E+18,2021
Fri Feb 26 13:03:45 +0000 2021,5,0,0,USER_01564,NAME_01558,,,Every single @10DowningStreet announcement about #covid makes my blood pressure sore #COVID19 #vaccine #schools #asthmaticsatrisk #coronavirus #pandemic #Roadmap,1.37E+18,2021
Fri Apr 02 09:24:27 +0000 2021,0,0,0,USER_01565,NAME_01559,,United States,"#Pfizer had been working on blood pressure medication, but the side effect of penile erections was marketed as a feature, and #Viagra was born... Have any side effects of their #Covid19 vaccine been noticed yet?  Ladies, firmer breasts perhaps?",1.38E+18,2021
Mon Jan 18 18:04:19 +0000 2021,0,0,0,USER_01565,NAME_01559,,United States,"Long lasting erections were a side effect of blood pressure medication that didn't work for that, so #Pfizer just went with it and now we have #Viagra... What side effects have since emerged from their #Covid19 vaccine?",1.35E+18,2021
Mon Dec 21 16:50:21 +0000 2020,0,0,0,USER_01565,NAME_01559,,United States,"#Viagra was to be blood pressure medication, but didn't work for that.  The erection inducing side effect became the main feature.  What interesting side effects will come from the #Covid19 vaccine?",1.34E+18,2020
Wed Apr 07 07:15:44 +0000 2021,1,0,0,USER_01566,NAME_01560,1985,,"A #monk (C) has his #blood pressure checked after receiving a shot of #AstraZeneca #COVID19 #vaccine following a new cluster, at a #Buddhist temple in #Bangkok, #Thailand, 07 April 2021. 📷 epa / Diego Azubel

#epaphotos #visualizingtheworld #pandemic https://t.co/sW3bMwmKFv",1.38E+18,2021
Sat May 01 15:45:00 +0000 2021,9,0,2,USER_01567,NAME_01561,,United States,"#COVID19 VACCINE: The clinic is open from 10 a.m. to 2 p.m. and will also offer screenings of glucose, colon cancer, blood pressure, and vision. #Newark #NewJersey
https://t.co/l271CDKDiS",1.39E+18,2021
Mon Mar 15 16:06:03 +0000 2021,1,0,0,USER_01568,NAME_01562,,United States,"#WV has expanded its #COVID19 vaccine program to offer shots to people age *16 and older* with:

- diabetes
- high blood pressure
- chronic kidney disease
- COPD

and other conditions.

Prior list here: https://t.co/0NXYcWrbow

#CommunityImmunityWV
#WVStrong
#InThisTogether https://t.co/uajxnciAin",1.37E+18,2021
Fri Mar 26 23:05:59 +0000 2021,0,0,0,USER_01569,NAME_01563,,,"I GOT SOMETHING TO SAY. COVID19 VACCINE SAVE MY LIFE. I'M 73 WITH HIGH BLOOD PRESSURE, HEART DISEASE. I HAVE COVID 19 MILDLY. AND RECOVERING, BECAUSE OF THE VACCINE. THE 2 VACCINES TOTAL 98% 
I'M HAPPY FOR THE 2% THAT WAS LEFT WHICH SAVE ME FROM LOSING MY BREATH AND LIFE",1.38E+18,2021
Thu May 13 09:00:59 +0000 2021,0,1,0,USER_01570,NAME_01564,,,So this evening I have been feeling mentally unstable. I'm not feeling happy at the moment. My head has a strong hypertension. Hopefully its not my blood pressure being high. I've watched the News &amp; I highly disagree with the idea of being forced to have the COVID19 vaccine. -,1.39E+18,2021
Fri Mar 05 19:37:56 +0000 2021,3,0,0,USER_01571,NAME_01565,,United States,I just applied to Philadelphia to get my covid19 vaccine. I’m only 61 but I have high blood pressure. This may take a while,1.37E+18,2021
Sat May 15 15:30:10 +0000 2021,2,0,0,USER_01572,NAME_01566,,United States,"Happening today: don't forget to join us at Just In Time Hair Trends for a “Cuts &amp; Conversations” in Pasadena. Connect with your neighbors, get your COVID19 vaccine, blood pressure check+ tools to help you stay healthy, all while getting your hair cut. https://t.co/ljVIg9M5wW https://t.co/8N5Q6RLvQ6",1.39E+18,2021
Fri May 14 15:35:03 +0000 2021,0,0,0,USER_01572,NAME_01566,,United States,"Tomorrow Sat 5/15, don't forget to join us at Just In Time Hair Trends for a “Cuts &amp; Conversations” in Pasadena. Connect with your neighbors, get your COVID19 vaccine, blood pressure check+ tools to help you stay healthy, all while getting your hair cut. https://t.co/ljVIg9M5wW https://t.co/v6D5vGSH42",1.39E+18,2021
Thu May 13 19:18:07 +0000 2021,2,0,1,USER_01572,NAME_01566,,United States,"Join us this Sat 5/15 as we partner with Just In Time Hair Trends to bring you a “Cuts &amp; Conversations” event. Connect with your neighbors, get your COVID19 vaccine, blood pressure check+ tools to help you stay healthy, all while getting your hair cut. https://t.co/pGSE8eTpoi https://t.co/MxqbvuXrFj",1.39E+18,2021
Sun Jan 17 13:29:03 +0000 2021,5,1,2,USER_01573,NAME_01567,,India,"Dear @narendramodi you warned media house but spread fake news on #COVID19 #Vaccine

But @NDTV spreading fake news on #vaccine
Headline vs Reality

Man forgot to take his blood pressure medicine how NDTV spinning the story https://t.co/r8SuHf9acS",1.35E+18,2021
Thu Apr 08 15:25:09 +0000 2021,1,0,0,USER_01574,NAME_01568,,United States,"Saturday at 8 a.m., join @WWADColorado at Crestmoor Park. Learn about the #COVID19 vaccine, walk with our doctors, get blood pressure checks, breakfast and Starbucks coffee! https://t.co/iQ6Orkl0hQ https://t.co/xw6Wde4uC6",1.38E+18,2021
Thu Feb 25 03:18:55 +0000 2021,11,1,2,USER_01575,NAME_01569,,United States,"Diabetes, High Blood Pressure, 73 years old...and still had a difficult time getting the COVID vaccine! What’s the problem? Tonight at 11 @ABaskerville10 finds out what’s being done to improve access to save lives. @NBCPhiladelphia @emilylippiello #COVID19 #vaccine",1.36E+18,2021
Wed Jan 20 12:26:19 +0000 2021,0,1,0,USER_01576,NAME_01570,,Canada,"7:35 AM |  Is it better to give more people one dose of the #COVID19 vaccine and delay giving others their second dose? We'll ask @RajBhardwajMD.

7:50 AM | Blood pressure a little high? A new study @usask suggests you may want to stretttttttttch your way to a lower BP.",1.35E+18,2021
Mon Dec 21 02:31:15 +0000 2020,3,1,0,USER_01577,NAME_01571,,United States,"I am a 50 year old, black female, working in insurance law, in office 5 days a week; high blood pressure, weight and height perfect. 
No other health issues.
Where do I fit on the covid19 vaccine roll out list?
#cdc
#CovidVaccine",1.34E+18,2020
Tue Feb 16 22:54:50 +0000 2021,2,0,0,USER_01578,NAME_01572,,United States,"My pharmacist: “Trying another blood pressure medication? Good call, based upon your other meds.” 

HE WAS THE FIRST HEALTH CARE WORKER TO TELL ME THAT. 

And we assume equitable distribution of the #COVID19 vaccine?",1.36E+18,2021
Tue Mar 16 01:40:17 +0000 2021,8,6,3,USER_01579,NAME_01573,,Thailand,"Thai PM @prayutofficial is now going through a mockup of #COVID19 vaccine facility with registration, health check (weighing in at 81.3 kgs), blood pressure etc. before sitting down and getting his @AstraZeneca vial. https://t.co/1kKJqMl7Sq",1.37E+18,2021
Fri Mar 26 04:32:47 +0000 2021,7,1,2,USER_01579,NAME_01573,,Thailand,"(cont.) The aortic aneurysm and subsequent rupture plus the pre-existing conditions of the deceased (high blood pressure, cholesterol, smoker) were a “time bomb”, according to the health officials, but it is “unlikely to be connected to the #COVID19 vaccine”.",1.38E+18,2021
Mon Jan 11 14:46:20 +0000 2021,84,4,14,USER_01580,NAME_01574,,United Arab Emirates,"UAE residents receive #COVID19Vaccine at Ajman Indian Association 

Residents can now get their #Covid19 vaccine from the centre. All they have to do is show their Emirates ID, fill up a form and have their blood pressure checked by the paramedical team at the centre. 📸: Shihab https://t.co/cZImEKaI5M",1.35E+18,2021
Sun Jan 17 10:41:32 +0000 2021,0,0,0,USER_01581,NAME_01575,,India,"Kolkata nurse loses consciousness after taking Covid vaccine, hospitalised

She IS NOT DEAD.
Do Not believe rumours. 

""Her blood pressure and oxygen saturation levels are normal, but she is on Oxygen Support. 

#Covid19 #Vaccine #AdverseEvent #Kolkata

https://t.co/gjTivLwDz1",1.35E+18,2021
Sat May 15 09:13:48 +0000 2021,669,36,16,USER_01582,NAME_01576,,Ireland,"This time last year I had cancer &amp;there was an unstoppable global pandemic - things felt pretty grim - 1 year later,I’ve been cured,there’s a COVID vaccine, &amp; everyone is getting to see their loved ones again.

Thankyou science. 

#Cancer 
#breastcancer 
#COVID19 
#vaccine
#Hope https://t.co/0r9Gc2Zlhj",1.39E+18,2021
Tue Oct 05 18:43:20 +0000 2021,459,44,85,USER_01583,NAME_01577,,United States,It is irresponsible for NBA players to be interviewed on their anti-vaxx beliefs without instant fact checks from medical professionals. I mean come on letting Andrew Wiggins spew disinformation like he is concerned the #COVID19 vaccine cancer &amp; alters DNA is reckless.,1.45E+18,2021
Sun Sep 19 21:39:46 +0000 2021,418,8,138,USER_01583,NAME_01577,,United States,"The #COVID19 vaccine is safe for pregnant women. Black women, PLEASE talk to your OB-GYN about getting the vaccine if you are pregnant or considering it. We already had a 3x higher maternal mortality rate before the pandemic. Take every precaution. #GetVaccinated",1.44E+18,2021
Fri Sep 17 20:38:40 +0000 2021,159,13,4,USER_01584,NAME_01578,,United States,"I'm an immunocompromised cancer survivor and would like my covid19 vaccine booster, please and thank you.",1.44E+18,2021
Fri Jun 16 15:52:54 +0000 2023,65,11,52,USER_01585,NAME_01579,,Spain,"This is why cancer rates are exploding! #turbocancer  
#Pfizer inserted #SV40 promoter in #covid19 #vaccine; this means that when sv40 gets near a #cancer gene, it will aggressively promote the expression of cancer.👇

#VaccineGenocide  #Bioweapon #Depopulation #DNA #mRNA #Jab👇 https://t.co/i2aoUo7i19",1.67E+18,2023
Thu Jul 22 16:15:07 +0000 2021,116,8,67,USER_01586,NAME_01580,,United States/ Canada,"THE RESULTS ARE IN! 🩸 LLS conducted the LARGEST study of blood cancer patients &amp; antibody response to the #COVID19 vaccine. While some patients didn't mount a full antibody response, vaccines offer protection to the majority of patients. Learn more 🔎 https://t.co/R2jjNayNsT https://t.co/3CLQKedmO8",1.42E+18,2021
Thu Sep 16 18:14:31 +0000 2021,16,2,6,USER_01586,NAME_01580,,United States/ Canada,"Quote Continued: ""However, while COVID-19 vaccination offers protection to the majority of blood cancer patients, some will not mount a full antibody response even with this additional dose."" See our #COVID19 #vaccine study on blood cancer patients 👉https://t.co/bBgo2v9xqP https://t.co/O3KLk3VusH",1.44E+18,2021
Sun Mar 07 23:09:34 +0000 2021,630,7,57,USER_01587,NAME_01581,,,"Dr. @Swamy39 jee :

Maharashtra: RSS Chief Mohan Bhagwat and RSS General Secretary Suresh Bhaiyyaji Joshi received their first dose of #COVID19 vaccine at Nagpur's National Cancer Institute, on Sunday (ANI) https://t.co/QT5evSdlN7",1.37E+18,2021
Tue Oct 12 00:54:58 +0000 2021,110,18,60,USER_01588,NAME_01582,,United States,"So @L3HarrisTech is about to fire the husband of the woman in this picture for declining the experimental COVID19 vaccine. 
She is a dear friend. 
She just beat cancer &amp; needs 2 more years of treatment to survive.
They will lose their health insurance. 
How vile and EVIL is that? https://t.co/fNc9VuHpwG",1.45E+18,2021
Sat Sep 24 01:46:27 +0000 2022,35,1,22,USER_01589,NAME_01583,,Spain,"To my Canadian fam....
If you are injured with #COVID19 vaccine and it caused you a cancer or other terminally illness. You are eligible to apply class lawsuit action 

#TrudeaMustGo 
#TrudeauMustGoNow 
#TrudeauHasGotToGo 
#TrudeauIsDestroyingCanada 
#TrudeauResign https://t.co/dBdO0it3DA",1.57E+18,2022
Thu Aug 12 04:38:29 +0000 2021,10,1,5,USER_01590,NAME_01584,,Belgium,@OncoAlert Durability of #COVID19 vaccine 💉in cancer patients with active treatment: 87% IgG Pos after 4 months. IO+chemo ⬇️ response. @JAMAOnc https://t.co/YuuPpGa5Sw,1.43E+18,2021
Wed Aug 03 19:35:53 +0000 2022,4,0,2,USER_01591,NAME_01585,,United Kingdom,"New review from our lab is online now 🎉! Here we explore the immunogenicity of the mRNA COVID-19 vaccination series in patients with cancer particularly reviewing the strengths of B and T cell responses 💉🦠 #COVID19 #vaccine #cancer 👇
https://t.co/nprGxdgY0T https://t.co/A5E8UOaF86",1.55E+18,2022
Wed Apr 13 17:45:17 +0000 2022,510,42,197,USER_01592,NAME_01586,,Switzerland,"Pleased to meet with 🇰🇪 🇪🇬 🇳🇬 🇸🇳 🇿🇦 🇹🇳 Ambassadors to discuss @WHO mRNA hub &amp; spokes work on #COVID19 vaccine development, as well as how to expand it for cancer treatments, HIV, tuberculosis &amp; other vaccines. We also spoke about the investment needed to deliver #VaccinEquity 🌍. https://t.co/YyIZ5PPezB",1.51E+18,2022
Fri Jan 22 06:47:03 +0000 2021,152,9,13,USER_01593,NAME_01587,,United States,"Hubby is 65. I’m not. I didn’t get my #COVID19 vaccine b/c I have #metastatic #cancer and a 30% mortality risk. I got it because I have MD after my name. Once I get the 2nd shot, I’ll volunteer to vaccinate others. And I’ll keep working to get people w/ cancer prioritized. https://t.co/ET7fVheXON",1.35E+18,2021
Sat Aug 27 04:39:39 +0000 2022,128,3,5,USER_01594,NAME_01588,,India,"Nothing beats the joy of my mentee, Prabhat, presenting our work from the Adyar Cancer Institute on #Covid19 vaccine acceptance rates among patients with multiple myeloma and AL amyloidosis. @CI_WIA @Myeloma_Society 

#IMS2022 #mmsm https://t.co/PQ2beHYyaa",1.56E+18,2022
Tue Feb 13 14:30:07 +0000 2024,0,0,0,USER_01595,NAME_01589,,,The #Covid19 Vaccine has a side effect of Aggressive #cancer... plus lots of other BS.,1.76E+18,2024
Thu Apr 29 03:31:42 +0000 2021,24,0,8,USER_01596,NAME_01590,,United States,"#COVID19VaccinenCancer study from Israel in @TheLancetOncol provides data on ""Short-term safety of the BNT162b2 mRNA #COVID19 vaccine in patients with #cancer treated with #immunecheckpoint inhibitors @OncoAlert 
https://t.co/6b9RH4AooQ https://t.co/T2VjOPllNl",1.39E+18,2021
Mon Jul 24 17:22:15 +0000 2023,1,0,0,USER_01597,NAME_01591,,Canada,"So, wait... The #COVID19 vaccine gives cancer to a car's turbocharger, now?? https://t.co/5DEikpuicQ",1.68E+18,2023
Mon Mar 29 12:22:45 +0000 2021,11,1,3,USER_01598,NAME_01592,,,"It seems everywhere I turn currently , there's rules, rules , along with even more tighter rule changes, the scamdemic is the perfect ""major crisis"" David Rockefeller eluded too in 1994 #COVIDー19 #COVID19 #vaccine CANCER MAKES BILLIONS A YEAR, SO WILL THE CONTINUOUS VACCINES",1.38E+18,2021
Fri Apr 02 08:24:27 +0000 2021,30,1,9,USER_01599,NAME_01593,,Germany,Very nice to see reassuring short-term safety data of the @BioNTech_Group #COVID19 vaccine in cancer patients currently undergoing immune-checkpoint inhibition @SacklerMed @tasmc1 published @TheLancetOncol: https://t.co/ZK5O5QUklQ @OncoAlert https://t.co/QjnR4rAGs8,1.38E+18,2021
Wed Sep 28 12:46:36 +0000 2022,21,0,6,USER_01600,NAME_01594,,United States,"Dr. Miguela Caniza, director of the @StJudeResearch Global Infectious Diseases program, presents updates on the #covid19 vaccine and children with cancer at @WorldSIOP #SIOP2022 https://t.co/6ysFCCk4ip",1.58E+18,2022
Tue Mar 23 18:03:43 +0000 2021,259,11,39,USER_01601,NAME_01595,,United States,"Getting the #COVID19 vaccine - a privilege I was lucky enough to enjoy due to my history of breast cancer - felt like a very personal shot of hope.
 
#OnlyTogether can we end the pandemic by ensuring people around the world can get vaccinated.",1.37E+18,2021
Sat Jun 05 20:01:41 +0000 2021,52,0,26,USER_01602,NAME_01596,,United States,#ASCOdailynews #ASCO21 : Excellent overview of #COVID19 vaccine in patients with cancer receiving systemic therapy👉all patients should receive any of the 3 vaccines once blood counts recover👇Congrats @TiansterZhang https://t.co/hJSEwnbFdy @ASCO @OncoAlert @COVID19nCCC https://t.co/nLU61DBU1a,1.40E+18,2021
Tue Feb 15 00:33:15 +0000 2022,20,0,10,USER_01602,NAME_01596,,United States,"#GU22 @ASCO Abs#185: 1st study to assess long-term serologic outcomes of #COVID19 vaccine in pts with cancer👉shows waning immunity over time and need for booster. Congrats @ZeynepZengin for @ConquerCancerFd Merit award, Mentor @montypal @OncoAlert https://t.co/7URTfa0ZgL https://t.co/wTuh3dMU10",1.49E+18,2022
Tue Aug 30 23:39:09 +0000 2022,6,0,4,USER_01603,NAME_01597,,United States,"Among those diagnosed with a blood cancer, who benefited most from a third #COVID19 vaccine dose? https://t.co/wStXJLVVYz  @AdvocateAurora @CDC_Cancer @ASH_hematology @MedscapeOnc @Aurora_Cancer @vrepublic @mtmdphd @mullane_michael @scmedlin @JimW9200 @OncologyTimes @COVID19nCCC https://t.co/ORVTqOZd9X",1.56E+18,2022
Mon Aug 09 07:20:51 +0000 2021,188,17,69,USER_01604,NAME_01598,,Australia,"NEWS: @VicGovDH has issued new advice that priority #COVID19 vaccine appointments are now available for people with, or recovering from, #cancer.
 
All people in this group will receive Pfizer vaccine.

https://t.co/kHhLGkui6E

@CancerVic @MonashPCCC  
#gotcancergetvaccinated https://t.co/RfkTPU52Pc",1.42E+18,2021
Sat Jun 24 14:56:16 +0000 2023,0,0,1,USER_01605,NAME_01599,,United States,"SV40 Virus Linked to Multiple Cancers Found in mRNA Vaccines, Microbiologist Says 

#Covid19 #Vaccine #Cancer 
 https://t.co/oM7PDnCFet",1.67E+18,2023
Mon May 03 21:30:47 +0000 2021,18,0,3,USER_01606,NAME_01600,,United States,"The @OSUCCC_James is studying the effectiveness of the #COVID19 vaccine in cancer patients. And you're helping fund this work! 

Dave Hill is one of the participants in this study, excited to ""pay it forward"" to support cancer research.

Read his story: https://t.co/XmcGc4y4DC https://t.co/AQt96i7guT",1.39E+18,2021
Thu Sep 23 18:00:19 +0000 2021,11,0,5,USER_01607,NAME_01601,,Italy,"Large Body of Research Demonstrates Safety of #COVID19 #Vaccine in #Cancer Patients https://t.co/EKmpImVt3K

@myESMO @GPentheroudakis @peters_solange @LuisCB_MedPharm @Vpavinato",1.44E+18,2021
Mon Mar 29 19:47:36 +0000 2021,11,0,3,USER_01608,NAME_01602,,Canada,"If you’re a #breastcancer patient, this is an unmissable #BreastPractices episode - with Dr. @patriciaclarkmd’s expert advice on the safety of the #COVID19 vaccine during #cancer treatment and @6state’s top tips for patients attending vaccination appointments. Join us! #bcsm",1.38E+18,2021
Tue Jan 05 22:36:42 +0000 2021,10,0,2,USER_01609,NAME_01603,1988,United States,"Webinar on the #COVID19 #vaccine for #cancer patients &amp; caregivers!
When: Friday January 8, 2021 2-3pm EST
Presenters: @chris_cogle &amp; @amarkelkar 
Sign-up: https://t.co/UT3JHXb5ru
Co-hosts: @UFHealthCancer @WellFlorida
#ThisIsOurShot #VaccinesWork #patientchat #patienteducation https://t.co/qPg4RuWdXQ",1.35E+18,2021
Mon Feb 20 11:30:11 +0000 2023,103,14,38,USER_01610,NAME_01604,,United States/ United Kingdom,"⚡ Our February issue is live! With research, news and opinions covering  #COVID19 vaccine hesitancy, #CRISPR gene editing, precision #diabetes, #NASH,  #cancer clinical trials and much more. Check it out here: 
https://t.co/6gBdHh0Vwb https://t.co/YPCfrRduPS",1.63E+18,2023
Thu Oct 26 19:33:14 +0000 2023,0,0,0,USER_01611,NAME_01605,,,"A cancer vaccine?!
#Türkıye's origin Medical scientists #Uğar_Sahin and #Özlem_Türecı, known as the 'parents' of #COVID19 vaccine, announced first results of the cancer vaccine they have been working on for 15 years as, 'very promising'!
It can be a last hope for many! https://t.co/l3IMeYIIlX",1.72E+18,2023
Wed Oct 06 15:04:53 +0000 2021,10,1,2,USER_01612,NAME_01606,,,"Excellent talk by @VardhanaLab @sloan_kettering at #AACRtii21 yesterday on #COVID19 vaccine responses in cancer patients, including data published this month in this @BCD_AACR paper: https://t.co/6s55FcPPWP",1.45E+18,2021
Fri Oct 20 13:02:08 +0000 2023,830,95,391,USER_01613,NAME_01607,,Canada,"Why are we so complacent &amp; overtly compliant as a Country ?

We just were informed that Pfizer had mistakenly injected a cancer causing agent into the COVID19 vaccine with no disclosures!!

Where are the collective condemnations?

What haven’t they disclosed ??

Wake up Canada !!",1.72E+18,2023
Wed Mar 03 09:57:12 +0000 2021,49,4,26,USER_01614,NAME_01608,,United Kingdom,"New research will look at the response to the #COVID19 vaccine in people with weakened immune systems, due to conditions such as cancer. The OCTAVE trial involves @UofGlasgow, @unibirmingham, @UniofOxford, @LivUni, @imperialcollege and @LeedsHospitals.

➡️ https://t.co/HscRtFVfcA https://t.co/WJIiMrYXNv",1.37E+18,2021
Fri Feb 02 03:29:42 +0000 2024,0,0,0,USER_01615,NAME_01609,,United States,"Covid19 vaccine and cancer
https://t.co/Pyy2LUHaF1",1.75E+18,2024
Tue Jun 22 14:12:03 +0000 2021,60,1,18,USER_01616,NAME_01610,,United States,Individuals with cancer or a history of cancer should be eligible for clinical trials—including #COVID19 vaccine trials—unless there is safety justification for exclusion. Read the new @ASCO &amp; @CancerResrch joint statement: https://t.co/JiIW5ZFc6l https://t.co/9p3RAREMWR,1.41E+18,2021
Sat Oct 15 16:42:38 +0000 2022,173,12,57,USER_01617,NAME_01611,,United States,Rounding this weekend. I'm worried. Hospital is full and it's not even winter yet. People w/ cancer waiting for HOURS in ED. Get your #FluShot and please get the #COVID19 #vaccine or #Booster. It's about protecting communities and helping the healthcare system survive.,1.58E+18,2022
Fri Dec 09 16:46:13 +0000 2022,36,26,11,USER_01618,NAME_01612,,Belgium,"#EPSCO | EU #health ministers adopted recommendations on:

✅ combating vaccine hesitancy
✅ cancer screening 

They also discussed the European health data space #EHDS &amp; #COVID19 vaccine procurement.

More 👉 https://t.co/ftGwbahXbH https://t.co/Vd3EAnZlHE",1.60E+18,2022
Fri Dec 09 07:57:00 +0000 2022,23,14,16,USER_01618,NAME_01612,,Belgium,"#EPSCO | 🇪🇺 EU #health ministers meet in Brussels to discuss:

📌 vaccination
📌 #COVID19 vaccine procurement
📌 a new EU approach #cancer screening
📌 European health data space 

More ⤵️",1.60E+18,2022
Fri Mar 12 09:56:04 +0000 2021,61,4,27,USER_01618,NAME_01612,,Belgium,"The EU authorised the 4th #COVID19 vaccine💉

Janssen's (Johnson&amp;Johnson) vaccine uses a mild virus to deliver instructions to your cells so your immune system learns to destroy the coronavirus💪

Find out what is injected into your body &amp; what happens when you get the vaccine👇",1.37E+18,2021
Mon Mar 22 11:45:08 +0000 2021,9,0,5,USER_01619,NAME_01613,,,"A great perspective published in @NatRevClinOncol by @ADesaiMD, @VivekSubbiah, &amp; colleagues from the COVID19 &amp; Cancer Clinical Trials Working Group, discusses #COVID19 vaccine guidance in cancer patients &amp; prioritization for vaccination. 

Read more ➡️ https://t.co/dQzjMszb6P",1.37E+18,2021
Sat Feb 26 16:00:50 +0000 2022,2,0,1,USER_01620,NAME_01614,,,Study finds 3rd dose of mRNA #COVID19 vaccine in #cancer patients increases neutralizing activity against Omicron; such patients are eligible for a booster dose 5 months later. Read What's New in #oncology: https://t.co/01cvbQRBaQ #ClinicalUpdates https://t.co/EVoXEXXJrN,1.50E+18,2022
Tue Nov 22 01:51:39 +0000 2022,3,1,1,USER_01621,NAME_01615,,Canada,"@TheBlueGem3 @CailinasEirinn @KathleenGanley She’s blocked me too. Her tweet eluded to @CailinasEirinn’s husband dying from receiving the Covid19 vaccine instead of cancer. 🪶😡💔",1.59E+18,2022
Thu Mar 25 13:16:43 +0000 2021,16,1,5,USER_01622,NAME_01616,,United States,WATCH: Dr. @DavidAgus discusses why Americans shouldn't postpone annual cancer screenings and how some are mistaking side-effects of the #COVID19 vaccine for signs of breast cancer. https://t.co/evB67KwW06,1.38E+18,2021
Fri Feb 17 19:54:38 +0000 2023,7,0,3,USER_01623,NAME_01617,,United States,Don’t miss this tweetorial from super star @Chrislabaki1 from @DanaFarber_GU about the use of #Covid19 vaccine in cancer patients from @COVID19nCCC —in @LancetRH_Americ ! @DanaFarber_GU @DanaFarber,1.63E+18,2023
Fri Apr 16 12:44:34 +0000 2021,22,0,10,USER_01624,NAME_01618,,United States,"Proud that @nciccr_gmb, @NCIResearchCtr is the home for this study led by @EladSharonMD studying the #immune responses of #COVID19 #Vaccine in #Cancer pts with ⬆️immune activation (on immune checkpoint inhibitors) or ⬇️immune system (heme malignancies) https://t.co/TdzKkVGpO5",1.38E+18,2021
Fri Apr 02 08:00:01 +0000 2021,68,1,33,USER_01625,NAME_01619,,United Kingdom/ United States/ Germany/ China,"NEW Comment on #COVID19 #vaccine side-effects in patients with #cancer undergoing active treatment with #immunecheckpointinhibitor therapy
https://t.co/Z9a9dmbJyO",1.38E+18,2021
Wed Apr 28 08:13:19 +0000 2021,95,1,56,USER_01625,NAME_01619,,United Kingdom/ United States/ Germany/ China,NEW Research: #Safety and #immunogenicity of one versus two doses of the #COVID19 #vaccine BNT162b2 for patients with #cancer: interim analysis of a prospective observational study https://t.co/bMQfOPJBgA,1.39E+18,2021
Wed Oct 11 14:45:52 +0000 2023,0,0,0,USER_01626,NAME_01620,,India,"We Indian were forcely vaccinated by #Modi government directives, now researchers found that the #COVID19 vaccine contains #Cancer promoting #DNA contamination.",1.71E+18,2023
Tue Sep 06 16:25:35 +0000 2022,0,0,0,USER_01627,NAME_01621,,,"⬇️ dodges @TwitterSupport censors w technical terms, calling the #COVID19 #vaccine cancer-causing (""oncogenic"") &amp; much more.
Note: ""parenterally"" = not by mouth (sneaky way to hint at ""injection"").
I can't believe they're not banned yet.
Please report as Misleading Info. I did.",1.57E+18,2022
Sat Nov 05 09:30:00 +0000 2022,37,0,6,USER_01628,NAME_01622,,United Kingdom,"Researchers from Oxford and @Ludwig_Cancer are building on the foundations of the Oxford-AstraZeneca #COVID19 vaccine, using the technology to design a two-dose therapeutic vaccine to treat cancer. 

#OxfordCancer",1.59E+18,2022
Wed Dec 27 14:03:04 +0000 2023,133,6,73,USER_01629,NAME_01623,,,"The mRNA ""vaccines"" : manipulation of genetic coding.

Short video (in English) to understand.

#covid #vaccination #mrna #autoimmunity #covid19 #vaccine #vaccineinjuries #VaccineSideEffects #cancer #humanhealth #LongCovid #vitaminddeficiency #vaccines

https://t.co/fV2z3hHx42",1.74E+18,2023
Wed May 19 19:36:03 +0000 2021,10,0,1,USER_01630,NAME_01624,,United States,"Our @OSUCCC_James patients are incredibly generous with their time and energy. Check out @Pelotonia’s conversation with Dave Hill, who is participating in a study to help understand how the #COVID19 vaccine affects cancer patients. https://t.co/993wW30nXE",1.40E+18,2021
Sun Nov 14 11:00:00 +0000 2021,11,0,4,USER_01631,NAME_01625,,United Kingdom,"Cancer, suicide, Covid19, vaccine damage, jobs, businesses, ostracised from family &amp; friends, didn't get to say goodbye, loss of connection to those in care homes. We've lost so much. No matter our differences let's join together &amp; unite
https://t.co/Ma9L4uiQfq
#GLOUCESTERSHIRE https://t.co/B1n2bVDjS5",1.46E+18,2021
Mon Feb 05 18:34:12 +0000 2024,1,1,1,USER_01632,NAME_01626,,,Covid-19 vaccine = cancer. #diedsuddenly #COVID19 #vaccine #pfizer #moderna https://t.co/ITnq8ODTgE,1.75E+18,2024
Mon Mar 14 17:03:54 +0000 2022,22,0,10,USER_01633,NAME_01627,,United States,#Pfizer CEO Albert Bourla: The #mRNA technology Pfizer used to develop #COVID19 vaccine has the potential to cure certain types of #cancer! @IrmaRaste @eViRaHealth #HIMSS22 #biotech #Biotechnology https://t.co/fpexOYe4jd,1.50E+18,2022
Wed May 05 11:01:20 +0000 2021,41,0,14,USER_01634,NAME_01628,,United Kingdom,"1 dose of the BNT162b2 #Covid19 vaccine yields poor efficacy in pts with cancer, but immunogenicity increased within 2 weeks of a boost dose at day 21, supporting prioritisation of pts with cancer for an early 2nd dose: https://t.co/OiugSSvzpD. Also see: https://t.co/MM6Pyg8q5T",1.39E+18,2021
Fri Mar 19 18:06:15 +0000 2021,459,8,71,USER_01635,NAME_01629,,,"The scientist who won the race to deliver the first widely used #COVID19 vaccine says people can rest assured the shots are safe, and the technology behind it will soon be used to fight another global scourge — cancer https://t.co/L7z7i2Qvug",1.37E+18,2021
Mon Apr 19 15:00:35 +0000 2021,23,1,5,USER_01636,NAME_01630,,United Kingdom,"We are proud to be part of the @bloodcancer_uk Vaccine Research Collaborative, an expert panel from across the #bloodcancer community that has come together to share knowledge about the effects of the #COVID19 vaccine on people with blood cancer:

https://t.co/4ksqWDD00z",1.38E+18,2021
Thu Jul 13 19:52:51 +0000 2023,34,4,17,USER_01637,NAME_01631,,United States,"#COVID19 vaccine boosters protect cancer patients from poor outcomes, study suggests

Lower rates of severe illness in the 4-dose versus the 3-dose group during #Omicron suggest that the 4th dose conferred added protection

https://t.co/0MvaLTHL82 https://t.co/NWKQwpg5wt",1.68E+18,2023
Sun Dec 25 07:26:59 +0000 2022,469,20,333,USER_01638,NAME_01632,,,"Angus Dalgleish, Professor of Oncology at St. Georges Hospital Medical School London. 

Cancer patients relapsing after the #COVID19 vaccine.

Please watch the full video of 18 UK doctors calling for the immediate suspension of the mRNA vaccines here:

https://t.co/sy4oVyHNOQ

👀 https://t.co/ghoMO8KkBd",1.61E+18,2022
Tue Nov 30 06:46:35 +0000 2021,4,0,0,USER_01639,NAME_01633,,Italy,"Antineoplastic treatment class modulates COVID-19 mRNA-BNT162b2 vaccine immunogenicity in cancer patients: a secondary analysis of the prospective Vax-On study
 https://t.co/33J5W6WQ9N
@ESMO_Open @myESMO @AIOMtweet #COVID19 #vaccine #Cancer",1.47E+18,2021
Sun May 09 19:15:02 +0000 2021,11,0,0,USER_01640,NAME_01634,,,"Important and timely work is always underway at the @OSUCCC_James, where my colleagues, Doctors Peter Shields and @Zihai Li will oversee research into the effectiveness of the #COVID19 vaccine in #cancer patients and survivors.  https://t.co/0tJ4Jt5l9K",1.39E+18,2021
Tue Sep 21 11:40:00 +0000 2021,7,0,4,USER_01641,NAME_01635,,United States,"Watching the #ESMO21 session on SARS-CoV-2 and Cancer? Don't miss the recent @CD_AACR paper on Six Month Efficacy and Toxicity Profile of BNT162b2 #COVID19 Vaccine in Cancer Patients
with Solid Tumors by presenter Ithai Waldhorn @RambamHCC  https://t.co/5bQIOzXxlZ https://t.co/SHCLZ5Z3jS",1.44E+18,2021
Wed Mar 02 16:30:19 +0000 2022,20,7,5,USER_01642,NAME_01636,,United States,"Mark Sircus is an acupuncturist and traditional Chinese medicine quack who's now promoting #MiracleMineralSolution (#bleach) for #COVID19 ""vaccine-induced cancer."" https://t.co/y5cNJn0wSh",1.50E+18,2022
Wed May 11 13:10:02 +0000 2022,65,6,43,USER_01643,NAME_01637,,,"A group of military doctors alarmed by reported spikes in service members’ miscarriages, myocarditis, cancer and other issues in the first year of #COVID19 vaccine availability no longer trust the military’s medical database. #JustTheNews 

Read more ➡️ https://t.co/dBZYaxkJDN",1.52E+18,2022
Sat Oct 09 18:31:47 +0000 2021,55,1,18,USER_01643,NAME_01637,,,Finland became the latest Nordic country this week to issue directives discouraging certain demographics from undergoing the Moderna #COVID19 vaccine due to an allegedly elevated risk of heart issues. #JustTheNews https://t.co/pQKSdddBWB,1.45E+18,2021
Tue Mar 16 22:25:22 +0000 2021,15,1,8,USER_01644,NAME_01638,,United States,"Ohio expands #COVID19 vaccine eligibility to 40+, cancer, obesity; all over age 16 eligible March 29. https://t.co/dz58tPBkCl via @enquirer",1.37E+18,2021
Wed Sep 06 13:06:13 +0000 2023,0,0,0,USER_01645,NAME_01639,,United States,"“ARKANSAS WILL NOT LOCK DOWN”,-Gov. Sarah Huckabee Sanders-Republican. We need more Governors like Gov. Sanders.
#Covid #covid19 #vaccine #Cancer #Arkansas #sarahhuckabeesanders
https://t.co/dJso2n4uII",1.70E+18,2023
Mon Oct 18 14:33:04 +0000 2021,109,14,33,USER_01646,NAME_01640,,Canada,Colin Powell had been in hospital fighting multiple myeloma - a form of blood cancer at the time of his death. He also had received two doses of the #COVID19 vaccine.,1.45E+18,2021
Sat Apr 09 16:10:00 +0000 2022,3,0,2,USER_01647,NAME_01641,,United States,"Research Finds COVID-19 Vaccine Protects Most Patients With Cancer, but Risk Remains Higher for Patients With Blood Cancers https://t.co/onxYKf5Jav #COVID19 #vaccine #cancer #oncology #hematology",1.51E+18,2022
Fri Jun 03 16:06:00 +0000 2022,1,0,1,USER_01647,NAME_01641,,United States,Vaccine Effectiveness Against COVID-19 Breakthrough Infection in Patients With Cancer https://t.co/EuLO3IRNEl #COVID19 #vaccine #cancer,1.53E+18,2022
Thu Mar 31 19:49:00 +0000 2022,1,0,2,USER_01647,NAME_01641,,United States,Third COVID-19 Vaccine Dose May Improve Immune Response in Patients With Lymphoma https://t.co/n4HKKyf3XF #COVID19 #vaccine #cancer #lymsm #hematology,1.51E+18,2022
Fri Dec 09 09:48:54 +0000 2022,43,2,14,USER_01648,NAME_01642,,Belgium,"At the last #EPSCO Council of @EU2022_CZ, to discuss several key files including👇

🔹Next steps on #COVID19 vaccine procurement.
🔹Ensuring the availability of key medical devices.
🔹Adopting new cancer screening recommendations that will make a difference for all. https://t.co/RhB4JERPww",1.60E+18,2022
Mon Mar 08 21:52:03 +0000 2021,375,20,71,USER_01649,NAME_01643,,Ireland,"I've one very simple question for The @HSELive tonight.

When can someone like myself, living with stage 4 #cancer, expect their #COVID19 vaccine ❓

My guess is that despite the headlines, nobody actually knows. All we want is clarity.
#Vaccines4Vulnerable",1.37E+18,2021
Fri Sep 01 06:16:58 +0000 2023,0,0,0,USER_01650,NAME_01644,,Indonesia,"A comparative study of the COVID-19 vaccine efficacy among cancer patients: mRNA versus non-mRNA

Akses jurnal:
https://t.co/bX4BBd8i30
https://t.co/GZepvwmxYC

#Covid19 #Vaccine #Cancer #Research #UniversitasIndonesia",1.70E+18,2023
Tue Nov 09 08:52:46 +0000 2021,32,1,4,USER_01651,NAME_01645,,,"Özlem Türeci tells the amazing story of developing individualized cancer treatment turned into #COVID19 vaccine at @Falling_Walls in Berlin: ""Let us embrace technology and new scientific concepts"" to be prepared for challenges of the future. https://t.co/jeh0g0F806",1.46E+18,2021
Sun Jun 06 16:53:24 +0000 2021,95,3,55,USER_01652,NAME_01646,,United States,"Final reading list of the weekend:
1.) #COVID19 #vaccine hesitancy is declining among LatinX &amp; black Ameris. https://t.co/DpGlYwS5n9
2.) Cancer patients react well &amp; safely to mRNA #COVID vax https://t.co/gOUvYb63Zj
3.) Spread of variant viruses across India leads to
MORE",1.40E+18,2021
Tue Sep 14 14:53:00 +0000 2021,395,67,158,USER_01652,NAME_01646,,United States,"Hearing misinformation about #COVID19 #vaccine ""dangers,"" a young couple declined vaccination. Mom &amp; Dad died of COVID, leaving 5 orphans behind, one only 3 weeks old.
Heart-wrenching tragedy.
https://t.co/4WJKdL1r9W",1.44E+18,2021
Fri Apr 23 15:37:00 +0000 2021,56,2,32,USER_01652,NAME_01646,,United States,"This is the best guess, presented to #ACIP @CDCgov , of what is going on with the thrombocytopenia and clots in J&amp;J or @AstraZeneca #COVID19 #vaccine recipients. Complex immune system and platelet reaction. https://t.co/bjRcKguqtx",1.39E+18,2021
Mon Jan 31 18:56:22 +0000 2022,829,701,189,USER_01652,NAME_01646,,United States,"Incomprehensible.
""He will not take a #COVID19 #vaccine — even if that means losing out on transplant. 'If I’m laying on my deathbed &amp; they tell me, ‘You have a kidney waiting on you if you get this shot,’ I’ll tell them, ‘I’ll see you on the other side.’”
https://t.co/5ORDZABoEZ",1.49E+18,2022
Thu Feb 08 13:29:29 +0000 2024,0,0,0,USER_01653,NAME_01647,,Japan,@Johanne31785773 Covid19 vaccine causes rapid cancer growth. Told so 2020 in any case do not take the spike,1.76E+18,2024
Wed Sep 22 01:55:01 +0000 2021,27,8,3,USER_01654,NAME_01648,,United States,"Sharon, a retired educator in La Grande, didn't hesitate to get the #COVID19 vaccine. As a cancer patient, Sharon is grateful for the treatments that have kept her alive. She says getting vaccinated is a way ""to help others...that's celebration enough!""  https://t.co/niYzTSjfE8",1.44E+18,2021
Tue May 24 05:55:55 +0000 2022,4,0,2,USER_01655,NAME_01649,,India,"Some patients fighting Cancer are losing #COVID19 vaccine immunity much faster than other individuals, shows one of the largest such studies conducted on Cancer patients in the UK. The study has stressed on the importance of booster shots. #CancerResearch https://t.co/pDUsHgKKYt",1.53E+18,2022
Mon Oct 17 09:59:55 +0000 2022,1,0,0,USER_01656,NAME_01650,,,"@GBNEWS They really are pulling these miracle cures for things they could never find cures for, out of their arses at lightening speed recently aren’t they ……. Fascinating 🧐🤗 #COVID19 #vaccine #cancer",1.58E+18,2022
Mon Dec 06 12:51:14 +0000 2021,18,1,9,USER_01657,NAME_01651,,United States,"Study available @Cancer_Cell supports #COVID19 vaccine boosters in patients with cancer. Coverage of more variants improves with high antibody titers. Encourage all our patients to #GetBoosted when eligible! 

https://t.co/eMMqvOyHUk",1.47E+18,2021
Mon Mar 21 19:07:01 +0000 2022,36,0,20,USER_01658,NAME_01652,,United Kingdom,"In this guest blog @gemmapeters, CEO of @bloodcancer_uk, highlights the challenges that people with blood cancer and others with compromised immunity faced during the #Covid19 vaccine roll-out and the lessons that must be learnt from their experiences:
https://t.co/D4Kgz7yztn",1.51E+18,2022
Mon May 24 07:14:32 +0000 2021,131,0,152,USER_01659,NAME_01653,,India,"Persons taking medicines for like Cancer, Diabetes, Hypertension etc can take #COVID19 vaccine. The vaccine is safe &amp; efficacious in adults with comorbidity and people can get the maximum benefit through it. #IndiaFightsCorona #Unite2FightCorona #LargestVaccineDrive @RSPrasad https://t.co/Vl4eb34ZHk",1.40E+18,2021
Sat May 15 07:41:44 +0000 2021,103,0,122,USER_01659,NAME_01653,,India,Persons with a history of bleeding disorder should take #COVID19 vaccine under the supervision of their treating physician. People with heart &amp; brain disorders can continue with their medications &amp; get vaccine. #IndiaFightsCorona #Unite2FightCorona #LargestVaccineDrive @RSPrasad https://t.co/kqN35bZ2Cj,1.39E+18,2021
Sat May 22 04:55:43 +0000 2021,113,0,133,USER_01659,NAME_01653,,India,"Chronic diseases like cardiac, neurological, pulmonary, metabolic, renal &amp; malignancies are not contraindicated for #COVID19 vaccine. Vaccines reduce the risk of severity of COVID-19 &amp; lower comorbidities. #IndiaFightsCorona #Unite2FightCorona #LargestVaccineDrive @RSPrasad https://t.co/ZjB7RiNjgG",1.40E+18,2021
Fri Jan 13 00:01:28 +0000 2023,3,0,1,USER_01660,NAME_01654,,United States,"Without evidence or basis, grifter Joe Mercola claims #COVID19  vaccine boosters cause cancer https://t.co/hwGowLmUM1 via @skepticalraptor #vaccines",1.61E+18,2023
Sun Apr 17 04:03:13 +0000 2022,14,0,0,USER_01660,NAME_01654,,United States,"Says @skepticalraptor:  I got my Pfizer #COVID19  vaccine booster — because I want my immune system as ready as possible to fight the virus, and I follow the science. https://t.co/X1rUOPDVPQ via @Shareaholic #vaccines",1.52E+18,2022
Sun May 09 07:30:50 +0000 2021,388,17,62,USER_01661,NAME_01655,,India,"When individuals with Diabetes ask if they can take the COVID19 vaccine

https://t.co/yhi6Ml60uw",1.39E+18,2021
Mon Oct 04 11:08:08 +0000 2021,10,0,4,USER_01662,NAME_01656,,India,"Vaccine Today, Better Tomorrow

#MaskUpIndia #Socialdistancing #IndiaFightsCorona #Covid19India  #COVID19  #Vaccine #Symptoms #Covidsymptoms #Bloodpressure #Diabetes https://t.co/WZ6abyXBxD",1.44E+18,2021
Thu May 05 03:25:14 +0000 2022,5,5,4,USER_01663,NAME_01657,,Canada,@KevinCTV @jasoncoppingab @jkenney @CMOH_Alberta how come we aren't letting those under 70 years of age &amp; people with pre-existing medical conditions like #diabetes get the 4th #covid19 #vaccine yet? They are available to drop in &amp; get it. don't waste them! https://t.co/wvrnp1LW06 https://t.co/949elATsmQ,1.52E+18,2022
Tue Feb 09 18:40:37 +0000 2021,15,5,9,USER_01664,NAME_01658,,United States,"Reminder that Colorado Governor moved healthy journalists up in line to be able to get the #covid19 vaccine before people with cancer, diabetes, obesity or heart disease. https://t.co/V9bmGqXI4X",1.36E+18,2021
Wed Jan 20 02:15:25 +0000 2021,64,6,12,USER_01665,NAME_01659,,Morocco,"People with type 1 diabetes need to start smoking if they're in New Jersey, and need to get themselves a DKA hospital admission in Ohio if they want a #COVID19 vaccine. #T1D https://t.co/krp5jiaxUV",1.35E+18,2021
Sun Jan 09 09:09:27 +0000 2022,10,4,4,USER_01666,NAME_01660,,India,"Third dose of Covishield vaccine (precautionary dose) will be available from 10 January.

Criteria for the vaccine:
1. Nine months after the second dose, and
2. Above 60 years of age, and
3. Having at least one health problem like diabetes, hypertension etc.

#COVID19 #vaccine https://t.co/Tikx55q8ri",1.48E+18,2022
Sat Feb 27 15:58:50 +0000 2021,38,13,20,USER_01667,NAME_01661,,,"#California to expand #covid19 #vaccine eligibility starting 3/15/2021 to include individuals 16-64yo who meet following severe health conditions below. Some are: BMI of 40+, cancer patients, COPD, Diabetes #MedTwitter #oncology https://t.co/ezAxyv0mmM",1.37E+18,2021
Tue Nov 23 07:36:52 +0000 2021,30,2,1,USER_01668,NAME_01662,,India,I don’t often congratulate my patients who have taken the vaccine. This lady was convinced by her relatives that vaccine has significant side effects. I had tried my best to explain about the truth. Her son messaged me today. #COVID19 #Vaccine #Diabetes https://t.co/bk7fMMg8W9,1.46E+18,2021
Wed Feb 03 10:00:52 +0000 2021,2,0,1,USER_01669,NAME_01663,,,An Urdu language message about the #Covid19 vaccine for people with diabetes🇵🇰🇮🇳 https://t.co/6gXwu1z1S8,1.36E+18,2021
Mon Mar 01 14:24:04 +0000 2021,9,0,5,USER_01670,NAME_01664,,United States,"Floridians, younger than 65 with high-risk medical conditions such as Down Syndrome, cancer, chronic kidney disease, COPD, coronary artery disease, cardiomyopathy, Solid organ transplant, obesity, history of smoking, and Type 2 diabetes can get the #Covid19 vaccine now.",1.37E+18,2021
Fri May 06 19:23:55 +0000 2022,3,2,0,USER_01670,NAME_01664,,United States,"The CDC is investigating cases of severe hepatitis in Children. Out of 109 cases, there were 5 deaths, over 90% children were hospitalized and 14% required liver transplants. The CDC says #Covid19 vaccine was not the cause of illnesses.not known if Adenovirus is the actual cause!",1.52E+18,2022
Sun Feb 14 00:51:28 +0000 2021,2,11,1,USER_01671,NAME_01665,,United Kingdom,Im interested to know if any #type1 #diabetics have had notification their #covidvaccination is due or even had it already? Based solely on their diabetes and forgetting any other reasons such as age or care work? #COVID19 #vaccine #diabetes #t1d #group6,1.36E+18,2021
Thu Mar 04 22:03:04 +0000 2021,79,11,43,USER_01672,NAME_01666,,United States,"Today, March 4 at 3pm, all residents ages 50+ may receive their #COVID19 vaccine in #SLCo! Also eligible are those 16+ with diabetes, a BMI of 30+, or chronic kidney disease. Sign up at https://t.co/7PHi1BmHBC or call 385-468-7468. Check eligibility: https://t.co/4jSjvt24xP https://t.co/AOOYlq3sL5",1.37E+18,2021
Tue Mar 16 22:07:39 +0000 2021,63,6,24,USER_01673,NAME_01667,,United Kingdom,"I was asked: “what about Type 1 diabetes and the COVID19 Vaccine?”

Here👇🏽 is my GP response 

(I hope it was an appropriate answer @AliRacaniere &amp; Prof @parthaskar😊)

#teamhalo @projecthalo @DiabetesUK  #CovidVaccine https://t.co/Ga3HGlYmOO",1.37E+18,2021
Tue Apr 27 04:56:03 +0000 2021,5,0,3,USER_01674,NAME_01668,,Philippines,"If you have diabetes, you are encouraged to get the #COVID19 vaccine as soon as it becomes available in your community. Here's what you need to know about #COVID19 Vaccination and #Diabetes Mellitus, straight from The Medical City Endocrinology, Diabetes and Thyroid Center. https://t.co/SJ9hKl0HRs",1.39E+18,2021
Thu Feb 11 23:24:26 +0000 2021,16,2,2,USER_01675,NAME_01669,,,"Starting March 1 in Utah, individuals with uncontrolled diabetes are eligible for the #COVID19 vaccine. Find out more about the relationship between #COVID19 and diabetes here: I Have Diabetes: When Can I Get the COVID-19 Vaccine? https://t.co/2HtgSLWcy2 via @GoodRx",1.36E+18,2021
Wed Feb 10 00:53:27 +0000 2021,3,1,1,USER_01676,NAME_01670,,United States,Growing evidence that people with underlying conditions need the #COVID19 #vaccine ASAP. #diabetes,1.36E+18,2021
Wed Sep 08 13:09:03 +0000 2021,293,21,285,USER_01677,NAME_01671,,,"According to a new study, the #COVID19 vaccine induced spike protein could change cells in your heart disrupting its regular function. https://t.co/PnOlUxeaSB",1.44E+18,2021
Tue Jun 22 11:02:06 +0000 2021,85,6,78,USER_01677,NAME_01671,,,"A 13-year-old boy died from heart problems after getting his second dose of #Pfizer’s #Covid19 #vaccine, as health officials begin to link cases of heart inflammation in kids to the jabs. https://t.co/lmzx4Q6EpW",1.41E+18,2021
Sat Sep 18 13:27:02 +0000 2021,118,4,113,USER_01677,NAME_01671,,,"THIS IS HUGE

A doctor, also owner of a diagnostic lab has found 20 times increase in cancers since #COVID19 #vaccine rollout.

Explaining his findings he said that the vaccines seem to be causing serious autoimmune issues, like a “reverse HIV” response. https://t.co/4wrGPWALPn",1.44E+18,2021
Tue Jul 13 02:51:02 +0000 2021,110,7,121,USER_01677,NAME_01671,,,"BIG DEVELOPMENT

After dangerous #bloodclots now US FDA has warned that Johnson &amp; Johnson’s single-dose #Covid19 #vaccine can cause Guillain-Barre syndrome, a rare disorder where the immune system attacks the nervous system and can result in paralysis. https://t.co/mLiTVsTNNN",1.41E+18,2021
Mon Jan 18 12:00:11 +0000 2021,10,4,16,USER_01677,NAME_01671,,,"#COVID19 
#Vaccine
#covishieldvaccine 

The post mortem report reveals the immediate cause of death as “cardiogenic shock/septicemic shock” due to “cardio-pulmonary disease”, according to the Uttar Pradesh government.
https://t.co/N7ywnrdNEw",1.35E+18,2021
Mon Jan 18 14:30:14 +0000 2021,3,0,4,USER_01677,NAME_01671,,,"Indian hospital worker died just 24 hours after receiving #COVID19 vaccine #Covishield from Serum Institute of India. Post mortem report reveals the immediate cause of death as “cardiogenic shock/septicemic shock” due to “cardio-pulmonary disease”
https://t.co/N7ywnrdNEw",1.35E+18,2021
Thu Nov 18 15:18:49 +0000 2021,20,2,9,USER_01678,NAME_01672,,,They're trying to cloak children's #COVID19 #vaccine related injuries like myocarditis &amp; heart failure as 'normal'. https://t.co/60Ebsaxoq8,1.46E+18,2021
Fri Aug 12 06:24:14 +0000 2022,103,6,61,USER_01679,NAME_01673,,United Kingdom,"Heart Attacks are now being caused by every bizarre reason under the sun?
Definitely not the covid19 vaccine though 🙄

#VaccineSideEffects #vaccineinjuries #VaccineDeaths https://t.co/wdpF57BeX8",1.56E+18,2022
Thu Aug 11 16:59:38 +0000 2022,344,22,205,USER_01680,NAME_01674,,,"""I transported a 10 year old child having a heart attack. I had to argue 30 min with the doctor I had to force his hand to have an ECG that clearly shows a myocardial infarction due to the covid19 vaccine."" #vaccineinjuries https://t.co/Uqk5eBWunk",1.56E+18,2022
Fri Mar 24 18:02:39 +0000 2023,8,3,3,USER_01681,NAME_01675,,United Kingdom,"This one's a heart breaker...

#COVID19 #vaccine https://t.co/meEt5DDYHe",1.64E+18,2023
Mon Jan 10 16:57:09 +0000 2022,100,12,40,USER_01682,NAME_01676,,Canada,"My nephew had heart inflammation after his #COVID19 vaccine. Symptoms include: Chest pain, shortness of breath/hurts to breathe, feeling of a rapid or abnormal heart rhythm. Thankfully he’s recovering. I never had any of these symptoms, I’m fully vaccinated 1st, 2nd, Booster.",1.48E+18,2022
Fri Feb 10 11:29:57 +0000 2023,1922,140,467,USER_01683,NAME_01677,,,"How can Australia consider itself part of the civilised world while denying life-saving organ transplants to people who refuse the #Covid19 vaccine? Especially heart transplant patients where Covid mRNA vaccines present an unacceptable risk to their survival?

This is murder.",1.62E+18,2023
Mon Jan 02 03:03:04 +0000 2023,255,17,54,USER_01683,NAME_01677,,,"The @TGAgovau has not provided a reasonable explanation as to why they've refused to follow up on severe #Covid19 vaccine injuries and deaths in Australia.

Meanwhile, unexplained deaths during the vaccination period related to heart issues and strokes have skyrocketed.",1.61E+18,2023
Wed Jan 12 02:35:16 +0000 2022,76,5,53,USER_01684,NAME_00423,,Canada,#Brazil news host is bragging about his #covid19 #vaccine shot and collapses on live tv. He had 5 more heart attacks on route to the hospital before being stabilized. https://t.co/JYMLvaAmSC,1.48E+18,2022
Thu Nov 04 21:02:17 +0000 2021,117,12,116,USER_01685,NAME_01678,,United States,"Parents...Doctors warn that the #COVID19 vaccine shot ""may cause serious side effects in children, including heart inflammation."" 
#Vax #Vaccine #VaxXed #VaxMandate #VaccineMandate #Kids #covid https://t.co/3WjOgB7Q5v",1.46E+18,2021
Fri Jan 13 20:52:32 +0000 2023,51,4,31,USER_01686,NAME_01679,,,"There is conclusive evidence that the mRNA COVID19 vaccine is inducing heart disease and causing sudden death!
Joseph Freeman, lead author of a peer-reviewed study that reanalyzed Pfizer and Moderna's mRNA vaccine trials, called for an immediate moratorium on COVID19 vaccination https://t.co/PNgf1Lc0GI",1.61E+18,2023
Tue Feb 21 00:55:59 +0000 2023,44,3,2,USER_01687,NAME_01680,,United States,"she got the covid19 vaccine pussy, broke my heart ❤️‍🩹💔",1.63E+18,2023
Thu Nov 10 17:04:50 +0000 2022,16,0,3,USER_01688,NAME_01681,,United States,Pharmacy technician at the heart of the Covid19 vaccine outside of clinical trial #celebrationofscience ⁦@rpharms⁩ https://t.co/KVUfLjlaH3,1.59E+18,2022
Sat Feb 10 19:36:57 +0000 2024,2,0,0,USER_01689,NAME_01682,,United States,"#COVID19 vaccine side effects include Thrombosis with thrombocytopenia syndrome, myocarditis, anaphylaxis, Guillain-Barré syndrome, immune thrombocytopenia, postural orthostatic tachycardia syndrome, heart attacks, pericarditis, seizures, blood clots, disseminated intravascular coagulation, reproductive problems, “turbo” cancers and of course death. #Vaccination is a risk/benefit ratio and since all the alphabet health agencies have destroyed their credibility through obfuscation of the actual facts related to risks, that means that millions of Americans will avoid potentially life-saving advice because, after all, the people advocating it are liars 🤷‍♀️ and for all those who say #TheGovernmentWouldNeverDoThat here’s a reminder 👇🏻",1.76E+18,2024
Sat Feb 10 20:03:22 +0000 2024,4,0,1,USER_01689,NAME_01682,,United States,"#COVID19 vaccine side effects include Thrombosis with thrombocytopenia syndrome, myocarditis, anaphylaxis, Guillain-Barré syndrome, immune thrombocytopenia, postural orthostatic tachycardia syndrome, heart attacks, pericarditis, seizures, blood clots, disseminated intravascular coagulation, reproductive problems, “turbo” cancers and of course death. #Vaccination is a risk/benefit ratio and since all the alphabet health agencies have destroyed their credibility through obfuscation of the actual facts related to risks, that means that millions of Americans will avoid potentially life-saving advice because, after all, the people advocating it are liars 🤷‍♀️ and for all those who say #TheGovernmentWouldNeverDoThat here’s a reminder 👇🏻 @MelissablasekNH @tracybeanz @CDCgov",1.76E+18,2024
Mon Sep 05 20:38:36 +0000 2022,220,21,118,USER_01690,NAME_01683,,Canada,"So back to school information to take to heart:
1. only 41% of children age 5-11 have had 2 doses of a COVID19 vaccine
2. Just 20.2% of children/teens age 12-17 have had 3 doses
3. And 39.6% of young adults, age 19-29 have had 3 doses.
Source: Public Health Ontario",1.57E+18,2022
Mon Dec 06 13:22:19 +0000 2021,11,2,6,USER_01691,NAME_01684,,,"Does anyone have a real count, or accurate number. Of how many people, have had heart attacks and strokes. That died within 3 months of Covid19 vaccine? In my church alone 6 stokes and 2 heart attacks shortly after vax or booster.",1.47E+18,2021
Thu Nov 30 16:31:54 +0000 2023,265,25,182,USER_01692,NAME_01685,,Canada,"Navy Medical Officer reveals an absolutely shocking statistic - Heart Failures have increased 973% since the #COVID19 #vaccine was forced upon military personnel.

We have all the data, we know it’s just going to get worse from here on out, it’s time for the tribunals to start. ✅",1.73E+18,2023
Sun Jan 30 10:30:21 +0000 2022,31,8,26,USER_01693,NAME_01686,,Belgium,"20 y old Claire Bridges has gotten the #Covid19 vaccine because she had a underlying heart condition, despite having both vaccines and booster she still caught covid, now she faces double leg amputation because of side effects released by the vaccine to the virus. #coronavirus https://t.co/oAYRdnKDKC",1.49E+18,2022
Wed Jul 27 04:53:25 +0000 2022,200,7,69,USER_01694,NAME_01687,,Australia,#COVID19 Vaccine protects against heart attack and Stroke https://t.co/Hn6Vi6K2wQ via @JAMA_current part of @JAMANetwork,1.55E+18,2022
Sat Sep 04 00:30:19 +0000 2021,11,0,4,USER_01694,NAME_01687,,Australia,Short-term Reactions to the #COVID19 #Vaccine Among Pregnant and Lactating Individuals - another study showing vaccination is safe for pregnant and lactating women. https://t.co/r6GYQCDdPO via @JAMANetworkOpen part of @JAMANetwork,1.43E+18,2021
Wed Apr 06 04:38:28 +0000 2022,32,2,28,USER_01695,NAME_01688,,,Watch &amp; Share. Top Indian epidemiologist connects the dots between #COVID19 #vaccine and rise in heart attacks. #VaccineDeaths #VaccineSideEffects @amitavb1 @DrDev7 https://t.co/Xcs2TUIOmA via @diaries_empire,1.51E+18,2022
Tue Aug 23 16:25:14 +0000 2022,50,1,23,USER_01696,NAME_01689,,United States,"The Storm, [Aug 23, 2022 at 9:16 AM]
She transported a 10 year old child having a heart attack. She had to argue 30 min with the doctor and force his hand to have an ECG that clearly shows a myocardial infarction due to the covid19 vaccine. ""
#truth #wakeup https://t.co/aqinis8p71",1.56E+18,2022
Tue Jun 29 10:13:21 +0000 2021,294,17,199,USER_01697,NAME_01690,,United States,"“During 2009 swine flu pandemic, narcolepsy didn’t become apparent until 9 months after vaccination with Pandemrix vaccine &amp; wasn’t until 4 months into Israel’s #COVID19 #vaccine campaign that heart damage was recognized as side effect in young men, boys.’
https://t.co/GU7kUmsxNd",1.41E+18,2021
Sat Nov 13 13:23:32 +0000 2021,9,0,7,USER_01698,NAME_01691,,,"UHN United health network knows that there is a relationship between ""the covid19 vaccine the heart"", and yet they suspend and fire those who refuse the vaccine.  Criminal intent @NotaliaMateo @dockaurG @dockaurG @ashkaur https://t.co/meBAbrohfN",1.46E+18,2021
Tue Sep 05 22:45:22 +0000 2023,28,3,19,USER_01699,NAME_01692,,Canada,"Evidence Has Accrued from #ClinicalTrials to Widespread Distribution to #Histopathological Analysis: #COVID19 ""#Vaccine"" Products Have Detrimental Effects on the #Heart. | #cardiacarrest #myocarditis #pericarditis #heartdamage https://t.co/TUzWrSGOTH",1.70E+18,2023
Sat Jan 21 15:02:38 +0000 2023,24,2,14,USER_01700,NAME_01693,,United Kingdom,"For years we were told, eat well, exercise and look after your heart so we would not need a defibrillator.  

When will the government add don't take the covid19 vaccine to eat well and exercise?

A defibrillator is treating the side effect of covid19 vaccine. #StoptheShots",1.62E+18,2023
Sat Sep 24 01:20:51 +0000 2022,96,5,6,USER_01701,NAME_01694,,United States,COVID19 vaccine hysteria is so bad that several times as many USians between 18-34 claim to have had heart attacks as USians across ALL age groups actually have had heart attacks. https://t.co/ykOg8olq39 https://t.co/InGrZjTSS5,1.57E+18,2022
Sun Jun 19 11:35:01 +0000 2022,148,11,73,USER_01702,NAME_01695,,United States,"Earlier in June 2022, an 11-year-old girl in #HongKong fell ill with myocarditis 3 weeks after getting a #COVID19 vaccine developed by Fosun Pharma.

She is currently in a stable condition after completing heart surgery.  https://t.co/dA4CXAo90D",1.54E+18,2022
Tue Jan 03 17:39:44 +0000 2023,12,3,5,USER_01703,NAME_01696,,,"the same people that are questioning #COVID19 Vaccine potential side effects (heart issues, #myocarditis, athletes collapsing) are the same people that ?'d its rollout.

ironically, the same people saying ""not the time"" were the same ones saying non-vaccinated are killing others. https://t.co/cQsKzwBDG5",1.61E+18,2023
Thu Jun 30 07:41:21 +0000 2022,9,0,4,USER_01704,NAME_01697,,United Kingdom,Because they want to avoid talking about Covid19 vaccine injuries and heart failure....,1.54E+18,2022
Thu Jun 30 07:43:31 +0000 2022,13,0,2,USER_01704,NAME_01697,,United Kingdom,"@pumpinghearts Perhaps it is to avoid talking about the Covid19 vaccine and heart issues? As a charity involved with heart issues, are you concerned with Covid19 vaccine and cardiac issues?",1.54E+18,2022
Wed Nov 30 04:04:57 +0000 2022,122,2,19,USER_01705,NAME_01698,,,"@samanthamarika1 So why were there 580,000 heart disease deaths in the 8 months BEFORE the #COVID19 vaccine &amp; 9,000 LESS heart disease deaths in the first 8 months of the vaccines being administered?!
This doesn’t make sense with your accusation, huh?! https://t.co/GNe1GdpcyZ",1.60E+18,2022
Thu Jan 12 11:46:37 +0000 2023,96,1,31,USER_01706,NAME_01699,,United Kingdom,"@MattChorley 🚨🚨🚨1,391 cases of heart inflammation reported to the #MHRA following a suspected adverse reaction to the Pfizer vaccine, including 83 children

2,226 cases in total reported across all 3 #COVID19 vaccine providers in the UK🇬🇧

Just the facts, Matt

#Myocarditis 
#Pericarditis https://t.co/MNzheYfeOy",1.61E+18,2023
Sun Apr 25 17:58:54 +0000 2021,21,1,4,USER_01707,NAME_01700,,United States,Austin moving to self administration of the COVID19 vaccine! So heart warming to see this Sunday morning 🥰🥰🥰,1.39E+18,2021
Fri Jul 30 02:22:38 +0000 2021,32,10,13,USER_01708,NAME_01701,,Denmark,"The British Government killed my friend Becky, the wife of one of my best friends in Wales. 

Young healthy woman, a carring mother, she just had her Covid19 vaccine done and does of heart attack 🤬",1.42E+18,2021
Fri Feb 12 19:09:54 +0000 2021,14,1,9,USER_01709,NAME_01702,,United States,"BREAKING: American College of Cardiology Urges #COVID19 Vaccine Prioritization for Highest Risk Heart Disease Patients ➡ https://t.co/MA6YUOe8Pr #JACC https://t.co/XxYICBaPur",1.36E+18,2021
Sun Oct 29 13:15:00 +0000 2023,46,2,36,USER_01710,NAME_01703,,United States,"White House Orchestrated Cover-Up of COVID Vaccine Heart Damage [@DailyClout #COVID19 #Vaccine]

https://t.co/gEPJxr902D",1.72E+18,2023
Sat Sep 09 15:28:00 +0000 2023,23,1,12,USER_01710,NAME_01703,,United States,"Dr. Robert Chandler: Heart Disease Post-mRNA “Vaccine” is Not Rare, Temporary, or Mild @ShannonJoyRadio 

#COVID19 #Vaccine 

https://t.co/r5koXMjnlE",1.70E+18,2023
Tue Aug 03 09:28:32 +0000 2021,14,0,8,USER_01711,NAME_01704,,,"Please, PLEASE, read this thread if you are considering not getting a COVID19 vaccine. This is heart breaking. #GetVaccinated",1.42E+18,2021
Wed Jun 15 16:42:47 +0000 2022,63,7,22,USER_01712,NAME_01705,,Canada/ Mexico,"Moderna #COVID19 vaccine may pose higher heart inflammation risk: CDC

https://t.co/AxoJ0O0GLx",1.54E+18,2022
Wed Sep 28 20:28:21 +0000 2022,42,2,19,USER_01713,NAME_01706,,United Kingdom ,"@JohnBoweActor 👏🏻👏🏻👏🏻 thank you for a balanced, great piece of work here, to see the injured truly with a voice is heart breaking. 

Share far and wide….. 

#vaccineinjuries #stopthejab #COVID19 ##vaccine 👀 #Nuremburg2 

https://t.co/BbkfA7I9xH",1.58E+18,2022
Sun Oct 31 21:43:43 +0000 2021,487,14,54,USER_01714,NAME_01707,,United States,"For anyone who’s trying to pin Aguero’s heart arrhythmia on the COVID19 vaccine:

- he’s had the same issue before
- covid19 itself (which Aguero had) is shown to have much higher rates of heart issues than the vaccine

Stop spreading misinformation.",1.45E+18,2021
Mon Jan 09 10:43:11 +0000 2023,13,3,8,USER_01715,NAME_01708,,United States,"2012 way before the Covid19 vaccine. 

Young people were dying of heart attacks in soccer. 

https://t.co/xnDUG4cDZ3",1.61E+18,2023
Mon Dec 04 18:43:55 +0000 2023,284,19,98,USER_01716,NAME_01709,,United States,"@CDCgov Does the #COVID19 vaccine prevent myocarditis, super spreader cancers, blood clots, strokes, heart attacks, instant deaths, &amp; miscarriages?

Just asking for my family &amp; friends that got one of the above after being vaccinated.",1.73E+18,2023
Tue Jan 16 17:02:00 +0000 2024,2,1,0,USER_01717,NAME_01710,,,"Covid19 vaccine induced heart injury.

Imagine my shock these vaxes were marketed as safe and effective. https://t.co/VasyufzPT7",1.75E+18,2024
Wed Dec 21 12:55:56 +0000 2022,3,0,1,USER_01718,NAME_01711,,,"Is it possible that the covid19 ' vaccine ' is causing heart problems too?   And even, gulp, death?  

https://t.co/coGpFenz0E

#deathjab #covid19 #scamdemic #bioweapon #clotshot #vaccine #vaccines #death #causeofdeath",1.61E+18,2022
Thu Feb 08 22:40:56 +0000 2024,2,1,0,USER_01718,NAME_01711,,,"@VikiLovesFACS Understand your position on covid vaccine safety for pregnant women,  but how do you explain this?  : 

https://t.co/myY3AAVX4J",1.76E+18,2024
Sun Oct 10 17:04:00 +0000 2021,47,2,16,USER_01719,NAME_01712,,,"Finland this week became the latest Nordic country to issue directives discouraging certain demographics from undergoing the Moderna #COVID19 vaccine due to an allegedly elevated risk of heart issues.
https://t.co/aSgdB91oFF",1.45E+18,2021
Tue Jul 06 13:22:18 +0000 2021,707,7,154,USER_01720,NAME_01713,,United States,"""Nurse who received first FDA-approved #COVID19 vaccine will have her scrubs and vaccine card displayed in Smithsonian.
Sandra Lindsay, who immigrated to New York when she was 18, 'poured her heart and soul' into the fight against #COVID19."" https://t.co/VwmnJ7VAnC",1.41E+18,2021
Sat Jun 26 04:38:39 +0000 2021,170,5,71,USER_01721,NAME_01714,,India,Pfizer-BioNTech and Moderna #COVID19 vaccine factsheets have been revised by the US FDA to include a heart inflammation risk warning as several countries investigate similar cases after a jab. https://t.co/BqBl5Lt2L7,1.41E+18,2021
Fri Dec 11 09:41:36 +0000 2020,145,6,11,USER_01721,NAME_01714,,India,Australia Ends #COVID19 Vaccine Trials Due To HIV Antibody Positives https://t.co/40UxbMeRGJ https://t.co/6qBi1cSSd2,1.34E+18,2020
Sat Jul 31 04:35:41 +0000 2021,1582,24,295,USER_01722,NAME_01715,,Taiwan,"We're oceans apart, but couldn't be closer at heart. I'm moved to see #Lithuania's donation of #COVID19 vaccine doses touching down in #Taiwan. My gratitude to our country's new friend for sharing the commitment to #LeaveNoOneBehind. JW https://t.co/3RIWZrYB19",1.42E+18,2021
Sun Sep 25 14:47:55 +0000 2022,13,3,9,USER_01723,NAME_01716,,United States,"The CDC has reported that the old Covid19 vaccine has side-effects like myocarditis, an - inflammation of the heart muscle and pericarditis, an inflammation of the heart's outer lining.",1.57E+18,2022
Thu Oct 07 14:52:05 +0000 2021,49,0,11,USER_01724,NAME_01717,,India,"Sweden and Denmark have paused the use of #Moderna's #COVID19 vaccine for people in the younger age group after reports of inflammation of the heart muscle.

@SimonMarksFSN tells you more

For more videos, visit: https://t.co/AXC5qRcEPB https://t.co/8hSnZGr10M",1.45E+18,2021
Sat Oct 30 16:30:00 +0000 2021,38,0,2,USER_01724,NAME_01717,,India,"#G20Summit | South Africa claimed that the Russian #COVID19 vaccine could risk of HIV infection among men.

https://t.co/Xl8jIvNa34",1.45E+18,2021
Mon Nov 29 19:27:18 +0000 2021,17,2,9,USER_01725,NAME_01718,,,"SEEKING A STORY SUBJECT: Do you know anyone who has not been vaccinated yet, maybe waited for some reason or recently had a change of heart &amp; plans to get the #covid19 #vaccine? I'm looking for a person/family to speak about this topic for a national publication ASAP. DM me! Thx! https://t.co/uQPtE7XMdn",1.47E+18,2021
Tue Jun 14 16:16:11 +0000 2022,59,12,13,USER_01726,NAME_01719,,Canada,"@CTVNews Yes, my daughter had a very serious reaction to the Moderna Covid19 Vaccine - she thought she was having a heart attack at age 38 but it was serious inflammation of her heart and months later she's still not back to normal.",1.54E+18,2022
Tue Jan 16 17:02:21 +0000 2024,9,0,1,USER_01727,NAME_01720,,,Thank you to the COVID19 Vaccine - stroke and heart attack are now common,1.75E+18,2024
Thu Jan 05 03:36:34 +0000 2023,11,4,6,USER_01728,NAME_01721,,United States,"It is my belief that a routine tackle by an NFL player cannot cause a heart attack. But an experimental, poorly tested #COVID19 Vaccine does cause heart attacks. Now EVERY NFL player who was mandated to take the jab is wondering will he be next.

#StoptheShotsNow 
#DamarHamlin https://t.co/MY63eVVmap",1.61E+18,2023
Sat Aug 26 15:52:40 +0000 2023,17,0,2,USER_01729,NAME_01722,,United States,From the comments to this article I learned that the #COVID19 #vaccine can cause congenital heart defects in people born over 15 years before the vaccine was invented.,1.70E+18,2023
Wed Aug 30 05:15:31 +0000 2023,10,5,0,USER_01730,NAME_01723,,Philippines,Safe nga ba ang covid vaccine or booster? Ano possible side effects nito sa human organs like kidney or heart? #plhiv #covid19 #vaccine #covidvaccine,1.70E+18,2023
Mon Dec 05 08:48:31 +0000 2022,113,28,10,USER_01731,NAME_01724,,India,"The heart attacks have nothing to do with the #COVID19 vaccine. There is simply no evidence of it.
India has been (for years now, pre #COVID19 also) the leader in heart diseases. I beg of my fellow citizens get boosted! I am vaccinated &amp; boosted with #covishield !",1.60E+18,2022
Fri May 27 18:44:41 +0000 2022,102,10,20,USER_01732,NAME_01725,,United States,"Great discussion of  #COVID19 #vaccine options for under 5s. 

Kids under 5  have no protection against this latest surge. We must #immunizeunder5s. 

As I Hug my 4th grader, my heart pains for those who can’t. #EndGunViolence

Our kids deserve the best! https://t.co/7JaHu9oZFa",1.53E+18,2022
Wed Sep 29 20:08:04 +0000 2021,17,0,6,USER_01733,NAME_01726,,United States,"Moderna’s #COVID19 vaccine is at the heart of the UK Government’s vaccination &amp; booster programme. Great to meet some of the @moderna_tx leadership team today, discuss their growth in 🇬🇧 &amp; hear about the potential of their mRNA technology for treating other conditions, eg cancer. https://t.co/nlFZFCEMJG",1.44E+18,2021
Sun Apr 23 08:59:59 +0000 2023,0,0,0,USER_01734,NAME_01727,,,Doctor was too scared to report Covid19 vaccine heart attack.,1.65E+18,2023
Wed Sep 07 23:18:28 +0000 2022,495,20,47,USER_01735,NAME_01728,,United States,"I couldn't think of a better message than to let you know, I was boosted with the new #COVID19 vaccine. I will be back to Twitter SOON. I miss YOU &amp; I will let you know how I do on the vaccine. Thank you ALL for your kind words. I appreciate it with all my heart.",1.57E+18,2022
Thu Dec 09 01:20:17 +0000 2021,4,0,2,USER_01736,NAME_01729,,United States,"NEW COVID VACCINE RESEARCH: Researchers at 
@Intermountain @PrimaryChildren &amp; @BostonChildrens find few youth who developed suspected #COVID19 vaccine-related heart muscle inflammation known as myocarditis had mild symptoms that improved quickly. 
@CircAHA https://t.co/NCsMEKh7R9",1.47E+18,2021
Sun Jun 27 03:34:36 +0000 2021,18,0,9,USER_01737,NAME_01730,,Korea,"▪ RISK OF HEART INFLAMMATION

U.S. FDA adds warning about risk of heart inflammation to Pfizer and Monderna vaccines

#COVID19 #Vaccine #heart_inflammation https://t.co/hPRJnsnrPW",1.41E+18,2021
Mon Apr 19 14:47:35 +0000 2021,19,0,9,USER_01738,NAME_01731,,,Time 4 everyone 2 sign up 2 get their #COVID19 vaccine. @CityOfBoston will continue 2 center equity @ the heart of our effort to ensure those who have been inequitably impacted get the access they need to get their shot &amp; bring #HOPE 2 our neighborhoods. @HHSBOS @HealthyBoston,1.38E+18,2021
Fri May 21 09:41:24 +0000 2021,11,1,0,USER_01739,NAME_01732,,United Kingdom/ Pakistan,"Every time a friends gets the Covid19 vaccine, my heart jumps with joy. Please keep sharing your jab news, just without QR codes and pictures of the vaccination card!",1.40E+18,2021
Wed Feb 14 15:33:04 +0000 2024,1,0,0,USER_01740,NAME_01733,,,"@CDCgov ""Get an updated #COVID19 vaccine to help protect yourself from serious illness.""

... YOU'LL BE SO HAPPY, IT WILL FEEL LIKE YOUR HEART'S GOING TO EXPLODE!",1.76E+18,2024
Mon Nov 06 09:30:41 +0000 2023,13,3,6,USER_01741,NAME_01734,,India,"Public: ""They died right after getting the COVID19 vaccine""

Vax Cult: ""They must have had an undetected degenerative heart condition""

Public: ""And how do you know that?""

Vax Cult: ""Because they died right after taking a 'safe and effective' vaccine""",1.72E+18,2023
Thu Aug 26 16:23:49 +0000 2021,15,1,11,USER_01742,NAME_01735,,United States,"A study with ~2 million people in Israel shows Pfizer #COVID19 vaccine slightly raises risk of heart inflammation &amp; swollen lymph nodes.

But that Covid-19 raises the risk of heart inflammation even more &amp; it raises the risk of blood clots, heart attacks.

https://t.co/Znunec3s33",1.43E+18,2021
Mon Aug 16 14:29:55 +0000 2021,11,0,5,USER_01742,NAME_01735,,United States,"New paper (not peer-reviewed yet) evaluates the potential benefit of 3 #COVID19 vaccine doses in either a homogenous or heterogeneous dosing regimen among kidney transplant patients

https://t.co/hzTaxy3dHs",1.43E+18,2021
Fri Nov 04 15:47:30 +0000 2022,0,0,0,USER_01743,NAME_01736,,United States,More covid19 vaccine heart damage and the warnings brushed aside https://t.co/w7SVs4Z5aQ via @theconwom,1.59E+18,2022
Thu Oct 21 10:14:07 +0000 2021,1,0,1,USER_01744,NAME_01737,,United States,"#mRNA #COVID19 #Vaccine Heart Inflammation Risk Confirmed

https://t.co/6TRPlu7INe

#SpikeVax #moderna #hcsm #mHealth #pharmacist",1.45E+18,2021
Tue Nov 28 15:57:18 +0000 2023,0,0,0,USER_01745,NAME_01738,,,"I am very sorry. It was found that 5% to 9% of people who received the Covid19 vaccine developed heart damage. 50,000 to 90,000 per million people. Half of the people diagnosed with myocarditis as a vaccine side effect will die within 5 years, 75% within 10 years.

Dr. Alan Shoemaker. 

https://t.co/Ll1UaA5zFY

#COVID19NT #COVID19NSW #Covid #HealthForAll #healthcare #Health #biontech #Elonmusk #Gasa #Free_Palestine",1.73E+18,2023
Wed Dec 27 18:38:05 +0000 2023,12,2,3,USER_01746,NAME_01739,,Canada,"No matter how much they try to sell this crap, the cat is well out of the bag.   

It’s the #Covid19 #Vaccine which is causing heart issues.  

https://t.co/y3ww3CUeSl",1.74E+18,2023
Sat Nov 06 15:22:03 +0000 2021,9,0,1,USER_01747,NAME_01740,,United States,"@LouGarza86 @MomWithAnS Covid19 vaccine does not cure diabetes, cancer, heart disease, obesity or any other life threatening conditions.
 If people get covid 19 while having those other conditions they are high risk for death/disability. 
Covid19 vaccine develops an army of antibodies to fight covid19.",1.46E+18,2021
Tue Jan 17 14:49:46 +0000 2023,2,1,2,USER_01748,NAME_01741,,Canada,"Covid19 vaccine may* cause blood clots, Covid19 DEFINITELY causes blood clots

Covid19 vaccine may* cause heart attacks and strokes, Covid19 DEFINITELY causes heart attacks and strokes",1.62E+18,2023
Fri Nov 04 12:15:45 +0000 2022,13,2,2,USER_01749,NAME_01742,,Canada,"It’s been 10 days since I began having a severe cold: terrible congestion that doesn’t go away, cough and headaches. Keeps getter worse rather than better. I can feel that I’m no longer healing as well as I use to aka before the whole #covid19 #vaccine transfection/heart failure.",1.57E+18,2022
Tue Feb 28 12:33:45 +0000 2023,0,1,0,USER_01750,NAME_01743,,,"@timesofindia @WHO World unHealthy Organization. #Covid19 Vaccine Heart attacks all credited into Covid19 infection😡. If have guts do this fairly &amp; say to this world, as I said do research those who died in heart attacks because of took Vaccine or just infected by Covid19 alone. @doctorsoumya",1.63E+18,2023
Wed Sep 28 12:33:44 +0000 2022,2,0,0,USER_01751,NAME_01744,,India,"No link between heart dysfunction and COVID booster vaccines in India: Experts

https://t.co/SIICIKdhLr

#Health #healthcare #healthylifestyle #Life #Live #Covid19 #Vaccine #Heart https://t.co/MOZqpui7xC",1.58E+18,2022
Wed Feb 10 16:18:29 +0000 2021,18,2,0,USER_01752,NAME_01745,,United States,Today my 91 year old Holocaust survivor mother got her first dose of the #PfizerBiontech #COVID19 vaccine! My heart is full of gratitude for science &amp; political administrations that follow its guidance. I’m now fully vaccinated as is my sister. Big group hug coming soon!❤️#hope https://t.co/PUVfmCu57L,1.36E+18,2021
Wed Mar 17 21:28:28 +0000 2021,1989,213,58,USER_01753,NAME_01746,,United States,"My parents got their 2nd dose of #COVID19 #vaccine today. Which means: Two weeks until we can have Sunday dinner. Two weeks until they can hug their grandkids. Two weeks. My heart hurts with anticipation.

What's first on YOUR list once you're fully immunized?💉🦠🍀#ThisIsOurShot",1.37E+18,2021
Mon May 03 23:48:38 +0000 2021,226,4,27,USER_01753,NAME_01746,,United States,"Today, someone near and dear to me told me they (finally!) got their #covid19 vaccine over the weekend.

They  previously said ""I don't put anything in my body that I don't have to.""

Their reason for a change of heart? ""You told me it would help keep my family safe.""💕",1.39E+18,2021
Tue Sep 13 08:45:07 +0000 2022,1,0,1,USER_01754,NAME_01747,,Australia,"Reports submitted to the U.S. #CDC’s vaccine surveillance system suggest that cases of post-#COVID19 vaccine-linked heart inflammation among young males have risen.
https://t.co/HMzrP98UDG",1.57E+18,2022
Mon Mar 14 02:30:04 +0000 2022,1,0,5,USER_01754,NAME_01747,,Australia,"After receiving her first dose of the #COVID19 vaccine, Li’s 4yo developed a fever and coughs, which quickly subsided after intravenous therapy at the hospital.
The #leukemia cases span across different age groups from all parts of #China 
https://t.co/OL5usx3fhI via @epochtimes",1.50E+18,2022
Wed Jun 23 22:36:05 +0000 2021,5,1,2,USER_01755,NAME_01748,,United States,CDC panel finds link between the  #COVID19 vaccine and heart problems in kids; still urges vaccinations for teens &amp; young adults. https://t.co/d1l8iVDn2N,1.41E+18,2021
Tue Nov 14 16:27:35 +0000 2023,1,1,0,USER_01756,NAME_01749,,,"@drmssm Covid19 Vaccine is the only reason Nothing...

But no one ready to do proper research for that...

After started to take Covid19 Vaccine only sudden heart attack death news also coming unusual numbers...

Covid19 how produced and spreaded sofar no clue ?Then Vaccine Heart attack?",1.72E+18,2023
Wed Dec 30 17:16:54 +0000 2020,1062,35,435,USER_01757,NAME_01750,,,"• Person w/ multiple preexisting conditions dies of a heart attack. Has a positive PCR test within a week of death. Death attributed to COVID19.

• Person w/ multiple preexisting conditions receives the COVID19 vaccine, dies of a heart attack 2 hrs later. Not linked to vaccine.",1.34E+18,2020
Mon Dec 21 10:46:05 +0000 2020,159,61,68,USER_01758,NAME_01751,,,"Marco Rubio must be a very IMPORTANT person. He’s in his 40’s, &amp; healthy. Yet he received the #COVID19 vaccine before healthcare workers, the elderly, the sick &amp; infirm, people with preexisting conditions e.g. lung/heart/kidney disease. @marcorubio What makes you so special?🤔 https://t.co/bSVmdKTpXN",1.34E+18,2020
Tue Mar 23 15:25:41 +0000 2021,20,0,2,USER_01759,NAME_01752,,United States,"A simple errand ending in senseless violence. Some of those people were at #KingSoopers grocery shopping, others were in line for their #COVID19 vaccine. 

My heart hurts. But I know it’s important we don’t ever let ourselves become numb to this pain.",1.37E+18,2021
Sat Jan 09 10:13:24 +0000 2021,1194,63,589,USER_01760,NAME_01753,,South Africa,This is for those who question why scientists have made Covid19 vaccine in less that a year but they have been struggling to get us vaccines for HIV and cancer.,1.35E+18,2021
Mon Dec 14 02:19:40 +0000 2020,156,16,67,USER_01761,NAME_01754,1964,Canada,"Big news on the latest Covid19 vaccine is some countries are finding HIV positive patients after checking for adverse reactions. Some areas are shutting it down.
No surprise..lentivirus is often used as a delivery vector.
Taken from a citation in 2009: (see attached tweet)",1.34E+18,2020
Fri Apr 16 18:49:06 +0000 2021,193,65,47,USER_01762,NAME_01755,,Zimbabwe,We need an HIV Vaccine to be produced as fast as they produced a Covid19 Vaccine. Why not have it ?,1.38E+18,2021
Fri Feb 05 23:30:22 +0000 2021,204,5,95,USER_01763,NAME_01756,,United States,"The messenger RNA technology that developed a successful #covid19 vaccine could serve as the solution for HIV, sickle cell, and malaria vaccines. https://t.co/jFwOlSOJKZ",1.36E+18,2021
Wed Jul 14 14:57:38 +0000 2021,50,9,7,USER_01764,NAME_01757,,,"I am tired of people asking why there is a COVID19 vaccine and not a HIV one.

There are several reason I can think off but has anyone here seen a fantastic explanation I can make into a tiktok?",1.42E+18,2021
Thu Jan 28 13:58:28 +0000 2021,46,0,22,USER_01765,NAME_01758,1969,United States,"Lots of folks living with #HIV have concerns about #COVID19 vaccine safety.

This is a great review from @pozmagazine.

1. Yes, it appears safe
2. No, it's not a live virus
3. Yes, it is effective
4. Yes, speak with your clinician 

https://t.co/maUc4EgqC5",1.35E+18,2021
Sun Feb 13 17:34:39 +0000 2022,20,4,3,USER_01765,NAME_01758,1969,United States,"1/
I received an email today about a #CROI2022 abstract comparing antibody response after the COVID19 vaccine among people living with #HIV (PLWH) and participants who are HIV negative. 

The bar graph for the results labeled the two groups ""PLWH"" and ""healthy volunteers."" https://t.co/XTT7ZJnVQM",1.49E+18,2022
Tue Dec 15 00:27:31 +0000 2020,7,1,5,USER_01766,NAME_01759,,United States,"Why does the #COVID19 vaccine give HIV+ results??

Nobel prize winning scientist 
Luc Montagnier who discovered #HIVAIDS said in April 2020 Coronavirus is lab engineered and has HIV gene sequences. https://t.co/BrjHnPGIpH https://t.co/ttQ2m2t2LZ",1.34E+18,2020
Thu Jan 06 20:15:37 +0000 2022,12,0,7,USER_01767,NAME_01760,,Greece,Luc Montagnier Discovered HIV. Nearly 30 year later he discovered HIV in our COVID19 vaccine. Frightening conclusions. https://t.co/ldM2Oe4J76,1.48E+18,2022
Sat Aug 21 07:04:01 +0000 2021,38,3,5,USER_01768,NAME_01761,,South Africa,"I receive a lot of questions on my DMs regarding HIV and Covid19 vaccine. I try to answer what I can but I'm not an expert in the field. If there's any doctor/specialist that may assist, plz let me know. 
They want to get vaccinated but are looking for more information 🙏😊",1.43E+18,2021
Wed Jun 09 13:03:49 +0000 2021,2,0,1,USER_01769,NAME_01762,,,"How has Covid19 impacted the HIV+ Women?

Written by Saptashi Bhattacharyya

Click to know more: https://t.co/2DV7Qmd5Uz

#covid19 #vaccine #hiv #covidtesting #virus #easytesting #maskup #getthevacccine #stayhomestaysafe #aftervaccination #hivwomen #hivpositive #sarcov2 #scicomm https://t.co/iVNLtdowI9",1.40E+18,2021
Mon Jan 25 01:33:08 +0000 2021,13,0,2,USER_01770,NAME_01763,,,"$ENZC just a matter of time before we hear Cl3hmAb [Clone3] is approved...still waiting patiently! 

#monoclonal #antibodies #mAbs #HIV #COVID19 #vaccine #biotech #pharma #NASDAQ $LLY $JNJ $GILD #Coronavirus #treatment 

https://t.co/ueLyMMPhTN",1.35E+18,2021
Thu Feb 25 09:32:04 +0000 2021,12,3,6,USER_01771,NAME_01764,,Uganda,"#COVID19 Vaccine Vs #HIV Vaccine!
What comes to your mind when you hear 
about the two #vaccines?
#beyondmypill#testtreatretain
@MinofHealthUG @EndAIDSBy2030Ug 
@DrTedros 
@HIVpxresearch https://t.co/yu6EV2emHt",1.36E+18,2021
Thu Mar 25 15:00:02 +0000 2021,275,13,31,USER_01772,NAME_01765,,United Kingdom,"“It's actually the technology that we've developed through studying HIV and trying to control it that's helped us with this.” Dr @PaulFMcKay explains how the Covid vaccine was. developed so quickly.

@projecthalo #Covid19 #Vaccine https://t.co/A9PXvqcuE8",1.38E+18,2021
Mon Dec 21 16:21:09 +0000 2020,14,1,7,USER_01773,NAME_01766,,United Kingdom,"Is the COVID19 vaccine safe for people living with #HIV? 
@aidsmap has put together an information page with what we know so far (we will update this with more information as we receive it).
https://t.co/oVMt3gaWNI https://t.co/9lKjYRLvSY",1.34E+18,2020
Sat Nov 06 04:01:24 +0000 2021,21,5,10,USER_01774,NAME_01767,,United States,African governments are likely to be Moderna’s primary customers for their anticipated HIV vaccines. Shouldn't they be forging good working relationships through COVID19 vaccine access? 🤔,1.46E+18,2021
Wed Oct 04 14:42:53 +0000 2023,36,3,14,USER_01775,NAME_01768,,Canada,"@JimFergusonUK Luc Montagnier Discovered HIV. Nearly 30 year later he discovered HIV in our COVID19 vaccine. Frightening conclusions.
https://t.co/BkL0lKUeGs https://t.co/I1H01RaM7h",1.71E+18,2023
Sun Feb 07 18:02:43 +0000 2021,25,2,14,USER_01776,NAME_01769,,United States,"The @CDCgov says that people ""who are in an immunocompromised state from HIV"" may be given priority in receiving the #COVID19 vaccine. However, the Massachusetts list of qualifying health conditions (i.e. comorbidities) doesn't appear to do this. https://t.co/zxsnKaYTXj",1.36E+18,2021
Tue Jun 08 12:15:22 +0000 2021,28,1,11,USER_01777,NAME_01770,,,We found no spike-specific antibodies or T cells post covid19 vaccine in a case of viremic HIV @EmmaTouizer @AljawharahAlru1 @Peppa_Group @LukeMuir91 @chloereesspear @GuptaR_lab https://t.co/0EkSiJmGzr,1.40E+18,2021
Wed May 18 08:45:02 +0000 2022,37,0,18,USER_01778,NAME_01771,,Switzerland,"How should #HIV vaccine research move into the future? In this new JIAS viewpoint for #HVAD2022, authors explore the way forward given the state of HIV science, the background of #COVID19 vaccine development, and the broader HIV prevention landscape. https://t.co/VmRKJ82JBl https://t.co/bZlMCG6tbB",1.53E+18,2022
Thu Sep 23 13:56:24 +0000 2021,8,0,3,USER_01779,NAME_01772,,,"We're live on our FB page live now with Dr @LindaGailBekker and @PreciousShong12 getting the facts on HIV and the Covid19 vaccine. Get your questions answered. 
@gnpplus @Yplus_Global @NetworkAthena @MENARosa2 @ICASO_ @INPUD @UN_Women @DTHF_SA 

#GenderMatters https://t.co/DXyxi3ejWT",1.44E+18,2021
Mon Jul 19 11:07:53 +0000 2021,9,0,4,USER_01780,NAME_01773,,Switzerland,"""We cannot answer questions if we don't study the populations concerned."" - @drlaurajwaters 🇬🇧
 emphasizing the importance of including people living with HIV in #COVID19 vaccine trials. #IAS2021 https://t.co/gVlPOJDmEN",1.42E+18,2021
Wed Apr 13 16:53:21 +0000 2022,8,0,7,USER_01781,NAME_01774,,,"HIV update is now online: https://t.co/rydJXBrgow
In this edition:
- HIV criminalisation and stigma
- HIV treatment and health care for refugees from Ukraine
- Cancer and CD4/CD8 ratio
- #aidsmapCHAT
- Chinese #COVID19 vaccine
- Fatigue and HIV
- Editors' picks from other sources https://t.co/ScqGkbDy0b",1.51E+18,2022
Wed Jul 26 16:11:31 +0000 2023,23,1,16,USER_01781,NAME_01774,,,"Our 3rd bulletin of news from #IAS2023 is out now, incl news on: 
- Statins &amp; HIV: implementing REPRIEVE findings in the real world
- Bictegravir safe &amp; effective in pregnancy
- #COVID19 vaccine effectiveness in people with HIV who inject drugs
https://t.co/5evt0qfqWL @iasociety https://t.co/iR8VstCzQ5",1.68E+18,2023
Tue Jul 13 13:46:43 +0000 2021,48,3,61,USER_01782,NAME_01775,,United States,"South Africa health dept confirms #ShutdownSA #looting has disrupted   access to #HIV #TB &amp; other chronic illness treatment in affected areas. Private &amp; public #covid19 vaccine sites in these areas closed, appointments will be rescheduled. Full statement: https://t.co/WxFvTG0mjW",1.41E+18,2021
Thu May 19 02:30:33 +0000 2022,21,0,8,USER_01783,NAME_01776,,United States,How ready are we for mass implementation of an #HIV vaccine? I predict nowhere near ready if the #COVID19 vaccine roll-out and scale-up is any indication. Let’s plan for equitable access to a future ‘people’s vaccine.’ #HIVVaccineAwarenessDay https://t.co/OrA8V78LBc,1.53E+18,2022
Thu Dec 01 09:30:08 +0000 2022,51,4,15,USER_01784,NAME_01777,,,"The rapid development and approval of a #COVID19 vaccine benefited from decades of research in the quest for an #HIV vaccine. 

Investing in #HIVvaccine R&amp;D is investing in pandemic preparedness. #WorldAIDSDay #WAD2022 https://t.co/jON4WGDYjb",1.60E+18,2022
Sun Oct 23 12:00:10 +0000 2022,33,1,15,USER_01784,NAME_01777,,,"Two new studies published this month further support that the #COVID19 vaccine and booster is ""highly effective"" for people living with #HIV.
https://t.co/9EgdtyMfkN",1.58E+18,2022
Tue Jan 18 15:18:13 +0000 2022,10,0,2,USER_01785,NAME_01778,,United States,"A study about the #COVID19 vaccine for #HIV-infected patients by @NYITCOMDO's Dr. Maria Plummer Dr. Charles Pavia was recently published. 

COVID-19 Vaccines for HIV-Infected Patients https://t.co/CMlkp8qcPP #mdpiviruses via @VirusesMDPI 

Congratulations Dr. Plummer &amp; Dr. Pavia https://t.co/WWMD9ek7r1",1.48E+18,2022
Fri Jun 23 16:10:00 +0000 2023,6,0,3,USER_01786,NAME_01779,,Germany,"Heftdal et al. showed humoral and cellular immune responses eleven months after the third dose of BNT162b2 an mRNA-based #COVID19 #vaccine in people with #HIV
#Phenomics @TheLancet #cohortstudy #mRNA #immuneresponse
https://t.co/2EruGa4jo5 https://t.co/KAW0HcuGVL",1.67E+18,2023
Sat Nov 27 11:08:29 +0000 2021,158,27,155,USER_01787,NAME_01780,,South Africa,"[Thread] From 1 Dec, additional #COVID19 #vaccine doses will be available in SA for:

1. People of 18+ with certain conditions (e.g. HIV infection with CD4 counts lower than 200) 
2. People of 18+ on certain treatments (e.g. long-term renal dialysis)

(See full list below) https://t.co/MKh6VMZdW5",1.46E+18,2021
Mon Jun 20 14:01:02 +0000 2022,5,0,1,USER_01788,NAME_01781,,United States,"Persons Living with HIV (PLWH) are at higher risk for breakthrough COVID

According  @JohnsHopkins Published June 7 @JAMANetworkOpen 
Booster doses are NEEDED!!!

#covid19 #vaccine #hiv #PLWH #covidvaccine #TwitteRx #MedTwitter #NurseTwitter https://t.co/jLGsBJDpM4",1.54E+18,2022
Sun Mar 07 23:43:47 +0000 2021,5,1,5,USER_01789,NAME_01782,,United States,"Great opening talks from #CROI2021 w/ @gregggonsalves and @_hassanf
“If you only rely on goodwill and benevolence then you won’t have equitable genuine global access to people who need it the most” -concerning access to COVID19 vaccine echoing the HIV pandemic 
#IDtwitter",1.37E+18,2021
Tue Aug 17 14:54:45 +0000 2021,192,2,52,USER_01790,NAME_01783,,,"💉 In a major HIV research update, BioTech company Moderna will begin human trials of their HIV vaccine this week. According to @Newsweek , the company will be using the same ""mRNA platform"" and technology as their #COVID19 vaccine. https://t.co/HgoVKSQKqd",1.43E+18,2021
Sun Jul 09 08:40:45 +0000 2023,4,2,0,USER_01791,NAME_01784,,Australia,"New publication: COVID 19 vaccine acceptance among People living with HIV #COVID19 #Vaccine #HIV 
https://t.co/Vd22UxYBoN",1.68E+18,2023
Fri May 06 12:06:55 +0000 2022,10,0,5,USER_01792,NAME_01785,,South Africa,"Aurum is at the @HelpEndHIV/ Covid-19 Prevention Network (CoVPN) annual meeting in Washington DC. 

Tanya Nielson, Dr William Brumskine and Tania Adonis are in the US to hear about and share the latest updates in #HIV and #COVID19 vaccine research. https://t.co/sLFLoIKBlq",1.52E+18,2022
Fri Aug 13 18:02:02 +0000 2021,199,10,28,USER_01793,NAME_01786,,United States,People with untreated HIV need HIV treatment. They'd benefit way more from that than a Covid19 vaccine booster.,1.43E+18,2021
Sat Oct 23 12:25:57 +0000 2021,74,2,37,USER_01794,NAME_01787,,United States,A year since clinical trial published showing effective #COVID19 vaccine. First we were told low-income countrs would get equitable access. Then #delayed but soon. Now boosting healthy people instead of vaccinating LICs. Any bigger global health failure since HIV drugs?,1.45E+18,2021
Wed Feb 09 04:07:50 +0000 2022,0,0,0,USER_01795,NAME_01788,,,How does the covid19 vaccine &amp; HIV co exist I wonder ? Long term effects,1.49E+18,2022
Thu Mar 10 16:08:49 +0000 2022,7,0,5,USER_01796,NAME_01789,,Nigeria,"🚫 Some people are claiming that a booster dose of #COVID19 vaccine causes #HIV. This claim is FALSE.
✅ COVID-19 boosters provide additional protection against severe illness, hospitalisation &amp; death.

#ViralFactsAfrica https://t.co/9vJrdOw1Nu",1.50E+18,2022
Sun Jul 31 16:06:12 +0000 2022,10,0,3,USER_01797,NAME_01790,,Germany,"LIVE - #AIDS2022 Track D “Social and behavioural science” late-breaker abstract session in Room 220 d/e Channel 1. Ft data on: 

- #COVID19 vaccine confidence in people living with HIV in #Canada
- Uptake of longer-acting #PrEP in trans and gender-diverse Texans 
- And more… https://t.co/MbqAt0i2c1",1.55E+18,2022
Thu Mar 23 22:21:40 +0000 2023,29,0,8,USER_01798,NAME_01791,,Uganda/ United States,"@simonschuster is spreading pandemic disinformation, undermining effective, evidence and human rights based health responses--the impact reverberates beyond #HIV, extending to #COVID19, vaccine preventable illness, and more.",1.64E+18,2023
Sun Apr 04 15:30:00 +0000 2021,14,1,6,USER_01799,NAME_01792,1988,South Africa,"“If there was a vaccine for HIV it would literally change the whole narrative.”
As a person living with a chronic disease during a pandemic, a vaccine can’t come soon enough for Saidy Brown. Join @ClaireMawisa for #CarteBlanche 7pm @mnet #MRNA #COVID19SA #COVID19 #Vaccine #HIV https://t.co/6U84rHALDa",1.38E+18,2021
Thu Feb 25 19:29:17 +0000 2021,10,0,1,USER_01800,NAME_01793,,uganda,"Funny how it took for the so called supper powers less than a year to get the #COVID19 vaccine yet AIDS/HIV has been here for years claiming more lives day by day buh attempts to get the vaccine are so minimal.
Is there something we don't know.",1.37E+18,2021
Fri Feb 19 12:25:42 +0000 2021,1,0,0,USER_01801,NAME_01794,,Ghana,@GovernmentOfGH must ensure that no #YPLWHIV is left behind in getting the #Covid19 #Vaccine  #HIV https://t.co/M6R56WFHkP,1.36E+18,2021
Fri Apr 22 07:08:24 +0000 2022,8,0,3,USER_01802,NAME_01795,,United Kingdom,"@savoy__truffle opens 1st session of day 3 with necessity concerns framework analysis of #COVID19 vaccine uptake in ppl with #hiv of Black ethnicity. N=540, most vax (tho unvax likely under-recruited), more likely if knew someone who'd died of COVID - clear assoc with framework https://t.co/fx5FtTULXE",1.52E+18,2022
Tue Feb 06 20:54:33 +0000 2024,3,2,1,USER_01803,NAME_01796,,Brazil,"🚨Do you know that?
“Long Covid &amp; Long💉both conditions are chronic because of the HIV inserts in the spike protein bioweapon found in both🦠&amp;💉
#HIV
#COVID19 
#Vaccine 
@JaggerMickOZ @TexasLindsay_ @Crof @CartlandDavid @Dr_Francisco_ @R_H_Ebright @dan__brummitt @Climate_Earth20",1.75E+18,2024
Thu Sep 16 10:21:00 +0000 2021,23,1,21,USER_01804,NAME_01797,,United Kingdom,"💉💉💉Updated information from @BritishHIVAssoc following JCVI recommendations for 3rd #COVID19 #vaccine dose.

More info around logistics of informing people eligible for their 3rd doses and their HIV services.

https://t.co/auESef1nZw https://t.co/K6NNjGmFIl",1.44E+18,2021
Fri Feb 18 01:18:37 +0000 2022,62,107,9,USER_01805,NAME_01798,,Canada,"For reference, a claim recently circulated that Dr. Luc Montagnier (co-discoverer of HIV) said persons who had received a 3rd dose of #COVID19 vaccine should get an HIV test, then ""sue their government"".

Here's a link to a more 'official' debunk. Thanks!

https://t.co/F8O0VDxzdz",1.49E+18,2022
Tue Jan 25 17:38:30 +0000 2022,4,0,3,USER_01806,NAME_01799,,Canada,Important thread 👇 on #COVID19 vaccine intention by #HIV status among women and gender diverse people in BC.,1.49E+18,2022
Fri Jun 11 12:07:40 +0000 2021,8,0,8,USER_01807,NAME_01800,,Belgium,"This is a really important article.
mRNA vaccine producers @pfizer, @moderna_tx refuse to collaborate in a trial aimed at testing #covid19 vaccine in HIV+ positive and pregnant women in Africa.
@ScienceMagazine 
https://t.co/MpRPDNqJ0n",1.40E+18,2021
Wed Feb 03 13:11:43 +0000 2021,22,0,3,USER_01808,NAME_01801,,,"""People living with HIV are in phase 6 for vaccination but only if they have disclosed their HIV status to their GP.""

Yesterday @JonAshworth urged @DHSCgovuk to make the #COVID19 vaccine available in #HIV clinics for people who haven't disclosed their status to their GP. https://t.co/TVJkz95k5b",1.36E+18,2021
Sun Feb 12 15:21:52 +0000 2023,3,0,0,USER_01809,NAME_01802,,United States,"Remember all of those commercials passing #HIV medication pushing the #transgender and #LGBTQ agenda before the #plandemic took place? Yeah, not they are testing the #military for HIV. It’s a known fact the #COVID19 #vaccine #bioweapon contains HIV! Connect the dots people!",1.62E+18,2023
Sun Sep 19 01:07:41 +0000 2021,8,0,1,USER_01810,NAME_01803,,,"@SHEsus__Christ .
Moderna is close to one.

#COVID19 vaccine used #HIV &amp; #EBOLA's work.

The covid effort resulted in many winners, like

1 flu shot that will last several yrs
a couple of cancers vax
HIV vaccine advancement
Ebola vax - less advance, advance nevertheless

This is just w/MODERNA",1.44E+18,2021
Sat Dec 04 17:31:44 +0000 2021,2,0,2,USER_01810,NAME_01803,,,"@Logically_JC .
The irony!

#COVID19 vaccine
was accelerated bcs
ALL the work done in
Cancer, HIV, Ebola &amp; others

Cancer &amp; HIV
greatly benefited from
covid19 vaccine research
Moderna is in trials 4 
Cancer vaccines
Soon HIV vax
Silver linings 

There is Hope
Keep yourself alive

#BeFierce",1.47E+18,2021
Tue Apr 25 17:08:10 +0000 2023,1,0,0,USER_01811,NAME_01804,,Kenya,"Testing and treating Malaria, #COVID19 vaccine, HIV testing, and other immunization services.

#malaria remains one of the killer diseases in the world.  

World Malaria Day is commemorated each year on April 25th to celebrate the gains made against fighting malaria. https://t.co/CRD5F1f8FQ",1.65E+18,2023
Tue Feb 23 09:55:27 +0000 2021,14,0,6,USER_01812,NAME_01805,,United Kingdom,"Our CEO @deborahagold says this is a relief for people living with #HIV. 
 
""Unfortunately we know HIV stigma's still present in the health system. We've heard from people wanting the COVID19 vaccine anxious about disclosing their HIV status to their GPs.""
https://t.co/MnrrxeDGip",1.36E+18,2021
Fri Sep 03 11:22:53 +0000 2021,23,0,15,USER_01812,NAME_01805,,United Kingdom,"Following the Joint Committee on Vaccination and Immunisation's recommendation about a third #COVID19 vaccine dose for people with #HIV with CD4 &lt;200, please see our joint statement with @BritishHIVAssoc and @THTorguk for more info ⬇️",1.43E+18,2021
Mon Apr 25 09:55:02 +0000 2022,4,2,0,USER_01813,NAME_01806,,United States,"@amandanaude Let me assure you, unequivocally, the chances of getting HIV via a COVID19 Vaccine is absolutely ZERO, not to be confused with a ""false positive"" test, it ends right there, its just a false positive test, not one person has HIV via a COVID19 Vaccine, absolutely nobody Period.",1.52E+18,2022
Wed Jan 05 08:01:17 +0000 2022,11,0,1,USER_01814,NAME_01807,1984,United Kingdom,"Off the back of #ItsASin, it was a pleasure working with @JonAshworth to campaign to get people living with HIV the #covid19 vaccine via their HIV clinic.

Great shout out to our victory here: https://t.co/XU61odF6Zo

Good luck for 2022 Jon. https://t.co/OIDpVc7cmT",1.48E+18,2022
Sun Feb 21 20:50:16 +0000 2021,10,0,1,USER_01814,NAME_01807,1984,United Kingdom,"It’s A Win! 🎉

Amazing news for people living with HIV and their access to the #COVID19 #vaccine – your HIV clinic will be in touch

Thanks to @SDoughtyMP &amp; @JonAshworth for supporting and @nadhimzahawi &amp; @NHSEngland for listening

Also, can’t doubt the impact of #ItsASin #La",1.36E+18,2021
Thu Dec 01 10:30:22 +0000 2022,4,0,4,USER_01815,NAME_01808,,Spain,"Individualized follow-up of #COVID19 vaccine for some #HIV patients 💉
#WorldAIDSDay2022 

An @IMIM_research and @UPFbiomed study suggests that some HIV patients do not have an adequate response to the COVID-19 vaccine. More at #PRBBEllipse 👇🏽
https://t.co/wHkxX1oZix",1.60E+18,2022
Mon Mar 15 23:45:00 +0000 2021,15,0,8,USER_01816,NAME_01809,,United States,"We applaud the City of San Francisco for making sure people living with #HIV are able to receive the #COVID19 vaccine. 

We hope other cities and counties across the state and nation will follow their example!

https://t.co/1zV9XUztxi",1.37E+18,2021
Sat Mar 26 12:32:35 +0000 2022,0,0,0,USER_01817,NAME_01810,,Canada,"@jessikalovea @dianabr62640144 @DiSlattery Thanks for pointing out the broken-telephone manger in which ""study of #COVID19 #vaccine along with separate HIV medication"" becomes, thanks to the magic of reposting, ""the covid19 vaccine contains HIV"".",1.51E+18,2022
Sat Feb 27 04:25:22 +0000 2021,1,0,0,USER_01818,NAME_01811,,United Kingdom,"@Capt_Jackp Wow 🤩 That’s so fantastic!! Congratulations 🥳!! May you find joy in your new endeavour! Thank you for all your hard work and dedication! #StaySafe
.
.
.
.
.
#NHSHeroes #NHS #Nurses #lockdown #COVID19 #vaccine #HIV #MentalHealthMatters",1.37E+18,2021
Mon Nov 13 15:51:06 +0000 2023,4,0,1,USER_01819,NAME_01812,,,"People living with #HIV are at high risk for COVID-19 infection and reinfection. It's not too late to get the #COVID19 vaccine and booster to protect against serious illness this winter. @CDC_HIV @CDCgov 
https://t.co/HOJUjhB5UP",1.72E+18,2023
Tue Oct 26 16:16:25 +0000 2021,4,1,1,USER_01820,NAME_01813,,Brazil,"Parliamentary Commission of Inquiry demands that President Bolsonaro is blocked from all #socialnetworks due to his role in spreading covid19 related #fakenews

The request comes after he argued that ""#covid19 vaccine facilitates HIV"", on his Facebook live https://t.co/DItaeEa66d",1.45E+18,2021
Thu Jun 17 17:00:19 +0000 2021,0,0,0,USER_01821,NAME_01814,,Canada,B.C. researchers leading study of COVID-19 vaccine effectiveness in people with HIV #IPAC #COVID19 #Vaccine #HIV #Research https://t.co/rl6tcCFFEH,1.41E+18,2021
Sun Feb 28 17:33:00 +0000 2021,17,0,9,USER_01822,NAME_01815,1907,United Kingdom,History repeats itself as the stark inequities around the #COVID19 vaccine rollout echo that of the #HIV crisis. https://t.co/dF8l0cebgR,1.37E+18,2021
Sun Feb 07 11:17:24 +0000 2021,81,1,41,USER_01823,NAME_01816,,United Kingdom,"People living with HIV are due to get the #covid19 vaccine in phase six, but only if they have disclosed their status to their GP. Not everyone has – in many cases due to stigma and fear.

We wants to see this changed. Thanks @GloriaDePiero for raising this with @nadhimzahawi.",1.36E+18,2021
Mon Feb 15 22:28:35 +0000 2021,44,0,21,USER_01823,NAME_01816,,United Kingdom,"People living with HIV are in upcoming priority group six for the #COVID19 vaccine, but only if they’ve told their GP their HIV status.

We are determined to get this sorted. Thank you @JonAshworth for putting this to @nadhimzahawi and good to hear progress being made.",1.36E+18,2021
Thu May 05 13:16:32 +0000 2022,1,0,0,USER_01824,NAME_01817,,,If your 18-65 and want hypertension get the #COVID19 vaccine I’ll be dropping data all day on the #covid19data https://t.co/ax6WBk9rqb,1.52E+18,2022
Wed Apr 28 04:28:03 +0000 2021,0,0,0,USER_01825,NAME_01818,,,"The vaccine is safe and is especially recommended for those with comorbid conditions like hypertension. Don't worry. Get vaccinated!

#iplasma #iplasmaindia #donateplasma #plasmatherapy #plasma #india #covid19 #vaccine #covidvaccine #hypertension #faq https://t.co/QNfFj7EIZj",1.39E+18,2021
Thu Apr 15 16:57:38 +0000 2021,0,0,0,USER_01826,NAME_01819,,Columbia,Please please please 🙏 #GetVaccinated #California #USA #CovidVaccine #COVID19 #vaccine #vaccines #COVID #coronavirus #LosAngeles #LA #health #diabetes #hypertension #highbloodpressure #UnderLyingConditions #TruthMatters #CoronaVirusUpdates,1.38E+18,2021
Tue Sep 06 23:20:14 +0000 2022,2,0,0,USER_01827,NAME_01820,,United States,"It is my opinion that the COVID19 vaccine was released to attack the Caudate Nucleus of the brain AKA: The Eye of Horus. Caudate lesions occur because of stroke, hypertension, many of the symptoms caused by the COVID19 vaccine.@elonmusk https://t.co/8ZiN7IEYr0",1.57E+18,2022
Thu Jul 29 17:18:01 +0000 2021,13,1,0,USER_01828,NAME_01821,,South Africa,"My mother in her 70s never had any doubt about getting the #COVID19 vaccine. She asked her doctor whether hypertension is a problem and then went for it. No mess, no fuss.
My mother is not on #Facebook",1.42E+18,2021
Wed May 19 10:39:56 +0000 2021,2,0,0,USER_01829,NAME_01822,,India,"As a hypertensive patient, you need to protect yourself from COVID-19 complications even after getting vaccinated.

Daily exercise, healthy diet and regular monitoring of BP levels are vital for your well-being.

#COVID19 #Vaccine #Hypertension https://t.co/JJYfytbjGf",1.39E+18,2021
Wed Dec 14 17:25:57 +0000 2022,0,0,0,USER_01830,NAME_01823,,,#Pfizer #COVID19 vaccine may produce abnormal BP. Are you having #hypertension symptoms like me?,1.60E+18,2022
Thu Jan 07 22:18:50 +0000 2021,10,0,0,USER_01831,NAME_01824,,United States,"Big (masked) smiles as our pulmonary hypertension coordinator extraordinaire gets her #COVID19 vaccine just now! Our VLI nurses are caring, resilient, hard working and, in our opinion, the best! https://t.co/zh5s9GWT1T",1.35E+18,2021
Mon Mar 29 12:03:14 +0000 2021,0,0,0,USER_01832,NAME_01825,,Africa,"For all people who don't take the #COVID19 vaccine, we strongly recommend that they will take it as soon as possible especially for Healthcare providers and those who have chronic diseases such as diabetes, hypertension, etc. https://t.co/CjZZtrafm0",1.38E+18,2021
Mon Jul 05 21:29:01 +0000 2021,3,1,0,USER_01833,NAME_01826,,,"Q: What is the efficacy of #COVID #vaccines in those with comorbidities?
Check out answers to these questions &amp; more on the #COVID19 #vaccine FAQ page
https://t.co/Ta2W64M2wP

#RealTimeCOVID19 #diabetes #hypertension #obesity @IDSAInfo @SHEA_Epi @ACEPNow @SocietyHospMed https://t.co/ULDLbcRLGy",1.41E+18,2021
Sun Jul 25 20:22:01 +0000 2021,12,0,5,USER_01833,NAME_01826,,,"JUST PUBLISHED!

✔️ N=61 kidney transplant recipients given 3 doses of #Moderna #COVID19 #vaccine
✔️ 3rd dose increased both #SARSCoV2-specific humoral &amp; cellular responses in #kidneytransplant recipients 
https://t.co/rGzkusrjj5

#RealTimeCOVID19 @IDSAInfo @AST_info @HIV_TID https://t.co/dTZEXEUdlX",1.42E+18,2021
Sun Nov 14 21:00:29 +0000 2021,0,0,0,USER_01834,NAME_01827,,,A friend of mine has an uncle who was otherwise healthy without a history of hypertension or cardiopulmonary disease just had a major stroke &amp; is on a feeding tube. The only anomaly is that he had received his first injection of the COVID19 vaccine. This is not a normal vaccine.,1.46E+18,2021
Wed Apr 05 10:13:25 +0000 2023,0,0,0,USER_01835,NAME_01828,,United Kingdom,"Hundreds of thousands of people with chronic underlying health conditions, including lung conditions, are being abandoned by the spring booster #COVID19 vaccine programme. Pulmonary hypertension sufferers need this booster. @PHA_UK please lobby for this.",1.64E+18,2023
Mon Jan 04 05:54:16 +0000 2021,0,0,0,USER_01836,NAME_01829,,United Kingdom,Coronavirus vaccines FAQs cancer diabetes hypertension patients COVID19 vaccine approval https://t.co/q9goR415V2,1.35E+18,2021
Wed Apr 27 02:48:14 +0000 2022,60,4,28,USER_01837,NAME_01830,,,Covid19 vaccine causing hepatitis due to spike protein activating immune system https://t.co/NahFavriU2,1.52E+18,2022
Sun Jun 20 18:00:09 +0000 2021,409,13,143,USER_01838,NAME_01831,,United States/ United Kingdom,"Novavax recently announced results from a 30,000-person trial for its #COVID19 vaccine, which is made of tiny particles studded with the coronavirus spike protein plus honeycomblike molecules, derived from plants, that stimulate the immune system.

🔎: https://t.co/ClQFrtuRfN https://t.co/dJN5eFXkUt",1.41E+18,2021
Sat Jun 11 18:10:01 +0000 2022,165,7,53,USER_01838,NAME_01831,,United States/ United Kingdom,"Advisers for the U.S. FDA have greenlit Novavax's #COVID19 vaccine, which is made of tiny particles studded with the #coronavirus spike protein plus honeycomblike molecules, derived from plants, that stimulate the immune system.

Learn more about the shot: https://t.co/FUttWKQlv1 https://t.co/OlszeXPQhN",1.54E+18,2022
Mon Jun 21 06:00:15 +0000 2021,373,7,141,USER_01838,NAME_01831,,United States/ United Kingdom,"Novavax recently announced results from a 30,000-person trial for its #COVID19 vaccine, which is made of tiny particles studded with the coronavirus spike protein plus honeycomblike molecules, derived from plants, that stimulate the immune system.

🔎: https://t.co/MgmhZQyXzC https://t.co/ZjjyZ3m6UK",1.41E+18,2021
Thu Nov 25 18:06:50 +0000 2021,41,2,6,USER_01839,NAME_01832,,United States,The #COVID19 vaccine is designed to boost your immune system to attack the virus. It’s like using a Falcon Punch against the disease. Make sure to register for your vaccine at https://t.co/y8wHfidsz4. https://t.co/q0J902VnPS,1.46E+18,2021
Tue Jun 08 12:50:09 +0000 2021,351,24,60,USER_01840,NAME_01833,,Canada,"I’ve NEVER got a flu shot and don’t plan to start now. Each year my body and IMMUNE system has protected me naturally. 

#Canada #Ontario #COVID19 #Vaccine",1.40E+18,2021
Fri Jul 02 03:54:00 +0000 2021,17,1,1,USER_01841,NAME_01834,,,For a more robust immune response get a good nights sleep before and after getting a #COVID19 vaccine. Sleep and your immune system go together like a horse and carriage. #bakunadoprotektado https://t.co/6Zk4VPaoD5,1.41E+18,2021
Tue Mar 02 13:03:09 +0000 2021,18,17,5,USER_01842,NAME_01835,,United Kingdom,"Have you had Covid19? 🧪 Have you had the Covid19 Vaccine? 💉
Our new Home Use Antibody test can help you to identify the level of antibodies your immune system has built 💪
Find out more: https://t.co/DqpE0KcLH3
#COVID19 #omegadiagnostics #antibodytest #vaccine https://t.co/RnxKEayj2H",1.37E+18,2021
Tue Jun 28 22:12:51 +0000 2022,8,0,3,USER_01843,NAME_01836,,,"I'll keep repeating...
Remember covid19 vaccine is not necessarily... 
your immune system is your life line.... https://t.co/cvP5SWPeuX",1.54E+18,2022
Thu Nov 25 15:48:35 +0000 2021,165,12,90,USER_01844,NAME_01837,,South Africa,B.1.1529 #SARSCoV2 variant: Lots of mutations✔️: Potential to ⬆️ transmissibility and/or a way around part(s) of immune system ✔️ BUT - no certainty of either AT THIS STAGE. #COVID19 vaccine's main goal is ⬇️severity/☠️. Nothing yet to suggest it won't work for this variant  1/🧵 https://t.co/HSmQZjs3jA,1.46E+18,2021
Mon Nov 15 05:58:29 +0000 2021,50,1,25,USER_01844,NAME_01837,,South Africa,Wonderful video helping people understand the way that mRNA #COVID19 vaccine instructs our immune system to protect us. End result with other vaccines is the same @satsa_sa @CapeTown @alanwinde @WestCapeHealth @HealthZA @ukinsouthafrica,1.46E+18,2021
Fri May 21 13:59:36 +0000 2021,181,8,95,USER_01845,NAME_01838,,,"You do not need a #COVID19 vaccine

It is not safe
It is not effective
It is not needed

If you are healthy, your immune system will protect you.

If you are medically at risk, a range of existing medications have been proven safe and effective.

For more: https://t.co/nbqnpY9zvO",1.40E+18,2021
Sun Nov 07 16:28:12 +0000 2021,2,0,0,USER_01846,NAME_01839,,,"Healthy people don't need pills,coz their immune system is strong

$bntx vaccine makes immune system stronger.People who took Covid19 vaccine have their defense against any disease robust

This is the marvel of $bntx  vaccine

Pills combat disease,but often weakens immune system https://t.co/P77DnFuDvS",1.46E+18,2021
Fri Apr 30 19:18:00 +0000 2021,71,3,64,USER_01847,NAME_01840,,,"Having symptoms like fever after you get a #COVID19 vaccine is normal and a sign your immune system is learning to fight the virus. Learn more about side effects after getting vaccinated: https://t.co/r4zMh2w49t

#PleaseGetVaccinated

#DemCastCares https://t.co/CVWh5aMDWK",1.39E+18,2021
Thu Mar 04 09:06:58 +0000 2021,178,15,117,USER_01848,NAME_01841,,Ghana,"ON #COVID19 VACCINE SIDE EFFECTS:

It's *perfectly normal* to experience minor side effects - stiffness/soreness in your arm, fatigue, a mild fever or a headache - after your shot. 

These usually signal that your immune system is responding to the vaccine - that it's working.",1.37E+18,2021
Wed Jan 19 13:54:46 +0000 2022,83,3,70,USER_01848,NAME_01841,,Ghana,"Major updates on #COVID19 vaccine access in Ghana:

🟢 Pregnant women are finally eligible for vaccination with any of the vaccines registered in Ghana. 

🟢 Booster shots are formally being rolled out, starting with the same priority groups as the original exercise.",1.48E+18,2022
Mon Apr 26 20:14:00 +0000 2021,210,164,21,USER_01849,NAME_01842,,United States,You can’t get COVID-19 from receiving a #COVID19 vaccine. Having symptoms like fever or soreness after you get a vaccine is a normal sign that your immune system is learning to fight the virus. https://t.co/wfQjytm5nb https://t.co/YdlkoXGHTZ,1.39E+18,2021
Sun Apr 11 15:54:00 +0000 2021,290,143,55,USER_01849,NAME_01842,,United States,You can’t get COVID-19 from receiving a #COVID19 vaccine. Having symptoms like fever or soreness after you get a vaccine is a normal sign that your immune system is learning to fight the virus. https://t.co/wfQjytm5nb https://t.co/GsXb28RcHl,1.38E+18,2021
Thu Apr 01 16:12:00 +0000 2021,167,71,34,USER_01849,NAME_01842,,United States,You can’t get COVID-19 from receiving a #COVID19 vaccine. Having symptoms like fever or soreness after you get a vaccine is a normal sign that your immune system is learning to fight the virus. https://t.co/wfQjyt4uvD https://t.co/EBqmQvqCYc,1.38E+18,2021
Tue Dec 07 17:50:02 +0000 2021,28,6,28,USER_01850,NAME_01843,,United States,"If you have a weakened immune system and received an additional primary #COVID19 vaccine dose, you should still get a booster dose 6 months after your additional dose.

More: https://t.co/pWq850qExW. https://t.co/aOO5d8Wunm",1.47E+18,2021
Sun Aug 22 13:00:03 +0000 2021,57,5,29,USER_01851,NAME_01844,,United States,I have a weakened immune system. Do I need a third dose of the #COVID19 vaccine? Find out the answer to this question and more at our Coronavirus Resource Center: https://t.co/for42UXQBq #HarvardHealth https://t.co/Xf7noaewfH,1.43E+18,2021
Fri Oct 22 21:00:36 +0000 2021,24,0,18,USER_01851,NAME_01844,,United States,"Pregnant or thinking of it? It's vital to get a #COVID19 vaccine, says @CDC. Pregnancy affects the immune system and raises risk for COVID-related hospitalization, ICU treatment, and deaths as well as preterm birth and stillbirth. https://t.co/0jousaaOQi #HarvardHealth https://t.co/9dCosLSleV",1.45E+18,2021
Fri Apr 02 23:31:38 +0000 2021,298,22,41,USER_01852,NAME_01845,,United States,.@FoxNews profiting big off Balance of Nature all natural supplement commercials...then pushes taking a #COVID19 vaccine not trusting immune system support.,1.38E+18,2021
Mon Mar 15 18:58:10 +0000 2021,2521,7487,159,USER_01852,NAME_01845,,United States,"Fuck your #COVID19 vaccine. Huffdaddy’s 44 year old jacked body, and strong immune system works just fine. You’re welcome ladies. 😎 https://t.co/FpAMKUir9l",1.37E+18,2021
Thu Aug 18 17:09:51 +0000 2022,22,10,5,USER_01853,NAME_01846,,,"THIS is the type of frustrating misinformation that costs all of us in the end. The #COVID19 vaccine is an early warning system and wanted poster for the immune system. Without it, your body will not fight until it is already losing. Ron DeSantis needs to STOP this!",1.56E+18,2022
Sun Jul 25 07:00:03 +0000 2021,20,8,5,USER_01854,NAME_01847,,Germany,"COVID-19 infection risk is much higher than risks associated with the vaccine. The #COVID19 vaccine primes your immune system to fight the virus and does not stay in your system.

Learn more at: https://t.co/98UZAx5Jl1 https://t.co/wg6ZlzNaZY",1.42E+18,2021
Tue Jun 01 22:28:46 +0000 2021,12,2,1,USER_01855,NAME_01848,,Canada,"When your glittery shirt meets sunshine = fireflies!
Today I am thankful for my sore arm after getting my first #COVID19 vaccine. It means my immune system is working!
What are you thankful for today?
#InThisTogether #ldnont #gratitude https://t.co/9OOz3kstDT",1.40E+18,2021
Mon Feb 20 08:08:38 +0000 2023,6,0,7,USER_01856,NAME_01849,,,"After receiving the Covid19 vaccine shot, I felt energised and joyful. My immune system now has the spartan warrior strength it needs to repel an attack from the Covid19 virus. Visit Edozhigi PHC area now to get immunized. https://t.co/E0iiz4DlKl",1.63E+18,2023
Sat Aug 07 11:23:39 +0000 2021,22,1,1,USER_01857,NAME_01850,,United States,"I really  can't imagine how it feels for someone who has lost a loved one to COVID19😥 to see or hear someone complaining about having to wear a mask😷 or who refuses the COVID19 vaccine because their ""immune system is strong""",1.42E+18,2021
Fri May 14 23:29:55 +0000 2021,10,0,0,USER_01858,NAME_01851,,Belgium,I got chronic disease after multiple vaccines in 2014. Maybe the #covid19 #vaccine will turn my immune system back to normal 😂😂😂,1.39E+18,2021
Mon Mar 14 14:32:41 +0000 2022,54,18,52,USER_01859,NAME_01852,1948,United Kingdom,"People who had a severely weakened immune system at the time of getting their first two doses of the #COVID19 vaccine are eligible for both:
 
☑️ a third dose
 
☑️ a booster dose
 
Find out more about how and when to get these jabs ➡️ https://t.co/EB7Q3Sz9Aj https://t.co/s0by1QzfNt",1.50E+18,2022
Tue Nov 08 14:36:15 +0000 2022,300,549,37,USER_01860,NAME_01853,,United States,"COVID-19 vaccines may not prevent every infection, but they do provide us important protection against severe illness, hospitalization, and death from COVID-19. My updated #COVID19 vaccine helped ensure my immune system was equipped to protect me against severe illness.",1.59E+18,2022
Thu Sep 30 19:25:00 +0000 2021,575,1743,258,USER_01860,NAME_01853,,United States,"There is NO bad time to get a #COVID19 vaccine. Whether you are thinking about having a baby, currently pregnant, recently delivered your baby, or are breastfeeding, it is safe for you to get vaccinated. Protect yourself and your growing family: https://t.co/bfOV5VzBpq. https://t.co/w40FqGV5TL",1.44E+18,2021
Wed Aug 11 17:13:40 +0000 2021,2605,2705,1478,USER_01860,NAME_01853,,United States,Evidence suggests that the benefits of receiving a #COVID19 vaccine during pregnancy outweighs any known or potential risks and vaccination is essential to protect pregnant people. Read more: https://t.co/SAVvJS9Dgj,1.43E+18,2021
Tue Feb 15 18:56:00 +0000 2022,219,394,103,USER_01860,NAME_01853,,United States,"NEW: @CDCMMWR study found that people who received a primary mRNA #COVID19 vaccine series during pregnancy reduced the risk of infant hospitalization by 61%. 

On today's #DirectorDebrief, I discuss the protective power of COVID-19 vaccines for pregnant mothers &amp; their babies. https://t.co/8Azvv6KIGS",1.49E+18,2022
Tue Apr 19 11:43:09 +0000 2022,4,0,2,USER_01861,NAME_01854,,,"People aged 12 and over who had a severely weakened immune system at the time of their first two doses of the #COVID19 vaccine now have a critically weakened immune system and are reliant on vaccines every few months. 
#ADE #VAIDS",1.52E+18,2022
Fri Aug 12 00:43:26 +0000 2022,4,2,0,USER_01862,NAME_01855,,France/ United States,I don’t think I will keep boosting my #covid19 vaccine without evidence about my immune system holding well the repeated exposure to spike proteins. I will have to rely on my N95s. Evidences I am right? Or I am wrong?,1.56E+18,2022
Fri Nov 05 20:36:00 +0000 2021,22,1,0,USER_01863,NAME_01856,,United States,Boosted! Wearing my dna 🧬 shirt to celebrate. #COVID19 #vaccine #Booster Hoping to surprise my immune system from another angle this time 😅 https://t.co/2TIYQc3xtH,1.46E+18,2021
Sat Sep 18 01:58:49 +0000 2021,1,0,0,USER_01864,NAME_01857,,Canada,#pfizer #COVID19 #vaccine weakening immune system. @francoislegault @MichelleBlanc @E_Duhaime @MaximeBernier #mayoclinic,1.44E+18,2021
Thu Aug 12 11:36:20 +0000 2021,28,0,24,USER_01865,NAME_01858,,United Kingdom,"I’ve had my #COVIDvaccine, but how does it actually work? 🤔

We’ve created a new infographic explaining just that, in partnership with @BritSocImm 🛡💉 

Learn how your immune system responds to the #COVID19 #vaccine by clicking the link 👉 https://t.co/X7AoPpUMhT https://t.co/1JKZKBf9BP",1.43E+18,2021
Sun Feb 20 14:29:58 +0000 2022,0,0,0,USER_01866,NAME_01859,,,"To think about it, HIV basically means ""human immunodeficiency virus""

So compromised immune system.

Ironic with the Covid19 vaccine research showing that more vaccine can compromise the immune system, all of a sudden SA is doing mass production of HIV Vaccine
#VaccineMandate",1.50E+18,2022
Sat Nov 13 15:14:26 +0000 2021,10,0,4,USER_01867,NAME_01860,,United States,Fabulous video explaining the incredible technology of COVID19 vaccine and our amazing immune system.,1.46E+18,2021
Fri Nov 26 15:11:48 +0000 2021,111,8,54,USER_01868,NAME_01861,,United Kingdom,For those who say they’d prefer ‘natural’ immunity to the vaccine - read this and find out all the ways in which coronaviruses such as SARS-CoV-2 mess with your immune system. Vaccines give you immunity without the immune dysfunction. #COVID19 #vaccine,1.46E+18,2021
Sun Dec 19 01:18:51 +0000 2021,18,0,10,USER_01869,NAME_01862,,,"@frances_freedom @DannyR2020 Dr. Geert Vanden Bossche is one of the first scientists to explain the damage to #VaccinatedPeople’s innate immune system from the #Covid19  vaccine. He is also correct about MASS VACCINATION during a pandemic with #VaccineResistance, etc.",1.47E+18,2021
Tue Nov 15 05:33:30 +0000 2022,0,0,0,USER_01870,NAME_01863,,,"The covid19 vaccine suppresses your immune system, inflammation of the heart, and possibly death. Exactly what ""anti'vaxers"" have been saying while the government wanted ,and in many places, took away our freedom.",1.59E+18,2022
Fri Nov 17 18:59:06 +0000 2023,0,1,1,USER_01871,NAME_01864,,Australia,"The mRNA gene therapy 🧬 Covid19 vaccine impairs your immune system. More HARM than good. #TurboCancer #Covid19 #VaccineSideEffects @P_McCulloughMD @PierreKory @drcole12 @DrAseemMalhotra @ClareCraigPath @ZeebraOrg @AMPS_RedUnion 

“Serum antibody effector activity assessed by antibody-dependent phagocytosis or complement deposition was LESS after the third dose than after the second dose”

https://t.co/5TKIrbhbAI",1.73E+18,2023
Sun Aug 29 14:01:04 +0000 2021,4,0,0,USER_01872,NAME_01865,,United States,"Think you are young and invincible? Have you said: “I don’t need a #COVID19 vaccine. My immune system works.”? Well, your peers who said the same are now falling ill and being hospitalized. #GetVaccinatedNow https://t.co/FrfpNhThP5 https://t.co/Lrn0liPtZv",1.43E+18,2021
Sun Jan 01 04:17:16 +0000 2023,32,1,19,USER_01873,NAME_01866,,United States,The most important thing is to #GetBoosted with the new bivalent #COVID19 vaccine to bolster your immune system against the newer subvariants. #ChooseToday @EvanKirstel @nkagetsu @FriedbergEric @rstraxMD @JohnJordanMD @AwanRad @AlexMMTri @DrLindaMD https://t.co/hXHrxjtpeb,1.61E+18,2023
Fri Sep 16 02:13:55 +0000 2022,11,2,5,USER_01873,NAME_01866,,United States,Experimental #COVID19 vaccine could outsmart future coronavirus variants. The vaccine aims to solve that problem by priming the immune system to recognize both the spike protein and a second — and far more stable — viral protein. https://t.co/SHYwYU9aM1,1.57E+18,2022
Wed Dec 22 22:42:46 +0000 2021,11,1,1,USER_01874,NAME_01867,,Australia,"I was #boosted a few days ago and I am in awe of the #COVID19 vaccine tech, my immune system and how my psychoneuroimmunology adapted over time to “learning” the molecular patterns that are going to keep me and my family safe.",1.47E+18,2021
Wed Apr 07 15:31:51 +0000 2021,4423,119,993,USER_01875,NAME_01868,,United States,The #COVID19 vaccine is designed to boost your immune system to attack the virus. It's like using Falcon Punch against the disease. Make sure to register for your vaccine at https://t.co/phOU7KouO8. https://t.co/fZRUyLhnCP,1.38E+18,2021
Sat Feb 06 21:31:23 +0000 2021,22,4,18,USER_01876,NAME_01869,,United Kingdom,"#Covid19 #Vaccine, the Pfizer product in particular, suppresses the immune system for up to one week: https://t.co/63nnaFeVgf",1.36E+18,2021
Wed Jan 13 23:37:02 +0000 2021,57,67,5,USER_01877,NAME_01870,,,Once you’ve had the COVID19 vaccine and given your immune system time to generate protection will you be keen to get away on holiday when you have the chance?,1.35E+18,2021
Tue Aug 10 18:35:27 +0000 2021,91,9,19,USER_01878,NAME_01871,,United States,*New series* In the #MoffittMedicalMinute I'll dissect various scientific concepts in just 60 seconds! This week I tackle how the #COVID19 vaccine works with your immune system. https://t.co/KaWKLN0ZtI,1.43E+18,2021
Thu Mar 04 17:25:00 +0000 2021,7,0,2,USER_01879,NAME_01872,,United States,Nervous about your second dose? Here’s what you need to know: Your first dose of the #COVID19 vaccine preps your immune system &amp; offers some protection vs. the virus. The second dose boosts the strength of your antibody protection and makes it last longer https://t.co/9tj14rHXjY https://t.co/bBgCWqGjxl,1.37E+18,2021
Wed Sep 15 13:40:09 +0000 2021,1,0,0,USER_01880,NAME_01873,,United States,"We need to crack down on crime with law &amp; order, including making sure everyone gets the COVID19 vaccine immune system updates to keep everyone else safer from the CCP's bioweapon from Wuhan China in the PRC // that they released on the world, killing millions of people therein",1.44E+18,2021
Tue Jul 13 11:27:46 +0000 2021,71,20,14,USER_01881,NAME_01874,,India,"It is every indv responsibility to take the #COVID19 #vaccine!
Vaccines prime your immune system to fight the virus so that you can avoid not just severe illness &amp; death but also the possible debilitating effects of #LongCovid

#vaccinehesitancy 

@SrBachchan @ndtv @MoHFW_INDIA https://t.co/3Ka73mZ4We",1.41E+18,2021
Mon Aug 30 09:36:52 +0000 2021,15,1,10,USER_01882,NAME_01875,,United Kingdom,"There’s your immune system and different #COVID19 vaccine types. 
There’s prophylaxis. 
There’s also timely therapeutic interventions of the kind you alluded to. 
There’re combinations and permutations but discussion of anything that diminishes vaccines is monitored+/-censored.",1.43E+18,2021
Thu Nov 30 03:59:27 +0000 2023,7,1,2,USER_01883,NAME_01876,,,"11) die. Your immune system is now completely overwhelmed by the Covid19 virus because it wasn't ready.

When you get a Covid19 vaccine, it prepares your immune system weapons to be battle ready and memory cells remember the virus and stimulate the exact right antibody to fight!",1.73E+18,2023
Sun Jul 11 21:51:23 +0000 2021,8,1,2,USER_01883,NAME_01876,,,@Limmered kidney &amp; brain which destroys the functional cells of those organs. If Drs &amp; RNs are unable to control the destruction created by COVID19 it overwhelms the immune system. Covid19 vaccine will boost your immune system to recognize Covid19 &amp; immediately destroy it when it enters w/,1.41E+18,2021
Sat Dec 03 23:18:58 +0000 2022,15,2,2,USER_01884,NAME_01877,,United States/ Serbia,"@JenniferMarguli You need to increase concentration of free D type amino acids in your bloodstream. This way you increase strength of your immune system, capable of defending your body from illnesses. Covid vaccine is weakening immune system This diagram showing you how we came to Covid19 vaccine https://t.co/RXshy2yPcZ",1.60E+18,2022
Fri Aug 20 11:14:42 +0000 2021,19,1,12,USER_01885,NAME_01878,,The Gambia,"Check out 5️⃣ benefits of taking the #COVID19 Vaccine 💉 

✅ Boosts your immune system 

✅ Prevents &amp; reduces the risk of severe illness 

✅ Reduces #COVID related deaths 

✅ Reduces the risk of spreading the virus 🦠 

✅ Connects the Society 

#VaccinesSaveLives https://t.co/oNHglb0nFm",1.43E+18,2021
Mon Mar 15 14:00:39 +0000 2021,10,0,7,USER_01886,NAME_01879,,United Kingdom,"If you have an appointment to get your #Covid19 vaccine, please attend and make sure your immune system is as strong as possible.

Please don't call your GP to arrange your appointment, they will contact you. 

➡️ https://t.co/VxcSvVov9W https://t.co/jA9sNp97CG",1.37E+18,2021
Fri Jan 08 22:38:36 +0000 2021,1484,40,98,USER_01887,NAME_01880,,United States,"Shot 2/2 of my #COVID19 vaccine complete! 

The side effects will hit harder this time around...my immune system out here putting in that WORK. 

Let’s keep spreading the word. We need to protect us and make sure enough of us get this shot y’all. 💪🏾

#ThisBoutUs #RighttoBareArms https://t.co/THR3bZClxm",1.35E+18,2021
Mon Mar 15 16:25:29 +0000 2021,17,1,6,USER_01888,NAME_01881,,United States,"The first dose of the Moderna or Pfizer #COVID19 vaccine gets your immune system ready to protect you from the virus. Learn why it’s so important to get the second dose in our first Vaxx Facts video with infectious disease specialist Pat Winokur, MD. https://t.co/b9pI7WaeWC https://t.co/jIMhjbufn2",1.37E+18,2021
Wed Jan 12 18:00:32 +0000 2022,7,0,3,USER_01888,NAME_01881,,United States,"Should you receive the #COVID19 vaccine while #pregnant? In this video, Abbey Hardy-Fairbanks, MD, provides the facts to help you and others make an informed decision. https://t.co/JWebF3HfeS https://t.co/D77tPjNF11",1.48E+18,2022
Fri Mar 12 17:05:18 +0000 2021,22,3,12,USER_01889,NAME_01882,,United States,Having symptoms like fever after you get a #COVID19 vaccine is normal and a sign your immune system is learning to fight the virus. Learn more about side effects after getting vaccinated: https://t.co/cMINmJNaDd https://t.co/ytTK2qHd6Q,1.37E+18,2021
Fri Jan 29 18:57:00 +0000 2021,6,0,4,USER_01890,NAME_01883,,United Kingdom,"How does it work?

The #Covid19 vaccine teaches your immune system how to defend itself against attack from the virus. https://t.co/rIVUk0KQ5U",1.36E+18,2021
Wed Oct 27 11:00:28 +0000 2021,11,5,5,USER_01891,NAME_01884,,South Africa,"#COVID19 has the potential to cause serious problems &amp; there's no way to predict how it will impact you. If you become ill, you may unknowingly infect those around you. The #COVID19 vaccine will build your immune system &amp; develop a protective antibody response. #VaccinesWork https://t.co/cy93p6vGgz",1.45E+18,2021
Fri Feb 04 21:00:56 +0000 2022,4,0,0,USER_01892,NAME_01885,,United States,"All eligible New Yorkers who are pregnant or planning to become pregnant are encouraged to get a #COVID19 vaccine. Getting vaccinated helps your immune system protect you, your baby and your family. Walk-ins are welcome: https://t.co/F6QjSgiWve

#NYCVaccineForAll https://t.co/ywh1iDFF5n",1.49E+18,2022
Fri May 20 21:45:46 +0000 2022,1,2,0,USER_01893,NAME_01886,,,"@JoAnnKennedyCAN @Eggsistense If I was a conspiracy theorist, I would wonder if COVID19 vaccine harmed the immune system. Desperate to vaccinate me in the hospital, dying &amp; they wanted me jabbed.  I read later if I had been vaccinated within 6 months of the treatment I was given, it could have killed me.",1.53E+18,2022
Wed Mar 24 15:03:29 +0000 2021,4,0,1,USER_01894,NAME_01887,,United States,"The #COVID19 vaccine teaches your immune system how to recognize and fight the virus that causes COVID-19. When it’s your turn, make the decision to get vaccinated. https://t.co/OvK3YhymCl https://t.co/U9MHlSeWnT",1.37E+18,2021
Tue Aug 10 23:05:03 +0000 2021,1,0,2,USER_01894,NAME_01887,,United States,Study to see if third #COVID19 vaccine dose protects kidney transplant recipients: https://t.co/eWT9r4r5VR. #AHAToday,1.43E+18,2021
Sun Nov 07 22:40:00 +0000 2021,14,5,6,USER_01895,NAME_01888,,United States/ India/ Brazil/ China/ Kenya/ South Africa/ United Kingdom,"Wondering why #COVID19 vaccine doses differ for kids and adults?

Our immune system changes as people mature. Immunologist Brian Peppers explains more in @sciam. ⤵️ https://t.co/ecag4dWik3",1.46E+18,2021
Thu Sep 30 16:55:06 +0000 2021,3,0,3,USER_01895,NAME_01888,,United States/ India/ Brazil/ China/ Kenya/ South Africa/ United Kingdom,"Are you pregnant? Get a #COVID19 vaccine.

Pregnant people are at higher risk for severe COVID-19 cases, yet only 31% have received a vaccine in the US 🇺🇸.

COVID vaccines are safe &amp; effective for expecting mothers &amp; their babies. Vaccines save lives. 
https://t.co/PAcLJCwvtx",1.44E+18,2021
Sat Apr 16 01:00:01 +0000 2022,7,3,4,USER_01896,NAME_01889,,United States,"Everyone age 5 and older with a moderate to severely weakened immune system (immune-compromised) should get a 3rd shot of the Pfizer or Moderna #COVID19 vaccine to be fully vaccinated.  

For more information about COVID-19 vaccine and boosters, go to: https://t.co/r50nN3aeso. https://t.co/tBobyA76Ig",1.52E+18,2022
Mon Jun 13 11:21:51 +0000 2022,9,1,1,USER_01897,NAME_01890,,Canada,@CHEO There’s an elephant in the room here. Given that COVID19 vaccine has been found to weaken immune system. Is this the result? What percentage of increased viral patients are vaccinated? Given this is a first in 48 years increase I think we have to ask.,1.54E+18,2022
Mon Apr 03 17:55:55 +0000 2023,5,0,6,USER_01898,NAME_01891,,,"Get your updated #COVID19 vaccine for added protection against reinfection. The vaccine protects your immune system and helps shield you from serious illness if you get sick again. 
 
To learn more and find free vaccines near you, go to https://t.co/UVRJmaGe2q
 
#WeCanDoThis https://t.co/HP7XO6u05m",1.64E+18,2023
Tue Jan 26 14:15:12 +0000 2021,2,0,2,USER_01899,NAME_01892,1948,United States,"The #COVID19 vaccine teaches your immune system how to defend itself against the virus.

This works just like any other vaccine.

Visit the NHS website for more information: https://t.co/X0Aet9CafU https://t.co/cFzMtrdpfH",1.35E+18,2021
Tue Nov 15 23:04:26 +0000 2022,7,0,7,USER_01900,NAME_01893,,,The #COVID19 #vaccine #booster helps keep your immune system's protection levels up against severe illness. Everyone ages 5+ can get a FREE booster. Visit https://t.co/3De9usQIUC to get yours today. @KFF @Dr_Shaps #BetweenUsAboutUs https://t.co/geYDy9Jf7Z,1.59E+18,2022
Thu Sep 08 01:18:09 +0000 2022,4,0,2,USER_01901,NAME_01894,,Singapore,"Assoc Prof Ashley St. John from Duke-NUS' EID programme said ""scientists are pursuing nasal and inhaled #covid19 vaccine options because the immune system has specialised tools to protect different sites in our body in slightly different ways.""

#DukeNUSResearch @StJohnLab",1.57E+18,2022
Sun Jan 24 12:00:09 +0000 2021,2,0,5,USER_01902,NAME_01895,1948,United Kingdom,"The #COVID19 vaccine teaches your immune system how to defend itself against the virus.

This works just like any other vaccine.

Visit the NHS website for more information 👉https://t.co/P6CyZ8po6L https://t.co/UiCTeQKE0E",1.35E+18,2021
Sun Aug 08 15:29:11 +0000 2021,0,0,0,USER_01903,NAME_01896,,United States,"My immune system is a warrior 👑! After 2nd #COVID19 #vaccine shot my immune system took action 💪. She recognized the virus, isolated it, and fought back in 24-hrs! “In most cases, discomfort from pain or fever is a normal sign that your body is building protection.” -@CDCgov",1.42E+18,2021
Tue Feb 23 08:43:31 +0000 2021,22,0,15,USER_01904,NAME_01897,,Malaysia,"COVID-19 | Side effects such as fatigue, headache, fever, and chills are common for Moderna and Pfizer-BioNtech #COVID19 vaccine receivers.

The immune system goes through a process called ""controlled inflammation"" to protect the system against the virus.

https://t.co/806PXFhgDn",1.36E+18,2021
Fri Jan 15 09:48:23 +0000 2021,0,1,0,USER_01905,NAME_01898,,Denmark/ Kenya,"#Covid19 - 12 - 

that when you get the #covid19 #vaccine, your immune system gets trained to recognize the #covid19 virus and then easier kills it - while the #VitaminD strengthens your immune system to kill not only #Covid19 but also other viruses. This provides 

&gt;&gt;&gt;&gt;",1.35E+18,2021
Sun Jan 10 17:00:57 +0000 2021,3,0,1,USER_01906,NAME_01899,,United Kingdom,"The #COVID19 vaccine teaches your immune system how to defend itself against the virus.

This works just like any other vaccine.

Visit the NHS website for more information ➡️https://t.co/NY760HxfA6 https://t.co/7Wx7e7cxSy",1.35E+18,2021
Mon Dec 19 13:05:52 +0000 2022,0,1,0,USER_01907,NAME_01900,,,"@MarioNawfal Don't forget to mention how a pro inflammatory diets also contribute to myocarditis and other autoimmune diseases ALONE. Of course, after getting the COVID19 Vaccine, your immune system drops thus potentiating those problems even more. Id love to be part of the discussion...",1.60E+18,2022
Wed Jan 06 17:30:00 +0000 2021,2,0,2,USER_01908,NAME_01901,,United Kingdom,"The #COVID19 vaccine teaches your immune system how to defend itself against the virus.

This works just like any other vaccine.

Visit the NHS website for more information: https://t.co/320IEbohLZ https://t.co/oRqb7MZSS8",1.35E+18,2021
Thu Feb 03 22:00:28 +0000 2022,21,0,9,USER_01909,NAME_01902,,United States,Many with kidney failure or transplants need  3 shots of the #COVID19 vaccine instead of 2 to be fully vaccinated. They also need a booster dose 5 months after the 3rd shot. Trouble getting additional doses? Refer your pharmacist to the CDC guidance chart: https://t.co/tiE4BkVBTd https://t.co/3nQNPy6XbI,1.49E+18,2022
Fri Dec 18 21:52:35 +0000 2020,82,5,7,USER_01910,NAME_01903,,United Kingdom,#COVID19 #vaccine will save lives of our #kidney #patients Here is hoping the Prof will convince the sceptics amongst our vulnerable patients @NHSBartsHealth https://t.co/pDMiCXT7ES,1.34E+18,2020
Sat Mar 27 12:00:40 +0000 2021,25,3,9,USER_01911,NAME_01904,,United Kingdom,"One dose of #COVID19 #vaccine not enough for most #kidney #patients. Prioritise second doses! #OCTAVE study, preprint available below. @ESOTtransplant @kidneycareuk @ttsorg @UEMSEurope @ASTSChimera @ImperialTxGroup @EKITAtransplant @ASNKidney @EKPFpatients @EKHA_EU @BTStransplant",1.38E+18,2021
Wed Mar 17 08:45:23 +0000 2021,16,2,8,USER_01912,NAME_01905,,India ,"Collective voices of the #CKD community, kidney warriors, headed by @Vasuragh highlights our troubles and requests #COVID19 #vaccine for kidney patients on a priority, irrespective of their age. 71% of the pts are in the age group of 15-30. https://t.co/jMQ9d85Uk9",1.37E+18,2021
Tue Feb 08 17:02:48 +0000 2022,12,1,3,USER_01913,NAME_01906,,United Kingdom,"#VasculitisUK are pleased and proud to support this study.  #COVID19 #vaccine #immunocompromised @Kidney_Research @cftrust @bloodcancer_uk 
with @charlieharperuk &amp; @DrFiona_Pearce 
https://t.co/aW9NJ40uHa #research 
@MELODYStudyUK @nottmhospitals 
https://t.co/2Ay00NQuQn
@bbcemt https://t.co/SzdyuLqlcW",1.49E+18,2022
Wed Dec 16 11:21:50 +0000 2020,10,1,1,USER_01914,NAME_01907,,United Kingdom,Very important #COVID19 vaccine myth busting info from Kidney Care UK.,1.34E+18,2020
Fri May 07 11:36:15 +0000 2021,15,1,5,USER_01915,NAME_01908,,Malaysia,"PSA:
Having a single kidney
Having less kidney function
Having a transplant
Having no kidney function on dialysis

Are NOT reasons to deny someone a COVID19 Vaccine.

Infact a person with any of the above should be a priority for the vaccine",1.39E+18,2021
Tue Sep 21 20:07:39 +0000 2021,3,0,0,USER_01916,NAME_01909,,,guys remember when I created the Covid19 vaccine? and I gave a kidney to y’all’s grandma?,1.44E+18,2021
Sat Jun 12 09:57:05 +0000 2021,12,1,6,USER_01917,NAME_01910,,Belgium,Call for caution in patients treated with rituximab despite #COVID19 #vaccine 👉Low rates of humoral response to BNT162b2 SARS-CoV-2 vaccination in patients with immune-mediated kidney diseases treated with rituximab https://t.co/UnXFdinfdN @ClinUnivStLuc @ERAEDTA @CKJsocial,1.40E+18,2021
Wed Dec 23 01:50:38 +0000 2020,4,0,1,USER_01918,NAME_01911,,United States,@TempleKidneys got the #COVID19 #vaccine and now we have to make sure people with Chronic Kidney Disease are a priority for the vaccine. Too many people with #CKD have died from COVID19. @ASNAdvocacy @nkf @TempleHealth @Crystal4kidneys https://t.co/9p6H75m78j,1.34E+18,2020
Mon Apr 24 05:11:00 +0000 2023,83,25,75,USER_01919,NAME_01912,,United States,"🚨A mother of 7 children was rejected as a candidate for a life-saving kidney transplant because she refused to get the #COVID19 vaccine on religious and medical grounds. Both heartbreaking and infuriating! ⬇️
https://t.co/krV35XGzBZ",1.65E+18,2023
Mon Aug 09 21:41:51 +0000 2021,13,0,2,USER_01920,NAME_01913,,United States,"@efindell This danger to patients is asinine, and being allowed to happen at Hospitals, Children Hospitals, Cancer Treatment Centers, Kidney Dialysis Centers, and on, and on Nation Wide!
MAKE THE #COVID19 #vaccine MANDATORY FOR EMPLOYEES AT MEDICAL FACILITIES!!!!",1.42E+18,2021
Fri Oct 01 15:22:01 +0000 2021,2,0,1,USER_01921,NAME_01914,1990,United States,Is the #COVID19 vaccine safe for #kidneycancer patients? Yes! Learn more about kidney cancer and #coronavirus in our Q&amp;A with experts. https://t.co/7iqh9AwBMJ https://t.co/rQ1G08GCQU,1.44E+18,2021
Thu Dec 17 14:52:40 +0000 2020,20,0,12,USER_01922,NAME_01915,,,"We urge the federal government to prioritize kidney patients and kidney care professionals, along with residents of long-term care facilities and health care workers, in receiving access to the #COVID19 vaccine. #MyKidneysMyLife https://t.co/MdVjFFp14y",1.34E+18,2020
Fri May 21 19:42:57 +0000 2021,4,0,3,USER_01923,NAME_01916,1981,United States/ Egypt,"Test your knowledge and prepare for the next Nuances in Nephrology webinar ""COVID-19 vaccination in immune-mediated kidney diseases"" -taking place on May 27- by solving the @ISNeducation quiz ""#COVID19 vaccine and patients with kidney disease"" ➡️ https://t.co/rEOGqEqzFm @divyaa24",1.40E+18,2021
Tue Jun 08 19:30:00 +0000 2021,24,2,13,USER_01924,NAME_01917,,United Kingdom,"Our webinar w/ @Kidney_Research @RoySocMed @BTStransplant will give a summary of #COVID19 vaccine efficacy in #kidney patients.

Including:
✔️immune responses
✔️data on vaccine take-up &amp; infections
✔️research studies to manage non-responders

Register now: https://t.co/hGF6dnzJqM https://t.co/gjfKzp0q6B",1.40E+18,2021
Fri Aug 13 08:30:00 +0000 2021,6,0,5,USER_01924,NAME_01917,,United Kingdom,"#COVID vaccines &amp; #kidney patients - a thread:

New research published @TheLancet has shown that unlike the general population,  many people who have kidney failure &amp; who are on #haemodialysis have a poor antibody response to 2 doses of #Covid19 #vaccine 

(1/5)",1.43E+18,2021
Sat Mar 20 19:30:17 +0000 2021,5,0,3,USER_01925,NAME_01918,,United States,@ESRDNetworks created a resource for patients that provides information about the #COVID19 vaccine. The resource was created by #kidney patients for patients. Download it today: https://t.co/dAsBXv0WiX https://t.co/qkNDf2fj7U,1.37E+18,2021
Tue Jun 21 18:08:14 +0000 2022,7,2,1,USER_01926,NAME_01919,,United States,Really excited @CWPedNephMD's research on #covid19 vaccine and intention among parents of children with kidney disease. This has been a work in progress since 2020 before vaccines were available. #VaccinesSaveLives #IDtwitter https://t.co/8VQxcO5VQE,1.54E+18,2022
Mon Nov 08 14:56:12 +0000 2021,5,0,2,USER_01927,NAME_01920,,United States,"#DidYouKnow💡 New Yorkers age 16 &amp; older with Cancer (current or in remission, including 9/11-related cancers) Chronic kidney disease, Pulmonary Disease, including but not limited to COPD qualify for the COVID19 vaccine. Learn more! https://t.co/KQeQkwiK8I #WeAreKings https://t.co/XPtfCDtG0I",1.46E+18,2021
Fri May 06 11:59:49 +0000 2022,2,0,4,USER_01928,NAME_01921,,Portugal,"Publication alert 🚨

Immune Response to Third Dose BNT162b2 #COVID19 Vaccine Among Kidney Transplant Recipients—A Prospective Study @Transpl_Int 

https://t.co/zU1FIgSa1c https://t.co/7BzBpzK9K1",1.52E+18,2022
Wed Mar 17 17:12:44 +0000 2021,7,0,6,USER_01929,NAME_01922,,,"Inclusion of patients with kidney disease in completed and ongoing #COVID19 vaccine studies remains low, with the majority of trials explicitly excluding individuals with “severe” or “chronic” kidney disease and those receiving immunosuppression 👉🏻 https://t.co/6fHXqWviZX https://t.co/RPIzn6IO2w",1.37E+18,2021
Sun Nov 28 13:00:00 +0000 2021,0,0,1,USER_01930,NAME_01923,,United Kingdom,"#COVID19 vaccine efficacy evaluation in kidney failure patients

Read about the new study by @NIHRCRN_nwcoast @LivHospitals @NIHRresearch registered at #ISRCTN

https://t.co/VrLaFtCD3X https://t.co/iGrWBMsP2Z",1.46E+18,2021
Tue Jun 06 20:56:37 +0000 2023,6,0,2,USER_01931,NAME_01924,,Canada,"-55 heart attacks
-78 cases of kidney damage
-87 spontaneous abortions
-187 cases of facial paralysis
-281 strokes
-427 deaths
-848 blood clots
-1,153 cases of heart inflammation

And zero evidence that the Covid19 vaccine was either safe or effective.",1.67E+18,2023
Tue Jan 05 16:30:46 +0000 2021,14,0,12,USER_01932,NAME_01925,,United States,".@ASNKidney, along with 8 partnered kidney organizations, is presenting a webinar focused on the #COVID19 vaccine’s safety and efficacy relating to the dialysis population on Thursday, Jan 7 from 6:00pm - 7:30pm EST. Register now at: https://t.co/SnKOziOp5W https://t.co/RgHx9qFq4z",1.35E+18,2021
Tue Apr 20 12:58:09 +0000 2021,6,1,1,USER_01933,NAME_01926,,,Great info from @edgarvlermamd on #COVID19 vaccine data in patients on dialysis and post kidney tx,1.38E+18,2021
Mon Apr 25 19:49:52 +0000 2022,11,0,6,USER_01934,NAME_01927,,Canada,"As a kidney recipient, Faith doesn't know if the #COVID19 vaccine is protecting her. She is in a national study to find out. @BCChildrensHosp researchers say this info is vital as most data right now is from adults and not children: https://t.co/MDiXh3vfkL

#NOTDAW #NIAW2022 https://t.co/Mvi7Y43MB9",1.52E+18,2022
Thu Sep 15 15:00:10 +0000 2022,2,0,1,USER_01935,NAME_01928,,United States,"Many in remission with autoimmune diseases are in the worst flare ups of their life from the #COVID19 #vaccine 
SPIKED PROTEIN =‘s kidney failure. Do not trust your doctors follow your gut !!!!",1.57E+18,2022
Thu Jan 06 20:49:31 +0000 2022,11,0,1,USER_01936,NAME_01929,,United States,Important work from our group showing anti-SARS-CoV-2 antiantibody levels and neutralization assay in #kidney tx recipients. Low response after 3rd dose of mRNA #COVID19 vaccine. @AlJurdi and @LVRiella.,1.48E+18,2022
Sat Jul 24 16:31:00 +0000 2021,1,0,2,USER_01937,NAME_01930,,United States,"LUPUS NEWS:
Kidney transplant recipients may soon be eligible for COVID-19 booster! 

#kidney #COVID19 #vaccine #booster #SLE #nephritis #dialysis #transplant #help #treatments #lupus #news #update
https://t.co/mnOyTCW7tx",1.42E+18,2021
Tue Apr 13 08:03:08 +0000 2021,2,0,0,USER_01938,NAME_01931,,India,"Any ONCOLOGISTS tweeting? I want to know whether a person who had Cancer can take Covid19 Vaccine. I had kidney cancer, had surgery &amp; my right kidney has been removed. Under went radiation therapy in 2013. Kindly advise. Thank you.",1.38E+18,2021
Sun Feb 28 12:59:14 +0000 2021,7,0,4,USER_01939,NAME_01932,,United States,"@GovMurphy hubby has been working mandatory OT in a crowded #Amazon warehouse since March so that other people can stay home. He has suffered from exhaustion, dehydration and kidney stones. But he’s not a priority for the #COVID19 vaccine? Workers test+ daily. #EssentialWorkers",1.37E+18,2021
Thu Jul 21 14:00:01 +0000 2022,2,0,0,USER_01940,NAME_01933,,United States,"Most doctors agree that the benefits of the #COVID19 vaccine for people with kidney disease, including those on dialysis and those with a kidney transplant, are much greater than the risk of serious complications from the virus than from the vaccine. https://t.co/FFqPQuSvJ5",1.55E+18,2022
Sat Oct 23 16:09:06 +0000 2021,18,0,5,USER_01941,NAME_01934,,,"Looking forward to joining @alexsalvinews and @DrZuhdiJasser this afternoon to talk about the #COVID19 vaccine and booster debacle, the #GainOfFunction scandal, and the successful transplant of a pig kidney in a human! Set your clocks and tune in — 6:25pm ET today on @newsmax!",1.45E+18,2021
Fri Jul 01 18:05:14 +0000 2022,3,1,0,USER_01942,NAME_01935,,United States,@bryanhawley5 @squeebury @ajaj80725 @RpsAgainstTrump 2 fetal cell lines were used to test/manufacture the COVID19 vaccine: (1) a kidney cell line from a fetus (unknown if miscarried or aborted) from 1973; &amp; (2) a retinal cell line from a fetus aborted in 1985. The vaccine itself does NOT contain any aborted fetal cells.,1.54E+18,2022
Mon Aug 16 13:15:45 +0000 2021,2,0,1,USER_01943,NAME_01936,,United States,"“We applaud the @US_FDA for authorizing a third dose of the #COVID19 vaccine for people who are immune compromised, such as kidney transplant recipients,” shared Dr. @Joe_Vassalotti, NKF Chief Medical Officer. https://t.co/3b07jNeW91",1.43E+18,2021
Thu Sep 09 14:28:23 +0000 2021,0,0,0,USER_01944,NAME_01937,,United Kingdom,"Hearing #FDA Says Co.'s #COVID19 Vaccine Linked To Kidney, Liver Injury $BNTX $PFE",1.44E+18,2021
Thu Jul 22 18:34:26 +0000 2021,20,1,10,USER_01945,NAME_01938,,United Kingdom,"🆕in NDT!
SARS CoV-2 vaccination in patients receiving kidney replacement therapies: where are we now with the protective immune response? 
https://t.co/Ykimm5TaTg
@PepaSolerR #COVID19 #VACCINE #kidneydisease #OpenAccess",1.42E+18,2021
Fri Dec 18 13:56:27 +0000 2020,53,2,10,USER_01946,NAME_01939,,United States,Just watched a live stream from @providence_phc of a Spokane doctor receiving our community’s first #Covid19 vaccine. Dr Ojogho had been up all night doing a pancreas &amp; kidney transplant. Such a a story of all our health care workers have done throughout this pandemic! https://t.co/kOls2LAvPF,1.34E+18,2020
Sun Apr 03 15:22:17 +0000 2022,0,0,0,USER_01947,NAME_01940,,United States,"Most doctors agree that the benefits of the #COVID19 vaccine for people with kidney disease, including those on dialysis and those with a kidney transplant, are much greater than the risk of serious complications from the virus than from the vaccine.",1.51E+18,2022
Tue Jan 18 18:17:02 +0000 2022,2,0,1,USER_01948,NAME_01941,,United States,#Kidney Transplant Recipients Benefit From Fourth #COVID19 Vaccine Dose https://t.co/yydg2d8VNv @AnnalsofIM,1.48E+18,2022
Mon Apr 18 13:53:03 +0000 2022,1,0,0,USER_01948,NAME_01941,,United States,Risk Factors Identified for Poor #COVID19 Vaccine Response in Solid Organ Recipients https://t.co/qymL11Tr2Y #kidney @JAMANetworkOpen,1.52E+18,2022
Tue Feb 01 23:09:26 +0000 2022,9,16,3,USER_01949,NAME_01942,,United States,"Coming up on #tytlive: 

North Carolina man Chad Carswell says he refuses to get a #COVID19 #vaccine to be eligible for a life-saving kidney transplant. 

Story by: @washingtonpost 

https://t.co/iUAC0gHx2I",1.49E+18,2022
Wed Sep 15 18:25:03 +0000 2021,6,0,1,USER_01950,NAME_01943,,United Kingdom,"As part of the Kidney Charities Together group we welcome the clarification and recommendations from the @UKKidney to renal professionals to also include kidney patients on dialysis in the roll out of the third #COVID19 vaccine dose.

@WelshGovernment @PublicHealthW",1.44E+18,2021
Mon Jan 10 22:57:25 +0000 2022,2,0,1,USER_01951,NAME_01944,,Switzerland,Antibody Response to a #Fourth Messenger RNA #COVID19 #Vaccine Dose in #Kidney #Transplant Recipients: A Case Series | Annals of Internal Medicine https://t.co/AeOuA2Q42y,1.48E+18,2022
Fri Jul 09 11:21:53 +0000 2021,0,0,0,USER_01952,NAME_01945,,,Prioritizing Our Kidney Community’s Needs Amidst COVID Vaccine Campaign #kids and #adults need #covid19 #vaccine to protect #kidney and other #Vital #organs https://t.co/DnZBj7tk6Y,1.41E+18,2021
Thu Apr 01 16:00:19 +0000 2021,20,0,10,USER_01953,NAME_01946,,United States,AKF Ambassador @4_kidney is a pediatric nephrologist and two-time #kidneytransplant recipient. He also received some of the earliest doses of the #COVID19 vaccine. Learn more about his experience as both a kidney patient and health care provider:  https://t.co/i9HS14UZOk,1.38E+18,2021
Mon Dec 05 04:00:01 +0000 2022,1,0,0,USER_01954,NAME_01947,,,"Smaller observational study suggested ⬇️MMF in kidney txp before 3rd dose of #COVID19 #vaccine ⬆️likelihood seroconversion. (https://t.co/rDTkDd8aNc)

I'll put both studies in the ""COVID-19 vaccination"" folder at https://t.co/BOMS6dj5fu and let them fight!",1.60E+18,2022
Fri Apr 30 17:04:34 +0000 2021,18,5,2,USER_01955,NAME_01948,,Canada,#COVID19 Vaccine roll out was an 'absolute failure' says Hamilton man whose wife has stage 4 kidney cancer | CBC News https://t.co/X9Qjv68ZhM #HamOnt #COVID19ON,1.39E+18,2021
Wed Aug 11 16:43:20 +0000 2021,0,0,0,USER_01956,NAME_01949,,United States,NIH launches study of third #COVID19 #vaccine dose in kidney transplant recipients https://t.co/IW8QRxsaMB #MSSNY #coronavirus,1.43E+18,2021
Sun Dec 19 07:32:13 +0000 2021,2,0,0,USER_01957,NAME_01950,,Netherlands,Interesting stuff. Both iron deficiency and poor #COVID19 #vaccine response very common in #kidney transplant recipients. Vaccine efficacy and iron deficiency: an intertwined pair? https://t.co/7zfYQ2B5TO,1.47E+18,2021
Tue Aug 10 15:46:08 +0000 2021,0,0,0,USER_01958,NAME_01951,,United States,"#NIH launches study of third #COVID19 #vaccine dose in kidney #transplant  recipients https://t.co/zmk4eAqu38 
#PfizerBiontech #Moderna #immunology #medtwitter",1.43E+18,2021
Fri Jun 24 15:03:01 +0000 2022,7,0,3,USER_01959,NAME_01952,,,"Most doctors agree that the benefits of the #COVID19 vaccine for people with kidney disease, including those on dialysis and those with a kidney transplant, are much greater than the risk of serious complications from the virus than from the vaccine. 
https://t.co/cOBDIz3xIg",1.54E+18,2022
Tue Mar 16 14:23:01 +0000 2021,12,1,9,USER_01960,NAME_01953,,United States,"BREAKING: @GovMikeDeWine announces #COVID19 #vaccine eligibility is being expanded to Ohioans as young as 40 years old.  

Also people with:
Cancer
Chronic kidney disease
COPD
Heart disease
Obesity

Effective starting this Friday, March 19. https://t.co/9QSzNkmAGD",1.37E+18,2021
Mon Dec 06 19:13:19 +0000 2021,1,0,1,USER_01961,NAME_01954,,United States,New studies from France suggest a 4th shot of the Moderna #COVID19 vaccine in #kidney #transplant recipients improves #Delta variant serum neutralization: https://t.co/Hcmp5AHURT,1.47E+18,2021
Mon Aug 16 16:35:02 +0000 2021,1,0,1,USER_01962,NAME_01955,,,The @NIH is launching a pilot study to assess the antibody response to a third dose of the #COVID19 vaccine in kidney transplant recipients who did not respond to two doses of the Moderna or Pfizer-BioNTech COVID-19 vaccine. https://t.co/OkxnoXCdgO,1.43E+18,2021
Mon Jan 18 14:01:20 +0000 2021,9,1,7,USER_01963,NAME_01956,,United States,"Check out this article about our recent webinar on the safety of the #COVID19 vaccine for kidney patients and the staff of #dialysis clinics and #transplant centers.

https://t.co/5OKO7A3iiP",1.35E+18,2021
Wed Jul 28 21:05:42 +0000 2021,14,0,6,USER_01963,NAME_01956,,United States,"Webinar: Life After Vaccination for Kidney Transplant Recipients

Join us tomorrow at 4 pm EDT as representatives from ASN, @amjtransplant, and @CDCgov discuss #COVID19 vaccine efficacy in kidney transplant recipients. 

https://t.co/Eut2ti93S5",1.42E+18,2021
Thu Apr 15 16:30:10 +0000 2021,10,0,4,USER_01963,NAME_01956,,United States,"“Research in Israel showed that while patients on maintenance hemodialysis had a “substantial” antibody response to the #COVID19 vaccine from Pfizer and BioNTech, the response was lower than that seen for those without kidney disease.”

https://t.co/3etJdEjL2b",1.38E+18,2021
Sun Oct 03 07:56:37 +0000 2021,0,0,0,USER_01964,NAME_01957,,United States,"#RT @nkf: Most doctors agree that the benefits of the #COVID19 vaccine for people with kidney disease, including those on dialysis and those with a kidney transplant, are much greater than the risk of serious complications from the virus than from the va… https://t.co/2pF9hh51Pm",1.44E+18,2021
Mon Mar 15 13:01:59 +0000 2021,2,0,2,USER_01965,NAME_01958,,United States,"Join us for the next #COVID19 webinar event - “Making the COVID-19 Vaccine Decision: A Patient Panel Discussion.” #Kidney patients will share their experiences with getting the #COVID19 vaccine. Tues, March 16 at 4pm ET. Register here: https://t.co/Mc9xn6TAXa",1.37E+18,2021
Fri Feb 03 14:13:01 +0000 2023,0,0,2,USER_01966,NAME_01959,,United Kingdom,Factors associated with #COVID19 vaccine uptake in people with kidney disease: an OpenSAFELY cohort study https://t.co/ZeRSDV9GWz,1.62E+18,2023
Sun Nov 20 20:27:29 +0000 2022,0,0,0,USER_01967,NAME_01960,,Kenya,"Why I discourage people from taking the Covid19 vaccine is because on the day my wife was forced by her Company (Vajra Drillers) to take a Covid19 vaccine she never woke up again, was diagnosed with kidney complications and within a month she passed away. It happened so fast.",1.59E+18,2022
Wed Mar 02 13:29:01 +0000 2022,0,0,0,USER_01968,NAME_01961,,,It’s #NationalKidneyMonth! Learn about a 2021 research project to assess the antibody response to a third dose of #COVID19 mRNA vaccine in kidney transplant recipients who did not respond to two doses of the #COVID19 vaccine.   https://t.co/ByeTOR5drX,1.50E+18,2022
Mon Aug 23 20:02:11 +0000 2021,9,1,0,USER_01969,NAME_01962,,Ireland,"Immune-compromised people 'should be front and centre' for a #COVID19 vaccine booster, the Irish Kidney Association says. @TheHardShoulder
https://t.co/7thjtMUUvP",1.43E+18,2021
Fri Aug 13 08:31:50 +0000 2021,9,1,2,USER_01970,NAME_01963,,United Kingdom,"New research published @TheLancet has shown that, unlike the general population, many people who have kidney failure and who are on haemodialysis have a poor antibody response to two doses of covid19 vaccine (1/5)",1.43E+18,2021
Sun May 02 17:08:32 +0000 2021,2,0,1,USER_01971,NAME_01964,,United States,"#ICYMI: A study of #COVID19 vaccine responses among kidney transplant recipients in Israel suggested that they may remain at high risk for COVID-19 even after vaccination, according to results published in The American Journal of Transplantation.
https://t.co/I0L1UMVDYq",1.39E+18,2021
Tue Jan 11 15:13:52 +0000 2022,0,0,0,USER_01972,NAME_01965,,France,Antibody Response to a Fourth Messenger RNA #COVID19 Vaccine Dose in Kidney Transplant Recipients: A Case Series | Annals of Internal Medicine https://t.co/Y55Gy5ZDrL,1.48E+18,2022
Fri Oct 08 16:15:13 +0000 2021,0,1,0,USER_01973,NAME_01966,,United States,When the #Covid19 #vaccine is given authorization for children 5-11 will you get your child vaccinated? My son has leukemia and other major health issues. He will get it the very 1st day and I will be very relieved. He will have to get tested for antibodies due to active chemo.,1.45E+18,2021
Wed Mar 09 10:51:00 +0000 2022,14,1,24,USER_01974,NAME_01967,,,"Chinese #COVID19 vaccine causing #leukemia in recipients 

It is proven once again that all products of #China are cheap and harmful than useful !

https://t.co/Ohrudqv7MU 

#Corona #VaccineSideEffects #WednesdayThought https://t.co/MgQPih9vkH",1.50E+18,2022
Fri Aug 13 11:13:50 +0000 2021,0,0,0,USER_01975,NAME_01968,,Israel,Antibody persistence 100 days following the second dose of BNT162b mRNA Covid19 vaccine in patients with chronic lymphocytic leukemia. Leukemia. 2021 Aug 10:1–4. doi: 10.1038/s41375-021-01380-5. Epub ahead of print. PMID: 34376803; PMCID: PMC8353933.,1.43E+18,2021
Sat Jul 31 15:34:08 +0000 2021,0,0,0,USER_01975,NAME_01968,,Israel,"The Israeli CLL study group results;""Safety and efficacy of BNT162b mRNA Covid19 Vaccine in patients with chronic lymphocytic leukemia""
10.3324/haematol.2021.279196
#CLL
#COVID19 
# BNT162b 
#Pfizer vaccine",1.42E+18,2021
Thu Dec 09 00:15:04 +0000 2021,30,0,1,USER_01976,NAME_01969,,,"This little dude is such an inspiration! He’s absolutely rocking his Leukemia treatment and even found some spare time to get his #COVID19 vaccine!! Please keep him in your thoughts and prayers. #CarterStrong 💪 🧡 @SickKidsNews  @sickkids https://t.co/6RlAYmEl5N",1.47E+18,2021
Fri Apr 23 16:50:05 +0000 2021,33,4,10,USER_01977,NAME_01970,,Germany,"Efficacy of the BNT162b2 mRNA COVID-19 Vaccine in Patients with Chronic Lymphocytic Leukemia | Blood | American Society of Hematology. 
Response to #COVID19 vaccine is reduced in patients with #CLL. 
https://t.co/t3h8HhPZzv https://t.co/KmSTP38LfA",1.39E+18,2021
Wed Sep 15 16:01:20 +0000 2021,6,4,0,USER_01978,NAME_01971,,,"Patient on 4th line of treatment for Chronic Myeloid Leukemia #CML (3rd TKI). Doing well, no toxicities … but did not get #covid19 vaccine because he does not believe in these “experiments” .  I tried, but I couldn’t ….",1.44E+18,2021
Thu Dec 29 18:00:01 +0000 2022,1,0,0,USER_01979,NAME_01972,,United States,"New #COVID19 vaccine boosters offer protection against newer variants of the coronavirus, which have been linked to breakthrough cases of COVID-19. Learn more about vaccine guidance for people with #leukemia:https://t.co/I3qJuHXk6k",1.61E+18,2022
Sat Dec 26 05:39:44 +0000 2020,0,0,0,USER_01980,NAME_01973,,,"Would you inject a fast track covid19 vaccine with no trials into a patient with cancer?
@DrEricDing this is a serious question. I have leukemia and the chemo therapy side effects were intolerable. It almost killed me",1.34E+18,2020
Fri Apr 16 14:38:11 +0000 2021,41,0,16,USER_01981,NAME_01974,,United States,"Two new studies in @BloodJournal suggest the mRNA #COVID19 vaccine may have reduced efficacy in individuals with chronic lymphocytic #leukemia &amp; multiple myeloma. Researchers said these studies could help inform the ideal time for vaccination. 

Read more: https://t.co/pIjuZsNEh3 https://t.co/e4FAcunPo5",1.38E+18,2021
Fri Apr 30 12:12:50 +0000 2021,12,0,4,USER_01982,NAME_01975,,Nigeria,"Body pains, etc. Typically resolves in days. They are expected and not dangerous.

However, the COVID19 vaccine doesn’t cause cancer.
Cancer progresses. It’s never sudden, like a cardiac arrest.

If Leukemia was the diagnosis, It’s misleading to blame the vaccine.

May he RIP🙏🏽💐",1.39E+18,2021
Fri Jan 01 21:06:46 +0000 2021,0,1,0,USER_01983,NAME_01976,,United States,"I still haven’t gotten my #COVID19 vaccine, despite treating leukemia pts and being on inpt service soon. Probably will have to wait another 2 weeks per @UofUHealth Curious if you are a hematologist, have you been vaccinated?",1.35E+18,2021
Fri Dec 18 18:10:55 +0000 2020,0,0,0,USER_01984,NAME_01977,,,@BogochIsaac Are there any knowledge about the people who has chronic leukemia and covid19 vaccine? Is it safe to get the covid19 vaccine?,1.34E+18,2020
Mon Feb 22 17:58:37 +0000 2021,11,0,0,USER_01985,NAME_01978,,United States,"@mattwilstein @MeghanMcCain I am 56 years old and have leukemia. Like you and millions of Americans, I have no idea when I will get the #COVID19 vaccine either. I am sure you did not intend on making such a careless and selfish statement. @POTUS has made huge progress in just 4 weeks.",1.36E+18,2021
Mon Mar 07 12:30:46 +0000 2022,0,0,0,USER_01986,NAME_01979,,United Kingdom,"The CCP’s Health Care Commission distributed the copy, “a letter requesting attention to the recent key trends of some people having leukemia after receiving the #COVID19 vaccine,”.",1.50E+18,2022
Fri Jan 22 09:21:34 +0000 2021,10,0,2,USER_01987,NAME_00445,,United States,"Hi @LouHaigh, as a parent of a 3 year-old who is recieving treatment for Acute Lymphoblastic Leukemia, I think it is important that people in my situation are given higher priority  for the #COVID19 vaccine. Could I ask that you support this call by @bloodcancer_uk.",1.35E+18,2021
Tue Dec 15 14:42:29 +0000 2020,12,0,1,USER_01988,NAME_01980,,United States,".@umichsph Assistant Research Scientist Ryan Malosh (@rmalosh) — a leukemia survivor — spoke with @MichiganNews about why he’s planning on getting the #COVID19 vaccine, and why it's so important others do, too.

READ + WATCH: https://t.co/vIrtWNhXau https://t.co/6wPifmP32L",1.34E+18,2020
Tue Jan 09 17:10:51 +0000 2024,2,0,0,USER_01989,NAME_01981,,,"@BGatesIsaPyscho Definite increase in cancers and sarcomas, leukemia and neurological dysfunctions, cardiac and blood dyscrasias due to the so called #COVID19 vaccine which is not a vaccine. It's ingredients remain unknown and the pamphlet insert is totally blank.",1.74E+18,2024
Fri Apr 30 11:21:37 +0000 2021,0,0,0,USER_01990,NAME_01982,,,"COVID-19 Vaccination in Patients with Chronic Lymphocytic Leukaemia: What Can We Expect?

https://t.co/biWpq9WBMz

#COVID19 #vaccine #chroniclymphocytic #leukemia #mRNA #coronavirus #pandemic #covid #COVID2019 #oncology #oncologist https://t.co/9H6KO89eRb",1.39E+18,2021
Thu Jul 29 11:42:05 +0000 2021,0,0,0,USER_01991,NAME_01983,,,New article: Safety and efficacy of BNT162b mRNA Covid19 Vaccine in patients with chronic lymphocytic leukemia https://t.co/AgzGbYRnl8 #CLL #leusm #hematology,1.42E+18,2021
Wed Aug 11 18:18:03 +0000 2021,0,0,0,USER_01991,NAME_01983,,,New article: Antibody persistence 100 days following the second dose of BNT162b mRNA Covid19 vaccine in patients with chronic lymphocytic leukemia https://t.co/Zf5rvauPzc #CLL #leusm #hematology,1.43E+18,2021
Tue Apr 20 18:57:01 +0000 2021,5,0,3,USER_01992,NAME_01984,,,"Fewer than 40% of patients with chronic lymphocytic #leukemia had an adequate immune response to two doses of the Pfizer/BioNTech #COVID19 #vaccine, reported @herishanu, MD, in Blood. By @CBankheadMPT. #leukSM #IDtwitter #onctwitter
https://t.co/3Twaa4XNg5",1.38E+18,2021
Wed Jan 19 07:04:22 +0000 2022,0,0,0,USER_01993,NAME_01985,,Canada,"@Sophiegrace68 @kinsellawarren My fully vaccinated friend got COVID19, ended up in ICU with COVID Pneumonia and COVID Diabetes. 6 months, still recovering. Then his fully vaccinated 14 yr old daughter suddenly developed Leukemia. 😱
No sign of Leukemia prior to COVID19 vaccine. 
This concerns me deeply.",1.48E+18,2022
Thu Oct 06 13:20:47 +0000 2022,1,3,0,USER_01994,NAME_01986,,Russia,"A Fitness Coach has died suddenly at 62 from #Leukemia He was super fit, may have taken #mRNA  #COVID19 #vaccine bcus common cause of death, is bacterial infections, also fungal infections or a combination of the 2. 
https://t.co/5ZUw1JnM2n",1.58E+18,2022
Tue Mar 07 07:51:30 +0000 2023,0,0,0,USER_01995,NAME_01987,,Australia,"How bad is your batch 
https://t.co/Qe12pd9Pxb
I’ve watched a perfectly healthy human age 45 die of hairy cell #leukemia in less then 4 weeks after 2nd #Pfizer shot.

A #cardiologist told me he often sees 7-8 young men a day now, compared to pre-#COVID19 #vaccine 1 or 2 a week.",1.63E+18,2023
Mon Apr 19 10:17:34 +0000 2021,0,0,0,USER_01996,NAME_01988,,United States,Efficacy of the BNT162b2 #mRNA #COVID19 #Vaccine in Patients with Chronic Lymphocytic #Leukemia:  https://t.co/MFCr6cABzM,1.38E+18,2021
Tue Dec 15 20:45:00 +0000 2020,9,0,4,USER_01997,NAME_01989,,United States,"Practicing social isolation isn’t new for @UMichSPH assistant research scientist Ryan Malosh, who began isolating after a leukemia diagnosis in 2018. Now that the #COVID19 vaccine is here, he is looking forward to being vaccinated as soon as he can. https://t.co/k0e1YV558c https://t.co/5UP09tsaUD",1.34E+18,2020
Mon Jul 11 12:57:39 +0000 2022,0,0,0,USER_01998,NAME_01990,,Australia,"Adults with #blood #cancers respond to #booster, not initial dose of #COVID19 #vaccine - less than half of patients with hematologic #malignancies (#leukemia, #lymphoma, and #multiplemyeloma) mounted detectable #antibodies after initial COVID-19 #vaccinat…https://t.co/z0kJ09oECU",1.55E+18,2022
Tue Apr 20 17:57:01 +0000 2021,6,0,3,USER_01999,NAME_01991,,United States,"Fewer than 40% of patients with chronic lymphocytic #leukemia had an adequate immune response to two doses of the Pfizer/BioNTech #COVID19 #vaccine, reported @herishanu, MD, in Blood. By @CBankheadMPT, @MedpageOnco. #leukSM #IDtwitter #onctwitter
https://t.co/z3i15qbgmV",1.38E+18,2021
Mon Dec 13 15:45:56 +0000 2021,2,0,1,USER_02000,NAME_01992,,United States,Study presented by @AkritiGJain MD at #ASH21 shows most patients with acute myeloid leukemia and myelodysplastic syndrome are seropositive after two #COVID19 vaccine doses https://t.co/biSLGbFPvJ #AML #MDS @MoffittNews @USouthFlorida,1.47E+18,2021
Mon Dec 13 16:45:38 +0000 2021,6,0,3,USER_02001,NAME_01993,,United States,Study presented by @AkritiGJain MD at #ASH21 shows most patients with acute myeloid leukemia and myelodysplastic syndrome are seropositive after two #COVID19 vaccine doses https://t.co/fjKchnHm07 #AML #MDS @MoffittNews @USouthFlorida,1.47E+18,2021
Thu Jan 13 13:33:02 +0000 2022,4,1,2,USER_02002,NAME_01994,,United States,Canadian Ronald McDonald House says: ‘Take the Vaccine or Pack Your Bags.’ Ronald McDonald House Charities filed to evict family unless they received the #COVID19 #vaccine. The four-year-old son is fighting Acute Lymphoblastic Leukemia. https://t.co/COfKGSimlE @Newsmax,1.48E+18,2022
Fri Apr 23 18:00:29 +0000 2021,1,0,1,USER_02003,NAME_01995,,United States,Efficacy of the BNT162b2 mRNA #COVID19 vaccine in patients with chronic lymphocytic leukemia: https://t.co/3jtyuqx0m9,1.39E+18,2021
Thu Mar 11 06:56:09 +0000 2021,1,1,0,USER_02004,NAME_01996,,United States,"Sydonee Harris is East Providence woman w/ leukemia finally getting #COVID19 vaccine Friday

@ABC6 interviewed her just after RIDOH announced R.I. ranks 6th in nation for getting at least one dose of vaccine into arms

She says she's ""surprised by that"" https://t.co/yTcCnNWpZ0",1.37E+18,2021
Wed Apr 21 23:15:22 +0000 2021,3,0,3,USER_02005,NAME_01997,,Spain,"Antibody response to mRNA COVID19 vaccine in CLL patients with is markedly impaired and affected by disease activity and treatment.
Efficacy of the BNT162b2 mRNA COVID-19 Vaccine in Patients with Chronic Lymphocytic Leukemia  https://t.co/UQJ1WciaK0",1.39E+18,2021
Thu Jan 07 15:36:01 +0000 2021,0,0,0,USER_02006,NAME_01998,,,"ICYMI: Experts Share Advice for #CLL Patients in 2021: For those living with chronic lymphocytic #leukemia, 2020 was a difficult year. 

Experts reflect on what was learned &amp; address everything from the #COVID19 vaccine to what do as things re-open &amp; more:
https://t.co/eQBJyaiT6r",1.35E+18,2021
Mon May 10 19:10:15 +0000 2021,1,0,0,USER_02007,NAME_01999,,,"Adults with leukemia, lymphoma, myeloma, or solid tumors may be eligible to participate in a new @NIHClinicalCntr trial to assess the effects of the Moderna #COVID19 vaccine in adults undergoing treatment for various types of cancer. #CancerResearchMonth https://t.co/M7FncGVm43",1.39E+18,2021
Tue Jul 06 20:15:02 +0000 2021,0,2,1,USER_02008,NAME_02000,,Canada,"Terri Ruhl is one step closer to hugging her grandkids again.

She chose to get the #COVID19 vaccine as soon as she was eligible to protect not only her coworkers and patients, but especially for her 6-year-old grandson who has leukemia.

https://t.co/VAdgDi8bCr  #ProtectMB",1.41E+18,2021
Sat Apr 15 02:28:01 +0000 2023,36,3,12,USER_02009,NAME_02001,,Canada,"14/

Ms. Rose suggests that the reason for the large range of types of adverse events associated with the #covid19 #vaccine is somehow related to the liver.

Rose: ""This is evidence that there's something very different about these shots."" https://t.co/N3ePCig7rK",1.65E+18,2023
Tue Nov 23 15:11:21 +0000 2021,10,1,8,USER_02010,NAME_02002,,United States,"Part IV of my series of articles on humanized COVID-19 test mice. NIH researcher Kerry Lavender moved to the Univ of Saskatchewan to make continuous supply of hundreds of BLT-L mice (implanted w/ fetal liver, thymus and lung) for COVID19 vaccine research.

https://t.co/1k0Q04fZ0Y",1.46E+18,2021
Wed Feb 03 01:14:25 +0000 2021,19,2,12,USER_02011,NAME_02003,,United States,"Hot off the press🔥: #COVID19 vaccine💉for liver patients

🔷Pt with CLD should be prioritized
🔷COVID-19💉 is recommended for all SOT recipients including liver transplant recipients.

📚https://t.co/SJvnuA1ZGJ

#LiverTwitter

1/3 https://t.co/Udi6598wVu",1.36E+18,2021
Fri Oct 01 14:00:55 +0000 2021,8,0,3,USER_02012,NAME_02004,,,"Good talk by Dr Feldman on live vaccines and COVID19 vaccine in #pediatric #liver #transplant patients! @SPLIT_TTS 
#VaccinesWork #protection https://t.co/uoW69HT5Js",1.44E+18,2021
Thu Apr 28 13:08:28 +0000 2022,1,0,0,USER_02013,NAME_02005,,,Moderna seeking auth to give kids 6 and younger their COVID19 vaccine. The number of liver diseases and heart issues with kids told them nothing? @MdBreathe https://t.co/xzBD4ybRXa,1.52E+18,2022
Sat May 08 10:21:03 +0000 2021,3,1,2,USER_02014,NAME_02006,1997,,"Doctor Domingo-Salvaña is the second presenter for Day 1 of @PhilSocGastro 's webinar series with her lecture on COVID19 vaccine recommendations for patients with chronic liver disease 🤔

#GITwitterPH https://t.co/bn6PintxgN",1.39E+18,2021
Thu Feb 25 16:09:01 +0000 2021,22,1,15,USER_02015,NAME_02007,,,"If you miss our 1st ELPA TV Live-Interview HOT Topic on AIR
👉Covid19 vaccine &amp; Liver Diseases
With Prof. @JVLazarus @EASL_ilf
Dr.Liudmila Mosina @WHO_Europe ELPA president @Marko_Korenjak Mrs.Sindee Weinbaum @Hetz_liver
@EU_Health 🇪🇺🇺🇳
You can Watch now👇
https://t.co/UB4vxaeUtu https://t.co/nYHZGaDGz5",1.36E+18,2021
Tue Jan 19 23:18:59 +0000 2021,4,6,0,USER_02016,NAME_02008,,United States,"My doctor's office called. 

It appears I will have the option to get #COVID19 vaccine in February before most of the general population. 

I was selected for my health factors (HIV/AIDS - liver disease from chronic Hepatitis C infection - liver failure)",1.35E+18,2021
Wed Apr 07 15:30:28 +0000 2021,7,0,2,USER_02017,NAME_02009,,,"David got his #COVID19 vaccine because he wanted to do his part to protect himself and others. 
Liver diseases like #hepatitis B may increase your risk of severe COVID19 outcomes, so keep washing your hands, wearing a mask, &amp; get vaccinated when you can! #VaccinerReady #NMHM2021 https://t.co/lC2egpnhJ4",1.38E+18,2021
Mon Mar 15 16:04:56 +0000 2021,5,0,1,USER_02017,NAME_02009,,,"#justB storyteller Jackie received his #COVID19 vaccine! Liver diseases like #hepatitis B may increase your risk of severe COVID19 outcomes, so keep washing your hands, wearing a mask, and get vaccinated when you can! https://t.co/q1W1I42zvt",1.37E+18,2021
Mon Jul 12 13:53:24 +0000 2021,6,1,5,USER_02018,NAME_02010,,Europe,News from the @EASLnews International Liver Congress - Weaker #COVID19 vaccine responses seen in people with advanced liver fibrosis #ILC2021 https://t.co/55kuFhCUMk https://t.co/RU0twvjDFB,1.41E+18,2021
Fri Aug 13 19:44:46 +0000 2021,8,1,1,USER_02019,NAME_02011,,United States,Global Liver Institute Applauds @US_FDA and @CDCgov Actions to Approve Third #COVID19 Vaccine Dose for #Immunocompromised Individuals. https://t.co/UeOOS1IG3j,1.43E+18,2021
Fri Feb 12 21:35:37 +0000 2021,6,0,3,USER_02020,NAME_02012,1969,Canada,"Thank you to all who joined Wednesday's webinar: #COVID19 Vaccine Safety for Patients with Liver Disease. If you missed it, you can watch it anytime https://t.co/aRBIM9iEJO #LiverHealth #LiverDisease #LiverDiseaseAwareness https://t.co/0PZ8RTgw0G",1.36E+18,2021
Mon Feb 08 16:03:46 +0000 2021,4,0,2,USER_02020,NAME_02012,1969,Canada,REMINDER: Wednesday is the CLF-CASL Live Webinar: #COVID19 Vaccine Safety for Patients with Liver Disease. Anything you want to ask our experts? You'll get the chance during the live Q&amp;A https://t.co/4Qx2kaZNWu #LiverHealth #LiverDisease #LiverDiseaseAwareness #COVIDVaccine https://t.co/1lIp4x3Cro,1.36E+18,2021
Sat Oct 02 20:43:23 +0000 2021,2582,76,262,USER_02021,NAME_02013,,United States,"7 mo #pregnant &amp; got my #covid19 #vaccine #Booster
Why? 
-I got my first #pfizer dose &gt;8 mo ago
-pregnant ppl are at increased risk of complications (esp those who are AMA) 
-the vaccine is safe in #pregnancy
-to protect my future child
-I'm an ID doc
#IDtwitter #VaccinesWork https://t.co/IoS2JraDli",1.44E+18,2021
Mon Sep 26 23:45:43 +0000 2022,16798,355,7358,USER_02022,NAME_02014,,United States,"Judge: “what evidence do you have that the govt was pushing pregnant and breastfeeding women to get the #COVID19 vaccine?”

Me: 🙄 https://t.co/SExAqTBvVz",1.57E+18,2022
Wed Mar 22 04:57:44 +0000 2023,134,17,59,USER_02023,NAME_02015,,Australia,"Dept. of Health &amp; Aged Care #Australia's website on #COVID19 vaccine for pregnant women (see attached).

""Over time, real-world evidence.."" = Pregnant women in real word were/are on trial.

So, on what basis they are pushing it on Pregnant women in the first place?

@Jikkyleaks https://t.co/yk9RgA2ynr",1.64E+18,2023
Thu Aug 12 15:04:07 +0000 2021,53,5,35,USER_02024,NAME_02016,,Canada,"The #COVID19 Vaccine is Strongly Encouraged for Pregnant Persons. Here’s why it’s REALLY important 🧵

1⃣ Pregnancy is associated with elevated risk of severe illness
2⃣ The vaccine is safe and does NOT raise risk of miscarriage
3⃣ The vaccine protects mothers and their babies https://t.co/AOkMgxFM0L",1.43E+18,2021
Sat Feb 25 23:37:52 +0000 2023,18,11,6,USER_02025,NAME_02017,,,"CREOG Covid19 vaccine: ""When you're pregnant, go ahead and get that shot"" https://t.co/pPhN9AlWzO",1.63E+18,2023
Thu Jun 02 20:19:09 +0000 2022,7,3,4,USER_02026,NAME_02018,,,44 French RATS STUDIED for 42 DAYS and PFIZER Decided the COVID19 Vaccine was SAFE for PREGNANT WOMEN around the WORLD! 🧬🤬🚨🌍🚨🤬🧬 https://t.co/9nBRmr3ApP,1.53E+18,2022
Wed Feb 09 07:52:52 +0000 2022,1807,24,95,USER_02027,NAME_02019,,China,"Can I receive a #BoosterDose of the #COVID19 #vaccine if I am pregnant?🤰💉

Check out our latest advice on COVID-19 vaccination in pregnant and lactating women: https://t.co/p1hFLHxNya

Follow👉@CUHKMedicine https://t.co/sB47hMKgti",1.49E+18,2022
Fri Sep 17 16:35:28 +0000 2021,197,5,50,USER_02028,NAME_02020,,United Kingdom,"Intense week, but the overriding thing I want to say is please, if you are pregnant or breastfeeding and haven't had a #COVID19 #vaccine yet, please make an appointment as soon as you can. Getting COVID instead just isn't safe for you or your baby.",1.44E+18,2021
Sat Aug 07 01:04:51 +0000 2021,624,7,128,USER_02029,NAME_02021,,United States,"Dear #medtwitter stop being afraid of pregnant patients, offer them the standard of care with guidance from your OB/MFM colleagues and PLEASE stop telling pregnant patients they can’t get the #COVID19 vaccine. It’s safe and @acog &amp; @MySMFM updated their stance to recommend it!",1.42E+18,2021
Thu Mar 23 07:03:47 +0000 2023,4,0,7,USER_02030,NAME_02022,,Kenya,"The Covid19 vaccine is safe for pregnant and breastfeeding mothers. Talk to a medical practitioner for more information on Covid19. Pata Chanjo ukeep everyone safe. 
#PataChanjoTuweChonjo https://t.co/mJI3ifKTEt",1.64E+18,2023
Fri Sep 23 06:36:53 +0000 2022,9,0,10,USER_02031,NAME_02023,,,"#COVID19 vaccine is safe for pregnant and breastfeeding women. The vaccine will protect the mother and the young one from dangers of the virus. 
#PataChanjoTuweChonjo
@CBCC_Africa @NMS_Kenya 
@WorldVisionKE @MOH_Kenya 
@USAIDKenya @MOH_DHP 
@VaccinesKenya

https://t.co/1FQxfVfX8G",1.57E+18,2022
Wed Feb 16 12:59:40 +0000 2022,566,291,269,USER_02032,NAME_02024,,Switzerland,"Q: I’m pregnant. Can I have the #COVID19 vaccine?

A: Yes. Vaccination against COVID-19 helps protect both you &amp; your baby from illness. COVID-19 during pregnancy puts moms at higher risk of becoming severely ill and increases the likelihood of preterm birth",1.49E+18,2022
Mon Oct 11 05:15:33 +0000 2021,11,0,3,USER_02033,NAME_02025,,Uganda,"Can I take the #Covid19 vaccine when I am pregnant?

It is absolutely safe to take the #Covid19 vaccine while pregnant. Studies have shown protection extends to the unborn baby.

#TuliFfena #BeatCovid #GetVaccinatedNow",1.45E+18,2021
Mon Nov 08 16:49:21 +0000 2021,51,23,20,USER_02034,NAME_02026,,,"The vulnerable aren't always visible. 

When pregnant individuals get the #COVID19 #vaccine, they pass on protection to their babies. Meanwhile, pregnant individuals who contract #COVID19 are at increased risk of complications including preterm birth.

https://t.co/TFpfo0sMI6 https://t.co/9BYiNG3g5c",1.46E+18,2021
Sun Dec 12 15:44:37 +0000 2021,81,3,31,USER_02035,NAME_02027,,,"🤰Obstetricians are urging pregnant people to get their #Covid19 vaccine &amp; turn to trusted sources if they have any questions or concerns

@russellnoirin says ""this is the wave where we are most affected"", with some of these patients sadly ending up very unwell

@VirginMediaNews https://t.co/n0qWBQ6Go0",1.47E+18,2021
Thu Nov 04 09:31:12 +0000 2021,24,1,22,USER_02036,NAME_02028,,United Kingdom,"New Zealand study shows miscarriages up 700% after mRNA #Covid19 vaccine... but STILL being recommended for pregnant women.
Lucky for #BigPharma bank balances that they have government guaranteed immunity!!

https://t.co/dX7UQL9yfM
@KarenH777",1.46E+18,2021
Tue Dec 21 18:29:42 +0000 2021,20,0,20,USER_02037,NAME_02029,,,"✨Are you pregnant and ready to get your #Covid19 Vaccine or Booster?✨

Pregnant women can now join the front of the queue when they arrive at a vaccination centre.

✨Need support?✨

Make a member of staff aware, and they'll support you with moving to the front of the queue. https://t.co/mV6nFFUB4d",1.47E+18,2021
Fri Nov 05 06:34:11 +0000 2021,89,6,27,USER_02038,NAME_02030,,United Kingdom,"Updated guidance from @acog. 

#Pregnant and recently-pregnant people should receive a booster #COVID19 #vaccine when they are eligible. 

https://t.co/BJCCQLMMy1 https://t.co/3cGKaIih66",1.46E+18,2021
Fri Oct 22 17:32:02 +0000 2021,59,2,17,USER_02038,NAME_02030,,United Kingdom,"Looking for data on the #AstraZeneca #COVID19 #vaccine, #fertility and #pregnancy?

Outcomes for 121 ppl who became pregnant in the clinical trials out now... 

👉🏻 No difference in fertility or miscarriage rates between vaccinated &amp; control groups.

https://t.co/g9AyzgY9mb https://t.co/E1njQzTRCO",1.45E+18,2021
Tue Nov 23 21:56:56 +0000 2021,76,3,50,USER_02039,NAME_02031,,United States,Today we released a new infographic - Top 5 Reasons to Get the #COVID19 Vaccine - for people who are considering pregnancy or who are pregnant now. Download copies at: https://t.co/Pi7wbnLNts https://t.co/LP6C1IiZNZ,1.46E+18,2021
Fri Sep 23 10:09:11 +0000 2022,29,1,15,USER_02040,NAME_02032,,,In case there was a question! Yes pregnant people should get the bivalent #COVID19 #vaccine when they are eligible and it is available 💉🦠 @MySMFM  https://t.co/3pxGe3X2Ka,1.57E+18,2022
Thu Jan 06 02:34:31 +0000 2022,112,3,31,USER_02041,NAME_02033,,Canada,"People who are pregnant please please please 🙏 get your COVID19 vaccine (including 3rd dose if you're due).
My wife did this to protect ours 👶 during her last pregnancy. 
The vaccine is safe and so important in pregnancy for parent &amp; babe.",1.48E+18,2022
Thu Oct 05 11:02:10 +0000 2023,56,368,45,USER_02042,NAME_02034,,United Kingdom,"If you're pregnant, it's important to protect yourself and your baby this winter by getting your #COVID19 vaccine. 🤰

Book now and get winter strong. 📅

Speak to your GP or midwife, or you can book online or via the NHS App:  https://t.co/YPTWX1QYmg https://t.co/hENzasH6Q1",1.71E+18,2023
Thu Nov 25 15:37:56 +0000 2021,16,26,23,USER_02042,NAME_02034,,United Kingdom,"THREAD: Getting the #COVID19 vaccine when you’re pregnant  
Pregnant women giving birth between January and August 2021 who received a vaccine had similar pregnancy outcomes to unvaccinated women – here’s what our latest data tells us 👇 https://t.co/TaOyi1drDF https://t.co/k1boqZ1cPi",1.46E+18,2021
Thu Aug 04 13:30:34 +0000 2022,23,5,6,USER_02043,NAME_02035,,United Kingdom,"Why has this doctor blocked me? I politely asked her for some evidence about the safety and effectiveness of the #COVID19 #vaccine for pregnant women as her own BIO suggests? Weird. Just making the @RCObsGyn aware, perhaps you will help me? A concerned midwife. @GBNEWS @nmcnews https://t.co/1w8XeK0s5H",1.56E+18,2022
Tue Aug 24 15:29:36 +0000 2021,123,3,10,USER_02044,NAME_02036,,Ireland,"My little boy arrived safe and sound @CoombeHospital after I was vaccinated at 32 &amp; 36 weeks. We're both happy and healthy almost two months later. If you're pregnant, please consider getting a #Covid19 vaccine.",1.43E+18,2021
Fri Jul 16 22:15:00 +0000 2021,14,2,9,USER_02045,NAME_02037,,Ireland,"#WATCH An obstetrician and gynaecologist recommends that pregnant women get a #COVID19 vaccine 

Pregnant women have made up a large proportion of ICU patients being treated for the virus

News Correspondent  @ZaraKing reports ⤵️

#VMNews | #COVID19ireland | #COVID19vaccines https://t.co/ofaZOPhTEI",1.42E+18,2021
Thu Oct 28 13:01:31 +0000 2021,37,8,20,USER_02046,NAME_02038,,,Only 26% of pregnant people have received at least one dose of the #covid19 vaccine. We surveyed 500 pregnant people in the U.S. to understand why. https://t.co/R05YdRilXH,1.45E+18,2021
Wed Feb 23 07:45:47 +0000 2022,29,4,8,USER_02047,NAME_02039,,,"The #COVID19 vaccine is completely safe for pregnant women and breastfeeding mothers. If you or a loved one has not yet been vaccinated, please visit your nearest COVID vaccination center with your CNIC and #GetVaccinated 

#VaccinesWork https://t.co/ZVw1aTBqt7",1.50E+18,2022
Tue Jul 13 03:59:33 +0000 2021,84,4,40,USER_02048,NAME_02040,,,"#IndiaFightsCorona:

📍FAQs on #COVID19Vaccine for Pregnant Women

🛑Why is #COVID19 vaccine being recommended for #pregnantwomen❓

➡️Pregnant women with COVID-19 are at an increased risk of:

▪️Severe illness from COVID-19 compared to non-pregnant women.

#We4Vaccine 

1/6 https://t.co/2eQXVZAgpJ",1.41E+18,2021
Sat Aug 28 01:59:20 +0000 2021,26,1,16,USER_02049,NAME_02041,,,"@CDCgov: Three out of four pregnant people have not yet received a #COVID19 vaccine
Pregnant women infected with #COVID19 are 40% more likely to have a premature baby. And for very premature births, fewer than 32 weeks, the risk increased to 60% @TheLancet https://t.co/QluIZY3k49 https://t.co/HR6713xSr2",1.43E+18,2021
Mon Jun 12 00:25:46 +0000 2023,1259,180,507,USER_02050,NAME_02042,,United Kingdom,"A pregnant #LdnOnt nurse who says she's about to be fired for refusing the #COVID19 vaccine has made a public appeal to her boss to save her job. Why, she's asking, is it still mandatory in order to work at London Health Sciences Centre?

https://t.co/XSfhjFPuD2

#onpoli",1.67E+18,2023
Thu Nov 25 06:37:50 +0000 2021,15,0,6,USER_02051,NAME_02043,,India,"A lactating mother getting 1st dose of COVID19 vaccine @PHC Chunlikha, Tseminyu, Kohima
COVID19 vaccine is recommended for pregnant and lactating women. The benefits of vaccination outweigh the potential risks.
#LargestVaccineDrive #TogetherWeCan @MyGovNagaland @NagalandNhm https://t.co/FHOwDR1stN",1.46E+18,2021
Wed Feb 14 16:03:07 +0000 2024,9,0,0,USER_02052,NAME_02044,,United States,"A NIAID-funded study has found that when pregnant women receive a #COVID19 #vaccine or booster, their infants receive protection against the virus for at least 6 months after birth. https://t.co/GvY47cw9pf https://t.co/KTZ7qaE2RZ",1.76E+18,2024
Wed Dec 22 15:44:33 +0000 2021,43,8,38,USER_02053,NAME_02045,,Ireland,"Pregnant women urged to get #COVID19 vaccine following JCVI update

'Pregnancy puts you at higher risk and that's why it’s so important that you avail of the protection that the vaccine provides while you're pregnant' - Dr Carolyn Bailie, Chair NI @RCOG

➡️https://t.co/9T3Q8s36aI https://t.co/mHoNh1uNQJ",1.47E+18,2021
Sat Dec 04 11:30:00 +0000 2021,24,0,11,USER_02054,NAME_02046,,Philippines,"You can get a #COVID19 vaccine if you are pregnant.  

Pregnant people have a higher risk of severe COVID-19 illness. Don’t wait. Get vaccinated as soon as it’s your turn!

Learn more:  https://t.co/ee7YZYmt8D https://t.co/jHOVVrrrrv",1.47E+18,2021
Wed Oct 13 16:00:15 +0000 2021,11,6,2,USER_02055,NAME_02047,,Canada,"DYK getting the #COVID19 vaccine during pregnancy is safe &amp; will protect you from serious illness. Pregnant individuals who receive the #COVID19 vaccine can transfer antibodies to their baby, protecting them as well. Talk to your health care provider if you have any questions. https://t.co/aro4Ds2L4W",1.45E+18,2021
Mon Nov 15 20:43:05 +0000 2021,73,33,26,USER_02056,NAME_02048,,United Kingdom,"England's chief medical officer has urged all women who are pregnant, or wishing to become pregnant, to get a #COVID19 vaccine as he admitted there was a ""major concern"" about those not getting jabbed https://t.co/pJTHQdBfIu",1.46E+18,2021
Tue Nov 29 20:10:19 +0000 2022,3,0,2,USER_02057,NAME_02049,,Ireland,Effectiveness and safety of #COVID19 vaccine in pregnant women: a systematic review with meta-analysis https://t.co/6fEJz1IDR9 @BJOGTweets #Vaccination #Pregnancy,1.60E+18,2022
Sun Nov 05 08:51:26 +0000 2023,34,3,24,USER_02058,NAME_02050,,Spain,"El mundo sin ciencia de los vacunistas en el caso covid19. De embarazadas a lactantes, pasando por ""el recuerdo"".

Covid19 vaccine world, a world without science. Pregnant women, lactating mothers, boosters, etc.
Absolutism and paternalism.

https://t.co/vPXBUCUyPx",1.72E+18,2023
Fri Apr 02 16:29:22 +0000 2021,4,1,9,USER_02058,NAME_02050,,Spain,The Netherlands suspended use of the @AstraZeneca #COVID19 #vaccine for people under 60. 5 reports of extensive thrombosis with low platelet counts. 7 to 10 days after vaccination. Women 25-65 years old. 3 patients had extensive pulmonary embolisms. 1 died https://t.co/7UK7Q07S1s,1.38E+18,2021
Thu Dec 02 20:07:47 +0000 2021,7,1,2,USER_02059,NAME_02051,,Canada,"❓ Wondering if you should take the #COVID19 vaccine when pregnant? NYGH family medicine chief @eisendv talks about how the vaccines can help protect mother and baby. Check out other resources for parents and guardians here: 
https://t.co/tdAvCMufY4 https://t.co/56A60bZ7ck",1.47E+18,2021
Thu Oct 12 09:15:01 +0000 2023,26,1,7,USER_02060,NAME_02052,,Switzerland,"And the Swiss public health authority still writes in their guidelines the covid19 vaccine should be ""maybe"" recommended to pregnant women according to doctor's judgement. 

That's wrong, there is an absolute indication for pregnant women. Data is clear.

@BAG_OFSP_UFSP",1.71E+18,2023
Fri Sep 17 11:12:30 +0000 2021,14,1,7,USER_02061,NAME_02053,,United Kingdom,"I used my 1st interview as President of @RCoANews to urge pregnant women to take up the #COVID19 vaccine.

If you are pregnant please do get your jab - protect yourself &amp; your baby. @ShaunLintern 
https://t.co/unxq6bpfIu",1.44E+18,2021
Thu Aug 19 15:10:06 +0000 2021,125,82,54,USER_02062,NAME_02054,,,"One of the two @OntarioPCParty facing a 5 pm deadline for getting a #COVID19 vaccine has posted a photo of herself pregnant with her third child. Whip @lornecoe’s detailed vax edict does not consider pregnancy a reason for a medical exemption. 
#onpoli",1.43E+18,2021
Wed Jan 26 13:18:39 +0000 2022,8,0,4,USER_02063,NAME_02055,,Nigeria,"Q: Is it safe for a pregnant woman to get the #COVID19 vaccine?

A: Yes, it is. Pregnant women are advised to receive the #COVID19 vaccine after consulting with their health care provider.

#YesToCOVID19Vaccine https://t.co/ocYNPO8ULS",1.49E+18,2022
Wed Jul 20 14:38:02 +0000 2022,8,0,4,USER_02064,NAME_02056,,United States,"On the fence about getting a #COVID19 vaccine while pregnant? According to @LisaCostelloWV, waiting to be vaccinated is risky. Learn more: https://t.co/wJ9ycR1r8h https://t.co/WZJtyQxIVu",1.55E+18,2022
Wed Nov 22 12:02:40 +0000 2023,38,20,20,USER_02065,NAME_02057,,United Kingdom,"Is the #COVID19 vaccine safe for pregnant women?

Dr Victoria Male (@VikiLovesFACS) from @ImperialMDR says vaccination is extremely effective and safe, passing on immunity in the womb.

Listen to the @imperialcollege podcast 🎙️ https://t.co/n5Idq6IX4m",1.73E+18,2023
Mon May 09 19:38:03 +0000 2022,5,0,5,USER_02066,NAME_02058,,United States,"Getting a #COVID19 vaccine while pregnant lowers your risk of needing hospital care for COVID. It may also protect your baby, who can’t get a vaccine.
Find free vaccines near you:
🔍 https://t.co/iIhCl7np5D
💬 Text your ZIP code to 438829
📞 Call 1-800-232-0233
#WeCanDoThis https://t.co/NATP5ZMlHK",1.52E+18,2022
Sun Aug 29 18:00:07 +0000 2021,26,0,12,USER_02067,NAME_02059,,United States,"It is safe to get the #COVID19 vaccine while pregnant. Duke Maternal-Fetal Medicine Specialist Dr. Geeta Swamy @DukeOBGYN answers frequently asked questions from patients.
 
https://t.co/OrLgVKXwag https://t.co/1v3ABesaxE",1.43E+18,2021
Sun Oct 17 14:44:20 +0000 2021,40,6,17,USER_02068,NAME_02060,,,The science is clear: pregnant women should get the #COVID19 vaccine. Why are so many rejecting it? by @megan_ogilvie https://t.co/3vf6lf1g5b via @torontostar #pregnancy #VaccineHesitancy #vaccination #infodemic,1.45E+18,2021
Wed Feb 23 09:02:35 +0000 2022,5,1,2,USER_02069,NAME_02061,,United Kingdom,"Pregnant? Get your first, second or booster #COVID19 vaccine: 96.3% of pregnant women admitted to hospital with COVID-19 symptoms between May &amp; October 2021 were unvaccinated, 1 in 3 of whom required respiratory support: https://t.co/u3Xa1Mhfow

#pregnancy @RCObsGyn @MidwivesRCM https://t.co/n5s4j9Epbg",1.50E+18,2022
Wed Feb 16 12:00:02 +0000 2022,16,1,8,USER_02070,NAME_02062,,United Kingdom,"🎥 WATCH | Should you get the #COVID19 Vaccine if you're pregnant?

Most pregnant people in intensive care with COVID-19 are unvaccinated. We want to empower people to be confident in their decisions surrounding vaccination.

#VaccineQuestionsAnswered

https://t.co/HTb1PqFoCj",1.49E+18,2022
Mon Mar 21 13:02:09 +0000 2022,1,0,9,USER_02071,NAME_02063,,United Kingdom,"Join our free webinar about the #COVID19 vaccine for pregnant women or anyone trying to conceive 🤰
 
📅 Thursday 24 March 5 – 6pm
👉 https://t.co/F4WbDg7YWR https://t.co/kQFQu581Ut",1.51E+18,2022
Thu Mar 24 12:01:43 +0000 2022,0,0,8,USER_02071,NAME_02063,,United Kingdom,"Is the #COVID19 vaccine safe for pregnant women ❓

Join our #COVID19 webinar tonight aimed at pregnant women, their partners, and families as well as the wider public who are thinking about getting pregnant.

📅 Thursday 24 March 5 – 6pm
👉 https://t.co/UuAazKys9H https://t.co/f2J0emSZdU",1.51E+18,2022
Wed Nov 08 12:00:02 +0000 2023,2,0,2,USER_02072,NAME_02064,,United States,"Need for open data on #COVID19 vaccine uptake among pregnant people in the Caribbean: a call to action 🌎💉🤰

Find out the results: https://t.co/JWZZoQ0FVC

@PAHOCaribbean
@pahowho",1.72E+18,2023
Thu Jan 26 16:45:12 +0000 2023,2,0,2,USER_02073,NAME_02065,,United States,Kara Polen of @CDC_NCBDDD notes that the absence of available data on the #COVID19 vaccine in pregnant and lactating populations affected a strong recommendation during vaccine rollout and led to the rapid proliferation of misinformation. #CAMT,1.62E+18,2023
Mon Aug 08 14:42:00 +0000 2022,5,0,3,USER_02074,NAME_02066,,United States,"Questions about #COVID19 vaccine while pregnant or breastfeeding? In this video, @CarolineDiorio, a @ChildrensPhila doctor, talks about deciding to get a COVID-19 booster during pregnancy. Watch now: https://t.co/oeMBHg3dXt. #WhyIVax #iVax2Protect #NIAM2022",1.56E+18,2022
Fri Mar 25 00:23:47 +0000 2022,30,1,11,USER_02075,NAME_02067,,United States,This hot off the press study in @JAMA_current is reassuring to pregnant women who received the #COVID19 #vaccine during pregnancy. No evidence of adverse #pregnancy outcomes. #SARSCoV2 #coronavirus https://t.co/gCa7yG2792,1.51E+18,2022
Thu May 12 01:00:00 +0000 2022,0,0,0,USER_02076,NAME_02068,,United States,"The @CDCgov recommends pregnant people receive the #COVID19 vaccine. Pregnant people with COVID-19 might be at increased risk of adverse pregnancy outcomes. Give us a call if you have questions, 877-609-3577. https://t.co/M4KILgWEuw",1.52E+18,2022
Wed Apr 21 18:29:58 +0000 2021,144,36,15,USER_02077,NAME_02069,,Canada,"Officially jabbed!
I learned yesterday I am ineligible for the AZ #covid19 vaccine because I had a Pulmonary Embolism in July 2020.
I actually qualify under Phase 2B and had no idea.
I called around to pharmacies offering Pfizer or Moderna with no luck...
#COVID19AB #yeg #ableg https://t.co/IJfdnq1adn",1.38E+18,2021
Tue Jan 26 17:18:59 +0000 2021,14,0,7,USER_02078,NAME_02070,,United States,"🗣 Calling all pulmonary &amp; critical care providers @atscommunity needs #COVID19 vaccine pictures. Photos will be used for community outreach so BIPOC members please share your 👦🏾💉📸 because representation matters!

https://t.co/FLuW9w6JQI

@ATS_Assemblies @atsearlycareer",1.35E+18,2021
Tue Mar 16 14:42:51 +0000 2021,1,0,1,USER_02079,NAME_02071,,United Kingdom,I clotted on contraceptive pill 6 years ago which led to a pulmonary embolism. Happily went for my #AstraZeneca #covid19 vaccine today,1.37E+18,2021
Mon Feb 01 12:24:13 +0000 2021,0,0,0,USER_02080,NAME_02072,,,Respiratory Infectious Disease Diagnostics Market: Rapid Rise in Burden of Chronic Obstructive Pulmonary Disorders to Drive the Market #InfectiousResearch #COVID19 #vaccine https://t.co/7BmMsYioda,1.36E+18,2021
Tue Jul 20 18:48:18 +0000 2021,3,1,1,USER_02081,NAME_02073,,Malaysia,"Stop believing to claims of being vaccinated with empty syringe.

Firstly , one will feel as the vaccine being administered. 

Secondly,  inject just 0.5-1 ml of air in the pulmonary vein can cause a cardiac arrest. And covid19 vaccine dosage is 5ml https://t.co/gm0fJbdJZq",1.42E+18,2021
Sun Feb 14 05:10:05 +0000 2021,5,1,2,USER_02082,NAME_02074,,India,"Dr Sandeep Nayar, Pulmonary Medicine HOD celebrates his 2nd dose of COVID19 vaccine at BLK Hospital in New Delhi, UNICEF.
#LargestVaccineDrive #united2fightcorona  #delhifightscorona 
@CMODelhi 
@MoHFW_INDIA 
@DIPDelhi 
@PIB_India 
@SatyendarJain 
@PMOIndia 
@BLK_Hospital https://t.co/Nb89eDNtSA",1.36E+18,2021
Mon Dec 05 03:32:18 +0000 2022,0,1,0,USER_02083,NAME_02075,,United States,"Interesting to see the increase in vaccine injury syndrome (VIS) which include myocardial infarction (MI), vaccine-induced thrombotic thrombocytopenia (VITT), worsening heart failure, vascular aneurysm, pulmonary embolism (PE) and stroke after the #COVID19 vaccine",1.60E+18,2022
Mon Dec 14 21:21:28 +0000 2020,9,0,1,USER_02084,NAME_02076,,United States,"Inbox: At 12:04 p.m. today, Marc McClelland, a pulmonary and critical care physician, became the first person in Michigan to receive the #COVID19 vaccine.",1.34E+18,2020
Sat Jan 02 04:50:09 +0000 2021,0,0,0,USER_02085,NAME_02077,,United States,"No #COVID19 vaccine, yet Wuhan not distancing or locking down anymore, though still wearing masks in public, shown by Fikenzer et al. to reduce pulmonary function (FVC, FEV1, PEF) and exercise capacity (Pmax and VO2max) significantly and not shown to reduce viral transmission.",1.35E+18,2021
Thu Mar 11 19:26:31 +0000 2021,138,34,66,USER_02086,NAME_02078,,Canada,"Astra Zeneca statement ""An analysis of our safety data of more than10 million records has shown no evidence of an increased risk of pulmonary embolism or deep vein thrombosis in any defined age group, gender, batch or in any particular country with COVID19 Vaccine AstraZeneca.""",1.37E+18,2021
Tue Feb 16 17:11:52 +0000 2021,0,1,0,USER_02087,NAME_02079,,United States,"Me: Hi, I'd like to request a letter confirming a preexisting pulmonary condition so I can get an appointment for my COVID19 vaccine.
PCP: You haven't been to the doctor in a while. You'll need to come in for an evaluation.
Me: Los my job. No insurance. How much?
PCP: A lot",1.36E+18,2021
Sat Feb 13 09:09:27 +0000 2021,3,1,1,USER_02088,NAME_02080,,India,"Place: BLK Super Speciality Hospital, Delhi.

Dr Sandeep Nayar, Pulmonary Medicine &amp; HOD of BLK Hospital as he receives his second dose of #COVID19  #vaccine https://t.co/E7Hove3LUv",1.36E+18,2021
Sun Mar 07 18:49:27 +0000 2021,12,1,10,USER_02089,NAME_02081,,,"#Austria suspend #AstraZeneca #COVID19 #vaccine batch post 49 year old woman’s death as a result of severe coagulation disorders

Also, 35 year old woman developed pulmonary embolism (acute lung disease caused by a dislodged blood clot).

#InformedConsent

https://t.co/yYLFzmlxTa",1.37E+18,2021
Sun Jan 10 13:31:38 +0000 2021,0,0,1,USER_02090,NAME_02082,,United States,"BSN alumna Kathryn Lerz, of the Class of 1994, recently received her second dose of the #COVID19 vaccine. Lerz works as an APRN in the pulmonary clinic at the VA Connecticut Healthcare System. https://t.co/2T8SsP3T2D",1.35E+18,2021
Sun May 02 19:16:46 +0000 2021,8,3,2,USER_02091,NAME_02083,,United Arab Emirates,"Is the #COVID19 vaccine safe for people with #COPD?

Dr Bassam Mahboub, Consultant pulmonologist and head of the pulmonary medicine unit at #RashidHospital

#TogetherWeRecover https://t.co/Ookx1r8PQM",1.39E+18,2021
Mon Dec 28 22:25:02 +0000 2020,1,0,0,USER_02092,NAME_02084,,United States,"“As a pulmonary critical care physician and a member of @NorthsideHosp's COVID response team, I thought it prudent to lead by example,"" said Dr. Abubakr Chaudhry about being one of the first physicians at Northside to receive the Pfizer #COVID19 vaccine. https://t.co/8o2c1p7Pos https://t.co/7UyNnn7tk6",1.34E+18,2020
Tue Nov 23 06:37:28 +0000 2021,2,2,2,USER_02093,NAME_02085,1971,Italy,"In a nationwide study involving 75 y or older, no increase in MI, stroke, and pulmonary embolism was detected 14 days following each BNT162b2 mRNA vaccine dose. MI, Stroke, and Pulmonary Embolism After mRNA #COVID19 Vaccine https://t.co/wmhTAHXCId via @JAMA_current @JAMANetwork",1.46E+18,2021
Tue Apr 13 22:51:26 +0000 2021,0,0,1,USER_02094,NAME_02086,,Australia,"Quote: https://t.co/ooSUwVaLDG ""Thrombocytopenia, ascites, pulmonary deterioration, and renal and hepatic failure have been reported in premature neonates after receiving parenteral products containing polysorbate 80"" It is in #Janssen (Johnson &amp; Johnson) #COVID19 #vaccine",1.38E+18,2021
Wed Aug 25 21:38:16 +0000 2021,0,1,0,USER_02095,NAME_02087,,Australia,"Great study of post #covid19 vaccine data in Israel. Pfizer might increase your risk of myocarditis, but COVID increases it just as much (if not slightly more). No proof more DVTs or pulmonary emboli occur with Pfizer, but a lot more do with COVID.",1.43E+18,2021
Thu Oct 21 04:17:50 +0000 2021,2,0,1,USER_02096,NAME_02088,,India,"Listen in to what @DrRavindraMehta Chief, Pulmonary &amp; Critical Care Medicine, Apollo Hospitals Bangalore has to say on India achieving the one billion #COVID19 vaccine mark.

Join the broadcast with @SiddiquiMaha https://t.co/jp7cdAq9KM",1.45E+18,2021
Sun Jan 17 01:19:40 +0000 2021,0,1,0,USER_02097,NAME_02089,,,"16 - 64 year olds w/ the following conditions are now eligible to receive the #COVID19 vaccine: cancer, chronic kidney disease, chronic obstructive pulmonary disease, Down syndrome, heart failure, coronary artery disease, cardiomyopathies, obesity, sickle cell disease &amp; diabetes.",1.35E+18,2021
Tue Jan 31 18:00:16 +0000 2023,1,0,1,USER_02098,NAME_02090,,United States,"A #study found a modest increase in risk for pulmonary embolisms (blood clots in the lungs) in older adults following vaccination with the Pfizer #COVID19 vaccine. The study did not find that the Pfizer vaccine caused the increased risk. [LINK]
https://t.co/zJXR8ckIWb https://t.co/3faI9H8bPl",1.62E+18,2023
Mon Mar 15 15:16:26 +0000 2021,1,0,1,USER_02099,NAME_02091,,,"Update on the safety of #COVID19 #Vaccine #AstraZeneca 

There have been 15 events of deep vein thrombosis and 22  of pulmonary embolism reported among those given #vaccine.
Data has shown no evidence of an increased risk of DVT, PE, or thrombocytopenia.
https://t.co/Dm44odIdew",1.37E+18,2021
Thu Nov 03 08:59:05 +0000 2022,0,0,0,USER_02100,NAME_02092,,United States,"#thursdayvibes July 2021, FDA “quietly disclosed” findings…increase in serious adverse events in elderly people…a #Pfizer #COVID19 vaccine: acute myocardial infarction, disseminated intravascular coagulation, immune thrombocytopenia &amp;pulmonary embolism. https://t.co/tyBaaUh3Dz",1.59E+18,2022
Fri Mar 19 15:58:45 +0000 2021,0,0,0,USER_02101,NAME_02093,,,WORLD HEALTH ORGANIZATION PANEL SAYS  AVAILABLE DATA DO NOT SUGGEST ANY OVERALL INCREASE IN CLOTTING CONDITIONS SUCH AS DEEP VENOUS THROMBOSIS OR PULMONARY EMBOLISM FOLLOWING ADMINISTRATION OF COVID-19 VACCINES #News #Forex #COVID19 #VACCINE,1.37E+18,2021
Thu Mar 11 11:42:31 +0000 2021,1,1,0,USER_02102,NAME_02094,,,"#Denmark, #Austria &amp; other countries have temporarily suspended using #AstraZeneca #COVID19 vaccine shots after cases of blood clots causing death &amp; pulmonary embolism.
#dkpol #COVID19dk #CovidVaccine 
https://t.co/q5kUXIN5lV",1.37E+18,2021
Mon Mar 15 10:58:51 +0000 2021,1,1,1,USER_02103,NAME_02095,,Netherlands,"#AstraZeneca: there is *no* evidence for a link between the #COVID19 #vaccine and the reported formation of blood clots. Out of approximately 17 million people vaccinated, 15 cases of deep vein thrombosis and 22 pulmonary embolisms were reported.

https://t.co/togwJOLT4p",1.37E+18,2021
Fri Apr 22 05:35:10 +0000 2022,0,0,0,USER_02104,NAME_02096,,,"Myocardial infarction, Bell’s palsy, Guillain-
Barré syndrome, myocarditis/pericarditis (mostly in younger ages), pulmonary embolism,
stroke, thrombosis with thrombocytopenia syndrome lymphadenopathy, appendicitis, herpes
zoster #quebec #covid19 #vaccine https://t.co/IVl2yS3GGt",1.52E+18,2022
Wed Dec 27 03:01:28 +0000 2023,0,1,0,USER_02105,NAME_02097,,United States,"@divakitty09 @forestcui07 @CartlandDavid Were you hospitalized? A co-worker got ""covid pneumonia"" &amp; was hospitalized for a month. She caught C-Difficile from the hospital. Hospital never tested her for it! She got pulmonary fibrosis from CV19. She never smoked. Never took a covid19 vaccine. Glad you're improving! 👍",1.74E+18,2023
Mon Dec 19 17:21:57 +0000 2022,0,1,0,USER_02106,NAME_02098,,,"2/ for Covid19 vaccines, while other vaccines are around 10. ⚠️ Way, way higher. 

The flu vaccine has about 1 case of pulmonary embolism (blood clotting in lungs) per year.
To repeat: the Covid19 vaccine currently has 13,600+ cases - more than enough to trigger a safety signal,",1.60E+18,2022
Fri Mar 12 03:52:54 +0000 2021,0,0,0,USER_02107,NAME_02099,,United States,"My aunt is 70, lifetime smoker..Jehovah Witness..yet I managed to convince her to get the Moderna vaccine 

My OTHER aunt is 53, with hx of HTN, diabetes &amp; pulmonary embolism..,yet REFUSES to get the #COVID19 vaccine...EVEN WHILE HER OLDEST SON IS SICK WITH #COVID19 RIGHT NOW 🤦🏾‍♀️",1.37E+18,2021
Tue Jan 26 21:24:48 +0000 2021,0,0,0,USER_02108,NAME_02100,,,"#ableg #UCP @jkenney, @shandro, @UCPCaucus, could you pls recognize  people with lung diseases need priority access to #COVID19 vaccine. I'm asking for my 75-yr-old spouse who has idiopathic pulmonary fibrosis. Cc. @abndpcaucus  
https://t.co/9KNobADIeh",1.35E+18,2021
Tue Apr 06 14:13:17 +0000 2021,1,0,1,USER_02109,NAME_02101,,United States,"TODAY! Tues, 4/6, 1pm Webinar #COVID19 Vaccine: What Women Need to Know, @Newark_Beth’s Johanny Garcia, MD, Internal Medicine; Christina Migliore, MD, Pulmonary/Advanced Lung Disease; Dyese C. Taylor, MD, Maternal Fetal Medicine/OBGYN https://t.co/ZhpM5iW0XP https://t.co/AmBvqj9ZlI",1.38E+18,2021
Thu Apr 01 14:03:05 +0000 2021,2,0,2,USER_02109,NAME_02101,,United States,"Tues, 4/6, 1pm Webinar #COVID19 Vaccine: What Women Need to Know, @Newark_Beth’s Johanny Garcia, MD, Internal Medicine; Christina Migliore, MD, Pulmonary/Advanced Lung Disease; Dyese C. Taylor, MD, Maternal Fetal Medicine/OBGYN https://t.co/ZhpM5iW0XP https://t.co/Ec13x9xlOI",1.38E+18,2021
Sat Dec 12 15:26:01 +0000 2020,0,0,0,USER_02110,NAME_02102,,United States,".@Sanofi and @GSK have confirmed a delay in their adjuvanted recombinant protein-based #COVID19 #Vaccine owing to an inadequate immune response in older adults in a Phase 1/2 trial.

https://t.co/qkXu0vRVPd

#Pulmonary #Pathology #ClinicalTrials #LifeSciences  #GSK #Sanofi",1.34E+18,2020
Mon Mar 15 20:12:42 +0000 2021,2,1,1,USER_02111,NAME_02103,,India,".@AstraZeneca statement earlier today:
""Careful review of all available safety data of 17 mn people vaccinated in EU &amp; UK has shown no evidence of an increased risk of pulmonary embolism, deep vein thrombosis or thrombocytopenia"" in any defined group or country
#COVID19 #vaccine",1.37E+18,2021
Sun Aug 15 21:05:14 +0000 2021,0,0,0,USER_02112,NAME_02104,,United States,"If you or a ♥one are still on fence abt getting #Covid19 #vaccine, pls watch/share vid @ by intelligent pulmonary specialist ""Delta Variant is Different - It's the NEW COVID"" https://t.co/ahwvkFCEwF
It might save your life &amp; lives of others. #beahero #savealife 💉💪😁💞",1.43E+18,2021
Fri Apr 09 12:30:12 +0000 2021,11,1,1,USER_02113,NAME_02105,,United States,"Dr. Lisa Brath, a VCU Health Pulmonary Disease and Critical Care Medicine provider, shares her experience getting the #COVID19 vaccine. In this video diary she explains why she got vaccinated and why she feels getting the #vaccine is so important. https://t.co/awEoT0wPkY",1.38E+18,2021
Tue Dec 22 18:32:59 +0000 2020,0,0,0,USER_02114,NAME_02106,,United States,"Holiday miracles happening in the halls of @NovantHealth. We administered our first dose of the #COVID19 vaccine to Dr. Samuel Dartey-Hayford, a pulmonary and critical care physician, and we're still going strong. https://t.co/jRWE2hKGKw",1.34E+18,2020
Tue Dec 29 12:25:00 +0000 2020,1,0,0,USER_02115,NAME_02107,,,"Pulmonary Fibrosis Foundation Urges COVID-19 Vaccination In Letter To Patients! Pulmonary fibrosis is a progressive and debilitating lung disease affecting more than 200,000 Americans! @PFFORG #COVID19 #vaccine 
https://t.co/S6sZkgpyF7 https://t.co/EIIt0c2d3u",1.34E+18,2020
Thu Mar 11 22:17:37 +0000 2021,0,0,0,USER_02116,NAME_02108,,Canada,"@Breaking911 Astra Zeneca statement ""An analysis of our safety data of more than10 million records has shown no evidence of an increased risk of pulmonary embolism or deep vein thrombosis in any defined age group, gender, batch or in any particular country with COVID19 Vaccine AstraZeneca.""",1.37E+18,2021
Sun Jan 17 22:46:54 +0000 2021,0,0,0,USER_02117,NAME_02109,,United States,"As a pulmonary fibrosis patient, would it be advisable to get the Covid19 vaccine?",1.35E+18,2021
Tue Dec 15 19:44:26 +0000 2020,2,1,0,USER_02118,NAME_02110,,United States,"#USA 🇺🇸💉🦠 #Montana 

Six Bozeman Health employees among the 1st #Montanans to receive the #Covid19 vaccine. Dr. Andrew Sullivan, a pulmonary &amp; critical care physician, was 1st in line, w/ the #vaccination taking less than a minute. https://t.co/48tyGmuGFO @PerrinStein reports. https://t.co/3dHjnsAv7q",1.34E+18,2020
Sun Mar 07 15:07:41 +0000 2021,1,0,0,USER_02119,NAME_02111,,Venezuela,"#Austria suspended inoculations with a batch of #AstraZeneca's COVID19 vaccine while they investigate the #Death of one person and the illness of another after the injections.

A 49-year-old woman died of severe bleeding disorders, while another 35 developed a pulmonary embolism.",1.37E+18,2021
Sun Mar 07 17:10:56 +0000 2021,0,0,0,USER_02120,NAME_02112,,,"https://t.co/lCr9ChoOCi

#Austria has currently stopped the #vaccination with #AstraZeneca #COVID19 #vaccine  because a 49 year old #nurse died few days after vaccination! 
Her 35 year old colleague developed a pulmonary embolism after the #Vaccination",1.37E+18,2021
Sun Jan 24 15:15:54 +0000 2021,0,0,0,USER_02121,NAME_00612,,United States,"@wbz @TiffanyChanWBZ Private Caregivers &amp; 1 or more autoimmune disease individuals, covid19 causes inflammation levels to increase causing cardiac, pulmonary, neurological issues &amp; autoimmune diseases flare up due to inflammation should be considered for the covid19 vaccine",1.35E+18,2021
Sun Feb 11 18:51:19 +0000 2024,2,0,0,USER_02122,NAME_02113,1991,Sweden,"My dad’s medical school degree from @uppsalauni 1996. My dad was born in Baghdad Iraq on 16 May 1962 and he died suddenly of an heart attack caused by the Covid vaccine on 5 November 2022. My Swedish and Finnish citizenships come through my mom’s prominent ancestry Isaksdotter Päivärinta.

I would like to tribute those few doctors that stood firm on the right side of history during those dark years of 2021-2022. Some of them took one jab but quickly backpedaled and warned the public not to take it. You are my heroes: @DrAseemMalhotra @RWMaloneMD @MakisMD @P_McCulloughMD @DrLoupis @CartlandDavid @MdBreathe @DrSuneelDhand @DocAhmadMalik @goddeketal",1.76E+18,2024
Sun Feb 11 23:39:46 +0000 2024,58,1,19,USER_02123,NAME_02114,,United States,"Again for those in the back, heart artery blockages cannot be caused by COVID vaccines (there is no plausible mechanism). Heart attacks, which refer to when a significant blockage occurs, have been going on before COVID and will still happen in the COVID years. More specifically, coronary atherosclerosis (the technical name) refers to a mixture of calcium deposition, fat deposition, abnormal balance of clotting/ blood thinning, and abnormal balance of molecules that normally keep the heart artery open. 

https://t.co/e3BAGTM6FM

Heart artery blockages are the most common kind of heart problem in the United States (citation American Heart Association). 

The predecessor of a heart artery blockage is a fatty buildup, which can occur as early as 10 years old or before (https://t.co/BliSMjUVm8). 

There are sometimes genetic risk factors, of which some of the most serious are genetic high cholesterol. 

The best preventative medicine is good eating, avoidance of refined carbohydrates, frequent exercise (ideally including some weightlifting with cardio), good sleep, and destressing as much as you can. 

Sometimes, people also need medicine to prevent a future heart attack or help the heart heal as much as possible after a heart attack has occured. 

It is plausible that people who just recovered from a heart attack should wait a little bit before COVID vaccination, but multiple sources of data say people with established coronary disease do worse with COVID https://t.co/k8pIxr2HBW.  

Take home: If you would like to know if you need to be screened, speak with your physician. The most helpful thing to do for a person who has fainted on the street with suspected cardiac arrest due to coronary disease, is to apply an AED and call emergency services. 

https://t.co/4QxZgGdhKI",1.76E+18,2024
Tue Feb 13 05:50:20 +0000 2024,5,0,0,USER_02124,NAME_02115,,,"As a queer public health professional that specializes in HIV and STIs, but worked in COVID vaccine distribution, I actually find the comparison of HIV and COVID to be either disingenuous, dangerous, misguided, or all of the above, but also insulting.",1.76E+18,2024
Thu Feb 15 17:35:51 +0000 2024,0,0,0,USER_02125,NAME_02116,,Italy,"Maternal COVID-19 Vaccination and Prevention of Symptomatic Infection in Infants

A study conducted by the National Institute of Allergy and Infectious Diseases (NIAID) reveals that pregnant women receiving mRNA-based COVID-19 vaccines can pass strong protection against symptomatic COVID-19 to their infants for at least six months after birth. Published in Pediatrics, the study emphasizes the significance of pregnant women receiving both vaccination and booster shots to ensure infants are born with lasting protection until they can be vaccinated.

Newborns and young infants are especially vulnerable to COVID-19, lacking available vaccines for those under six months old. Previous findings from the Multisite Observational Maternal and Infant COVID-19 Vaccine (MOMI-Vax) study showed antibodies from maternal vaccination present in newborns' cord blood, suggesting potential protection. However, the duration and effectiveness of this protection remained unknown.

In this segment of the MOMI-Vax study, data from 475 infants born to vaccinated mothers were analyzed. Of these, 271 infants were born to mothers who received two doses of mRNA COVID-19 vaccines during pregnancy, while 204 were born to mothers who also received a booster shot. Infants were evaluated during follow-up visits in their first six months after birth, with parents reporting any COVID-19 infections or symptoms.

Results indicated that newborns with high antibody levels at birth had greater protection against COVID-19 in their first six months. Infants born to mothers who received a booster shot during pregnancy exhibited higher antibody levels at birth and increased protection against COVID-19 during follow-up visits.

Although older individuals should adhere to CDC guidelines for COVID-19 vaccination, this study underscores the benefits of maternal vaccination for newborns too young to receive the vaccine. Notably, none of the infants studied required hospitalization for COVID-19 during the research period. Ongoing evaluation of MOMI-Vax study data will provide further insights into COVID-19 protection in infants. https://t.co/G8OShNJgf3",1.76E+18,2024
Wed Dec 14 07:52:35 +0000 2022,170,11,99,USER_02126,NAME_02117,,,"The British heart foundation are allegedly censoring any information that links the covid19 'vaccine' with heart issues.. 
@TheBHF care to comment???",1.60E+18,2022
Tue Dec 13 18:57:04 +0000 2022,1,0,0,USER_02127,NAME_02118,,United States,".@SumitaKhatri, Director of @ClevelandClinic Asthma Center and Chair-Elect of @LungAssociation, recommends getting the updated #COVID19 #vaccine ahead of the holidays, especially if you’re gathering with anyone vulnerable to serious illness. Learn more: https://t.co/d66vEzgRho.",1.60E+18,2022
Thu Apr 21 14:01:34 +0000 2022,30,0,6,USER_02128,NAME_02119,,United States,"Help advance medical research for organ transplant recipients! The COVE Transplant Study is a #COVID19 vaccine clinical trial designed for kidney or liver transplant recipients. Learn more here: https://t.co/PtSvHMrSDI
#KidneyTransplant #LiverTransplant #TransplantTwitter https://t.co/BgveCv28LM",1.52E+18,2022
Fri Jan 29 17:01:17 +0000 2021,2,0,3,USER_02129,NAME_02120,,,"Risk factors for covid-related death include advanced age, obesity, hypertension, low FEV1 ( 🫁 disease), frailty or other co-morbidities (eg diabetes, heart/kidney dx). 

Wearing a facemask 😷, physical distancing, hand hygiene, and covid19 vaccine are the prevention strategies.",1.36E+18,2021
Wed Feb 07 06:35:19 +0000 2024,3,0,0,USER_02130,NAME_02121,1978,Netherlands,"""In this large population-based study, vaccination of pregnant individuals with mRNA COVID-19 vaccines was not associated with increased risks of neonatal adverse events in their infants."" 

JAMA. 2024;331(5):396-407. doi:10.1001/jama.2023.26945 https://t.co/GQgyH2gAeb",1.76E+18,2024
Mon Sep 27 17:45:47 +0000 2021,56,6,15,USER_02131,NAME_02122,,Canada,"With the vaccine mandates becoming ever present, our allergy clinic has received many consults on medical exemptions for the COVID-19 vaccine.",1.44E+18,2021
Fri Feb 02 00:05:10 +0000 2024,201,9,62,USER_02132,NAME_02123,,United States,"Alison Steinberg asks Dr. Peter McCullough

""So would you say that covid vaccines could perhaps be responsible for a future pandemic of aids like symptoms here?"" https://t.co/zJe0ncjL5T",1.75E+18,2024
Sat Feb 03 21:02:32 +0000 2024,6,0,3,USER_02133,NAME_02124,,United States,The #CovidVaccine is #AIDS or #VAIDS You injected 💉 #AIDS &amp; #CancerGenes #SV40 into your body..,1.75E+18,2024
Mon Feb 05 23:41:45 +0000 2024,2,1,0,USER_02134,NAME_02125,,,"According to the NBCA, blood clots are now killing more Americans than car crashes, breast cancer, and AIDS combined…. deaths caused by blood clots skyrocketed after the rollout of Covid mRNA vaccines. 
https://t.co/Hr5mRe6Zyq",1.75E+18,2024
Thu Feb 08 23:09:52 +0000 2024,5,0,0,USER_02135,NAME_02126,,United States,"Me when my Covid vaccine gave me horrible autism just yesterday &amp; crippled me with ear infections, tuberculosis, lupus, and AIDS.",1.76E+18,2024
Sun Feb 04 18:42:40 +0000 2024,0,1,0,USER_02136,NAME_02127,,,"@TheDrJon Say What? The covid vaccines are causing autoimmune deficiency (aka VAIDS, vaccine induced aids)? Who knew about this? 🤔

""These autoimmune phenomena have occurred with various COVID-19 vaccines""

https://t.co/r8jjN5WNUq",1.75E+18,2024
Fri Feb 09 08:55:57 +0000 2024,2,0,0,USER_02136,NAME_02127,,,"@sjs856 A study from Lund University in Sweden regarding the liver kicked this off and now this from 2023 🤔👇

""Researchers have shown that the mRNA from one of the mRNA vaccines can be reverse transcribed into DNA""

https://t.co/BUwjeRS3mN",1.76E+18,2024
Sun Feb 04 18:05:11 +0000 2024,0,0,0,USER_02137,NAME_02128,,Namibia,Turbo cancer and vaccine induced aids caused by the covid vaccines. That's a damn shame,1.75E+18,2024
Sat Feb 10 14:10:58 +0000 2024,2,1,0,USER_02138,NAME_02129,,,"never been created or the hpv vaccine or know that the hpv can cause cervical cancer. her cells were also used to help create the covid vaccines, study cancer &amp; the effects of radiation, &amp; aids. we literally would not have insulated shipping containers if it wasn’t for her (2/?)",1.76E+18,2024
Thu Feb 01 19:52:23 +0000 2024,0,0,0,USER_02139,NAME_02130,,United States,Dr Burks compares long covid to AIDS. That's because they put three different strands of the AIDS virus in them vaccines! Don't get the flu shot!!!! Don't get any vaccines!!! If you're vaccinated get an AIDS test ASAP! 🙏🏻 https://t.co/O72Fi6V0NV,1.75E+18,2024
Fri Feb 09 14:41:43 +0000 2024,0,2,0,USER_02140,NAME_02131,,United States,"@sithlordy I don't think it's fair to compare the covid pandemic to the aids crisis. Without treatment 95% of people with HIV and 1-4% of people with covid die. We have a bunch of vaccines for COVID, none for hiv or aids. The govt did something about COVID (not enough tho) and ignored aids",1.76E+18,2024
Mon Feb 05 11:26:59 +0000 2024,0,1,0,USER_02141,NAME_02132,,,"Trying to get ahead of the curve, Covid vaccine giving people AIDS, we told you so.
https://t.co/AXTrP1OMG7",1.75E+18,2024
Tue Feb 06 16:38:10 +0000 2024,2,1,0,USER_02142,NAME_02133,,United Kingdom,"@ELHopkins Aids was spread to haemophiliacs by contaminated blood products before there was a Covid vaccine, then there is of course the chance of hepatitis and meningitis to name just a few you can get from unscreened blood products.",1.75E+18,2024
Wed Feb 07 04:18:32 +0000 2024,3,2,0,USER_02143,NAME_02134,,United States,"79% would be adequate for herd immunity (yes, herd immunity is a real thing, just not for COVID and other AIDS-producing virii, generally) but COVID has fucked everybody's immune systems.

Western officials are in a mad rush to pin it on slightly declined vaccine rates tho.",1.76E+18,2024
Mon Feb 05 02:30:40 +0000 2024,1,1,0,USER_02143,NAME_02134,,United States,"@spindezine The MMR vaccine adoption rate in the US is over 90%. 

It’s AIDS from COVID. In plain English  Not vaccination rates.",1.75E+18,2024
Wed Feb 07 13:17:32 +0000 2024,0,0,0,USER_02143,NAME_02134,,United States,"@dbdugger The talking points memo has gone out. 

It’s not COVID AIDS, it’s declining MMR vaccine rates and immune amnesia from the measles. 

This is the narrative getting blasted across social media since Monday morning.",1.76E+18,2024
Fri Feb 09 17:07:21 +0000 2024,0,0,0,USER_02144,NAME_02135,,,"@CartlandDavid If so many young people are dying because of the vaccine why are life insurance policies not increasing?,when a real killer like AIDS appeared the life insurance companies excluded it from their polices,they haven’t excluded the covid vaccine",1.76E+18,2024
Thu Feb 01 17:39:27 +0000 2024,6,2,0,USER_02145,NAME_02136,,Africa,"@iluminatibot Covid vaccine === AIDS 

https://t.co/DhdheAhF0b",1.75E+18,2024
Mon Feb 05 02:06:07 +0000 2024,1,0,0,USER_02146,NAME_02137,,,Covid is not real and the vaccines themselves were the endgame for pushing the lie. Fauci botched the AIDS crisis and now is behind the scamdemic. This man may be the most prolific mass murderer in history.,1.75E+18,2024
Tue Feb 06 13:29:42 +0000 2024,1,0,0,USER_02147,NAME_02138,,Turkiye,Covid vaccines have hiv aids,1.75E+18,2024
Wed Feb 07 01:38:27 +0000 2024,0,0,0,USER_02148,NAME_02139,,,"It’s baffling that there were mandates regarding disclosure/masks/vaccines for COVID, a disease with an ~.25% fatality rate, yet there are serious privacy protections for STDs, like HIV/AIDS, a disease with 100% fatality if not treated. All politics, no logic of the free market.",1.76E+18,2024
Sun Feb 04 04:39:16 +0000 2024,0,0,0,USER_02149,NAME_02140,,,"@floridanow1 Of course he says this! He wants us all to die and he wants to be the one that does it! He already has many times over with his AIDS vaccines, COVID vaccine involvement, etc. it is all about population Control with him.",1.75E+18,2024
Wed Feb 07 15:47:52 +0000 2024,1,1,0,USER_02150,NAME_02141,,United States,"Today is National Black HIV/AIDS Awareness Day,

I treat money like thr government treats AIDS, I won't stop until all my niggas get it, get it.

-Kanye West

The American Government hates black ppl.

Slavery
Tuskegee Experiments
Lynchings 
Segregation
COVID Vaccine
AIDS",1.76E+18,2024
Mon Feb 05 23:34:18 +0000 2024,1,0,0,USER_02151,NAME_02142,1969,United States,"Covid is the flu. The vaccine is the virus. Which one did you get? 

A. Turbo Cancer 

B. Blood clot 

C. Aids",1.75E+18,2024
Sat Feb 10 01:52:39 +0000 2024,0,0,0,USER_02152,NAME_02143,,,"@TheMarcitect Heard AIDS was sparked by a Hepatitis vaccine given to gay men. Also heard Spanish Flu was sparked by a vaccine given to soldiers. Globalist might have learned that this COVID vaccine will eventually kill many, many more than either of these plagues.",1.76E+18,2024
Fri Feb 09 15:19:26 +0000 2024,5,0,0,USER_02153,NAME_02144,,United Kingdom,"@SandraWeeden If the Dr's are right, a lot of covid jab receptents will have it, although they call it vaccine injured AIDS. VAIDS.",1.76E+18,2024
Fri Feb 09 09:30:13 +0000 2024,0,0,0,USER_02154,NAME_02145,,United States,"And everyone wonders why people are not only concerned about vaccines but also COVID, Aids, hepatitis B that was originally given to soldiers in Vietnam and the new York City blood bank &amp; their homosexual study on hepatitis, The Tuskagee experiment etc. 

https://t.co/gJBGn1QWUu",1.76E+18,2024
Sat Feb 03 08:34:12 +0000 2024,0,1,0,USER_02155,NAME_02146,,,"4.
- AIDS and HIV testing methods in the 1980s and 1990s. (1:54:13)
- COVID-19, #vaccines, and government ops. (2:07:13)
- Alternative health approaches and the importance of questioning beliefs. (2:14:47)",1.75E+18,2024
Wed Feb 07 20:04:52 +0000 2024,2,0,0,USER_02156,NAME_02147,,,@BiTurbo290bhp We also don’t have a vaccine for HIV and (untreated) AIDS is nearly always fatal. We have Covid vaccines and the CFR is so low that for anyone under age 70 those aren’t even needed anymore.,1.76E+18,2024
Sat Feb 10 01:48:10 +0000 2024,0,1,0,USER_02157,NAME_02148,,,"@AithiestMovemnt @Lilith_Atheist NO. they got an ""infection"". the DISEASE #Covid is caused BY the infection SARSCoV2. your vaccinated friends dont HAVE Long covid or Immune Deficiency Disease (AIDS), thats just 1thing the vaccine does, it protects you from developing what WILL be called the New AIDS . 1/3",1.75E+18,2024
Fri Feb 09 21:39:49 +0000 2024,1,0,0,USER_02158,NAME_02149,,Greece,"To those of you who are mad that I didn't get the Covid-19 Vaccine:

I've never been sick
I've never had allergies
I've never even coughed

I'm in elite health, and you're just jealous.",1.76E+18,2024
Tue Feb 06 06:56:02 +0000 2024,0,0,0,USER_02159,NAME_02150,,Australia,"@downsyBiden @basil_ireton @yay_its_james You were implying that peanut allergies were somehow linked to the COVID vaccine, now you're saying peanut allergies have been recognised for decades.",1.75E+18,2024
Wed Feb 07 22:41:07 +0000 2024,0,0,0,USER_02160,NAME_02151,,,"“Long Covid”= Permanent Vaccine Injuries. Flu,Cold and Seasonal Allergies were sold as the “ Pandemic”. There’s no such thing as “ covid” naturally…The Vaccine is the virus.",1.76E+18,2024
Fri Feb 02 15:34:42 +0000 2024,0,1,0,USER_02161,NAME_02152,,Finland,"""37‐year‐old woman, with no medical history nor allergies, who developed a skin rash 4 days after the AstraZenecavaccine.""

https://t.co/9h1ZdQN3hl

https://t.co/RG2aP4U04R",1.75E+18,2024
Sun Feb 04 14:40:00 +0000 2024,32,5,4,USER_02162,NAME_02153,,,"@ben4texas @LarryDJonesJr My dad injured with jab 2 in 21.  Reported to vaers and his medical record now notes allergy to all mrna vaccines, specifically covid.  
He is on covid detox to regain function since 21 and doing well.  He took covid test on Saturday and positive.  Over it by Tuesday.  He's 85.",1.75E+18,2024
Sat Feb 03 22:10:48 +0000 2024,0,0,2,USER_02163,NAME_02154,,,"Michael Yeadon served as the chief scientist and vice-president of the allergy and respiratory research division of the drug company Pfizer. 

This is a legitimate expert that teaches us something about the vaccines. That the Covid vaccines are here to depopulate the Earth.",1.75E+18,2024
Wed Feb 07 19:07:35 +0000 2024,1,1,0,USER_02164,NAME_02155,,,"@WarWolf82521432 @mognoBBP @MaceAhWindu so the research is there in my brain. yes medical problems arose, allergies happen, and our bodies respond differently to things, with that being said, it is not possible to determine if covid or vaccines caused these problems. I have POTS due to one of them, but i still get vaxs",1.76E+18,2024
Tue Feb 06 05:34:40 +0000 2024,3,1,0,USER_02165,NAME_02156,,United States,"@MsBodine2 @NaturallyFTW You know, 5 or 10 yrs ago, I might have been really skeptical of things like all the above, but Covid &amp; all its lies have taught me to keep an open mind &amp; research. We had similar situations w vaccines in previous non-vaxxed dog. Skin rashes &amp; allergies 1-2 mo after, for life. 😥",1.75E+18,2024
Mon Feb 05 20:43:54 +0000 2024,0,0,0,USER_02166,NAME_02157,,United States,"@VPrasadMDMPH I disagree with your reasoning.
Trust is down because of all the covid vaxxine injured, dying and dead.  And people are now realizing it's all vaccines ... SIDS, Autism, Allergies, all kinds of so-called childhood diseases, Cancer.",1.75E+18,2024
Fri Feb 02 22:35:54 +0000 2024,0,1,0,USER_02167,NAME_02158,,New Zealand,"@BreezerGalway Yes.
From your post.

""There are no silver bullets in medicine, and these COVID-19 vaccines are no exception.

the sometimes unpleasant side effects appear worth the decreased risk of contracting COVID-19. Some adverse effects are more severe for people with allergies""",1.75E+18,2024
Thu Feb 01 22:32:09 +0000 2024,15,2,1,USER_02168,NAME_02159,,,"@BYECAHELLOTEXAS @RobSchneider 70 heart condition allergies work in public no shot. Have had Covid 3 times, been very blessed never hospitalized. I’ll take my chances with the disease/illness. I won’t even take any vaccines anymore. Lost all trust in any government anywhere. It’s all about the money greed.",1.75E+18,2024
Thu Feb 01 22:32:14 +0000 2024,0,1,0,USER_02169,NAME_02160,,,"@LongCovidNews @cygnus_321 Thanks. Sux when one actually reads the info. ""Investigating"" allergies in connection to long-Covid. Makes sense. People with preexisting conditions are known to be susceptible to Covid. But ""investigating"" is very different from acknowledging it's real, not a vaccine injury.",1.75E+18,2024
Thu Feb 01 19:02:53 +0000 2024,0,0,0,USER_02170,NAME_02161,,United States,@MBRE88 @stopvaccinating Same here when sharing...the kids are not autistic but the boys are slower development and one has an egg allergy and his heartbeat is all over the place...crazy stuff...but at least she didn't do any covid vaccines...win for me...sick a lot...you know...,1.75E+18,2024
Sat Feb 03 20:58:30 +0000 2024,1,0,0,USER_02171,NAME_02162,,,"@1goodtern I think I will always try to avoid covid to some extent, even with sterilizing vaccines. But the pandemic has also shown me I need to mask for allergy reasons so I'm sticking with it",1.75E+18,2024
Mon Feb 05 18:07:46 +0000 2024,0,1,0,USER_02172,NAME_02163,,,"I mean this sincerely, get the covid vaccine and start masking up. When I tell you the last time I got covid has fucked me up so bad I have not been the same since, I get tired easier, my asthma is worse and I live with a constant headache. Mask up, seriously.",1.75E+18,2024
Mon Feb 05 03:21:19 +0000 2024,0,0,0,USER_02173,NAME_02164,,,"@DrEricDing Long COVID sucks. Had an asthma attack this afternoon after bringing the groceries in, &amp; ended up having to sleep for 3 hours because all of the coughing wiped me out. Unfortunately, I caught my 1 case of COVID before people my age were allowed to get the vaccine in my state.",1.75E+18,2024
Tue Feb 06 15:46:11 +0000 2024,1,1,0,USER_02174,NAME_02165,,United Kingdom,"@handyman_neil @NOBLEINHANTS @DerekAt50468107 @BBCNews Age 38 2014 fit and healthy apart from asthma, my Dr for the last couple of years urging me to get the flu Vaccine so I eventually gave in, and this is where my tinfoil gets a bit tinfoily, straight away I was really ill what I could only describe as Covid symptoms this went on..",1.75E+18,2024
Sat Feb 03 08:19:14 +0000 2024,1,0,0,USER_02175,NAME_02166,,United Kingdom,@mrjamesob Found out last year I had asthma. It's funny how do many people ask if I had the COVID vaccine. I'm like in reality when I think back I can think of an attack from 6 years ago.  Vaccines have been proven to save lives,1.75E+18,2024
Sat Feb 03 23:17:56 +0000 2024,0,0,0,USER_02176,NAME_02167,,,"@mtgreenee I'm 66 with several medical issues including copd &amp; asthma. I've had 5 covid vaccines, flu, pneumonia shots every yr. Covid once &amp; it was barely a head cold. Vaccines saved my life. I'm gonna outlive mtg &amp; massie!",1.75E+18,2024
Sat Feb 03 21:13:47 +0000 2024,0,1,0,USER_02177,NAME_02168,,United Kingdom,"@microlabdoc @mjb302 And I didn’t get Covid and I was having a severe asthma attacks yet still fully masked 

And aside to the above 
I was put on a isolation ward for 10 days pre vaccines due to possible exposure to Covid in hospital 
I was wearing ffp2 I bought feb 2020 (yes that early) I didn’t",1.75E+18,2024
Fri Feb 02 22:16:53 +0000 2024,0,1,0,USER_02178,NAME_02169,,United Kingdom,@bamacountry80 @Nuna1277 @dense_evi @Randobuncha You’re wrong! I’m appalled that you would think that to be some kind of justification! Having a well-controlled medical condition is not a death sentence! Did you know that David Beckham and Paula Radcliffe suffer from asthma? https://t.co/QDIo46r8sL,1.75E+18,2024
Thu Feb 09 15:17:03 +0000 2023,3994,1068,413,USER_02179,NAME_02170,,United States,"I’m so sick of people saying “I suddenly have X health ailment. I also got the COVID vaccine. Therefore the vaccine harmed me”. 

You probably also likely ate bacon. Maybe the bacon caused your high blood pressure, blurry vision or heart pain and not the COVID vaccine.",1.62E+18,2023
Fri Feb 03 22:46:08 +0000 2023,4520,133,2573,USER_02180,NAME_02171,,,"Chris Whitty covers up 22k COVID Vaccine Heart-Related Deaths with FALSE Claims about lack of Statins and Blood Pressure Pills

https://t.co/yGqkIQhjh9",1.62E+18,2023
Wed Jan 25 16:25:35 +0000 2023,54,2,38,USER_02181,NAME_02172,,United Kingdom,Chris Whitty covers up 22k COVID Vaccine Heart-Related Deaths with FALSE Claims about lack of Statins and Blood Pressure Pills https://t.co/zKqHI0eQiJ,1.62E+18,2023
Mon Jan 30 04:44:39 +0000 2023,1470,186,64,USER_02182,NAME_02173,,United States,"I am so confused on how Ron DeSantis went from being the GOP hero to suddenly being public enemy #1–specifically with how he handled the beginning of the pandemic.

The Republican Party is giving me high blood pressure faster than the COVID vaccine would have.",1.62E+18,2023
Wed Mar 22 06:20:25 +0000 2023,11,2,8,USER_02183,NAME_02174,,United States,The best protection for the elderly people with illness like TB and high blood pressure who are at higher risk of severe illness due to COVID is the COVID vaccine. Let's ensure that these elderly people are vaccinated. https://t.co/JcR8lTO7a8,1.64E+18,2023
Tue Feb 06 17:45:21 +0000 2024,22,5,5,USER_02184,NAME_02175,,,"They claim that turbo cancers from mRNA vaccines are a myth while simultaneously declaring that we will see a steep increase in cancer diagnoses and deaths this year.

Toby Keith was just the latest victim of the COVID-19 shot. https://t.co/bgZcluOI6U",1.75E+18,2024
Sat Feb 10 14:09:07 +0000 2024,2,1,0,USER_02185,NAME_02176,,,"I noticed that in every news site they write that cancer patients are increasing. Their goal was to first make patients sick with Covid vaccines, then ""treat"" them with new cancer vaccines. What a world we live in. Not only are we slaves and robbed every day+",1.76E+18,2024
Wed Feb 07 02:34:46 +0000 2024,37,14,5,USER_02186,NAME_02177,,,🤔Who thinks the Covid Vaccines were more Dangerous than Covid itself? No doubt in my mind. I know 3 healthy middle-aged men who died of Heart attacks and a brain cancer that came out of no where!! Coincidence? I doubt it!!! https://t.co/OlmMsPmS7e,1.76E+18,2024
Tue Feb 06 18:28:09 +0000 2024,24,2,7,USER_02187,NAME_02178,,,"To those who participated in the COVID vaccination scam and are now considering mRNA-based cancer vaccines, be aware that it's essentially the same bioweapon. https://t.co/wc8nsilXQQ",1.75E+18,2024
Tue Feb 06 16:24:56 +0000 2024,42,7,16,USER_02187,NAME_02178,,,Covid mRNA vaccine now cancer mRNA vaccine… haven’t we become aware of how dangerous mRNA vaccines are yet? https://t.co/Yzi22P8dWB,1.75E+18,2024
Fri Feb 09 00:26:08 +0000 2024,21,1,3,USER_02188,NAME_02179,,,"Shout out to my fellow magadude, Aaron Rodgers, for his tireless work against Covid vaccines. Though he doesn't know my grandad--who has diabetes and a heart condition--I am set to inherit quite a bit from him, so I find myself easily swayed by Aaron's arguments. https://t.co/uIVwjlzVBF",1.76E+18,2024
Fri Feb 02 05:22:19 +0000 2024,2,2,2,USER_02189,NAME_02180,,United States,@MBigchief @MayorsMedia @MissJessVR What about type 1 diabetes cause by vaccine injury?  My 15 year old daughter received her booster shots required for middle school (not covid vaccine)   We know she is vax injured and want to do what we can to help her - if possible,1.75E+18,2024
Tue Feb 06 09:02:47 +0000 2024,0,0,0,USER_02190,NAME_02181,,,"@brixwe Heart disease (prior to covid vaccine injuries) was the number one killer of women, in the or what was the, United States is America.  
Mostly due to obesity and diabetes related to the latter. 
So encouraging and embracing this 
She is pegs above Taylor swift no matter what. 🤣",1.75E+18,2024
Thu Feb 01 17:36:15 +0000 2024,0,1,0,USER_02191,NAME_02182,,,@VigilantFox @CitizenFreePres Is it diabetes or the COVID vaccine doing the work now,1.75E+18,2024
Tue Feb 06 05:22:02 +0000 2024,2,0,0,USER_02192,NAME_02183,,United States,@goddeketal I never had to “resist” because I made the decision over 25 years ago never to get another vaccine after my suspicion of it causing the Type 1 diabetes that I have. It’s my hill to die on. Not getting the covid vax was a no brainer. I had my ways of getting around mandates. 💅🏻,1.75E+18,2024
Sat Feb 03 01:56:41 +0000 2024,0,0,0,USER_02193,NAME_02184,,,"Despite the COVID vaccines, big pharma is continuing to pump out heaps of suspicious new drugs.

Ozempic, a diabetes pill being prescribed for weight loss, is a perfect example.

The Tucker Carlson Encounter: The Case Against Ozempic

https://t.co/B2ylVMqgP1",1.75E+18,2024
Sat Feb 03 17:15:19 +0000 2024,6,14,1,USER_02194,NAME_02185,,United States,@GuntherEagleman They had to make Covid seem worse than it was to justify forcing you to get a vaccine that was untested and unproven. That was a multi-billion dollar gift to the pharmaceutical companies. But they gave you a $5 discount on diabetes medication so we’re all square.,1.75E+18,2024
Sat Feb 03 18:54:00 +0000 2024,1,1,0,USER_02195,NAME_02186,,United States,"@coach28373 @2020sThings @VaxxersAnti They've already caught on that COVID is causing disease like diabetes

They'd already know if vaccines actually hurt anyone",1.75E+18,2024
Thu Feb 01 17:12:25 +0000 2024,1,0,0,USER_02196,NAME_02187,,,"@DavidLimbaugh There is correlation, between mRNA COVID vaccine and the virus itself, particularly for young men, and myocarditis. My own son was hospitalized 3 times after having Moderna approximately 3 years ago. Barring high blood pressure &amp; diabetes, younger people weren’t at high risk.",1.75E+18,2024
Mon Feb 05 20:45:40 +0000 2024,21,1,5,USER_02197,NAME_02188,,,"The sick and twisted shit about the whole Vaccine/Covid shit is that they waited until basically everyone got the Vaccine and they banked in Trillions of dollars to start admitting that it can cause heart attacks and increase risks for other infections, and can cause strokes etc.…",1.75E+18,2024
Sun Feb 04 13:59:59 +0000 2024,69,25,3,USER_02198,NAME_02189,,United States,"A friend of mine had to get the Covid vaccine for work, afterwards got heart problems out of nowhere, and blames it on the vaccine - he had to take three shots for his job.

I still think the vaccine is safe for most, but - majority of people, like this relatively young and…",1.75E+18,2024
Tue Feb 06 17:31:27 +0000 2024,207,240,22,USER_02199,NAME_02190,,United States,"Covid vaccines do not transfect cardiomyocytes. The shot is given in your DELTOID, not the slight left of your chest with an 8” hypodermic needle.

So no, there’s no spike created by nor traveling to your heart muscles after vaccination. Anatomy and physiology will save you",1.75E+18,2024
Thu Feb 08 14:45:17 +0000 2024,361,18,106,USER_02200,NAME_02191,,United Kingdom,"Our disabled member with severe heart failure has been entitled to an NHS Covid vaccination or booster since 2021. Suddenly, she's no longer eligible. Why are nearly all extremely clinically vulnerable disabled people  being deliberately deprived of lifesaving vaccines? Eugenics?",1.76E+18,2024
Fri Feb 02 10:28:18 +0000 2024,73,2,37,USER_02201,NAME_02192,,,"Heart Attacks, Complete Heart Failure requiring transplants, Strokes, Miscarriages, and many more illnesses from the COVID-19 vaccines, now confirmed by Hospital Doctors in the UK. We know many people personally now. https://t.co/APivIJ7LTS",1.75E+18,2024
Sat Feb 03 22:00:18 +0000 2024,22,11,0,USER_02202,NAME_02193,1974,,Is continuous tachycardia (rapid heart rate) a common symptom post Covid infection and / or Covid vaccines?,1.75E+18,2024
Fri Feb 02 21:25:50 +0000 2024,54,2,28,USER_02203,NAME_02194,,United Kingdom,"What happened to this caring, principled nurse is heart breaking. #covid #vaccines #injuries",1.75E+18,2024
Sun Feb 04 23:08:57 +0000 2024,15,1,6,USER_02204,NAME_02195,,,"An Adelaide public servant is set to receive compensation for a heart condition he developed from a reaction to the COVID-19 vaccine.

https://t.co/DQTXNuWMZO https://t.co/ZZKNvbe9ct",1.75E+18,2024
Sun Feb 04 23:05:21 +0000 2024,37,1,15,USER_02205,NAME_02196,,Australia,“It is unethical and unconscionable to administer an experimental vaccine to a child who has a near-zero risk of dying from COVID-19 but a well-established 2.2 percent risk of permanent heart damage based on the best prospective data available.” Sounds like something you said a…,1.75E+18,2024
Tue Feb 06 20:14:03 +0000 2024,122,3,30,USER_02206,NAME_02197,,,"Decisions like this have caused a change in heart for some dems. 

Complications from the vaccine caused a mother's death. Her dying wish was for her family to Vote For TRUMP and never get Covid vaccines.",1.75E+18,2024
Tue Feb 06 14:36:55 +0000 2024,0,3,0,USER_02207,NAME_02198,,,"Not only  are #Covid #Vaccines triggering heart failure in Athletes, BUT #inflammation (found in the consumption of most ready made foods today) existing in the “conduction system” is 
“FAR MORE LIKELY TO BE FATAL” - Dr McCullough

Why does the #GOV & #WHO want you to
",1.75E+18,2024
Fri Feb 02 14:00:12 +0000 2024,3,0,6,USER_02208,NAME_02199,,Spain,@P_McCulloughMD UK 🇬🇧 BBC admits they use HIV to make the covid vaccine https://t.co/KN9QEfqJli,1.75E+18,2024
Tue Feb 06 14:38:57 +0000 2024,1,0,0,USER_02209,NAME_02200,,Canada,"Nobel Prize winner Luc Montagnier, confirmed HIV was added to the Covid ‘vaccines’.

“Someone added some sequencies including HIV”

SHARE‼️

https://t.co/rVvREdayVj https://t.co/nWYn7xwlgO",1.75E+18,2024
Fri Feb 02 07:21:03 +0000 2024,0,0,0,USER_02210,NAME_02201,,United States,😳 Is this for real? HIV is in the Covid Vaccine? 😲🫣,1.75E+18,2024
Sat Feb 03 22:27:06 +0000 2024,0,0,1,USER_02211,NAME_02202,,United Kingdom,"‼️BBC admits they use HIV to make the covid vaccine‼️
😱😱😱 https://t.co/nktXJcBqcE",1.75E+18,2024
Thu Feb 01 20:49:56 +0000 2024,0,0,0,USER_02212,NAME_02203,,,"‼️BBC admits they use HIV to make the covid vaccine‼️
😱😱😱

https://t.co/dZxJknFaFt https://t.co/pzN4G2IcgI",1.75E+18,2024
Fri Feb 02 18:59:07 +0000 2024,5,1,2,USER_02213,NAME_02204,,Belgium/ Armenia,"For @RBDCOV_EU, a COVID-19 vaccine project for which I am an Advisory Board Member, I explained why people living with immunosuppressive conditions (#HIV, etc.) should be involved in clinical trials. + https://t.co/neuvQt5maa",1.75E+18,2024
Thu Feb 01 16:23:05 +0000 2024,0,0,0,USER_02214,NAME_02205,,,"‼️BBC admits they use HIV to make the covid vaccine‼️
😱😱😱 https://t.co/kUIpNj1Ym1",1.75E+18,2024
Tue Feb 06 15:32:48 +0000 2024,4,0,2,USER_02215,NAME_02206,,United States,🚨 Researchers issue cautionary note: Covid-19 vaccines may potentially increase the risk of HIV infection. Stay informed and #StaySafe! 🦠💉 #COVID19 #HIVAwareness https://t.co/Vb4l1xDiLq,1.75E+18,2024
Sun Feb 04 22:57:38 +0000 2024,0,0,0,USER_02216,NAME_02207,,United States,"Remember when HIV patients took the Covid vaccine and their dormant shingles flared up? 

That was weird. 

#Monkeypox",1.75E+18,2024
Sun Feb 04 20:30:56 +0000 2024,0,0,0,USER_02217,NAME_02208,,,"The reason Covid is similar to HIV is because Fauci put HIV into Covid, and into the covid vaccine.  Incidentally Fauci was the maker of both Covid &amp; HIV, in addition to their respective vaccines. https://t.co/sfF6YhiUnO",1.75E+18,2024
Tue Feb 06 23:36:36 +0000 2024,2,0,1,USER_02218,NAME_02209,,Guernsey,"𝐒𝐭𝐨𝐧𝐞𝐤𝐞𝐞𝐩 𝐓𝐫𝐚𝐝𝐢𝐧𝐠 — 𝐁𝐫𝐞𝐚𝐤𝐢𝐧𝐠 𝐍𝐞𝐰𝐬 🚨

Gilead's ($GILD) quarterly revenue takes a fall as their COVID-19 vaccine trials and HIV medication sales slow down. 💊 https://t.co/6paq5uaHWZ",1.76E+18,2024
Sat Feb 03 17:31:33 +0000 2024,0,1,0,USER_02219,NAME_02210,,,"@SVVAYED You mean, do I know that covid vaccines are giving people HIV?",1.75E+18,2024
Sat Feb 03 17:39:39 +0000 2024,0,0,0,USER_02220,NAME_02211,,,The bio-weapons are the covid vaccines. #HIV #destroyedimmunity,1.75E+18,2024
Thu Feb 08 14:15:34 +0000 2024,4,0,0,USER_02221,NAME_02212,,,@IOHK_Charles Revealed to you during meditation? Also from this 'doctor': “The HIV test can turn positive after COVID-19 as well as the vaccine” https://t.co/3CKQaI3lVo,1.76E+18,2024
Tue Feb 06 09:06:31 +0000 2024,12,0,6,USER_02222,NAME_02213,,Kenya,"Together, Kenya &amp; @UNITAID have pioneered use of early infant HIV diagnostics, best-in-class antiretroviral drugs for adult &amp; children, child-friendly TB medicines, cutting-edge screen-&amp;-treat solutions for cervical cancer, new malaria vaccine, &amp; access to COVID-19 tests. 🇫🇷 🇰🇪 https://t.co/laZotT9bID",1.75E+18,2024
Mon Feb 05 22:09:59 +0000 2024,3,0,3,USER_02223,NAME_02214,,,"@AnonWeaponry3 @NiQole1776 In my state of Queensland, all 216 clinical trial participants tested 'false' positive to HIV when universities were competing to make a vaccine. The trial was shut down immediately but the clamping tech was still deemed a 'safe &amp; effective' formula

https://t.co/8AQgAzxM7n",1.66E+18,2024
Thu Feb 01 13:39:28 +0000 2024,1,1,0,USER_02224,NAME_02215,,,"🕵️‍♂️

🚨 In public interest 🚨

(1/4) Nobel Prize winner Luc Montagnier, confirmed #HIV was added to the #Covid ‘#vaccines’.

Problem 👉 “Someone added some sequences including HIV”. https://t.co/F9ucyQnANX",1.75E+18,2024
Thu Feb 08 19:49:13 +0000 2024,2,0,0,USER_02225,NAME_02216,,Zimbabwe,"@drruwende When we get Polio vaccine we got polio antibodies meaning wer immune to polio ,but when it come to HiV they say having antibodies  for hiv mean u are have the virus, very confusing , Dr Misheck sir can explain this why we don't have hiv Vaccine yet we have polio, Covid vaccine et",1.76E+18,2024
Mon Feb 05 01:49:44 +0000 2024,0,0,0,USER_02226,NAME_02217,,,"at 10:55, Dr. Fleming states a moderna mrna influenza vaccine study was done in 2017 that included biodistribution data for the LNP's. They KNEW in 2017 it entered the brain, bone marrow, heart, liver, spleen!  Dr. Malone was NOT surprised, he knew too.
https://t.co/NJ4BUhN1Zz",1.75E+18,2024
Fri Feb 09 13:46:03 +0000 2024,5,0,1,USER_02227,NAME_02218,,,This guy thinks that MatrixM is so strong and effective and brings on so much CD4 that NOVAVAX $NVAX will be able to find a vaccine against HIV in the near future. This could be an absolute gamechanger for @novavax @jtrizzino: Any trials for that in plannings beside flu covid…,1.76E+18,2024
Sat Aug 26 21:13:59 +0000 2023,3098,839,205,USER_02228,NAME_02219,,,I feel for the lady who died unable to get a transplant because she wouldn’t get the covid vaccine because any loss of life is tragic but how is it different than denying an alcoholic who won’t stop drinking a kidney or a smoker a lung. We don’t rage against those rules.,1.70E+18,2023
Fri May 12 00:52:11 +0000 2023,2764,93,686,USER_02229,NAME_02220,,United States,"That little guy at the bottom is 9 year old Tanner Donaldson. Tanner was just denied a life saving kidney transplant because his father is unvaccinated.

With lockdowns ended long ago and COVID vaccines revealed as a scam, they’ll still kill your kids if you don’t have it. https://t.co/ChUN1rGESt",1.66E+18,2023
Sun Jun 18 14:44:00 +0000 2023,7724,1165,2587,USER_02230,NAME_02221,,,"Scott Grow, 61, from Jackson, MI, Qanon enthusiast, kidney transplant recipient, and anti-vaxxer didn't survive the battle against COVID and died 6/3/23. He railed against doctors and vaccines despite the gift of a kidney saving his life. @joerogan 
https://t.co/0eVceRSDLX",1.67E+18,2023
Wed Aug 30 17:58:38 +0000 2023,328,39,123,USER_02231,NAME_02222,,,"Unfortunately, Sara died because she refused to get COVID vaccine and the elite transplant organization took her off the list as a result.  What happened to “First do no harm”?  

#SaveSarah ! She Needs A Kidney Transplant NOW! https://t.co/GzAo94mMHc",1.70E+18,2023
Tue Jan 09 07:00:08 +0000 2024,1055,38,379,USER_02232,NAME_02223,,,New Zealand Fudged The Data On How Kidneys Fare After COVID Vaccines https://t.co/Aomr39guMA,1.74E+18,2024
Tue Jan 09 17:30:27 +0000 2024,86,11,100,USER_02233,NAME_02224,,United States,"New Zealand Changed  the Data on How the Kidneys Fare After the COVID Vaccines | The Epoch Times I'm happy to be a pureblood. You can't even trust the Government.

 https://t.co/hhFYa9dozb",1.74E+18,2024
Mon Jul 10 03:37:16 +0000 2023,56,7,52,USER_02234,NAME_02225,,United States,"So “Climate Change” is causing more kidney stones?
Soon all the cases of Myocarditis in young people will be due to Climate Change. 
All the ones who “Died Suddenly” will be due to Climate Change. 

I didn’t realize they changed the name of the Covid Vaccine to Climate Change?",1.68E+18,2023
Thu Apr 13 07:08:09 +0000 2023,18,2,6,USER_02235,NAME_02226,,Malaysia,"High cholesterol but refuse statin. 
Taking sinseh #TCM for kidneys.
Taking MLM #TCM for weight reduction. 
Caught #COVID, but it was ‘mild’.
#CKD worsening.
‘Did the COVID #vaccine cause this?’",1.65E+18,2023
Sun Apr 23 16:37:56 +0000 2023,84,3,12,USER_02236,NAME_02227,,United States,Early 2020 it was attacking kidneys. Before Remdesivir. Before vaccines. Some patients required emergent dialysis. And some clotted the dialysis filters. COVID did that. COVID has always been far more than a respiratory illness. You might know had you worked in a COVID unit.,1.65E+18,2023
Wed Jul 26 00:50:11 +0000 2023,28,0,7,USER_02237,NAME_02228,,United States,"Same, my new kidney issues aren’t from the vaccine, they’re due to long covid",1.68E+18,2023
Sat Apr 22 23:26:33 +0000 2023,162,77,104,USER_02238,NAME_02229,,,"Did you know that the covid vaccines were developed and tested on aborted human fetal (baby) kidney cells?
https://t.co/iqlVdwVaBy",1.65E+18,2023
Sun Jun 18 15:54:42 +0000 2023,15,13,4,USER_02239,NAME_02230,,United States,"My sister is in stage 4 kidney disease. She has celiac and lupus. Went through 4 rounds of chemo to no avail. I read something about thiamine levels, but it's so overwhelming. Had the covid vaccine and her symptoms were exacerbated. Any of you have experience with these diseases?",1.67E+18,2023
Thu Jun 01 20:28:52 +0000 2023,10,2,2,USER_02240,NAME_02231,,,"My father died on April 17th, 2023... after a series of strokes that were triggered by the Covid Vaccine. He became totally disabled, with kidney failure, and unable to even talk in his last days. 
We were gaslighted. Why are they finally admitting the truth?",1.66E+18,2023
Wed Apr 19 15:00:01 +0000 2023,28,7,21,USER_02241,NAME_02232,,,"A California woman suffering from extreme kidney problems was denied surgery, despite having a donor, after it was discovered she never received the Covid vaccination.

https://t.co/5VA2aupVpS

#COVID #Vaccine #Vaccination #CA #California #Rating #ShopYourValues #AlignUs https://t.co/BYQvQfbrtG",1.65E+18,2023
Thu Jan 18 01:42:12 +0000 2024,164,38,33,USER_02242,NAME_02233,,United States,"@HerbsandDirt It is not just covid. My niece's healthy 15 months daughter died 2 days after getting varicella, Hib and TDaP vaccines. She had heart, kidney and liver failure.",1.75E+18,2024
Thu Apr 06 19:53:12 +0000 2023,19,4,12,USER_02243,NAME_02234,,,"Dr. Malone's efforts exposing the Covid vaccine debacle could have made him a hero, but it seems he is paying penance for the fatal ""special interest decision"" he made to choose Remdesivir, an expensive Fauci Failure kidney-destroying drug, over cheap,effective Ivermectin &amp; HCQ.",1.64E+18,2023
Thu Jan 04 13:01:39 +0000 2024,131,19,58,USER_02244,NAME_02235,,United States,@InformedNJNurse My brother got the flu and RSV vaccines and covid boosters a couple of weeks ago. He's now in the ICU with flu and RSV. His kidneys and heart are now failing and they are putting him in hospice. These vaccines are nothing more than a means to depopulate the world.,1.74E+18,2024
Sun Jan 28 22:30:02 +0000 2024,564,18,20,USER_02245,NAME_02236,,,@RachelNotley Or did 12-year-old Caidence nearly lose her chance for a life-saving kidney transplant because she didn't inject a Covid Vaccine???,1.75E+18,2024
Mon Feb 05 13:30:20 +0000 2024,8,0,0,USER_02246,NAME_02237,,United States,"oh my god.

My coworker just told me he suspects his wife got Leukemia… from the Covid vaccine. 

Fucking hell I am so glad I work from home.  I could not deal with seeing these people in person regularly.",1.75E+18,2024
Tue Feb 06 02:05:19 +0000 2024,1,2,0,USER_02247,NAME_02238,,United States,"@Brainsurfing22 @BlueSlots To connect Leukemia or melanoma with a vaccine is ridiculous. 

I have had four Covid shots and as healthy as I have ever been. I am 62 years old, walk at least four miles a day and take no medications. 

With your logic, I should be dead.",1.75E+18,2024
Fri Feb 02 11:42:41 +0000 2024,8,1,0,USER_02248,NAME_02239,,United States,@Takeastepback16 @mortaladin @ABridgen If a child has leukemia and they contract covid and die.. people that are pushing this vaccine on children say they died of covid...to them whether or not the child had leukemia is irrelevant. It is relevant and it is the cause of their death...not covid.,1.75E+18,2024
Sat Feb 03 04:36:06 +0000 2024,0,0,0,USER_02249,NAME_02240,,,@M8Void My husband has leukemia and he has never had Covid and works full time. He has had no vaccines and never wears a mask. Just saying.,1.75E+18,2024
Tue Feb 06 21:37:11 +0000 2024,6,1,2,USER_02250,NAME_02241,,United States,Some health charlatans advise pregnant women not to eat liver while pregnant because of its high vitamin A content while other medical charlatans will claim that it's perfectly OK for pregnant women to take antidepressants or receive a COVID-19 vaccine. They're incredibly stupid.,1.75E+18,2024
Tue Feb 06 21:41:11 +0000 2024,10,2,4,USER_02251,NAME_02242,,United Kingdom,"If like us @julesserkin @ake2306 @hibbsy1973 @VIBUK1 et al you had AstraZeneca Covid Vaccine &amp; you have a Liver, take a look at this report. Read the screen grab details. Why were FIT HEALTHY PEOPLE given this? 🤷🏼‍♂️",1.75E+18,2024
Sun Feb 04 14:40:42 +0000 2024,1,2,0,USER_02252,NAME_02243,,United States,"-* Lipid nanoparticles, which delivered the mRNA COVID-19 vaccines, are mostly limited to targeting the liver. Then why are so many people having strokes in the eye 👁? https://t.co/XYWHPPoN6r",1.75E+18,2024
Tue Feb 06 16:45:16 +0000 2024,0,2,0,USER_02253,NAME_02244,,,"@StormSoulTV @Barthelemae @Jeremy_Ridgeway @C_Kavanagh You are correct in that it hasn’t been seen as a consequence of SARS-CoV-2 virus infection.

It definitely DOES happen with the mod-mRNA found in the Covid-19 “VACCINE”.  European scientists have PROVEN this happens in the human liver.",1.75E+18,2024
Fri Feb 02 02:16:34 +0000 2024,2,1,1,USER_02254,NAME_02245,,New Zealand,"@ChrisBjorn6 @goddeketal @PeterHotez @joerogan Remdesivir is hard on the liver? Covid vaccine has killed and maimed thousands! I am sure they would of rather had a drug ""hard on the liver"". People were not given a choice",1.75E+18,2024
Sat Feb 03 00:54:09 +0000 2024,0,2,0,USER_02255,NAME_02246,,United States,"@HiimMe27 @Beamma9 @justaguy3331 @mpc_xetts @FiveTimesAugust And at this point in time, taking a covid vaccine before a transplant is like a patient drinking lots of alcohol before a liver transplant for cirrhosis of the liver.",1.75E+18,2024
Wed Feb 07 00:44:36 +0000 2024,1,1,0,USER_02256,NAME_02247,,,"human liver cell line in vitro and I quote: 

“Aldén et al. (2022) recently reported the intracellular reverse transcription of Pfizer BioNTech COVID-19 mRNA Vaccine BNT162b2 in vitro in a human liver cell line (Huh7) that has raised significant concerns over the consequential",1.76E+18,2024
Sun Feb 04 15:58:53 +0000 2024,2,1,1,USER_02257,NAME_02248,,,"@thehealthb0t Sesame oil, perilla oil, olive oil, etc.
Vitamin (tocotriphenol) detoxifies heavy metals from the COVID-19 biological weapon (disguised as a vaccine), protects the liver, heart and kidneys, and is effective against cancer, dementia and Parkinson's disease.
https://t.co/lkQwK8EXJ8",1.75E+18,2024
Tue Feb 06 15:34:51 +0000 2024,0,1,0,USER_02257,NAME_02248,,,"@iluminatibot Sesame oil, perilla oil, olive oil, etc.
Vitamin (tocotriphenol) detoxifies heavy metals from the COVID-19 biological weapon (disguised as a vaccine), protects the liver, heart and kidneys, and is effective against cancer, dementia and Parkinson's disease.
https://t.co/lkQwK8EXJ8",1.75E+18,2024
Sat Feb 03 14:31:48 +0000 2024,0,1,0,USER_02257,NAME_02248,,,"@Thekeksociety Sesame oil, perilla oil, olive oil, etc.
Vitamin (tocotriphenol) detoxifies heavy metals from the COVID-19 biological weapon (disguised as a vaccine), protects the liver, heart and kidneys, and is effective against cancer, dementia and Parkinson's disease.
https://t.co/lkQwK8EXJ8",1.75E+18,2024
Mon Feb 05 23:23:11 +0000 2024,0,1,0,USER_02258,NAME_02249,,,@SonRanto I'm vaccinated but have had liver issues since then. My test results read like I'm an alcoholic.  And I don't even drink. And didn't have ANY health issues prior to the vaccine. I did have covid twice. Once prior to Vax once after. Way more mild 2nd time through.,1.75E+18,2024
Sun Feb 04 05:58:12 +0000 2024,6,0,0,USER_02259,NAME_02250,,United States,"@MJTruthUltra Why am I still alive? I’m immune compromised, I’ve had a liver transplant, Ive had ALL the COVID vaccine shots, the flu shot, the shingles vaccine, and all of my other vaccine booster shots. Lastly, my blood tests have all been good and within normal range. Stop the lies!!",1.75E+18,2024
Sun Feb 04 19:55:24 +0000 2024,1,1,0,USER_02260,NAME_02251,,,"@janey_wayney13 @PrimoCarerra Was he vaccinated? All I’m saying is that when he first contracted Covid there wasn’t a vaccine available. You’re right the vaccine wouldn’t have helped  treat kidney failure, liver and pancreas damage and the inability to breathe unaided. The damage was already done.",1.75E+18,2024
Fri Feb 02 03:50:09 +0000 2024,1,1,0,USER_02261,NAME_02252,,United States,@iluminatibot Covid vaccine has a higher safety profile than Tylenol. Which if re-evaluated would not pass the inspection process because very liver Toxic.  My wife and I work in probably one of the most advanced hospitals in the County.  Number of deaths and vaccine injuries I’ve seen 0.,1.75E+18,2024
Mon Feb 05 18:07:41 +0000 2024,1,1,0,USER_02262,NAME_02253,,United States,"@DontFall4theBS @Trickytot @LauraMiers There are no spike proteins in the vaccine. Necropsies (postmortem tissue studies) from around the world show virus in eyes, brain, liver, kidneys, bladder, blood—in every major organ/system. There are 30+ different vax formulations in use worldwide.  Stop minimizing COVID.",1.65E+18,2024
Fri Feb 02 04:10:30 +0000 2024,0,0,0,USER_02263,NAME_02254,,,COVID Vaccines &amp; Liver Cancer https://t.co/7IoySPlgwF via @YouTube,1.75E+18,2024
Fri Feb 02 19:01:28 +0000 2024,2,0,1,USER_02264,NAME_02255,,United Kingdom,"@BillieBotts10 This medical paper finds mRNA present in liver cells. There are other papers that find it in places from ovaries to testes, brain to kidney. All of those places producing cells with spike proteins that the immune system is supposed to target and kill. 💉

https://t.co/7lsy2FtwMt",1.75E+18,2024
Thu Feb 08 13:22:14 +0000 2024,12,0,6,USER_02265,NAME_02256,,United States,"FACT: Pregnant women were NOT an endpoint in any U.S. COVID vaccine trial.

FACT: Nobody could therefore predict effect on mother and unborn baby, either short term or long term.

FACT: CDC not only recklessly recommended it anyway, they also schemed ways to increase uptake. https://t.co/zpvGH8MIpQ",1.76E+18,2024
Sat Feb 03 13:26:10 +0000 2024,0,0,0,USER_02266,NAME_02257,,United States,22 weeks pregnant.  Deformed fetus! Aborted! 3 shots covid vaccine,1.75E+18,2024
Sun Feb 04 09:26:21 +0000 2024,11,1,5,USER_02267,NAME_02258,,Canada,Remember when the @NHS recommended Covid Vaccines for pregnant and breastfeeding women? https://t.co/rBaPXAsCUH,1.75E+18,2024
Sun Feb 04 10:01:09 +0000 2024,0,0,0,USER_02268,NAME_02259,,,covid vaccine for pregnant women???,1.75E+18,2024
Sun Feb 04 13:16:09 +0000 2024,0,0,0,USER_02269,NAME_02260,,,"It's PoTS and dx long before the vaccine,  started being diagnosed due to fainting soldiers, pregnant women, many other reasons. 

POTS was being dx in those who had covid long before covid vaccine came out. 

https://t.co/YjCGRtEHDa",1.75E+18,2024
Wed Feb 07 15:49:43 +0000 2024,5,0,1,USER_02270,NAME_02261,1975,United States,“We saw lower rates of cerebral hemorrhages &amp; hypoxia-ischemic conditions of the brain in the newborns of vaccinated than in babies of unvaccinated in pregnancy” https://t.co/R9A3XnZuFi,1.76E+18,2024
Tue Feb 06 18:59:27 +0000 2024,10,1,0,USER_02271,NAME_02262,,,"@ProfEmilyOster By February 2022, Pfizer revealed it still did “not yet have a complete data set.”
of its vaccine in pregnant women.
Pregnant 🤰🏼 means lab 🐀💉💉💉

https://t.co/Ko3EgpxVuI",1.75E+18,2024
Wed Feb 07 05:18:43 +0000 2024,0,0,0,USER_02272,NAME_02263,,United States,not publicly disclosing the Pfizer trial’s exclusion of pregnant women is arguably among the CDC’s most egregious oversights when asserting the safety of COVID-19 vaccine administration during pregnancy,1.76E+18,2024
Thu Feb 08 09:42:19 +0000 2024,0,0,0,USER_02273,NAME_02264,,United States,The first trimester of pregnancy (when major organs form) is the most dangerous period to give Covid vaccines to pregnant mothers! https://t.co/Cl4FSaSC1q,1.76E+18,2024
Thu Feb 08 16:09:53 +0000 2024,0,0,0,USER_02274,NAME_02265,,United States,There are still practicing doctors encouraging healthy young pregnant women to get the latest obsolete covid #Vaccines,1.76E+18,2024
Tue Feb 06 16:05:15 +0000 2024,0,0,0,USER_02275,NAME_02266,,,Covid vaccine for pregnant women safe for newborn infants https://t.co/eeMWts7bkm https://t.co/VbNKOsBVSb,1.75E+18,2024
Wed Feb 07 09:51:00 +0000 2024,3,1,3,USER_02276,NAME_02267,,United Kingdom,"A @karolinskainst study in @JAMA_current finds that mRNA #covid19 vaccines taken by #pregnant people did not increase risks for #newborn babies.
#vaccinenation #vaccine #vaccines #mRNA #covid #safety 
https://t.co/D4KMTuuWe9",1.76E+18,2024
Fri Feb 09 01:37:27 +0000 2024,1,0,0,USER_02277,NAME_02268,,,"COVID-19 vaccines and pregnancy: What to know if you're pregnant, trying to conceive, or breastfeeding - UChicago Medicine https://t.co/5qTqm8tQyQ",1.76E+18,2024
Wed Feb 07 20:45:09 +0000 2024,2,0,1,USER_02278,NAME_02269,,Canada,"@MakisMD When it came to COVID-19 and pregnancy, there was a lot the world didn’t know. The Faculty of Medicine’s Reproductive Infectious Diseases Program, led by Dr. Deborah Money, sought to fill that knowledge gap. https://t.co/yYOXK0WXlp",1.76E+18,2024
Tue Feb 06 18:03:47 +0000 2024,1,0,0,USER_02279,NAME_02270,,United Arab Emirates,"Covid vaccine for pregnant women 'safe for newborn infants' 

 https://t.co/Bp6ZUzFRxu",1.75E+18,2024
Thu Feb 08 16:32:17 +0000 2024,0,0,0,USER_02280,NAME_02271,,,"""This report presents two unique cases wherein pregnant individuals were vaccinated with the COVID-19 mRNA vaccine shortly before delivery. This study aimed to assess the presence of COVID-19 vaccine mRNA in the placenta and cord blood following maternal vaccination during human…",1.76E+18,2024
Fri Feb 02 05:35:09 +0000 2024,0,1,0,USER_02281,NAME_02272,,,you bought the stanley cup. you drink starbies. you smoke weed with the girls. you cry when he wont buy you a vape. you attempted twice. you got pregnant at 14. you're still mad because your dad didnt like your ugly drawing. you got the covid vaccine. you're delulu.,1.75E+18,2024
Thu Nov 30 23:36:27 +0000 2023,672,73,568,USER_02282,NAME_02273,,,"📢 Medical officer reveals Covid Vaccine related HEART ISSUES skyrocketing in active duty Naval officers.. 📢

Myocarditis rises 151% 

Pulmonary heart disease up 62%

Ischemic heart disease up 69%

Heart Failure increased a whopping 973%.. https://t.co/D1EHh7ET9B",1.73E+18,2023
Tue Jul 18 03:44:34 +0000 2023,1328,75,565,USER_02283,NAME_02274,,United States,"The CDC has NEVER said that pulmonary embolism (PE) is a risk of taking the COVID vaccine. 

But the safety signal for PE for the COVID vax is off the charts compared to all other vaccines COMBINED. 

Q: Is the CDC blind? https://t.co/qF6AFcLzXg",1.68E+18,2023
Wed Dec 13 14:10:10 +0000 2023,2466,82,1594,USER_02284,NAME_02275,,Serbia,"Medical officer reveals Covid Vaccine related HEART ISSUES skyrocketing in active duty Naval officers.. 

Myocarditis rises 151% 

Pulmonary heart disease up 62%

Ischemic heart disease up 69%

Heart Failure increased a whopping 973%.. https://t.co/Ffjbi5OsID",1.73E+18,2023
Fri Dec 01 17:53:20 +0000 2023,15,1,8,USER_02285,NAME_02276,,Serbia,"Medical officer reveals Covid Vaccine related HEART ISSUES skyrocketing in active duty Naval officers.. 

Myocarditis rises 151% 

Pulmonary heart disease up 62%

Ischemic heart disease up 69%

Heart Failure increased a whopping 973%.. https://t.co/PngSpt0Ca6",1.73E+18,2023
Tue Jan 16 21:01:19 +0000 2024,1250,23,944,USER_02286,NAME_02277,,,"🚨 Medical officer reveals Covid Vaccine related HEART ISSUES skyrocketing in active duty Naval officers. 💔💉🦠

1⃣ Myocarditis rises 151% 
2⃣ Pulmonary heart disease up 62%
3⃣ Ischemic heart disease up 69%
4⃣ Heart Failure increased a whopping 973%

#DiedSuddenly #CovidVaccine… https://t.co/ZeQax3nNCP",1.75E+18,2024
Thu Jun 15 04:40:05 +0000 2023,104,37,52,USER_02287,NAME_02278,,United States,Have you or someone you know suffered a Cardiac or Pulmonary event following a COVID vaccine?,1.67E+18,2023
Tue Dec 12 10:53:10 +0000 2023,56,4,30,USER_02288,NAME_02279,,,"USA 🇺🇸 Army

Medical officer reveals Covid Vaccine related HEART ISSUES skyrocketing in active duty Naval officers

Myocarditis rises 151% 
Pulmonary heart disease up 62%
Ischemic heart disease up 69%
Heart Failure increased a whopping 973% https://t.co/PL9a7z4ZxH",1.73E+18,2023
Mon Nov 13 14:39:19 +0000 2023,14,3,8,USER_02289,NAME_02280,,Europe,"In a document obtained through Foia, that Janssen submitted to the FDA regarding trials of its Covid vaccine, J&amp;J notes that 5 people experienced serious adverse events. The adverse events included deep vein thrombosis, pulmonary embolism, transverse sinus thrombosis 👇👇👇",1.72E+18,2023
Thu Jan 11 00:57:12 +0000 2024,3,0,1,USER_02290,NAME_02281,,,"Medical officer reveals Covid Vaccine related HEART ISSUES skyrocketing in active duty Naval officers.. 

Myocarditis rises 151% 

Pulmonary heart disease up 62%

Ischemic heart disease up 69%

Heart Failure increased a whopping 973%.. https://t.co/hlVFjD2AxI",1.75E+18,2024
Sun Aug 27 07:24:54 +0000 2023,9,2,3,USER_02291,NAME_02282,,United Kingdom,"Are there complications from the COVID mRNA vaccine?

The most common complication r thrombosis ,stroke, in 40% of cases,followed by 15% of myocardial infarction ,pulmonary embolism,myocarditis in 15% of the cases 2/3 are not resuscitable ,cardiac arrest has gone 10 fold higher.

",1.70E+18,2023
Tue Nov 28 10:21:15 +0000 2023,104,8,50,USER_02292,NAME_02283,,,"USA 🇺🇸 Navy Medical Officer dropping UNDENIABLE #COVID VACCINE TRUTH BOMBS..

Myocarditis up 151%
Ischemic heart disease up 69% Pulmonary heart diseuse up 62% And Heart Faflure a Staggering 973%

Safe &amp; Effective 💉💉💉 https://t.co/D8aM7JZDPG",1.73E+18,2023
Tue Nov 28 23:10:46 +0000 2023,36,6,11,USER_02293,NAME_02284,,United States,The military saw a 900% increase in illnesses like myocarditis and pulmonary embolism since mandating the Covid vaccine.,1.73E+18,2023
Tue Nov 28 17:53:53 +0000 2023,4,2,3,USER_02294,NAME_02285,,,"SHOCK REPORT: Medical officer reveals Covid Vaccine related HEART ISSUES skyrocketing in active duty Naval officers.. 

Myocarditis rises 151% 

Pulmonary heart disease up 62%

Ischemic heart disease up 69%

Heart Failure increased a whopping 973% https://t.co/6lKjCuFb5t",1.73E+18,2023
Tue Aug 29 19:20:48 +0000 2023,1346,69,307,USER_02295,NAME_02286,,United States,"279% spike in Miscarriages
487% spike in Breast Cancer
269% spike in Myocardial Infarction
468% spike in Pulmonary Embolism
437% spike in Ovarian Dysfunction
680% spike in Multiple Sclerosis

We did it! We beat Covid!

Thank you to everyone who got the vaccine to “save lives” 🥴",1.70E+18,2023
Sat Jun 03 18:19:15 +0000 2023,25,4,1,USER_02296,NAME_02287,,Canada,"I'm still not over the fact that when my husband had a pulmonary embolism, my friend (who had been very Covid-cautious and was vaxxed) asked if I thought it might be from the Covid vaccine. Rather than from the actual Covid he'd had. That's how pervasive the misinformation is.",1.67E+18,2023
Fri Dec 22 14:37:32 +0000 2023,20,6,16,USER_02297,NAME_02288,,,"Medical officer reveals Covid Vaccine related HEART ISSUES skyrocketing in active duty Naval officers.. 

Myocarditis rises 151% 

Pulmonary heart disease up 62%

Ischemic heart disease up 69%

Heart Failure increased a whopping 973%..

Join: Follow the White Rabbit 👀 https://t.co/2dt0mGLBVW",1.74E+18,2023
Wed Jan 17 07:47:06 +0000 2024,28,0,14,USER_02298,NAME_02289,,,"Medical officer reveals Covid Vaccine related HEART ISSUES skyrocketing in active duty Naval officers.

Myocarditis rises 151% 

Pulmonary heart disease up 62%

Ischemic heart disease up 69%

Heart Failure increased a whopping 973% https://t.co/EQnbwQKsTn",1.75E+18,2024
Sat Aug 26 15:37:53 +0000 2023,66,9,60,USER_02299,NAME_02290,,United States,"Excerpts from @DrCHuber ‘s 
Book 📕 Neither Safe Nor 
Effective 2nd Ed :The Evidence against Covid 
Vaccines document 
blood clotting which can cause strokes, heart attacks, and pulmonary embolisms .
She also warns of turbo cancers and infertility risks .
There is a chapter…",1.70E+18,2023
Wed Nov 29 01:14:46 +0000 2023,2,1,0,USER_02300,NAME_02291,,United States,"The truth about the COVID vaccine is out. Medical officer reveals Covid Vaccine related HEART ISSUES skyrocketing in active duty Naval officers.. 

Myocarditis rises 151% 

Pulmonary heart disease up 62%

Ischemic heart disease up 69%

Heart Failure increased a whopping 973%.. https://t.co/28qz49H0UB",1.73E+18,2023
Wed Jan 04 13:30:56 +0000 2023,54,17,2,USER_02301,NAME_02292,,United Kingdom,"The reason I took the covid vaccine is because I nearly died in 2016. I was in a medically induced coma for 2 weeks, I had pneumonia among many other issues. I had multiple pulmonary emboli and needed blood thinners for months after. My lungs were weakened by all this",1.61E+18,2023
Wed Nov 29 01:19:44 +0000 2023,2,0,0,USER_02302,NAME_02293,,Australia,"Medical officer reveals Covid Vaccine related HEART ISSUES skyrocketing in active duty Naval officers.. 

Myocarditis rises 151% 

Pulmonary heart disease up 62%

Ischemic heart disease up 69%

Heart Failure increased a whopping 973%..

FOLLOW: @GeneralPatton17 https://t.co/fNJOHRvJQ7",1.73E+18,2023
Wed Jan 25 04:34:57 +0000 2023,457,34,36,USER_02303,NAME_02294,,United States,@healthbyjames I  had Covid before the vaccine became available. Got the vaccine 4 months later. Five months later I barely made it to the hospital-30 to 60 minutes away from a heart attack ( per ER  Doc). Had several small pulmonary emboli in both lungs. Coincidence?? I don’t think so.,1.62E+18,2023
Mon Jan 02 09:12:38 +0000 2023,236,9,96,USER_02304,NAME_02295,,,"Study finds a statistically significant correlation between the Covid vaccines &amp; pulmonary embolism, acute myocardial infarction, disseminated intravascular coagulation, &amp; immune thrombocytopenia.

Was it right to mandate vaccines with no safety data?

https://t.co/0Kmr6BXqKP",1.61E+18,2023
Sun Jun 25 04:34:21 +0000 2023,144,12,3,USER_02305,NAME_02296,,United States,"@BillAckman @RobertKennedyJr With all do respect, I'm a pulmonary critical care physician and cared for thousands during the pandemic. This video does nothing to support or deter Covid or other vaccines. There are so many publications on placebo controlled trials of Covid vaccine and many others, what more?",1.67E+18,2023
Tue Nov 28 17:10:32 +0000 2023,5,1,2,USER_02306,NAME_02297,,United States,"🚨 US Navy Medical Officer Reveals Covid Vaccine Related Heart Issues. 

- Myocarditis up 151%
- Ischemic heart disease up 69% 
- Pulmonary heart disease up 62%
- Heart Failure is up a whopping 973%

 https://t.co/mAKPOK2DRC",1.73E+18,2023
