tweet,label,Stance_number
is anyone nervous about the possible long-term effects of a super rushed vaccine though? i'm personally worried about potential effects that won't be known until years down the line 🙁 https://t.co/ZS0HlaCOVN,AntiVax,0
So now getting the covid vaccine is receiving the mark of the beast? OK,ProVax,1
TRENDING -- The COVID Vaccine “War”: Screws Loose in our Moral Framework https://t.co/IOECgHxVKv,Neutral,2
"Hospitalizations are surging and 35 new deaths were announced today, but the #Quebec gov’t just gave the green light to meetings of 250 people in hotels and conference rooms, even in the red zone. 🤯😳 We better all pray for speedy access to that vaccine. #COVID19 #qcpoli",ProVax,1
"There are really people out here trying to make money off the COVID-19 vaccine? Like how selfish can you be, WE ARE IN A TIME OF CRISIS AND YOU CAN ONLY THINK OF YOURSELF?? what a fucking world we live in dude",ProVax,1
"@user so @user looks like wants to make COVID-19 vaccine compulsory, over my dead body am I having it. https://t.co/zNVseBSVzu",AntiVax,0
#ClimateChange #COVID__19 #covax #vaccine #populationcontrol Group of Scientists Calls for Population Control: Speak Out https://t.co/vfSTIbFQ5N via @user,Neutral,2
Covid updates: Trump to sign ‘America First’ vaccines policy as first U.S. approval could be days away https://t.co/DdreibZRv8,Neutral,2
COVID news live – latest UK updates: ‘The UK did not do it as carefully’ - Dr Anthony Fauci criticises Pfizer vaccine approval | UK News | Sky News https://t.co/3u92M2pEJQ,Neutral,2
"Be ready either way, this ""health passport"" is coming and so are the vaccines that are ""activated with a device that resembles a toothbrush, which delivers an electrical impulse for a fraction of a second, allowing the DNA to penetrate the body's cells and carry out its mission"" https://t.co/t6r7rdvpE4",AntiVax,0
Increasingly encouraging news on vaccines and therapeutics https://t.co/oTzzJoFH8l,ProVax,1
"Talking about vaccines, tRump just said COVID-19 is a new virus. Why then does he blame Obama for not having anything for this virus? If it is “new”, how would Obama have done anything if it was unknown 4 years ago? SAD! #drainthetrump",Neutral,2
"@user Covid-19 didn't exist... This was ""A"" coronavirus vaccine.",AntiVax,0
"Wow! Dutch scientist discover antibody that neutralizes SARS-CoV-2, the Coronavirus. This antibody targets viruses and offers potential for treatment of COVID-19. This scientific breakthrough doesn't pertain to a vaccine, but a medicine, and it has yet to be tested on humans.",Neutral,2
@user They are trying to connect human through the fucking vaccine that will be injected to us saying we are been giving vaccine of the corona of a thing. My fellow Nigerians there is another world coming after the lockdown I bet it,AntiVax,0
"@user Since COVID-19 isn’t the flu & may be 10+ times deadlier than the flu (see last line in attached by Johns Hopkins), I’d say the vast majority of smart people should/would get a COVID-19 vaccine, if deemed safe. Anti-vaxxers & Trumpists are another story. https://t.co/czW3nwKs44",ProVax,1
Moderna files for approval of COVID-19 vaccine in the US and EU https://t.co/ShIp93e0d8,Neutral,2
Trump to sign coronavirus vaccine executive order prioritizing Americans over foreign nations,Neutral,2
@user when you get the flu vaccine ... what happens ? lol you get the flu... when you get the CORONAVIRUS vaccine .... whats gonna happen??? youre gonna get coronavirus. FUCK THAT. nah. put me tf in jail Biden,AntiVax,0
"Good luck with that vaccine theory , mutation like this mean we cannot have a vaccine for a long time. https://t.co/eETt5NHkbe",ProVax,1
Here’s a pretty cool graphic from our @user story on how the Pfizer Covid vaccine - that the UK just approved - is kept ultra cool https://t.co/C5CtbqdSlu https://t.co/ZXmA3MU5G0,ProVax,1
"If the world doesn't get a vaccine quickly to end #Coronavirus pandemic, The world especially Africa will soon be hit by something more deadlier than covid-19 Which is ""HUNGER"" remember about 10 million people in Nigeria presently experience chronic #hunger & the consequences https://t.co/3bWDub4EDI",ProVax,1
@user I’m fully aware of it. I’m also fully aware that Pfizer’s CEO issued a statement yesterday confirming that the compass not part of Project Warp Speed!,Neutral,2
The latest Disruptanomics: #Economics in the Global #Economy! https://t.co/TbVN1sBinS #covid19 #vaccine,Neutral,2
90 years old British woman is the first recipient of covid19 vaccine!!,Neutral,2
It’s awesome seeing all these people thanking Dolly Parton for the Covid vaccine. Remember that the next time you try and say Tennessee is a shitty state. Merry Christmas.,ProVax,1
"@user But, Hold On! Isn't this 'Covid Virus' part of some kind of 'Left-wing conspiracy'. If It is, then why worry about getting a vaccine against it? How many positions can a light switch be in?",ProVax,1
.@user ACIP panel has entered the final stages of its meeting about who gets the #COVID19 vaccine first and is preparing to vote. https://t.co/DxqryIXNeu See below for the current order up for the vote. HCP = health-care personnel; LTCF = long-term care facility. https://t.co/tUCcXpIMti,Neutral,2
"@user Spreading infection of a disease with a 99.997% survival rate if you are under 70 and healthy... Okay... And you know it says on the box the masks do not protect you from COVID19? Just making sure you know. Oh but after being warned, beva good sheep and get the vaccine 😂",AntiVax,0
Y’all gon get the Corona vaccine when its released?,Neutral,2
"chemistry labs should be opened to explore small molecule treatments ""Don’t bet on vaccine to protect us from Covid-19, says world health expert"" https://t.co/QYrDEkDCEV",Neutral,2
Breaking: The Covid-19 vaccine being developed by Pfizer and BioNTech prevent more than 90% of infections in a study of tens of thousands of volunteers. Stock futures jump https://t.co/cnPhdW9G6X,Neutral,2
@user I'm not trusting any vaccine confirmed by the same guy who said COVID-19 was a hoax.,AntiVax,0
"No freaking way! More than a quarter million Americans have died of Covid19, 90,000 are now hospitalized and millions are infected because of this administration’s mismanagement of the pandemic. Now they want to name the vaccine after him to reward him? Really?!?! https://t.co/messkYNv2M",Neutral,2
"Posted withregram • whitehouse ""Today, my Administration reached a historic agreement with Pfizer, to produce and deliver 100 million doses of their vaccine immediately following its approval."" https://t.co/5SfW6Tqrtr",ProVax,1
"Biden urges taking coronavirus vaccine, wearing masks but says they shouldn’t be mandatory https://t.co/ITMywp1d3T #FoxNews",Neutral,2
Shark Liver Squalene In The New COVID Vaccine & Gulf War Syndrome Connec... https://t.co/rBhCvrucAn via @user,AntiVax,0
"The coronavirus is completely different from the influenza virus, and developing a vaccine requires substantial understanding of how the virus behaves. https://t.co/Pl5xMCik6J https://t.co/azhRAEF1FB",Neutral,2
@user I'm not getting any vaccine for Covid. 99% survival rate. Just give me HCQ,AntiVax,0
"@user It has been increased $100 million, and $440 million to NIAID.",Neutral,2
Finally a fuckn vaccine for covid-19,ProVax,1
Give me that Oxford one. It’s the chocolate chip of vaccines. https://t.co/F5ehSaq28X,ProVax,1
"In light of good news on the COVID-19 vaccine, I wanted to take a moment to recognize the immigrants behind this effort. You can read about the stories of Özlem Türeci and Uğur Şahin of @user here: https://t.co/XbUpk0e1Nq",Neutral,2
"@user So, you think that investing in a vaccine that might prevent, statistically as of today, 7.8 million deaths is not necessary? Should we call it ignorance, selfishness or just plain stupidity?",ProVax,1
Moderna's COVID-19 vaccine has reached distribution centers https://t.co/UNrbgduv9u https://t.co/IKSLfWgKKO,ProVax,1
"Thoughts with the teams at the MHRA & AZ/Oxford who are reviewing / submitting data for the “Oxford Vaccine”. All team members will be aware of the need for this vaccine, whilst having to stick rigidly to processes & go / no go criteria #oxfordvaccine #AstraZeneca #coronavirusuk",ProVax,1
@user It was 100% effective for one of the COVID-19 vaccine trial volunteers: he died https://t.co/3ABmdERAjs,ProVax,1
"My dad works for a small company that manufactures safety goggles and gloves. I walked in today to start administering COVID-19 vaccines, and look whose glasses were provided to me by my institution?! 1/5 https://t.co/lS9e6wcgDe",Neutral,2
"A Double-Dose Of Good News! MORE, MORE, MORE!!!! Let's Hope! #Cruise #CruiseIndustry #cruiselife #cruiselines #cruiselovers #cruisenews #Cruises #cruiseships #news #CDC #COVID19 #vaccine #Pfizer #PfizerVaccine #StockMarket #tourism #Travel #Vacation #Vacations #wanderlust #Hope",ProVax,1
"@user And we need rapid, home, frequent antigen testing. To use as a bridge to get us from now to the other side of the vaccine and beyond if necessary. @user DPA @user @user #coronavirus #COVID19 @user",ProVax,1
Pfizer says early data shows COVID-19 vaccine is effective https://t.co/9OQ6XRp2cc,Neutral,2
"From Kalamazoo to Connecticut, here’s how the COVID vaccines will travel in the next week and who will have them first via @user https://t.co/6hZiuUdJSn",ProVax,1
"Yiiiiiikes. Please get vaccinated, folks! https://t.co/b7hlFWHCu8",ProVax,1
I heard a good news that scientists are finally successfully tested COVID-19 vaccine which is 90% effective. When this will be easily available in all medical stores around the world. #CovidVaccine #COVID19 #Covid_19 #كرونا,ProVax,1
"Starting to think #TrumpLiesPeopleDie and his arse kissing crew #PenceUnmasked, #MoscowMitch, & @user have a #COVID__19 vaccine just for them.",Neutral,2
Draft statement: #G20 leaders promise to pay for fair distribution of #coronavirus_vaccines https://t.co/803ern8x1j,Neutral,2
@user World Economic Forum CommonPass Digital Health Passport (store COVID19 test results & vaccination records) Airline alliances involved (60% of world's airline capacity): ✈️ oneworld ✈️ SkyTeam ✈️ Star Alliance https://t.co/pB8UUYo6TO https://t.co/DssTQZjNrX,Neutral,2
Coronavirus Questions UK: Will there be a vaccine by Christmas? https://t.co/V7r7yXA1RA,Neutral,2
Trading volumes surge as COVID-19 vaccine hopes spark rush to invest #Trading https://t.co/Zjk44XQIan,Neutral,2
"""Oxford University coronavirus vaccine shows positive signs in monkeys, human trials progress""... 😮",ProVax,1
"@user I am not ignorant to the impact of Covid-19, a ""novel"" Coronavirus. MERs and SARs are also Coronavirus. This vaccine does not protect against them. There could be any number of novel new Coronaviruses. Chasing them with vaccines seems dubious I'll take a gas mask instead.",AntiVax,0
More information for GP practice groups sites beginning #CovidVaccines next week – information to support you to stand up your vaccination service https://t.co/i0UuxugTRV,Neutral,2
Here’s a reminder to fact-check what you read on Twitter. mRNA vaccines do not alter your DNA. Read more: https://t.co/k7DV78D0fa,ProVax,1
I get the optimisim however I'm still remaining skeptical as i know there are 2 big questions people are asking. Will it be safe and is it going to be mandatory #vaccine #COVID__19 #coronavirus https://t.co/jkS1goLZnN,ProVax,1
Hackers are going after COVID-19 vaccine's rollout https://t.co/ubuD79yKq2,Neutral,2
Pfizer to seek Covid-19 vaccine approval 'within days' as trial shows 95 percent efficacy https://t.co/7alGkKsMzA via @user,Neutral,2
Trump takes another vaccine victory lap as US COVID-19 cases rise https://t.co/ut2BiaFpoz via @user,ProVax,1
The National Intellectual Property Administration reportedly approved the first domestic patent for a vaccine against COVID-19 Inching closer to a much-awaited vaccine https://t.co/iTMCNXnBAl https://t.co/u3O4HFL2ME,ProVax,1
"Finally the Covid-19 Vaccine is here 🙏🏻💊 LIKE, SHARE AND SUBSCRIBE ❣️🙏💝 https://t.co/Qq99YWprTV",ProVax,1
@user Smallpox vaccine: Developed in the 1700s using the milder cowpox virus; by 1900s using killed or weakened smallpox virus to activate immunity COVID vaccine: Literally 9 months in development and 2 weeks on the market; uses mRNA to change human immune cell DNA directly,Neutral,2
"Let's assume the population of my county, all 1.1 million people, get exposed to COVID. At a 1% death rate (which is not accurate) & no vaccine, that means 11,000 people die, with many more long-term effects. A 95% efficacy vaccine drops that number from 11,000 to just 550. 🤡",ProVax,1
Well this year has one positive outcome. At least now I know the drug company is called Pfizer and not Pfitzer. So there’s that vaguest atom of light.,Neutral,2
"Dr Ron Paul on COVID 19 Vaccines, Government Overreaction & The Importa... https://t.co/X6IHAULug6 via @user",AntiVax,0
"@user No, it’s as low as in December, you know, before COVID was here according to you guys. So what the hell are you doing? Why are businesses and people continuing to suffer? Shutting down until a vaccine was not what we agreed to. This is criminal.",Neutral,2
Great point. We are learning a lot about the long-term effects of naturally acquired COVID. They're not good. We'll have enough evidence from tens of thousands in trials to be able to say that a vaccine is a much safer bet. https://t.co/PQAQ94yTeG,ProVax,1
"As markets rallied after the news of a potential COVID vaccine on Monday, whilst lockdown continues in England. What are tipsters backing this week? Here’s the top ‘Buy’ tip from the last 7 days… https://t.co/HJAEeDhHBn",Neutral,2
"@user maybe, our LINE will be relocated when there is already an antidote to this COVID-19. i'll be happy if there's a vaccine for it, but I'm afraid if our request would take that long.",ProVax,1
"US election, Bolivia election, covid vaccine, Cummings out ... all the good news of the last few weeks is discombobulating.",Neutral,2
"@user Great news... This not so much, Wancock, you absolute melt... https://t.co/QQePHRb12W",Neutral,2
"Billionaire CEO Stephané Bancel, of Cambridge, Massachusetts biotech Moderna Therapeutics, says his company’s vaccine could be available to medical workers as early as this fall https://t.co/DyvHkUATBa https://t.co/VgnEWgSlim",ProVax,1
This has only just been announced and I’ve already seen multiple people claiming they won’t take it and making fun of the “non-woke” people who are looking forward to a vaccine. https://t.co/vhRafjQWjD,ProVax,1
Fauci: Coronavirus won't be a pandemic for 'a lot longer' thanks to vaccines https://t.co/yLA2h7gbmJ They should fire you,ProVax,1
Ahh I will ALWAYS welcome more good news at this point 😭 worth the read! 4 more encouraging things re: Pfizer's #COVID19 vaccine 1️⃣ probably got the right target! 2️⃣ evidence for mRNA vaccines! 3️⃣ confidence in a COVID vaccine! 4️⃣ good news for Pfizer in particular! https://t.co/B1p9Fv1hTj,ProVax,1
"Can we stop talking about Covid and Vaccines? There's a 99% chance you'll survive! We are losing our country and without it, nothing else matters! damn... 🇺🇸",AntiVax,0
"@user https://t.co/4frdT5vI1K ""Covid-19 is not the flu. We have a vaccine for the flu. We have anti-viral medications designed to treat the flu. Doctors have experience treating it, and tests to help diagnose it, right there in the office.Against the new disease, we have none of this.""",ProVax,1
@user We need to be giving out the Covid vaccine at Taco Bell hours. If I can get a 7-Layer Gordita with Fire Sauce at midnight then I for sure can get a jab in the arm. @user,ProVax,1
"Adam Schiff Some good news to start your week: Pfizer's COVID-19 vaccine may be more than 90% effective. There’s light at the end of the tunnel, but the virus is still spreading. As scientists continue to work on a vaccine, we all have to do our part. Wear a mask. Be safe.",ProVax,1
[NEW POST] COVID-19 Vaccine Warnings Women Should Not Get Pregnant for at least 2 months after Vaccination - The government has said that women should avoid becoming pregnant until at least two months after being vaccinated against Covid-19. https://t.co/QFB6iOCGv7 https://t.co/jZFtcpocAu,AntiVax,0
I just want to see Laverne and Shirly put a glove on the little bottles of Covid-19 vaccine as they roll down the conveyer belt.,Neutral,2
I will not take this vaccine unless Dr. Fauci takes it and gets covid. https://t.co/IEvYG9bMK9,AntiVax,0
"Unverified!!! The entire #humanity remains uncertain about this. Let's get official statement from @user . @user health ministry has given regulatory approval for the world's first #coronavirus #vaccine, developed by Moscow's Gamaleya Institute. #RussianVaccine",Neutral,2
"Modi ji I want to become a citizen of Bihar, I have heard that there will be free corona vaccine.#BiharElections2020 https://t.co/LWfJzsFZX5",ProVax,1
They just announced over the intercom that there are two spots open for Covid vaccine. First come first served ... 😐,ProVax,1
"AstraZeneca said Monday that late-stage trials showed its coronavirus vaccine was up to 90% effective, giving public health officials hope they may soon have access to a vaccine that is cheaper and easier to distribute than some of its rivals. https://t.co/3DwQDSwgGF",ProVax,1
"12 Pharmaceutical companies have partnered up with the NIH to speed COVID-19 vaccine research and treatment options to ""bring the full power of the biomedical research enterprise to bear on this crisis"". https://t.co/gM7PDUOVV2 https://t.co/hjFSdaY9p2",ProVax,1
"""UK approves Pfizer/BioNTech COVID-19 vaccine and could begin vaccinations next week"" https://t.co/bpOzYNwQ8q",Neutral,2
The man who took no effort to eradicate this virus will now take 100% credit for developing a vaccine. #Pfizer #COVID19,Neutral,2
"@user I’m a physician and here’s the simple truth: No vaccine is guaranteed 100% safe, but the chances of a negative outcome from the vaccine are likely far lower and with less serious consequences than those of a COVID-19 infection. #VaccinateMe",ProVax,1
CSC news: Cuba leads race for Latin American coronavirus vaccine https://t.co/tI1fjYgBC5++,Neutral,2
"I am beyond grateful for the hardworking, brilliant people who are developing vaccines for this pandemic. As the general public, we all must do our part by staying home as much as possible, wearing masks and washing our hands. #COVID19 #CovidVaccine",ProVax,1
@user Like maybe one that facilitates the fast development of a vaccine for covid.,ProVax,1
Every Indian is anxiously waiting for corona vaccine to come up in market only not to confine at home. #coronavirus,ProVax,1
This is such good news on so many levels!!! #vaccine https://t.co/mAAE1Whaoy,ProVax,1
Pfizer's coronavirus vaccine is FDA-authorized. How the supply chain has been preparing for this moment. https://t.co/aekCE2eUXb https://t.co/CUA3ixB7Nb,ProVax,1
"Wowza, scary. TLDR: Denmark is killing 17 million (!) minks because the Covid virus has mutated in them, creating a strain that vaccines currently being developed wouldn't be able to stop https://t.co/5YgPRqS7vE",Neutral,2
@user Time to wear mask shall be over soon. Pfizer has best shot at Vaccine. https://t.co/Zd3epklUzX,ProVax,1
"@user It's the discussion in response to a petition ""Prevent any restrictions on those who refuse a covid-19 vaccination"". That's all it is.",Neutral,2
Boris Johnson: Prioritise people with a learning disability to be vaccinated against COVID-19 - Sign the Petition! https://t.co/OAJaxggMsL via @user,ProVax,1
"Although it didn't look like it at first, it seems that novel mRNA vaccines could get us out of the COVID-19 problem; the conventional ones lag behind. COVID-19 and mRNA Vaccines—First Large Test for a New Approach https://t.co/MMHWcQBeio via @user part of @user",ProVax,1
"Covid-19 vaccine more than 90% effective in preventing disease in preliminary results, says drugs firm Pfizer",Neutral,2
‼Tune in now to the Operation Warp Speed Summit to learn more about #COVID19 vaccine development and deployment plans.💉 https://t.co/stF2uSQ87q,Neutral,2
Thank you @user although I won't take a vaccine for a 99% curable virus. But many will. So thank you not @user https://t.co/mBH5ZB38m3,AntiVax,0
@user No praising necessary RE vaccine. Coronavirus mutation found in mink farms in Denmark & Utah. Mutated virus could spread into man & evade a vaccine response designed for the original non-mutated version. https://t.co/lTXbWxKSkQ,Neutral,2
Vaccination cards will be issued to everyone getting Covid-19 vaccine https://t.co/q9UrdNcLRV,Neutral,2
People freaking out about the covid vaccine side effects have clearly never had a flu shot. 🙄,ProVax,1
@user Good news about a potential #vaccine. Now advise your father to give a concession speech today. #CovidVaccine #Corona #COVID19 #TrumpConcede #BidenTransition,ProVax,1
"Pfizer says Covid-19 vaccine trial complete, cites shot is 95 per cent effective https://t.co/9oZKYZuUhq",Neutral,2
Rate of recovery from COVID19 is 99.9% why would anyone use a vaccine with a 90% effectiveness rate? https://t.co/1CevQePdn9,AntiVax,0
So if you have already had covid does that mean you are exempt from the vaccine?,Neutral,2
@user No thanks. How can you trust there's no long term side effects when the vaccine has only been around for a few months? Why do the vaccine companies need indemnity from prosecution if they think their vaccine is safe? When has there ever been a successful coronavirus vaccine?,AntiVax,0
"Another Tincture just announced. This time by Moderna, 2,194% effective. For those super “historians”, pretty please hold in your heart that these super discoveries, which will start the Friends Plague, some took place on my observe! @user",AntiVax,0
"For the nerd in me, watching the world invent a vaccine quickly is so fucking cool https://t.co/XTvSatmDIZ",ProVax,1
"Health care workers and nursing home residents should be at the front of the line when the first coronavirus vaccine shots become available, a government advisory panel said Tuesday. Here's the latest virus news. https://t.co/B0QAWqWxgU",Neutral,2
I will NOT take this vaccine. https://t.co/dO6dbNl4bx,AntiVax,0
"Watching now, Trump blames Cuomo for FDA approval for Covid Vaccine. Trump claims 85% mortality rate drop from antibody vaccine, claims we have lowest mortality rate in any country.",Neutral,2
"12.126 new COVID-19 infections registered in Russia last Friday. Sputnik so called ""Russian vaccine"" is a FAKE. #COVID19 #coronavirus #SputnikV #russianvaccine #Putin #Russia",AntiVax,0
"4...But, our local scientists should, where are our think tanks privately funding research? Where is the data that we will stand on to say Africans do not need the COVID-19 vaccine that will be forced on all travellers in the coming days? What if the vaccine messes up our...",AntiVax,0
Covid-19 vaccines are coming. @user answers @user viewer questions. #ottnews #COVID19 https://t.co/O6y85DS8mb,Neutral,2
"@user That’s not true. The oxford professor states there are a few strains but essential it is not mutating and they seem confident a vaccine can cover it. The difference in the strains is minuscule as to be ignored, essentially it’s the same virus.",ProVax,1
"@user But he literally had nothing to do with it. It was all Pfizer. They were not part of Operation Warp Speed, and damn you, who ever came up with that asinine name!",ProVax,1
"#COVID19 vaccine: First 'milestone' vaccine offers 90% protection. I’m hoping all the far right #brexit, anti vaxxers and #covid deniers are refused the vaccine. https://t.co/iCEEz7yK0f",ProVax,1
There are now new arrangements to ensure people who are shielding or self-isolating can get their prescriptions. @user @user https://t.co/Izmzs26BfA https://t.co/r4wZVdLeOv,Neutral,2
"Insulin affordability is NOT mentioned once in the 7th annual ""Diabetes Solvable Problems 2020"" panel from @user can't make this up. Unrelated this publication is sponsored by Lilly, Novo, and Sanofi.",Neutral,2
AS YOU LIKE IT Simple advice if you are working from home. SIT-STAND-STRETCH-MOVE-REPEAT. Change position every 30mins. Prolonged static postures cause your tissues to creep. Check out https://t.co/w1wEzJotn5 #Warwickshire #stevediamond #Apple #billgates #vaccine #COVID19 #COVID https://t.co/s1G3Emm3rk,Neutral,2
Biden's COVID advisor is saying that people older than 75 should get vaccines last. WTH https://t.co/yGyiOs1C1T,Neutral,2
If a COVID-19 vaccine is effective it will be only because the Lord allowed it to be effective.,Neutral,2
"@user Given that we know Florida is fudging / not reporting covid deaths, I'm not confident we'd get legit reports of vaccine effectiveness or side effects.",AntiVax,0
As long as you don't mandate it I don't care what vaccines you have. You know #Covid19 was used to create nasty DNA altering vaccines and that you did this to beat those dangerous vaccines. https://t.co/D2HWuNbPO7,AntiVax,0
Corona virus there's 40billion please go away Donald J Trump Seriously has he the vaccine The trumps make billions as people die on the streets,ProVax,1
COVID Vaccine: The Hyderabad-based company said that human trials of Covaxin will start at Institute of Medical Sciences and SUM Hospital in Bhubaneswar soon. #IndiaFightsCorona #OdishaFightsCorona #COVAXIN #CovidVaccine,ProVax,1
Moderna announces longer shelf life for its COVID-19 vaccine candidate at refrigerated temperatures https://t.co/a7XuWdstRJ,Neutral,2
2nd promising COVID-19 vaccine candidate announced as Canada approaches 300k cases https://t.co/FxcEAqICvL via @user,ProVax,1
"'Life back to normal by spring after vaccine discovery', expert says https://t.co/yCA4ixhjVp #covid19",Neutral,2
@user I'm 69 and I havent had a flu vaccine in 15 years. Someone prove to me a covid vaccine is safe and effective.,AntiVax,0
Where things stand right now with COVID-19 treatments and vaccines https://t.co/ubJLpbyqg9 https://t.co/uIsLHikcIk,Neutral,2
"Okay so if Trump tested negative today that means he either did not have Covid at all or there really is a vaccine that they’re hiding from us. Either way it go, we aren’t being told the truth.",Neutral,2
Moderna vaccine is found highly effective at preventing COVID-19 https://t.co/9OttYF5FFk https://t.co/EUfCPJ9N20,ProVax,1
Thank you to all community pharmacy teams for your incredible effort in delivering the important protection of a flu vaccine to so many people. Very proud of your achievements and we hope pharmacists will also have a role to play in delivering a COVID-19 vaccine in due course https://t.co/sCOaC3oapz,ProVax,1
@user Who is guiding / advising this leader? Covid19 ia in the hands of citizens (for using SMS) and district level administration. Centre can do very little now (till vaccine comes). GDP is a direct reflection of pandemic times and already large number of sectors are back to normal.,Neutral,2
@user Yep. Understandable. The COVID vaccine is an RNA vaccine. The big deal about 5% error is that an RNA vaccine can change your DNA. An RNA vaccine has never been tested on humans before. That’s why adverse reactions are so nerve wracking. Hopefully that helps (from my POV).,AntiVax,0
👏🏻 UK approves the Pfizer/BioNTech COVID-19 vaccine for widespread use and could begin vaccinations next week https://t.co/Pu1ODtB1Qi,ProVax,1
Finally some great news about the #COVID19 vaccine field. The Pfizer vaccine is more than 90% effective. They only needed to show >50% for licensing. Let's hope that the other vaccines are as effective and that the immunity lasts for a significant time. https://t.co/ReRiyme50r,ProVax,1
You literally encouraged the nation to not take a vaccine if it came out under the Trump administration and you two helped enable “systemic racism.” Wtf https://t.co/ns2mEa4odR,Neutral,2
"@user 7) I won’t know what else is in the vaccine. What adjuvants and preservatives are there that could do harm 8) I don’t want manipulated dna of dog, monkey or aborted foetus’ in me 9) there has never been a successful coronavirus vaccine despite 20+ yrs of trying",AntiVax,0
I don't care what folks and Karens & Kens say about the Vaccine..I'M GETTING IT This COVID been outta control,ProVax,1
"@user It's a guaranteed sale. Even if they didn't take money for R&D, sales pays for R&D. That wasn't my point though. I was just pointing out that in a press release Pfizer informed investors/the public that they were part of Operation Warp Speed. Their own words.",Neutral,2
"""the #vaccine has a 90% success rate."" ??? 🤣 All we know about it is over 50 have died from it so far and many more injured with a toxic 💩💉 for a never proven ""virus"" being tested for with a ""test"" we know doesn't work. Big scam of all time. #COVID19 #coronavirus #Psyop https://t.co/NymQMIHXLM",AntiVax,0
Deploying COVID-19 vaccines will be an unprecedented administrative and logistical challenge once it is available. Researchers at @user propose a plan to vaccinate 80% of India's population by Dec 2021. https://t.co/y8xcjsq3jx https://t.co/AVZJGkB9gf,Neutral,2
What to know about the to start with productive coronavirus vaccine from Pfizer,Neutral,2
@user You are assuming that healthcare workers want to take a covid-19 vaccine. There may be a pushback with that mandate. The only thing that changed with these vaccines is the PRESIDENT of the USA. Vaccines should not be the ONLY option in the USA!,AntiVax,0
Fuck that Hoe Ass #COVID19 vaccine! Buy #Bitcoin,AntiVax,0
"@user Uniter Pfizer didn’t join Operation Warp Speed @user must sign off on transition to Joe Biden and Kamala Harris, so that we can get our infrastructure ready to handle their super-cooled vaccine. Otherwise rural counties will suffer more. #EmilyDoYourJob #TransitionToBiden",ProVax,1
Pfizer claims its Covid-19 vaccine is 90 percent effective so far. Here’s what we actually know. https://t.co/ytol2woVQp via @user,Neutral,2
"mybargain Morning Digest: Health Ministry to track COVID-19 vaccine reactions; T.N., Puducherry on edge as cyclone Nivar closes in, and more https://t.co/BsdRMBoQCM https://t.co/G1GYj3jaOv",Neutral,2
"A week after Pfizer released it preliminary data showing their Covid19 vaccine to be 90% effective, Moderna has released preliminary data of their own showing their vaccine to be 94.5% effective. This is incredible news if these findings stand. https://t.co/A48EA7O8ju",ProVax,1
@user The main problem is... what will be the next pandemic coming out of China when Covid is over? Why hasn’t the world band together to go after China? How many vaccines are we going to need in the future?,Neutral,2
"This could be huge -- Covid-19 vaccine candidate is 90% effective, says manufacturer https://t.co/WZggGGT92h",ProVax,1
He says Africa in the 90s lost 12M people to HIV/AIDS as we waited for our allocation of ARVs. We can't afford such losses to COVID-19. Equitable distribution of the vaccine is a right.,ProVax,1
"Why is it so complicated? The vaccine should go to whichever group would help to facilitate the decrease of the overall number of deaths. EZ. If that means giving it to people who are less likely to die from covid but more likely to spread, then so be it...",ProVax,1
Wonder what Javanka's cut is: U.S. Will Pay $1.6 Billion to Novavax for Coronavirus Vaccine. https://t.co/ubbpiT7pz1,Neutral,2
Yeah. The biggest hurdle being that the vaccine rollout will be run by the spouse of an MP who couldn't run a fucking bath. https://t.co/Z012Y08Exq,AntiVax,0
"@user #Hungary is wellcoming the Russian and Chineas vaccines for the earliest mass vaccination of ppl and meanwhile is waiting vaccins from USA, UK and other countries! #COVID19 pandemy & fight against the virus are independents from politics & from #EU! https://t.co/RKA8LDgcQx",ProVax,1
Not y’all acting like you’re gonna get dragged away and killed if you don’t take the covid vaccine when it’s literally OPTIONAL 😭 you’re not forced to be vaccinated BUT vaccines are for the betterment of society!!!,ProVax,1
I’ve got my fingers crossed that enough vaccines can get out by June that my birth is shrouded by COVID. But I know a lot of ladies in my area have said the only different is a COVID at triage and masks for support person. Laboring person doesn’t have to wear one of negative.,ProVax,1
"Now on @user breaks down how NIH got a Covid-19 vaccine candidate to clinical trials in a record 66 days. But scientists say this could have been faster if we hadn't dropped the ball on SARS, MERS research when those outbreaks waned. https://t.co/bsJoEsKIt0",ProVax,1
ALL vaccines are damaging to your immune system- why can't people understand this? Let YOUR OWN system handle nature- STOP poisoning yourself. https://t.co/9z18RW4Q3z,AntiVax,0
"@user Lol lol.... has nothing to do with Biden, lol lol. President Trumps economy has been fantastic (minus covid), it’s his policies and ....the vaccine created in record time. Lol what has Biden done that would make anyone think the market increased due to Biden....lol lol https://t.co/dqtj7sW0Yd",Neutral,2
Air France KLM Martinair Cargo ready to transport COVID-19 vaccines https://t.co/wEggJdtqVl,Neutral,2
"As a medical professional, do you feel dumb saying you won’t get a covid vaccine Bc you still get the flu when you get the flu shot? Or do you feel super proud? Genuine question.",ProVax,1
If anyone invests in stocks buy into moderna u won’t regret it,Neutral,2
How do each of the leading COVID-19 vaccines differ? https://t.co/71vEcJ1Mij,Neutral,2
"@user Economy: Unemployment and Hunger of Millions Wall: Around the White House Peace in: Pee in..Iran,Hamas,Hezbollah Not start a war/conflict: Start here Speed vaccines: Over 270k dead, many more will die America First: In COVID cases , death, and hate This Is Why The Liar Lost",Neutral,2
"@user *This year we have covid *and* the flu. The flu hasn't gone anywhere. *Covid is deadlier, has much worse long-term effects, and it's more contagious. *There is a vaccine for the flu.",Neutral,2
"I'm wondering whether the government is impeding the access of vaccines to incarcerated individuals, similar to how they restrict voting rights. I don't get why a community with a high risk of contamination would not receive medicine to prevent it. #PoorMomsJMU2020 @user https://t.co/tctIDKMMrN",ProVax,1
"Great news about a potential vaccine. With the far right anti-vaxxers not wanting anything to do with it, there should be enough for us that do. I expect them to refuse it point blank #COVID19",ProVax,1
"@user It literally doesn't matter; this election is only about removing the current ""president""--nothing more. And, until there is a COVID-19 vaccine, no broad-based policy measures could be enacted that have a hope of success; the blame is 100% on the current ""administration"".",ProVax,1
BREAKING‼️Updated results from Pfizer said it’s #COVID19 vaccine is 95% effective (vs 90% in previous early results) and had no serious side effects. 94% effective in older adults. This is HUGE!! https://t.co/ef2CoQQ7cV,ProVax,1
Grateful for the fantastic minds working their vaccine magic to restore normality. We really are a great many living off the genius of a great few and we should respect those few for their expertise and dedication. #Oxford #oxfordvaccine,ProVax,1
"Fingers crossed: Pfizer’s coronavirus vaccine is more than 90 percent effective in first analysis, company reports By Carolyn Y. Johnson https://t.co/nicbtALqan",ProVax,1
Happy #GoodShoutFriday! Here's @user look at where the science is up to on a vaccine for COVID-19 and Australia's role in the development pipeline. #GoodShoutStories,Neutral,2
Justin Trudeau says to expect COVID-19 vaccines to begin rolling out in Canada sometime early in 2021. https://t.co/xXRYXXlQij,Neutral,2
"It's more then one year gone, but still corona vaccine not in market. Corona erupting again and again. Is it a political strategy trap of some criminal gang operating globally.",Neutral,2
"And good news on the vaccine front. 90% effective isn't 100%, but it's still excellent. Yes! Biden announces COVID-19 task force https://t.co/GWqqNChYtF",ProVax,1
Aye but at least the have a dummy to use for the vaccine cause nobody was finna get this unknown drug in there bodies nope Antiviral remdesivir is in the spotlight after doctors treat COVID-19-positive Trump and Christie with the drug https://t.co/7mj8VyhKa8,AntiVax,0
"Just curious.... If a COVID vaccine was available today, would you get a shot? (answers are totally anonymous) #COVID19 #vaccines",Neutral,2
"A safe, effective COVID-19 vaccination is finally on the horizon. Cue the people who say they won’t take it—or that vaccines are the harbingers of a dictatorship. https://t.co/J1xa1BOkuq",ProVax,1
"AstraZeneca is the 3rd major drug company to report late-stage data for a potential COVID-19 vaccine. Unlike others, the AstraZeneca vaccine doesn’t need to be stored at cold temperatures, making it easy to distribute especially in developing countries: https://t.co/HEmYRD4PwZ",Neutral,2
@user According to @user States are being told that their allotments of the Pfizer vaccines they were promised are being cut by up to 40%. HHS Sect’y Azar isn’t saying much but Pfizer says the have millions of doses in their warehouse. Again it seems like Trump is up to something.,Neutral,2
Kids are participating in COVID-19 vaccine trials. Here's what their parents think https://t.co/6i4gMVwzQl,Neutral,2
"@user I have no idea who goes through my suburb. I don’t really care. Cv19 is out there. We’re all going to get it, or a vaccine (12-24 months away). Tourist towns will be destitute by then. We aren’t trying to avoid covid at all cost, just slow it. No harm in time at holiday house.",ProVax,1
What other garbage and poison is in that vaccine. I would want a list of ingredients and their purpose first! We don’t need vaccines! https://t.co/jIi0VTP1Bd,AntiVax,0
@user Fuck the @user too!!! Won’t be long until we won’t need your anymore.,Neutral,2
"@user Vaccines typically have a much, much lower death rate, around .0003, or 3 in a million. In comparison, COVID has killed about .01, or 1 in 1000.",ProVax,1
Because vaccines don’t kill 200k+ people you fucking ghoul. https://t.co/ziticgdRS9,ProVax,1
Trump emerges from White House to take credit for vaccine and leaves open door for second term https://t.co/2PN8GpwOGv,Neutral,2
Here I thought the vaccine needs to be tied around the chest like an Amulet https://t.co/Pqe7vtrqEY,ProVax,1
"OK, lets get started with the vaccine and open the world back up https://t.co/SAOHZSboqF",ProVax,1
why is america so happy like Joe Biden gt the vaccine in his pocket an Trump was COVID #JOEBIDEN2020,Neutral,2
"@user #LFC #CovidVaccine Celebrating the WIN by taking the JAB across the pond, Congrats from the US https://t.co/nLBQEaVyxx",ProVax,1
"“The physicians working with Biden's team have been in contact with CVS and Walgreens, which they see as key distribution points for the general public.. The Biden team has also been in contact for months with Pfizer” https://t.co/DQSmPrpXXl",Neutral,2
@user Because I refuse to play big pharma and the governments game to monetise this epidemic. What other respiratory 'common cold' coronavirus is there a need for a vaccine?,AntiVax,0
While we wait for the vaccine please avoid to speak moistly by saying PFIZER. Hahahahaha. (My grade @user https://t.co/aZUnlCTeeQ,Neutral,2
"@user Guess you can't read or are willfully lying, but the CEO of Pfizer, just announced they were never part of Warp Speed. YET ANOTHER TRUMP FAILURE!",Neutral,2
@user Shame on your all the achievement . Covid19 vaccine is not in your capacity shame shame shame . #corona,AntiVax,0
"@user Why are you always talking about the ""Pfizer"" vaccine? The vaccine comes from Germany. It was financed with federal German money. Project ""Warp Speed"" was not involved here. Just Google it, if u dont believe me. Fact: Trump had nothing to do with the development.",ProVax,1
"Although COVID-19 treatments have improved and a vaccine is on the way, even a mild case of the virus can cause long-term complications — including the possibility of erectile dysfunction. https://t.co/3aZ3XRitZA",Neutral,2
"This morning, news that a trial COVID-19 vaccine candidate had an effective rate of more than 90% shook the financial world. According to the New York Times, appears to have given investors the green light to pile back into companies harmed by the pandemic. https://t.co/7VsfHPm1LN",Neutral,2
"“We have been able to organise ourselves and create over 20 parallel teams worldwide to develop anti-COVID vaccine, because we lacked the so much needed knowledge. In climate change, we all know what to do.” @user #mypresident #ClimateChange #UNGA #UNGA75",Neutral,2
"@user after talking credit for pushing the COVID-19 vaccine forward you now say you won’t be taking it, and advising WH staff to pass, WTF",AntiVax,0
@user And Pfizer said Trump nor the government had anything to do with it… So stop trying to take credit for shit you didn’t have anything to do with.,ProVax,1
Meet people volunteering to be exposed to COVID-19 for vaccine research via @user #COVID-19 #Coronavirus #VirusVolunteers #Vaccine #Medicine #Health https://t.co/sL4AO6inmj,ProVax,1
"Nine out of ten, doctors say: a promising coronavirus vaccine https://t.co/0xYUU2JROD",ProVax,1
@user Hahaha. Lonely mouth seems a possible side effect of the COVID vaccine,Neutral,2
"@user 1st business day after election called by media and right before stock market opens Pfizer funds its own in house trial that miraculously has positive results for a handful of people. All these ""vaccine studies"" are used to manipulate the stock market. How can no one see this?",AntiVax,0
Here comes the mandatory vaccines fuck u boris I won’t be participating https://t.co/d2he3CEryJ,AntiVax,0
@user Even if they made it mandatory for the coronavirus vaccine to be taken ... I wouldn't take it due to the fact it hasn't been tried and tested long enough for my personal liking ... Would you !?,AntiVax,0
Wagga health authorities planning for COVID-19 vaccine rollout https://t.co/xfdOamD6LC,Neutral,2
"Nonsense about Unilever becoming the UK largest listed company. At Yesterdays close Unilever's markets cap was approx £55b, whilst AstraZeneca is more than twice as large. @user #ULVR #AZN https://t.co/PkYssrSGEG",Neutral,2
"Coronavirus vaccine update: India to begin phase 3 trial for COVID-19 vaccine today or tomorrow, says NITI Aayog member https://t.co/xZPE2sDlT0 Source : ""The Financial Express"" via Dailyhunt Download Now https://t.co/2xYSO7aAC6",ProVax,1
You want to feel hopeful? We may have a Biden presidency and a COVID vaccine by the time this Parmesan cheese expires. But only if we vote and work our ass off to get others to vote. https://t.co/VHJHUPP9SS,ProVax,1
Pfizer's COVID-19 vaccine has higher effectiveness rate than expected https://t.co/0SzuTjGFrj,ProVax,1
"More good news: #COVID19 #vaccine from @user and @user is strongly effective, early data from large trial indicate https://t.co/xZ2SLS8u9w via @user",ProVax,1
"@user I also want to know why they get the covid vaccine before anyone, they should be last",Neutral,2
"Good reasons to vaccinate: mandatory or payment for risk? If we encounter significant vaccine hesitation to a new COVID-19 vaccination, what strategies to boost take up are warranted as we try to reach herd immunity? New article in JME https://t.co/iOVkEuCsls",ProVax,1
I thought we didn’t trust vaccines.. now mandatory? #BidenScandalAintGoingAway #Fools https://t.co/mLWj7KcGLd,AntiVax,0
A 90% effective vaccine...🥳🥳🥳🥳 This is wonderful news and let’s hope the Oxford vaccine is similar because we have more supplies available of that one. https://t.co/TXAf3bTh5d,ProVax,1
@user Why not?do we know if Pfizer is effective? The proof is in the pudding,Neutral,2
I’ll have a vaccine and a pint of carling please mate https://t.co/KLRGSmDghH,ProVax,1
"Head of GSA refuses to start the transition process. “The delay has already gummed up discussions on critical issues, including plans to distribute a possible coronavirus vaccine, this official said.“ https://t.co/dkm8qB8YHA",Neutral,2
"@user It's been 9 months since Covid 19 and 250K deaths. He is still silent about it. Considering your Orangutan is president, when has he ever--EVER--tried to heal the country? When he says to Mich no PPE? TO NY no vaccine? When he refuses to work for transition, 1st time? Really!",Neutral,2
@user Poisoned #vaccine avoid as much as you csn #vaccines have side effects and that can have consequences on immune systems This may have impacts on children future2 You never know the ingredients used This is the reason of why they've created #COVID19 https://t.co/86OE7c6kn5,AntiVax,0
"the freedom to choose. Some people CANT get vaccinated. It's our duty as the HUMAN RACE to protect those most vulnerable. The MMR vaccine, the flu vaccine, the covid vaccine... It should ALL be mandatory.",ProVax,1
"If you’ve ever been in a @user mosh circa 2013, don’t worry ab what’s in the #COVID19 vaccine.",ProVax,1
"Republican politicians spent this entire year downplaying and LYING about Covid 19, then they received the vaccine first That doesn’t sit right with me and I’m angry about it https://t.co/TKMz10ptIa",Neutral,2
"Here's what you need to know for Tuesday, November 17th, including a COVID-19 update for Manitoba, more good news on the vaccine front and more! #TomandVicki https://t.co/vbc6tael9f",ProVax,1
@user Rather take my chances with the vaccine than Coronavirus 😉,ProVax,1
"@user Pfizer held a 5% joker, waiting for Moderna to play their hand, I believe Kenny taught a class on this.",Neutral,2
@user sir you think Pakistan is giving exact covid cases daily reported. We want vaccine not any kind of role model. Thank you,ProVax,1
UNTVNewsRescue: RT A recent survey reveals that six out of 10 Filipino adults have expressed their willingness to get vaccinated now if the vaccine against the coronavirus disease is already available. https://t.co/rdQIjKI5lk,ProVax,1
Excellent article giving a bit of back ground to the development of this life changing vaccine. #ScienceInAction. #TheEndOfCovid How a handful of scientists developed Oxford vaccine at breakneck speed https://t.co/o8GWH8wfhb,ProVax,1
"“You can’t put the genie back in the bottle” @user from @user explains during #TechUpTalks, in reference to the use of technologies in #healthcare that have come about due to #COVID19 - check out what she had to say https://t.co/OlRL45Kf0T #TechUpForWomen #WomenInTech https://t.co/74mxoVnfQw",Neutral,2
"The bulk of vaccines against COVID-19 will be available by end of 2021 to early 2022, vaccine czar and National Task Force Against COVID-19 chief implementer Carlito Galvez Jr. said Monday. https://t.co/ZeLaWs6xuQ",Neutral,2
A 90% effective vaccine for a virus with a 99% natural recovery rate. Sounds like 100% BS. https://t.co/iwuA5oJO2i,AntiVax,0
Pakistani doctors discovered Corona Virus (COVID19 )Vaccine: This is to get kickbacks importing Russian drugs. |Pakistan Do... https://t.co/OXZnLPDcOL via @user,Neutral,2
They pre-released (prepared us) information that a vaccine for COVID19 would not be 100% safe on Thursday or Friday last week. Why the fuck would anyone risk taking a vaccine when the actual bug is 99.7% non-fatal? Therefore #NoVax ever. #BillGatesBioTerrorist https://t.co/yVsW2FbOXE,AntiVax,0
"The UK is keeping options broad to help in developing optimal vaccines. The ultimate goal will be a single dose, room temperature #CovidVaccine #bioprocessuk",ProVax,1
Can I just say to all the anti face masks and the anti vaccine and anti covid regulations. Follow the rules we are literally 3 months away from this being over. The end is finally insight so please I urge you not to mess it up this New Years. @user,ProVax,1
"Moderna, Pfizer Coronavirus Vaccines Begin Final-Stage Testing - WSJ https://t.co/BV9GNxe5eA",ProVax,1
"@user ok guys here ""FUNDING INFORMATION National Institutes of Health (NIH) provided funding to Peter Daszak and Zheng-Li Shi under grant number NIAID R01AI110964.""",Neutral,2
"@user COVID-19 = fake. Corona = common. COVID = #PsyOp for 5G cell tower radiation. Goal? slow release Lethal injection of a COVID ""vaccine"" conjured by #BigPharm 🇮🇱. All is #DepopulationAgenda by Rothschild 🇮🇱 Media 🇮🇱 will saying ""Oh no it mutated"" as millions die NO 5G IN ISRAEL https://t.co/pZD2PfqTDs",AntiVax,0
"COVID is revealing fundamental patterns of human behavior. About 30% of people are extroverted and going nuts. 30% are somewhere in the middle. 30% don't want to go anywhere, maybe not even when there's a vaccine. So much behavior is forced by that extro 30%. Crashes coming.",Neutral,2
Good news on a future #COVID19 vaccine. https://t.co/mNNpNUZOPj,ProVax,1
when i find a corona vaccine so i get get rid of this virus and get my baby home to his family,ProVax,1
"I get that some will be uncomfortable with this but the hard truth is that making sure that 300+ million people in the US get one vaccine dose is hard, getting them all back in 4 weeks for a second dose is damn near impossible. This is an easy way for an individual to keep up. https://t.co/nFfBy0fvrY",AntiVax,0
"VA is offering clinical trials to test vaccines and treatments for COVID-19. Anyone over the age of 18 can volunteer: Veterans, family members and friends. Sign up online at https://t.co/4lNTydY4YZ. VIDEO: https://t.co/W2EL1dpphC https://t.co/bDvNWijPaO",Neutral,2
"#Melbourn #Australia #Victoria Through deaths, #lockdownextensions, raised #suicides, #domesticviolence, #sexualabuse, unemployment etc. #Covid19 has caused havoc. #Hunger & #riots R awaited. No drug no vaccine STOP IT. Take advice https://t.co/zhb3DUIgMN https://t.co/zGvoMGHNX9",AntiVax,0
"Alberta to receive 3,900 doses of Pfizer's #COVID19 vaccine next week #cdnpoli #Coronavirus #ableg #abpoli @user #YEG 2 rounds of immunizations needed, so shipment would vaccinate about 1,950 people https://t.co/r8kKxu2cA0",Neutral,2
"my home girl works for this company lol id also joke & tell her hurry w/ the vaccine, didnt think they’d actually find one 💀 https://t.co/IW86imRM9N",ProVax,1
@user Thanks Turkish immigrant couple who immigrated to Europe and developed the vaccine! https://t.co/IvCtiV8EA8,Neutral,2
"@user Is the flu vaccine 100% effective. No, it’s not. Does everyone get a flu vaccine? No. Why do you believe a COVID vaccine will be any different? COVID will still be around.",AntiVax,0
"Trump, offered great financial incentive to Pfizer's development of a vaccine by pre-committing a $195 billion deal for 100 million doses of Pfizer's vaccine, regardless of whether other vaccines were available - or perhaps even better. #USA #Trump2020 #EU",ProVax,1
"fuck #vaccine UK must do more to tackle vaccine hesitancy, report warns as more than a third of people say they may not accept jabs https://t.co/ZfllWddYaN",AntiVax,0
We’ve rounded up everything you need to know about the exciting announcement from Pfizer this morning suggesting their current vaccine for #covid19 is more than 90% effective against the virus. https://t.co/eTMBUya8aa,ProVax,1
"Really good piece here: Unicorns carrying a vaccine, drugs to treat COVID-19 and enough face masks and protective gear for medical professionals around the world could appear! Wake up, people.",AntiVax,0
@user what efforts does Nigerian pharms are doing to ensure they try to produce vaccine for the control of Covid 19.@user #CITADagaintscovid19,ProVax,1
@user I won't take the coronavirus vaccine unless I can smoke it using Hunter's pipe.,AntiVax,0
@user I refuse to take mandatory vaccine for coronavirus. You can potentially get more sick especially if it’s newly developed.,AntiVax,0
Fact check: Lipid nanoparticles in a COVID-19 vaccine are there to transport RNA molecules - Reuters https://t.co/Km1PU3KqSm,Neutral,2
"""Cyberattacks originating in Russia and North Korea in recent months have targeted online accounts at seven companies researching Covid-19 drugs and vaccines, according to Microsoft Corp —in some cases successfully."" @user https://t.co/5HeIfXCTvX",Neutral,2
Coronavirus: Sir Keir Starmer criticises 'unjustified' £670k spend on PR team for UK vaccines chief Kate Bingham https://t.co/azcs32PRUn https://t.co/7h2YPDIpG8,Neutral,2
👇🏾mRNA-based vaccine 💉 from @user Promising data and many others in similar stage. Lots of questions but this gives much needed hope! 🦠#COVID19 #CovidVaccine #SquashTheClot https://t.co/1wz5IGqLGE,ProVax,1
Fuck you @user and fuck that vaccine https://t.co/OpkWH9n6sj,AntiVax,0
@user I will take a coronavirus vaccine every day for the rest of my life if it protects me from the virus.,ProVax,1
Kudos to all the scientists and medical experts working tirelessly to produce a safe and productive vaccine to defeat COVID-19 🙌🏼,ProVax,1
"Beyond this being amazing news, it's fucking hilarious that we were all so concerned about Trump announcing a vaccine a few weeks before the election - and now this comes just after he lost!! https://t.co/tgKk250ycl",ProVax,1
Anyone else think chick-fil-a should handle #CovidVaccine distribution?,ProVax,1
No vaccine is the best vaccine ! https://t.co/B2iBSCgXey,AntiVax,0
"Coronavirus has spread to over 100 countries and has taken 4900 lives so far. Currently, there is no vaccine to prevent the COVID-19 virus. Here are a few precautionary steps to make sure you do not catch the disease. #coronavirus #covid19 #coronavirusoutbreak https://t.co/cw2hncVfcO",ProVax,1
@user what is going on in UP after 24 hour there is no ambulance and what is doing doctor of Gorakhpur they are not even taking COVID Patients they are treating like what is that. Please don't do this with up patients atleast .,Neutral,2
Covid-19 vaccine rumours debunked https://t.co/dP6o9BWTNR,Neutral,2
Me waking up the day after getting the covid vaccine https://t.co/rGyx0cfELW,AntiVax,0
"Professor Maurice Iwu said he had a vaccine for this Covid-19 virus, what happened to him and the vaccine? Does anyone know?",Neutral,2
"⁦@user had begun an offensive against #COVID19 #antivaccine propaganda spread by hostile states, mostly 🇷🇺, but excludes #5Eyes https://t.co/rdEK1dFRdC",Neutral,2
as soon as that COVID vaccine hits my bloodstream I am making out with the next person I see 🥰,ProVax,1
The vaccine to COVID-19 has been found thanks to Pfizer!?!? YES. YES!!! YES!!!!! YES!!!!!!! LET'S MOTHERFUCKING GO!!!!!!!!!!! https://t.co/9N4JQ3AiY1,ProVax,1
Thank the lord a vaccine has been found I know it won’t roll out yet but finally a breakthrough fingers crossed everything continues smoothly👏🏻 https://t.co/85KOaR7amo,ProVax,1
Surprised to have such an emotional reaction to seeing the #Covid_19 vaccine administered to a nurse in NY. We all want this era to be over but it’s hard to fathom how desperately frontline workers want relief. Here’s hoping they and we get it. 💉❤️🙏,ProVax,1
@user Not so...my clients wear mask and still test positive for covid 19...mask help but not 100%. Vaccines will help tremendously.,ProVax,1
"We will have more then 4 vaccines soon. Pfizer, Moderna, Astrazenica & Covaxin. https://t.co/dSDudA4vtz",Neutral,2
@user Pfizer just released a statement asserting that they are NOT a participant in Operation Warp Speed. Your tweet is just another example of your administration's relentless mendacity.,Neutral,2
Was a little nervous but very excited I got my first round of the Covid vaccine today!💪🏼,ProVax,1
"@user 40,000 doses of Pfizer has been ordered. Their vaccine costs $20 a dose. It is 95% effective. WHO is happy with 50%. Astra Zeneca is much easier to distribute and costs $3. In the 1/2+1 dose it is 90% . Pfizer have just been granted legislation immunity by UKGov. Hmmmmm.",ProVax,1
The replies to this are so fucking depressing. No one is going to take the vaccine. Everyone is dumb. https://t.co/OhQb5a838S,ProVax,1
"But, how long is the vaccine good for? https://t.co/yEqyLg0jX5",Neutral,2
The difference between Google (Gates owned) and Yahoo search engines. Look for yourself. And keep looking. We are in a war on info in the age of information. It's more then snopes so dont use that.. #Covid_19 #BillGates #google #vaccine #disinfectant #StayHome #CoronaUpdate https://t.co/78PEzazDG0,AntiVax,0
A #vaccine is a form of #Tyranny that allows foreign agents to dominate the body and any pathogens inside it. Thinking that #coronavirus has no right to live is the same thing as nazism/communism. We are watching history repeat itself.,AntiVax,0
"Hope you and your family will be taking the vaccine, before rolling it out #drdeath https://t.co/20HAnGbqfl",ProVax,1
An Associated Press review of each state’s COVID-19 vaccine distribution plans shows that Tennessee alone has specified it will hold back a small portion in “case of spoilage of vaccine shipped to facilities.”,Neutral,2
@user Great to see so much dedication and efforts. So many vaccine in development. Hope we would see some breakthrough soon. Complete list of vaccine under development- https://t.co/nS1gQS5ziq #who #covid,ProVax,1
This could be a massive Global breakthrough!!!!!!!!!!!! #FuckCoronaVirus Coronavirus: Pfizer vaccine found to be 90% effective in 'great day for science and humanity' https://t.co/etwiawfhbl https://t.co/ydLaLQljQJ,ProVax,1
"@user Bruh. The flu has a vaccine, ya know, a flu shot. The flu doesn't spread exponentially like covid because it has no shot",ProVax,1
"Not for me , no thanks. COVID-19 vaccine distribution will start within 24 hours of approval: general https://t.co/h91Po91SuT via @user",AntiVax,0
"Matt Hancock, the Death Secretary did warn about this before the pandemic! #DeathByBrexit #brexitbeforebreathing #BrexitReality #vaccination #NoDealBrexit #Dystopia #DailyBriefing #kent https://t.co/nXyE8TK1yy https://t.co/s0NFPukgYS",Neutral,2
"@user I’m a RN and yesterday at work we had a infectious disease Dr come speak with us about covid 19. According to her and mounds of documentation, you cannot get covid twice. So why the vaccine? Why wear masks? Why are we testing so many people who have already had this?",AntiVax,0
@user IF A PERSON CORONA REPORT BECOMES AFTER HE HIS QAURNTINE FOR FEW DAYS like for (5-6 days) he becomes CORONA NEGATIVE.THEN WHAT IS NEED OF VACCINE.,AntiVax,0
"Here’s the headline of the day: We have a vaccine for #COVID19 I don’t give a fuck what Biden’s plan is, we already have the vaccine. I don’t give a fuck about his mask mandates, we already have a vaccine This happened in under 7 months, news should’ve come out last week",ProVax,1
@user Nothing is free. Not free college or anything else. We Victors pay the tab for the so called victims. 🤦‍♂️,Neutral,2
"""It's not going to help us this winter, but it could be a real game changer"" @user on @user discussing Pfizer's data showing its vaccine 90% effective at preventing COVID-19, more data still needed.",ProVax,1
Great news to get this Monday morning. Now we’re all waiting for the other shoe to drop when we find out how much money Moderna is gonna rake in at the expense of suffering people. This vaccine better be free.,Neutral,2
@user 10.2M #COVID19 cases 240K deaths And we need to thank Germany for their financial support to Pfizer to develop a covid-19 vaccine #TrumpConcede #TrumpIsLosing #TrumpOut,ProVax,1
"Saving the country. We all have to get vaccinated. The coronavirus has decimated us more than all wars, we have to stop it. GET VACCINATED! Get all your family and friends vaccinated. You are worth a lot.",ProVax,1
US #inflation expectations hit 18-month high on #vaccine hopes #COVIDvaccines #COVID19 #EconomyRebounds @user https://t.co/rg5xlqCv6R,Neutral,2
FDA panel endorses Pfizer coronavirus vaccine for emergency use https://t.co/IL0uJSluWZ #FoxBusiness. Private sector business (Capitalism) and a President led the way!,ProVax,1
I just don't tolerate COVID-19 conspiracies. I don't care if they come from my students or fellow teachers or admin. This is not a hoax. There really are thousands of dead people. Masks & social distancing work. A good vaccine will take a while. Our leaders should have united us.,Neutral,2
Early shipments of a #coronavirus vaccine are expected to start arriving in the Bay Area in the coming weeks. UCSF’s @user joins us to share the latest plans for who might get those early vaccines. https://t.co/lUeMc09MkN,Neutral,2
And there is a 100% chance I'm not taking a rushed vaccine that's for a virus that has a 99%+ survival rate. https://t.co/ojr1bODWCN,AntiVax,0
BBCBreakfast: “People will trust this more as time goes on” Virologist Dr Chris Smith tells #BBCBreakfast the uptake of the coronavirus vaccine “will take care of itself”. https://t.co/ZwWleLDkYn https://t.co/9B8KiEFbgD,Neutral,2
Charlie is lying. @user ‘s development was independent from US funding.,Neutral,2
State expects to receive tens of thousands of COVID-19 vaccine doses by mid-December https://t.co/oDcFqOd3uP,Neutral,2
"World GDP recovery to strengthen from mid-2021 on vaccine rollout: Dec 08, 2020 (LBO) – The global economic recovery will strengthen and become more sure-footed from the middle of next year as coronavirus vaccines are… https://t.co/zW6Y9d1sWC #FinancialChronicle #Srilanka #LK",Neutral,2
"Watch this on-demand session to learn how states, counties, cities, and public sector agencies can effectively and securely facilitate vaccine management programs in the wake of COVID-19 with an API-led approach to connectivity. https://t.co/Z2iq7Zv6jH",ProVax,1
"Now that we’ve got two really good looking vaccine candidates, I think it is time to bring the the people who organized the COVID-19-era Chick-Fil-A Drive-Thru process to figure out how to deliver this vaccine to everyone. https://t.co/TAXq04nD5u",ProVax,1
@user Because none of the 'rushed vaccines' are safe. That's why they're testing in Brazil. Plenty of poor people from the favelas to use as guinea pigs. Notice testing isn't being done in UK/France/Germany. Imagine the outcry at folk dying via testing https://t.co/Ndu5Lv3YGt,AntiVax,0
"@user Trump was lucky that they have been researching a vaccine for Corona Virus since it began 19 years ago (hence the moniker COVID19) . It wasn't a miracle, it was process and a virus that hit at the right time. . People who ""Want them sick"" don't get to take credit for the cure",Neutral,2
"COVID-19: Perfect Cover for Mandatory Biometric ID and contaminated vaccines... It's coming dears....and your governments will force you to have these else travel restrictions, sanction...even war....! It's going to be one hell of a resistance war..... https://t.co/1gbEV9sact",AntiVax,0
No #economy without a #Covid19 #vaccine. So fingers crossed. 🤞🤞 https://t.co/6HC9DuSTbV,ProVax,1
"@user Yeah no thanks. I can’t do normal seasonal flu vaccines (a generic coronavirus vaccine if y’all didn’t know) that have been around for years. I’m not trying my luck at one that is new, likely won’t work, and likely has some kind of gov backed evil plans. No thanks.",AntiVax,0
"Yep. The new COVID-19 vaccine to force and alter our DNA, RNA Replication and force into transhumanism. Amongst the other poisons. https://t.co/WCpKQFEbSV",AntiVax,0
"Excellent explanation of how clinical trials work and what the Pfizer COVID19 vaccine means for the general population. Thank you, Dr. Lamb.",ProVax,1
It’s good news that one dosage regimen give 90% efficacy while it’s a concern that the other dosage regimen is a low 62% awaiting results from #SII #SERUMINSTITUTE India on their India specific vaccine @user #COVID19India #vaccine #COVID19 https://t.co/s13fdq8D28,ProVax,1
"As Covid-19 cases continue to rise throughout the country, optimism around vaccine distribution has presented a number of buying opportunities in the healthcare sector. Barring successful distribution of the Pfizer and Moderna vaccines throughout 2021 https://t.co/UexZ4mkWCE",ProVax,1
"I get the flu shot every year. As a high-risk individual (now on immunosuppressant drugs) I probably should. BUT, I have to admit - I still get the flu nearly every year. CDC has a hard time formulating the shots properly. My confidence in the COVID vaccine - not high.",AntiVax,0
"Broke promises to yourself? Said you’d dig into history books during lockdown? Yes, election’s over, vaccine’s here, but long winter still looms. For ideas, see 38 wide-ranging books read during Covid by Steve Wasserman, publishing luminary @user https://t.co/4nQGjSZqlI",Neutral,2
"According to reports, wealthier hospitals in the United States have started buying up expensive specialized freezers for Pfizer’s vaccine, raising concerns that hospitals with fewer resources or in rural areas even the world’s richest country.. https://t.co/SWq9zvsiXC",Neutral,2
Publicly announcing #COVID19 vaccine trial findings without releasing the data is unacceptable and potentially dangerous. We need to ensure the #safety and efficacy of a vaccine for all patients. Transparency is the norm in research and must be preserved. https://t.co/ARTkXhsFT1,AntiVax,0
@user I heard that the COVID vaccine is made out of baby back baby back baby back ribs,Neutral,2
course the economy would take a big hit. This was prior to the actual corona virus being released. 2. Bill gates’ foundation is now sponsoring research to create a vaccine for the corona virus. 🧐 3. Bill gates believes in controlling the population. Watch out!,AntiVax,0
A few hours of flu-like symptoms? 'Absolutely' worth it for this woman who was in a Covid-19 vaccine trial https://t.co/txSDxpJjnL,ProVax,1
@user What clinical research company that is conducting Phase 3 Covid 19 vaccine research do you work for?,Neutral,2
"@user If COVID-19 vaccine's to solve the problem like the flu vaccine solved the flu in general, I'd rather take my chances with my immune system that has been trained to face a lotta shit over my years of mechanic work, where I faced sick people and deep skin cuts which didn't get me!",AntiVax,0
"@user #Pharma is one of the greatest shell games played on the American People. Cut your marketing, pay your execs a fair wage and charge US citizens the same price as the rest of the world. #PharmaPriceScam #PharmaPricePlunder #PharmaUnethical https://t.co/SmlI4L2z1h",AntiVax,0
Pfizer CEO says he wants to be among the first to take Covid-19 vaccine ... https://t.co/ZWZ39KBRJx via @user,Neutral,2
"@user I'll wait until after Biden is in office. Can't trust @user , @user or @user . Dont trust @user . WTF is ""pfizer congress"" definitely don't trust it now. A bunch of lobbyists sucking tRumps little cock for a contract to make big pharma CEO's richer..",AntiVax,0
"@user You might feel muscle aches fatigue and a fever. (Was on the news with the pfizer vaccine as well) and honestly, thanks to vaccines and otherwise following CDC recs, I haven't been sick since 2009 so I might be more of a baby about side effects than the avg bear",ProVax,1
"@user Uhhh, look into their vaccination plan for the next 10 years posted on their website. I feel that they want to force the globe into submission. Covid and the next viruses they’ll use support them in that endeavor. Vaccines id2020",AntiVax,0
@user Good question. Perhaps St George to distinguish it from the Oxford/AZ vaccine for which the Union Jack has been reserved? https://t.co/30z3ODCSPH,Neutral,2
New post (North Korean hackers target COVID-19 vaccine maker AstraZeneca: Report) has been published on BuzzyBuzz - https://t.co/0XmDTsZX5F https://t.co/WVnh4ShqQZ,Neutral,2
"Why would anyone willingly vaccinate themselves with a vaccine that has been developed exponentially fast, had limited human trials, and results showing higher death rates from the vaccine than the actual ""virus""?! Also, if Bill Gates has any stake in mass production, NO THANKS. https://t.co/k5kZlDM1RQ",AntiVax,0
"And so it may go down in history that Captain Brett Crozier, fired for calling attention to his COVID-19 infected ship, provided the Achilles heel for preventing the most severe symptoms of this disease. (hint: the MMR vaccine)",Neutral,2
Once they get a corona vaccine I don’t want to see any of you antivaxxers getting one. Don’t be a hypocrite.,ProVax,1
"Some news channels are reporting that shares in many airlines have rocketed by around 20 per cent in the light of Pfizer's news about the vaccine (and Trump and Pence are now claiming on Twitter that its success is entirely down to them, prompting a correction from Pfizer)",Neutral,2
"“They have a vaccine for covid, but not covid blues.”",ProVax,1
"@user No thanks..this covid plandemia is a program to control population, not health control. Coronavirus is not a letal virus, vaccines are not necessary, exists medicine for is. And a vaccine needs more years...",AntiVax,0
"millions more than the disease ever could have, My wife wasn't so lucky and succumb to the social pressures and took the vaccine, she rests in a nursing home now riddled with COVID as the vaccine wasn't worth a knob of goat shit, I'm alone now, searching for the Dan, the man who",AntiVax,0
"LOL, not a chance I would get any vaccine let alone the biggest fraud vaccine in the world. https://t.co/hPIBtcyWTM",AntiVax,0
Politicians making false claims about this covid vaccine is totally reckless. Public trust is pivotal in successful take up of this vaccine. #Covid_19,ProVax,1
But its Pfizer... we make medicine... probably won't happen... they've just eliminated the amount of people working in plant at once.,Neutral,2
Here's some hopeful news. CureVac says that its vaccine for C19 can be stored in standard fridges. CureVac is the pharma company that Tesla and @user are helping. https://t.co/JMIlOfOXJh,ProVax,1
"$HLT Argus upgrades Hilton Worldwide (NYSE:HLT) to a Buy rating after having it set at Neutral.Analyst John Staszak: """"We believe that the development of an effective coronavirus vaccine, which now seems more likely in the near ... https://t.co/NzH1LsDG4C",Neutral,2
"There has never been a successful coronavirus vaccine produced. Not a single one. Not for SARS or MERS. And not for the 4 very common much less deadly human coronaviruses 229E, NL63, OC43 & HKU1. Just as there has never been a successful vaccine for the common cold/rhinovirus...",AntiVax,0
"Goodluck with the people being the governments guinea pigs for the covid 19 ""vaccine"" lol there's a reason the people testing it didn't take it themselves yet.",AntiVax,0
"Thread by @user 🧵Thread🧵 Pfizer announced positive trial results for their coronavirus vaccine today. That’s great news, but it’s undermined when Dems https://t.co/ZOkpQOuYXR",ProVax,1
If you said yes to compulsory vaccines you’re a fucking idiot - it’s just that simple. https://t.co/o75bkLkKr1,AntiVax,0
"Some good news for everyone... I think. Still not sold on the vaccine until it is fully developed (I refuse to be your guinea pig) and stocks go up and down on the daily, I'd be interested in long term stock appeal with supposed wealth tax in the works. https://t.co/b1Qxnn8X45",AntiVax,0
Congratulations to the Pfizer team! I hope the vaccine continues to be effective and SAE free. Great work.🤗 #clinicaltrials #CovidVaccine #VaccineSafety #pfizerproud https://t.co/Xhn25CMzI0,ProVax,1
@user I had just commented somewhere else that this was probably to intentionally reduce public confidence in Pfizer vaccine to cover the administrations refusal to purchase more vaccines earlier.,Neutral,2
@user 90 percent of the masks you see are not remotely capable of filtering out a virus that is .1 to .2 micrometers in size. What you want is herd immunity which in Sweden happened at about 20 percent. The best a vaccine will ever do for a corona virus wil be 65 percent.,Neutral,2
I think he has and if you protest riot and kill white American Christians then you dont need a vaccine and are not at riak if contracting the Covid virus,Neutral,2
The World Health Organization warns a #COVID19 vaccine won’t be a “unicorn” pandemic solution. Melissa Duggan on the measures that will still be needed after a shot is approved. https://t.co/H9iuUnPrQo,Neutral,2
Covid Vaccine in a year....maybe cancer and HIV next year,ProVax,1
"Always watch the other hand... Bill Gates Calls for a ""Digital Certificate"" to Identify Who Received COVID-19 Vaccine https://t.co/bC0XsXp5Da",Neutral,2
"@user The new lauded #coronavirus vaccine and #BillGates --the man who wants the world population massively diminished-- are linked in every way. The media is trying to sell this toxic, untried pile of poison, though acting out (as Boris did) the need to be a little bit cautious.",AntiVax,0
GOOD NEWS: Pfizer says early analysis shows its Covid-19 vaccine is 90% effective https://t.co/pbHmaxLMyv,ProVax,1
Get my 1st of 2 shots today of the covid vaccine.. wish me luck,ProVax,1
"Herd immunity crowd - you are more than welcome to keep on making your Great Declarations. I'll have the vaccine, thanks. #COVID19 #vaccine https://t.co/mQzXOwqaDY",ProVax,1
Great news that @user have developed a vaccine. I hope it’s not an eye drop that makes everyone look hard.,ProVax,1
QANTAS CEO Alan Joyce confirms that he is violating his duty to shareholders by condemning his company to bankruptcy. Airline Passengers have the right to medical freedom. Alan Joyce is not your doctor. He does not decide whether you have the vaccine. You Do. https://t.co/pWmqsQ0jKk,AntiVax,0
"""Оbama will take coronavirus vaccine and might film it to build confidence – ‘I trust this science’"" https://t.co/4T0i3SjDFO",ProVax,1
Right. This ain’t Russia where killing off people is okay in a search for a vaccine. Russian purges kill at least 20 million.,AntiVax,0
"A badly tested vaccine which causes so much hope... hope can be quickly vanished when the first side-effects or inefficiencies arise. Remember, only little data available. https://t.co/4fikWmOpnB",AntiVax,0
@user Pfizer didn't take govt. $ Thank God! They do not work for the U.S. Govt. Trump stop trying to tAke credit!!$!,Neutral,2
"LETS GO. This is some great news, and it’s also a medical success that a vaccine was found, tested, and proven in such a short amount of time. Our medicinal researchers in this world are simply amazing. https://t.co/azkMrLSeTK",ProVax,1
@user A COVID vaccine or any untested vaccines arrive with that amounted recovery . Give us one off roughly 65% to 70 % and well-being tests will show that it’s as effective as the flu jab,ProVax,1
Pfizer Is On Track to Be First to Find Out If Its Covid Vaccine Works https://t.co/LITTUNvcHk,ProVax,1
"Yesterday we kicked off SmiLe online Bootcamp, an intensive 2-day business development program, that is part of Astra Zeneca Skolkovo Challenge 2020. On that occasion, today we celebrate the 2nd consecutive year of our successful collaboration with @user and @user https://t.co/xRCDavxaay",Neutral,2
"@user We are also called ‘Information Specialists’. The information I read based on research supports getting the Covid-19 vaccine, but librarians only recommend. We also are front line in protecting the First Amendment. It’s a great profession and never boring!",Neutral,2
This is very good to see. My aunt died of covid/pneumonia related issues a few days ago. WEAR YOUR FUCKING MASKS. SOCIAL DISTANCE. GET YOUR GODDAMN VACCINES. (Unless you're one of the people allergic to vaccines. Then don't do that. Don't die. Protect yourself.) https://t.co/rtcBNAzcvA,ProVax,1
"If nearly 50k people have been recorded as dying from COVID who have tested positive within 28 days (not accounting for any other health conditions), then absolutely the same logic should apply to vaccines. Note: the PCR test doesn’t actually test for c19 & are only 7% accurate",AntiVax,0
"I feel the covid-19 vaccine is ready... But its the packaging thats taking time. Make the logo bigger, change the background colour, recording the entire design,stock images,multiple phone calls... These things take time! #hmm i could be wrong tho! #tuesdayvibes",Neutral,2
Former Vaccine Chief Blasts COVID-19 Response https://t.co/JXhztdyKC5 via @user,ProVax,1
I was just telling my girlfriend this morning before I looked at my phone that it felt like there was no progress being made anymore and felt like the world no longer cared about trying to make a vaccine. This is very good news https://t.co/FWt9n7WxlV,ProVax,1
"@user Except Pfizer wasn't in Warp Speed. But hey, why did we need a vaccine for a harmless virus that was going away by itself?",AntiVax,0
@user After this Covid vaccine circulates for a few I’ll be back with a vengeance. https://t.co/V1M6yAPhBi,AntiVax,0
Who doesn't believe science? Andrew Cuomo! @user He's making New Yorkers wait until New York vets any Covid-19 vaccine. Who knows how long that will take? Years? Just another Democrat need to control our lives while leaving us open to more illness and death!!!,ProVax,1
Vatican’s CDF says COVID-19 vaccines ‘morally acceptable’ when no alternatives are available: Full Text https://t.co/xR8gETUYcF,Neutral,2
These are unprecedented times that require unprecedented efforts. You must know your part and play it. #COVIDSecondWave #COVID19 #CovidVaccine #COVID https://t.co/PFHM4mHvEd,ProVax,1
Can’t wait to see what this mRNA based vaccine can do. Not only for Covid but potentially pave the way for other diseases caused by viruses. https://t.co/JzVwXlLH8P,ProVax,1
"YouTube, Facebook and Twitter align to fight Covid vaccine conspiracies - BBC News https://t.co/iZxgMrFSwL",ProVax,1
"@user If you are a young healthy person not living with susceptible ppl, why would you risk the unknown with a vaccine w/ the known 99.7 recovery w/ COVID. I am in my 40s got it from my wife who had a runny nose. I had a few additional symptoms, but now I am immune.",AntiVax,0
"AstraZeneca's Oxford coronavirus vaccine is 70% effective on average, data shows https://t.co/bDoe79KRUd",Neutral,2
"Waiting for friends at a caff at Liverpool Street station, I overhear a mum explaining to teenage son that it’s false news that Cuba has a Covid vaccine & that Paul McCartney of Wings was in a band before that. Wait till he finds out that Corbyn didn’t win the Nobel Peace Prize",Neutral,2
"@user Pfft. Is the polio vaccine disgusting? Whooping cough? Measles? Flu vaccines? all of those are viruses just like Covid 19, except Covid 19 is more contagious and fatal than some of the others",ProVax,1
Fools are those who think that #Pfizer has THE #coronavirusvaccine will give us normal life back. It’s just one. We may yet have side effects that could create a new #pandemic that could be worse than #COVID19. Don’t plan your #vacation just yet. #Patience is key and true virtue,AntiVax,0
"Fake news! Here's what Bolsonaro actually said: ""Pfizer says they not responsible for any side effects (from the vax). If you become an alligator, it is your problem."" Why not, Pfizer?! https://t.co/pKsYFpD1q5 #FoxNews",AntiVax,0
Moderna to Start Phase 3 Clinical Trial of Its Coronavirus Vaccine Candidate in July https://t.co/pNq1CJlX6t,ProVax,1
Wall street still out of touch with the average person. Many people still affected by COVID. But markets mostly looking at future good news including the vaccine and the end of an insane presidency... https://t.co/9EIzOkPwLh,Neutral,2
@user It's the Oxford Vaccine Study. They've all been posted at roughly the same time from the same postbox on Mondays every week,Neutral,2
"@user I had COVID, have compromised immune system, overweight, smoke, don't eat right or get enough sleep.... Headache & fatigue was horrible, lasted about 36 hrs, tired for few more days w/ a lingering cough. I drank HOT tea & ate HOT ramen & expectorant. Not taking a fvcking vaccine!",AntiVax,0
@user Two points. 1. My dogs are vaccinated against corona virus. Why can't we start looking for a vaccine there? 2. I heard someone say that mail in voting has a stamp on the back to show your political choice. I.e. democrat or Republican.,ProVax,1
"I trust people who don’t believe Covid exists, the ones who demonstrated about their rights being undermined by Lockdown, who put the rest of us under a bigger chance of catching it, won’t be offered the new vaccine, no point, it doesn’t exist and would infringe their rights https://t.co/EYyPllqJCD",ProVax,1
@user https://t.co/M6uQMmmRcR https://t.co/M6uQMmmRcR Vaccine: A suspension of live attenuated or killed organisms (bacteria viruses parasites) which stimulate the immune response to prevent infection.,Neutral,2
@user Ok did we end the existing 7 Obama put us in? The vaccine that just came out is from Pfizer and didn't have anything to do with Trump. Does he have one coming now as well🤷‍♀️? I think the US embassy in Israel is also awesome.,Neutral,2
"This is good, if unsurprising news, but curious that the imminent arrival of vaccines has coincided with the media pivot to reassuring stories about post-infective immunity to SARS-CoV-2. Anyway, nice to no longer be in the heterodox on this issue. https://t.co/QiMJkRwIah",ProVax,1
"How they’ll know if the COVID-19 vaccines work is a matter of math, biology — and a little luck - The Philadelphia Inquirer https://t.co/GQf5VjSWnR",Neutral,2
"@user Sounds like all was planned before. What a coincidence. #covid19 in beginning of 2020, then a vaccine or two before end of 2020. Wow what a stupid plan but fortunately for u ppl are idiots 🤷🏼‍♂️. Well done.",AntiVax,0
Good news! May be the best news since a year ago! The vaccine is coming soon! #COVID19 https://t.co/iS9K6O8x5v,ProVax,1
@user Why? Do u want ticket from begusarai and get free Corona Vaccine free?,Neutral,2
The government is not proposing to make a Covid-19 vaccine mandatory - Full Fact https://t.co/FA7XU7cS32 https://t.co/kjocW0Cp6m,Neutral,2
"Bollywood Gupshup,Russian Researchers Will Test COVID19 Vaccine Using Special Mice - Consumer Watchdog https://t.co/PaMmo29UPh",ProVax,1
"trials conducted by Moderna, 100% of human subjects in the high-speed vaccine trial group experienced adverse reactions. M. Adams. VACCINE DEATH WAVE: UK gov posts bid for AI system to process the expected flood of COVID-19 vaccine injuries & side effects described as a",Neutral,2
"Follow the money, Trump’s three family trusts have financial interests in Sanofi, the maker of Plaquenil... #coronavirus #TrumpLiesPeopleDie",AntiVax,0
I officially have the Covid Vaccine! It did accentuate my third arm but that’s about it.,ProVax,1
Moderna reports 94.5% efficacy for COVID-19 vaccine https://t.co/1ZbjMly9x5,Neutral,2
#COVID19 Special Issue review 👇 How does anti-CD20 #immunotherapy for #autoimmune diseases affect the response to COVID-19 and a potential #vaccine? 🔗https://t.co/F5tZNMWVqo https://t.co/MDXpzUFFFY,Neutral,2
@user Your choice to risk being injured by a novel vaccine as well. We all make our choices I hope it works out for you. I trust my immune system and flu is more dangerous to my kids than covid19 is. Easy decision to pass in that rushed mess of a vaccine.,AntiVax,0
It's sad that @user announced they have a 90% effective vaccine for COVID but also announced that they aren't a part of @user Operation Warp Speed so it will still be several years before @user approves its use. If FDA approves it then @user was part of OWS.,Neutral,2
"From good news regarding the vaccine developed by Pfizer-BioNTech, to India reaching a 37-day milestone - here are the top news updates on the Covid-19 pandemic https://t.co/Enwd3Ak5hu",ProVax,1
Coronavirus Ireland: Dublin scientist working on Oxford vaccine says life could be back to normal by late spring https://t.co/UPXW6se6ZR,Neutral,2
Good news. #anzionmukaan #COVID19 #covid #CovidVaccine #vaccine ⁦@user https://t.co/23nYnv66ID,ProVax,1
Can anyone give us a crystal clear explanation?and just wondering why the children are not going to have the vaccine?because their immune system is strong?And why is it 90% accurate and not 99.9%.sound a bit questionable! https://t.co/NyF25MzrZ9,AntiVax,0
Y’all thought we forgot? This mf said they was gon make doses even before they knew if it worked or not. And now they talking about making the shit mandatory 😐😐😐#vaccine #COVID19 #yougotmefuckedup https://t.co/rku8rpdmdx https://t.co/6hCXXPQ3pf,AntiVax,0
@user Okay. People who think COVID-19 isn’t real also think that vaccines cause autism and are made with mercury,ProVax,1
"The first 3,900 doses of the Pfizer-BioNTech vaccine arrived at #Calgary International Airport Monday evening, Premier Jason Kenney called ""a game-changing moment in the fight against the pandemic."" Live reports on @user #yyc https://t.co/emyUAh7jmN",ProVax,1
"@user There is no way in hell I would put a vaccine into my body that comes out under or is advocated by the trump regime. More than obvious reasons. In fact, I trust #COVID19 more than I trust the trump regime. 🙄🦠#trumpvirus",AntiVax,0
Listen my friends I know this COVID-19 fiasco got some of y’all going bonkers & got y’all hella paranoid but Do not take that vaccine.. Again ❌DON’T❌ take the vaccine... #CarryOn,AntiVax,0
"@user I’m sure I’ll regret this, but one question; How is the flu (we have a vaccine) and corona (we don’t have a vaccine) remotely the same?",AntiVax,0
"There'a lot of information about #Covid_19 around, not all helpful. As well as the usual official channels, two people with useful things to say are: 1. @user on vaccine developments, & 2. @user on the hospital situation I think both are worth checking in on.",ProVax,1
"@user I won’t have the vaccine. I don’t think it’s safe. We”ve never been told recovery rates, we”re given no data to compare COVID-19 statistics to, and I trust my immune system far more than I trust the Government.",AntiVax,0
@user Hope some vaccine results will come with 99 % success rate soon for Covid-19,ProVax,1
"Distribution, lack of national registry top hurdles for Canada’s COVID-19 vaccine rollout https://t.co/ijdhHkwrjw",Neutral,2
Let's see if I got this: we are celebrating a vaccine that is 90-95% effective if you take it against a disease that 98% of us won't get if we don't take it. https://t.co/YgHwVfIp8p,AntiVax,0
This article creeped up on my timeline. Wish that I had read it earlier. It is informative and it's nice to know that there is some agreement to help lower-income countries gain quick and fair access to Covid-19 vaccines. The T&C's are worrying though 🤨🤨🤨,ProVax,1
Three cheers for medical research! The possibility of a vaccination against COVID-19 is a reminder how far health care has improved. Let's make sure everyone can benefit. Help fund research to develop a vaccine against Alzheimer's. £10 https://t.co/guzZRZtRrE https://t.co/99nFpApjYX,ProVax,1
@user And of those whose professions require them to travel and has done before COVID or a vaccine? As current travel restrictions even exempts those travelling for work purposes.,ProVax,1
"@user I don’t know what to think at this point. I know a woman at work who’s sister is a physically fit specimen. Covid...medically induced coma, ventilator, heart attack... I’m all for freedom and rights. Like to think the vaccine will work and it would be nice to have it if it did.",ProVax,1
I don’t believe a word of it! #COVID19 #vaccine is #DNA changing. What are long term effects? Do you know what’s in #vaccines? @user https://t.co/Wx05pVI6QG https://t.co/kbHiuzNgMz https://t.co/8dRqP4g4kH,AntiVax,0
Thread on the vaccine! https://t.co/hFCUWEsrii,Neutral,2
Passing the holidays this year amidst the COVID-19 pandemic can be stressful. You can cut the flu out of your list of worries by helping your community discuss the importance of seasonal flu vaccination and addressing seasonal flu vaccine hesitancy. https://t.co/AiCOInhlpD,ProVax,1
Err:509,AntiVax,0
"To all of my followers, please share this info with your friends and family if they are worried about the vaccine. No vaccine is fully 100% safe of course, but this is literally the safest and most advanced method of creating a vaccine yet. https://t.co/SlcsD017Cb",ProVax,1
When you discover you're sharing an office with an #anti-vaxxer who says they'll leave the country before getting a Biden mandated COVID #vaccine shot and telling me how more people have died of the #flu than #COVID19-this year Pray for me 🙏,ProVax,1
"@user My family don't want there's & there's plenty others too 🙄 virus has 99+% recovery rate, ave age death to #COVID19 is 82. Given history with swine flu vaccine Pandemrix now banned & obvious #ConflictOfInterest from #BigPharma I'll pass 🤣 https://t.co/jGAvd8WH0y",AntiVax,0
@user Do the pharmacies have the ultra cold freezers for the Pfizer shots? Logistics were never thought through. It’s a mess.,Neutral,2
@user Where’s Pfizer? Why is all the doses not being distributed? Even one half of the vaccine gives great protection to Covid. Just do something decent for America. That’s your job.,ProVax,1
"Covid-19 vaccine from Pfizer and BioNTech is strongly effective, early data from large trial indicate https://t.co/Me3nzbxId1 via @user",Neutral,2
From FireEye to Twitter to Covid-19 vaccine research ⁠— these were the biggest cyber attacks of 2020 https://t.co/gakyigiB8k via @user,Neutral,2
"FYI Apotex is the largest producer of Hydroxychloroquine, which if allowed to “pass” is a huge a threat to the vaccines being manufactured by Pfizer, Astra Zeneca and Moderna It is safer and cheaper than both by a long shot There is a reason the owner and his wife wound up dead",AntiVax,0
Ok yeah ill see you all when that Pfizer vaccine has arrived. ✌🏽 https://t.co/lUtCDU8652,ProVax,1
"@user Trump didn't do anything about COVID and the https://t.co/84bJjXgoZL for the Vaccines he said he would have the drug companies try to see who gets it done.He didn't do anything a name OperationWarpSpeed,is BS",Neutral,2
"Red Cross leader urged countries to combat COVID-19 vaccine misinformation, which he called a 'parallel pandemic' to the disease https://t.co/w5bCsCxyF3 https://t.co/lYzQTYVcs2",Neutral,2
"@user It's a shame isn't it, we now have a vaccine for the covid pandemic but have yet to find a cure for stupidity, they are either to stupid to understand or just hate black and brown people more that they are willing let this happen and agree even at the expense of their own life",ProVax,1
@user Our own immune system is 99.85% successful in defeating Covid19 so why would we risk an experimental vaccine only a debatable 90% successful. Which has never been used on humans & has been rushed through by a dishonest government who has lied about the whole thing.,AntiVax,0
@user There is no COVID-19 cure. This is a lie. You know that. There is no vaccine yet either. #Shameful,AntiVax,0
"Great day yesterday! #Biden's Covid task force ready, & news on 2 #COVID19 escape routes: 1. Lilly has antibody drug to treat high-risk Covid cases. 2. #Pfizer can roll out a #vaccine next year - almost as effective as the chickenpox vaccine! https://t.co/zSqoMrE753",ProVax,1
"Scientists are in a race to get a Covid vaccine ready before Christmas, with Ministers believing it is the only way to get Britain out of its current cycle of lockdown and other restrictions on personal freedoms. https://t.co/74uAPLomUj",Neutral,2
"@user Listening to this audio, it appears as though COVID-19 and vaccine only applies to the United States, not happening anywhere else... I hope that BioNTech delivers their vaccine to Europe and, particularly, to Turkey at least as early as to the US (it's a Turkish-German vaccine).",ProVax,1
"Moderna CMO: Vaccine Should Keep You From Getting Sick from COVID, But Maybe Not From Spreading It https://t.co/noOknhX246 you can not make this shit up!",AntiVax,0
These man think we are stupid. You couldn’t even structure a proper lockdown yet vaccine is ready in a few months? Yea low it https://t.co/YOruG1Does,AntiVax,0
UK's coronavirus vaccine taskforce chief faces questions over biotech fund https://t.co/MJZkM79FlN,Neutral,2
@user also the fda hasn't approved any vaccine for covid-19,Neutral,2
NEW: #Pfizer will request emergency use approval from the FDA for its coronavirus vaccine today. The company says it can produce up to 50 million doses by years end. $PFE @user #CovidVaccine #pharmaceuticals https://t.co/7vYXoXSFis,Neutral,2
Pfizer says its coronavirus vaccine is more than 90% effective https://t.co/KTw0LJ1ZIv,Neutral,2
"They say people who took the COVID vaccine have an ""unexplained illness"" but we all know what that is. https://t.co/lB9RZpFrQY",AntiVax,0
NPR is doing a piece right now about the new coronavirus vaccine and they just asked listeners to call in and let them know if they would take the vaccine . Who the fuck is out there thinking about not taking the vaccine???,ProVax,1
"So 48 hours post Pfizer COVID-19 vaccination, no side effects at all. Just another shot in the arm.",ProVax,1
"Literacy programmes, vaccine funder, Dolly Parton WonderWoman! https://t.co/ObTULlG14P",Neutral,2
@user How much time it will take to complete human trials?,Neutral,2
According to @user Morrocco is the first country in the world to implement a #Covid_19 vaccine....way to go 🙏🏿🖤 https://t.co/vVxpT0kS3z,ProVax,1
"@user Over 2,000 deaths a day from COVID-19 is not worth mentioning. What’s the matter with you, Sycophant? Smaller hands? Sick! The media has been all over the hopeful excitement about vaccines. Even when Media gives Trump credit, you twist it as negative w disinformation. https://t.co/ew27ThIvUG",ProVax,1
I’m depending on this group and Dr Fauci to tell me a vaccine is safe. https://t.co/UlRc4N3vIX,ProVax,1
@user Absolutely your choice - but I’ll take my chances with the vaccine rather than Corona - that’s my choice,ProVax,1
"@user The Sinola cartel and Pfizer agree with this aswell! Why hurt their profits is what i say, i mean yeah the government used drug control as an explicitly racist tool and lie about drugs constantly but im sure they were just wrong about weed. Just invested my money in Narcan stocks",Neutral,2
Promising news in search for a Covid-19 vaccine https://t.co/TG13fpVzmR,ProVax,1
"@user So far over the past 5-10 years, NO ONE has created a successful vaccine for any of the RNA-based (Covid-type) viruses (SARS, MURS, flu, etc.), and they’re still working to do so.",AntiVax,0
EMA organises public meeting on COVID-19 vaccines | European Medicines Agency https://t.co/9JaIUHIq4k via @user,Neutral,2
The global competition to find a Covid-19 vaccine. Who are they? https://t.co/CCsPhzljfC,Neutral,2
"As we are getting better at treating COVID, we must learn from early mistakes. Promoting treatments without evidence of efficacy is unsafe. There is no miracle cure - we must practice social distancing until there is an effective and widely available vaccine. https://t.co/zwmD7IKpBz",AntiVax,0
"@user what do you think of this article: If you're pinning your hopes on a Covid vaccine, here's a dose of realism | David Salisbury https://t.co/k9RdnD9uSo",Neutral,2
@user BOYCOTT TALKRADIO this Pfizer covid vaccin is poison ! It tales 8 to 10 years to fully test a vaccine ! STAY AWAY https://t.co/QXOA9xLhg0,AntiVax,0
"Americans could begin getting COVID-19 vaccines as early as Friday, an FDA advisor says https://t.co/XQcVAUTgHI https://t.co/Re7WEvs9HX",Neutral,2
"What happens if someone refuses vaccination? Ethicists urge clarity on COVID-19 rollout https://t.co/YcHlrRVpYE YOU WON'T BE ABLE TO: GET A JOB TRAVEL GET EDUCATED BASICALLY THIS DRACONIAN, TOO MUCH GOV'T IN OUR LIVES, ENFORCEMENTS WILL CREATE THE GLOBAL ECONOMIC COLLAPSE!",AntiVax,0
"to provide vaccines for the general public. Similar stories happened for the early corona-test kits back in May, where they were the few gifted dose of the test were exclusively used for officials and their relatives. 4/5",Neutral,2
PH scientist discover the Corona Virus Vaccine Thanks PH scientist Keep healthy and safe God bless all https://t.co/fqKnnVBVq1,ProVax,1
"This is fucking GREAT NEWS!!! This plus a Biden win has renewed my spirit. Y'all. We're gonna get thru this. There is light at the end of the tunnel.💖🇺🇲 ""Pfizer and BioNTech announce trial data showing COVID-19 vaccine is more than 90% effective"" https://t.co/4R3uXHvRxA",ProVax,1
The United Kingdom of Minnesota and Northern Michigan has declared war on Mid Dakota Casus belli: corona vaccine shipments,Neutral,2
"We work tirelessly to secure doses of potential coronavirus vaccines. Tomorrow, @user will authorize a contract for up to 300 million doses of the BioNTech & Pfizer vaccine, the most promising so far. This is the 4th contract. More will follow. https://t.co/uCJV6Xccz7",Neutral,2
https://t.co/2tFslOHX7j Cumo.publiy said he wont accept this vaccine e until his ppl approve it Stop the bullshit lying Cuomo is on video multiple times saying it's not welcome in NY https://t.co/acviuC9N0a,Neutral,2
@user Aren't you the littlest embarrassed that you can't supply us with vaccines along with the rest of the developed world? https://t.co/88LiASNm4C,ProVax,1
Scientists race to find 'warm' Covid vaccine to solve issue of cold storage https://t.co/JqUXHyiSdN,ProVax,1
"The American Committee of Experts grants approval for the ""Moderna"" vaccine against # Corona.",ProVax,1
"""More than 137,000 people in the UK have received the first dose of the Pfizer/BioNTech COVID-19 vaccine in the first week of the largest vaccination programme in British history."" https://t.co/ub3ic6GWcb @user",ProVax,1
FINALLY A STEP IN THE RIGHT DIRECTION 🥲 FDA approves Pfizer’s COVID-19 vaccine for emergency distribution in the US https://t.co/ZIyRylAcUN,ProVax,1
Na that vaccine go kill you...... U dey there with your face wen resemble cat wen lost her period.... Mumu https://t.co/c7mSa7jnai,AntiVax,0
"I swear to god when the corona vaccine comes out, if the anti vaxxers aren’t gonna get it, it’s on sight",ProVax,1
Biden elected on Saturday. An effective vaccine announced today. I am so not used to hearing this much good news! https://t.co/X1nee7ELN4,ProVax,1
"@user Where would we be if they said that about the polio, rabies, smallpox vaccines just to name a few viruses? There are deadly viruses that require a vaccine and there are non lethal ones that don’t. Covid-19 has already proven to us it is lethal.",ProVax,1
"Moscow, Moscow, drinking vodka all night long 🎵 Keeps you happy, makes you strong, hoh-hoh-hoh-hoh-hoh, hey! 🍺 🎵 #vacuna #RussianVaccine",Neutral,2
Time needs to be given to see if these vaccines produced in so many countries have any nasty side-effects as so many drugs can. Have people forgotten thalidomide and it’s devastating effects on unborn children? https://t.co/03zHGhYm8L,AntiVax,0
Corona virus..we keep being told it won't go away. We need a vaccine before we can return to normality. Germany are lifting their lockdown..Greece hardly any fatalities talk of lifting theirs. They haven't got a vaccine. I am beginning to think we are headless chickens.#Clueless,Neutral,2
@user I'm sure all the scientists working on the Oxford vaccine were British & that no cooperation across borders was conducted. Currently a German-Turkish-German-American vaccine is saving the UK. What an utterly idiotic article.,ProVax,1
This is why the lockdown and border closures were worthwhile - buying time can get you to a vaccine. https://t.co/p6YoiikJvn,ProVax,1
Not rabies but first corona vaccine should be given to him for test #ArnabNeedsRabiesTreatment,Neutral,2
"Over 250,000 Libyan children are at risk due to severe shortages in vaccines, said @user and @user in a joint statement. The situation is made worse by the continued armed conflict and the COVID-19 pandemic. #Libya #ArabiaPolicy",ProVax,1
"The coronavirus (COVID-19) is a rapidly evolving threat, and the synthetic DNA that can help discover a vaccine and treatment is needed now — not in eight to ten weeks. Learn more: https://t.co/8QSZ6Yk4nf #covid19 #coronavirus #research https://t.co/tHle6098XK",ProVax,1
"@user 737 already passed away today. England & Scotland have already started administering the 1st COVID vaccine. Congratulations to England & Scotland. What is Americas plan? Wasting time? 1st should be all medical employees, law enforcement, EMT/paramedics/fire, then senior homes.😷",ProVax,1
Hallelujah We now have a vaccine for Covid. Trump gas been on top of this virus since China decided to tell our government and Trump went to work to save lives of our people https://t.co/iN3xkNXgAy,ProVax,1
"Wont be takening any vaccines that replying to @user recommends because he has been taking Coronavirus drugs and now he's gone Booker's 🤡 and he's a racist 🤡 https://t.co/qbweyKYsko",AntiVax,0
The covid vaccine turns you into a bat. Pass it on.,AntiVax,0
How can Pfizer say one thing about its vaccine last week and say something else the following week after a Moderna press release? Did Pfizer ran an entire study in one week? Give me a fucking break. FAKE NEWS https://t.co/jx3Ewz3xIZ,AntiVax,0
@user I am writing to you in concern of the racism and speech of hate posted by the general manager of Sanofi pasteur in EGYPT Dr. Nibal Dahaba. She posted on her Twitter and Facebook accounts a speech of hate against the healthcare professionals on may 25th 2020.,Neutral,2
Key Words: ‘Help is coming — and it’s coming soon’: Dr. Fauci outlines when COVID-19 vaccine will be available to all Americans https://t.co/CVAq5gqtRz https://t.co/UfVs8ebJUv,ProVax,1
whoever discovers a vaccine for COVID-19 ! deserves a NOBEL PRIZE!🙏 #corona,ProVax,1
"During the presidential debate last night, President Trump made several misleading statements about COVID-19, including his promise, “You’ll have a vaccine soon.” See 9/29 at the PANDEMIC OF MISINFORMATION blog for details @ https://t.co/vPZmt4Czsx",ProVax,1
@user What? How is that an odd headline and how did you even form that conclusion? The snow is going to inhibit traveling...and the trucks that are bringing COVID vaccines might be held up...due to the snow?,Neutral,2
“The standard coronavirus tests are throwing up a huge number of positive cases daily. These tests are done based on faulty WHO protocols which are designed to include false positives cases as well.” #COVID19 @user #ikvaccineerniet https://t.co/OloHKfC4St,Neutral,2
"Biden, who tested negative today for covid, has not been vaccinated. His aides have said that he could get the vaccine “as soon as next week.”",Neutral,2
Iam not happy to hear that the vaccines will be available in the new year but in the same time i will be happy because I wil not wear the mask to protect the fake virus🤨👌😌😷@user #COVID19 I will not take vaccines 💉🤒😷🤫,AntiVax,0
SAP picked by Moderna to help distribute COVID-19 vaccine candidate https://t.co/52cnKOltSk,Neutral,2
"Do NOT take any type of COVID-19 vaccine, if and when one becomes available.",AntiVax,0
Finally some positive news on a COVID vaccine! https://t.co/p7xATo1yiu,ProVax,1
Six rhesus macaque monkeys inoculated with the Oxford vaccine and exposed to the virus were healthy 28 days later. The exposure had consistently sickened other monkeys in the lab. Promising (but not guaranteed) sign! https://t.co/9dwFV3S4it,ProVax,1
This week's #ReNewHouston in Thursday's @user New nurses administer first doses of COVID-19 vaccine at St. Luke’s https://t.co/50Dl79bgf3 ✍️: @user 📸: @user https://t.co/HxCkJo42yV,ProVax,1
"You know what, I hope Bill Gates is trying to get everyone. That’s what y’all get for doing him dirty with Internet Explorer and Bing. A man can only take so much. #billgates #COVID19 #vaccine #COVIDVACCINE",Neutral,2
“RFK Jr says Dr. Fauci will profit from COVID-19 vaccine. If this is true Fauci needs to be investigated because usually patents are the property of the employer which is the US government in this case.” From #DoctorDave,Neutral,2
"A @user professor specializes strategic health communication practices and the influence of media coverage on health decisions, like the decision to get vaccinated. Dr. Kelly Daily weighs in on the COVID-19 vaccines: https://t.co/zbRMz1uAJo",ProVax,1
‘It’s really complicated.’ United States and others wrestle with putting COVID-19 vaccines to the test https://t.co/AgRnzZy9ap,Neutral,2
"Some good news today. Among the vaccine manufactures the Philippines is in talks with is Pfizer, through the Department of Foreign Affairs. Fingers crossed the findings hold up till the end of trials https://t.co/W6tkhO3c3M",ProVax,1
#Moderna says new results show their #COVID19 vaccine works well. Read more here:,ProVax,1
@user Grey swan - covid peak during extreme federal dysfunction. Hospitals full. No functional plan to distribute vaccine. Virus mutates. Oh shit.,Neutral,2
@user thanks for sharing I totally agree #security is critical Read my overview of contact tracing: https://t.co/1R4rtjZxuR #COVID19 #CovidVaccine #pandemic #pandemia #privacy #trust,Neutral,2
"Good news on the Oxford vaccine front too. Note, it's standard science to view Gene's & biology impacting immune responses. Immune system specificity is determined by genes & as it's a physiological system too you can take it as a given that obesity, diabetes etc will impact too https://t.co/yghVhRAiXo https://t.co/ezgxTn5SU3",ProVax,1
@user that's the rule in our household .. no vaccine https://t.co/7Fc0nhsK2O,AntiVax,0
"@user highlights impact of #Covid19 on #children: 150 million likely affected by #poverty, 188 countries imposed school closures affecting 1.6 billion children, children missing out on vaccines, exposed to #violence & potential increase in #childlabor #ENOCConference2020 https://t.co/DyB58r64RM",Neutral,2
Pfizer and Moderna SNUB Donald Trump's White House vaccine summit #SmartNews https://t.co/PT9bkbkl0D,Neutral,2
#MODERNA INC ONE OF PHARMA COMPANY RUNNING IN RACE FOR COVID VACCINE CMP 65 FORMED STRONG BASE SUPPORT AT 55-50 LEVELS AS LONG AS THIS HOLDS ITS NOW OPEN FOR UPSIDE LEVELS 96--106 MINIMUM #DOWJONES #NASDAQ,Neutral,2
Me if the government try make the #COVID19 vaccine mandatory. #IDoNotConsent #Boris https://t.co/pfDZagrcwA,AntiVax,0
"OMG 😳😳Professor Sir John Irving Bell talking about #COVID mRNA #vaccines. ""These vaccines are unlikely to completely sterilize a population. They are very likely to have an effect which works in a %"" Starts at 3.07 #CovidHoax #Plandemic",AntiVax,0
are they distributing covid vaccines to nursing homes because they're old and their deaths won't affect the economy if the vaccine harms them?,AntiVax,0
"#Pfizer BioNtech #vaccine can kill the #pandemia, will save mill lifes n world economy .. https://t.co/20gpk5D61s",ProVax,1
"Brazil suspends trials of China's coronavirus vaccine, citing 'serious adverse event' https://t.co/BaWn7uw0dx",Neutral,2
@user wants to hear the views of people in #Leeds about the roll out of coronavirus vaccine? Please Complete our really quick survey here https://t.co/WJc58BfEH2 #WeeklyCheckIn #RT https://t.co/netyaXOl6g,Neutral,2
@user This is a very interesting thought! I have also heard on the radio how packages may be held up due to a COVID vaccine being shipped out as it would take priority. #MAVORG,Neutral,2
How can anti vaxxers be so excited of the covid19 vaccine? 🤔,Neutral,2
A Great one to know that #COVID19 #vaccine offering 90% protection. Congrats 👏👏@user #CovidVaccine 🤗,ProVax,1
@user I don’t know you but I along with your family and friends are so glad you survived. I just wish the was more support and intervention for people with mental health issues. Unlike COVID-19 mental health issues will never be defeated with a vaccine. I salute you SPC.,ProVax,1
If you believe the Covid vaccine can make you infertile then please don’t have kids because your stupidity should not be passed along,ProVax,1
Who knew a virus pandemic had a brain... 🤔Logical Thinking. #TheGreatAwakening #WWG1WGA #InItTogether #vaccine #SARSCoV2 #Covid_19 https://t.co/6BDAvQ9Ycm,ProVax,1
"No thanks, I can do that with a few pints 🥃 Coronavirus vaccine volunteers describe 'severe hangover' side effects from jab https://t.co/aNro90JBjc",AntiVax,0
Moderna to charge $25-$37 for COVID-19 vaccine: CEO https://t.co/3B6LKvAxwi https://t.co/V5VmeXuBeQ,Neutral,2
So very proud of all of our Residents and other hospital staff for stepping up to administer the Covid-19 vaccine! It couldn’t be done without you. Thank you for your dedication to your patients and our community.👏 @user,ProVax,1
@user Potential side effect; Not dying from #COVID19 I’ll take the fucking vaccine.,ProVax,1
@user Deep State....Pfizer lobbied to the tune of $300M.....you think they don’t own some politicians??,AntiVax,0
G20 says it will strive for fair global access to COVID-19 vaccine #G20 #COVID-19 #Coroanvirus https://t.co/ZxPijzz7qa https://t.co/Kb0nlKW3Qo,Neutral,2
"Fuck me, this is exactly what the top government advisor said WASN’T going to happen last week. He categorically stated the “vaccine” would go through all the regular stages of tests & review ...... Doesn’t look like it !! #ImNotTakeingThat https://t.co/8sQMLsB7xh",AntiVax,0
We don't want your fucken #vaccine we don't want our DNA changed we don't want to be controlled by the #elite. FUCK IT OFF US company Pfizer says early data signals COVID-19 vaccine is effective https://t.co/ZC0kQD4rNK,AntiVax,0
"French doctors suggest testing Covid-19 vaccine in Africa, slammed as ra... https://t.co/V5jZ7cNAS9 via @user",Neutral,2
"@user Virus named 'bhakt' is more contagious & killing than 'corona'. Hope somewhere, someone working on its vaccine too...",Neutral,2
Boom! Corona Virus Vaccine complete!! Eat a Dick Bill Gates!! https://t.co/MZHoxUpJZh,ProVax,1
"More from @user ""As with everything else Trump has said in his entire life he’s lied....leading to a very real understandable wariness concerning any announcement by Trump Admin about a #vaccine” #HST440 @user story here: https://t.co/KrO5ISMTAO",Neutral,2
That coronavirus vaccine came through like a meteor.,AntiVax,0
Hugely proud moment when a #turkishcouple find a promising new #vaccine for Covid-19. 👏👏👏 https://t.co/yGYXhhMzzA,ProVax,1
"@user Exciting news! Let’s hope this is the beginning of the end of this pandemic Let’s also hope that if indeed the vaccine is effective, it will then be distributed fairly and equally around the globe 🌍 https://t.co/Of3ZnrUKEM",ProVax,1
"You could be forgiven for mistaking this Dick Tater for the current U.S. President, but this is actually Dr. Richard Tater, President Trump's current top pick to succeed current NIAID Director, Dr. Anthony Fauci https://t.co/MBLrrWM6mt",Neutral,2
https://t.co/DYufZa6ikw - good question: Covid-19 vaccines - will any country get left out?..@user,Neutral,2
"Top story: Moderna to apply today for FDA authorization for its Covid-19 vaccine - CNN https://t.co/HFGeBU9Hzd, see more https://t.co/wFcUorFatV",ProVax,1
"Right after this $VXRT article and video came out this morning interviewing Vaxart CEO Founder on Advantages, Clinical Trials & Future Progress of their Covid Vaccine in 💊 Pill Form the stock is going up higher now: https://t.co/xlJ0UQRarm",Neutral,2
"AstraZeneca likely to conduct another global trial of its COVID-19 vaccine, CEO says https://t.co/c7RNgALfmE",Neutral,2
"""Pfizer and BioNTech announce trial data showing COVID-19 vaccine is more than 90% effective"" https://t.co/xBgqWp4tdE",Neutral,2
"AstraZeneca vaccine shows strong immune response in elderly, appears safe in study. https://t.co/eul8K87Iyb https://t.co/cGYgo6HmxN",ProVax,1
"Coronavirus vaccine could be available in San Bernardino County as early as next month, official says https://t.co/3t71bOsA3a via @user",Neutral,2
if you believe you’ll be microchipped whenever you get the COVID vaccine just shut the fuck up,ProVax,1
@user Over my dead body will they force me take a Coronavirus vaccine. That’s a promise.,AntiVax,0
Does Jacob Rees-Mogg hold shares in AstraZeneca? Asking for... reasons.,AntiVax,0
This administration lies about EVERYTHING! They kill us by not taking #COVID19 seriously & then try to take credit for potentially saving us with #Pfizervaccine that #Trump had NOTHING TO DO WITH! Pfizer said outright they wanted no money and no help from this administration!,Neutral,2
Russia says its Sputnik V COVID-19 vaccine is 92% effective https://t.co/77mbDViuRU https://t.co/RHdD7JuJL9,Neutral,2
"@user Funny how Trump & his supporters can't tell the difference between congratulating the scientists & congratulating yourself. And with every respect to Moderna's vaccine, two more announcements are imminent from Europe & UK with exactly the same results.",ProVax,1
EU to sign supply contract for Moderna #COVID-19 vaccine on Wednesday https://t.co/Z5YX28UM8f,Neutral,2
Good news but NO rushed vaccine please as people's health & safety comes first! https://t.co/pquVZrP7zg,AntiVax,0
"I refuse to take any #coronavirus #COVID19 vaccine distributed by a @user Administration. I will never trust it, ever.",AntiVax,0
Donald Trump has completely whacked out meltdown about coronavirus vaccine https://t.co/BeroPYhZ5L via @user,Neutral,2
"I had no plans to get the COVID-19 vaccine. But with Joe Biden as president, suddenly I trust one a whole lot more.",AntiVax,0
US Says China Trying to Steal COVID-19 Vaccine Research - https://t.co/x3khMT6E5X #itsec,Neutral,2
"💬“A game-changer” 💬“Possibly the greatest medical advance in the last 100 years” 💬""More than 90% effective"" How drugs giant Pfizer is describing the potential of its COVID-19 vaccine @user reports⤵️ #VMNews | #COVID19ireland | #COVID19 https://t.co/JwNbDoLRYJ",ProVax,1
@user vaccines for cov2 don't save lives but that is ok. Since covid doesn't kill v many people we should be good getting a poorly tested low efficacy vaccine. You could make it a saline placebo and that would be even better with same outcome but safer for all https://t.co/9CWkAxBOxP,AntiVax,0
"Once a COVID-19 vaccine is ready, it should be free and accessible to all Americans.",ProVax,1
Indeed what is the point of this vaccine garbage. Masks and anti social distancing are not going away anyway ! #WakeUpEverybody https://t.co/aErh4u5mHr,AntiVax,0
Execllent information on the timeline for covid vaccine research,ProVax,1
Drug-makers are steadily moving towards a safe vaccine for COVID-19. Moderna has speculated that they will know if the vaccine they are developing is safe by the end of October. #COVID19 https://t.co/HkzzKs711r,ProVax,1
Say no to vaccines https://t.co/YpMnR4GQxz,AntiVax,0
"always astonishing to me that a significant number of Brits say that their government has failed to handle COVID well, only to turn around and say ""and also, I won't take a vaccine and I won't wear masks and I think business ought to stay open and social distancing doesn't work"" https://t.co/oc8TrnOyJf",ProVax,1
"Pfizer says its coronavirus vaccine is 90% effective. Here's how that compares to shots for the flu, measles, and more. https://t.co/2AN7kShFLR",Neutral,2
Isn't this a good thing! #coronavirus #vaccines #PositiveVibes https://t.co/KdPlF62kLP,ProVax,1
@user It’s a 13 year old MERS vaccine that’s been recoded to work as a vaccination against the current strain of coronavirus. Of course they have indemnity orders in place - their shareholders would never allow it otherwise. It’s still had clinical trials and has had thousands before.,Neutral,2
Coronavirus Update: CDC committee votes on U.S. vaccine-distribution plan https://t.co/kRUb7sO2wF,Neutral,2
"@user As a result, it is Cuomo that cast the first lie (as that is of surprise).",Neutral,2
"@user You probably need it more than I do because the supply is finite and you would be more than likely to come into contact with covid-19. It's just logistics. I might be third or possibly second. But yes, I do want that vaccine as well. [..]",ProVax,1
no thanks i'm not taking the antichrist vaccine https://t.co/XZxF00evDf,AntiVax,0
Billionaires life: WV Governor Jim Justice Jumps To The Front Of The Covid Vaccine Line While Coal Miners Will Have To Wait https://t.co/Yjhp1yhImq,ProVax,1
"@user https://t.co/25EMkIpTDM Jan 10 Bennett on a call with Graham, China’s viral outbreak came up. That weekend the Chinese govt posted the viral sequence. Moderna’s scientists went to work on a COVID-19 vaccine. It was January 13. Donald was in New Orleans, at a football game.",Neutral,2
"@user ...There is virtual silence on the success of President DJT’s Operation Warp Speed to accelerate the testing of a COVID-19 vaccine. Interestingly, Biden and the media have no explanation as to why is there an uptick in coronavirus cases when most Americans are wearing masks...",Neutral,2
Ep. 147: Headline Hotdish for this week is up! Listen Here: https://t.co/gs3utcbAyc ActBlue - Trump trashes Tony - 8 Million slip into poverty - No Covid Vaccine before Election - Herd Immunity - Europe & Covid - Malarky Factory - New Zealand Election - Babylon Bee - and SGN!,Neutral,2
Possibly but the market does not seem to believe it as much as for US vaccines...@user https://t.co/F1wxJQrpEI,AntiVax,0
@user Survival rate for #COVID19 is 99.87% according to @user - personally I’ll take my chances with the virus! Vaccines take years to develop and test - they have no idea what the long term effects of this could be. Note - I’ve taken plenty of other vaccines in my life!,AntiVax,0
Please god let this be the light at the end of the tunnel 🙏🏻 PLEASE can we live normally again in 2021 💫 #vaccine https://t.co/9FFEFNdUB6,ProVax,1
This is a great approach for speaking about #CovidVaccine hesitancy! #IDTwitter #MedTwitter,Neutral,2
"PMO India We are deeply indebted to our PM who is so dedicated and monitoring reg covid vaccine for his country. We all wish him long, safe and healthy life to do so many things for people. Stay blessed sir",ProVax,1
"🔴BREAKING🔴 Pfizer will seek regulatory review within days for its coronavirus vaccine, which it says is 95% effective. Yes 95%. This is light at the end of the tunnel news. Until distribution - wear your fucking 😷 https://t.co/U4aeHZvcvT",ProVax,1
"#Corona #vaccine is our priority No 1. For that to happen quickly, #China has to tell all: Ravi Batra🇺🇸 - Welcome to The South Asian Times https://t.co/ob78NDLO4g",ProVax,1
People who got Pfizer’s coronavirus vaccine revealed the side effects you can expect https://t.co/39ZZC6xf9m,Neutral,2
@user 90% effective the vaccine according to reports...what’s in the other 10%? Speed? Meth? Animal cells? #coronavirus,AntiVax,0
"@user but the vaccine prevents you from getting COVID which prevents you from occupying a hospitals ICU bed. Those ICU's would be better served occupied by people hurt in a car accident, for example, that can survive. If you're there because you don't want to vaccinate then the car",ProVax,1
Will transparency by #Moderna via @user give you more confidence to get the #covid #vaccine sooner rather than later I'm still not sure I will. #trust but verify. https://t.co/vmlQdnXRqs,AntiVax,0
@user Mystery solved as to why CEO sold millions in company stock when Pfizer announced its vaccine. The solution that requires -1000C storage temperature is somewhat less practical than the one that only needs a fridge.,Neutral,2
Why does Pfizer need legal protection if the vaccine is safe?! #vaccineuk https://t.co/FfYnloEPJE,AntiVax,0
@user Not mutually exclusive... Maybe they can call half the batch that so the MAGAts will actually take it.,Neutral,2
"@user Well we have made progress. The fatality rate is dropping as we learn to treat an unknown virus and we have a vaccine on the way in record time. Look, I’ve lost people to Covid. I know it’s real. Trump didn’t handle it perfectly and the media was accurate with their reporting",ProVax,1
"Now, i really wanna see who patents the Covid 19's Vaccine this time? Maybe we would really know the Q's behind the mess that we see around today. @user know a few who already did recently? https://t.co/wLBeohB9Nz",AntiVax,0
"@user The moronic things you have to believe to follow your logic are a) Trump is a Pfizer virologist or b) no other president would fund research to stop a once in a century pandemic. Judging from Trump’s incompetence in meeting the challenge otherwise, I’m not convinced of either.",AntiVax,0
probably getting the covid vaccine next year just to see what happens to people who get it day 1,AntiVax,0
"Thanks, but no thanks! ""Pfizer and BioNTech say their vaccine is '95% effective' and has passed safety checks"". #Pfizer #Evidence #vaccines #Covid_19 #COVID19 #ToryCorruption #HydroxyChloroquine #LockdownChaos #lockdown2uk #lockdown https://t.co/Bsqp1L5izn",AntiVax,0
@user This is more about the people who aren't anti-vaxxers but a hesitant about a rushed COVID-19 vaccine.,Neutral,2
"BREAKING—Updated results from Pfizer said it’s #COVID19 vaccine is 95% effective (vs 90% in previous early results) and had no serious side effects. 94% effective in older adults. Of 170 cases, 162 in placebo. Of 10 severe, 9 in placebo. This is HUGE!! https://t.co/OSY2hakKF8",ProVax,1
Does anyone know how the government has come to the conclusion that Liverpool will be the the first City to trial the COVID 19 vaccine ? #NationalLockdown #Pfizervaccine #COVID19,Neutral,2
@user #Covidvaccines Heard today from a friend that her brother who is working on documentation of the Covid vaccines that they can’t get the antibodies to last more than 39 days. We would have to get a vaccine every month!!!!,Neutral,2
If that coronavirus vaccine makes me grow a new head but once I can get on a plane and get out of here if I have it then ✨ hook it up to my veins ✨,ProVax,1
"@user I’m unsure. I have autoimmune conditions so I want to find out how it would affect people like me. Eg, when I had the swine flu vaccine, my immune system flared up and I was sick for months. That said, it’s not certain how my immune system would react to getting #covid19 either",AntiVax,0
"Oklahoma could receive approximately 40,000 COVID-19 vaccines this month. The first vaccines will got to frontline health care workers and workers in nursing homes and long-term care facilities. Timeline for vaccines for the general public is still TBD https://t.co/MnUwsf3CeY",Neutral,2
"A vaccine that is 90% effective would allow us to easily achieve true herd immunity. Even if we had a worryingly significant number of anti-vaxx / anti-science lunatics in our society. Which is fortunate, because we do. #Pfizervaccine #Pfizer #COVID19 #coronavirus #ireland",ProVax,1
"@user Mr. President, you are one of the hardest working U.S. Presidents I've ever seen much RESPECT Sir; that said..I Will NOT be taking that Vaccine that unfortunately has ties to Gavi or Moderna that goes all the way up to BILL GATES who wants depopulation of humanity#medicalfreedom",AntiVax,0
@user Give it a rest and try to find a vaccine to help cure corona,ProVax,1
"""The new regime of #COVID19 vaccines is both unnecessary and risky. Readers should ignore the hype and do their own research. Take responsibility for your own health and welfare. Do not expect the media or public health officials to tell the truth. They won’t..."" https://t.co/dShjVuHHwP",AntiVax,0
Fauci apologises for ‘misunderstanding’ after suggesting UK rushed Covid vaccine approval https://t.co/JXEYWEut2k,Neutral,2
"@user That’s surprising you have said this Covid-19 is not a problem, I hope you stick to your guns and avoid getting the vaccine... you have caused so much misinformation and death. You are a walking sedition case!",ProVax,1
"Stability of #Moderna's #Covid19 vaccine could ease distribution challenges. The vaccine is stable for up to six months at a temperature of minus 20 degrees Celsius (-4 F), about home freezer levels, when shipped and stored. https://t.co/2Bw1hDcQZG #coldchain #modernavaccine",Neutral,2
🔥Covid-19 Immunity May Rely on a Microscopic Helper: T Cells 👉 https://t.co/5m7nk0d2PS #news #tech #computer #game #live #health #news #coronavirus #covid-19 #diseases #medicine #vaccines #web https://t.co/qHJwEO1dd0,Neutral,2
"@user No one has ever been able to create a vacinne for any coronavirus. No vaccine claimed by any pharma for this ""virus"" will ever work.",AntiVax,0
"@user #Makemoney #Moneysystem #Discovermoneysecret #Onlinebusiness #Businessopportunity #Homebusiness #Moderna #coronavirus #coronaviruskenya #Covid_19 #COVID19 #ramadan Watch your Haters Drown In Jealousy, Once You Discover The Secret https://t.co/sGBJX1NpNc",Neutral,2
"@user I'm still learning in this context. Can't blame anyone. But seriously if one has to choose between Corona vaccine and God, what would most choose? Shall we call the person choosing vaccine, greedy?",ProVax,1
FYI @user #Coronavirus vaccine didn't gave anything to do with you! Stop taking credit! https://t.co/NDMAef3PGX,Neutral,2
"Attn all Magats: Dr Redfeild of the CDC just announced that masks are, in fact, the best protection against Covid. Even better effecacy than any vaccine. Would he say that if Covid was a hoax??? Wear a damn mask people!!! #Dems4USA #Biden2020 #TheRealDonaldJTrump",AntiVax,0
It’s not a vaccine if it hasn’t cleared all trial phases! Russia looking for partnership with India to produce #Covidvaccine : RDIF CEO https://t.co/MPBmiQWoGL,Neutral,2
"Pfizer's late-stage coronavirus vaccine trial is near complete enrollment with 42,000 volunteers https://t.co/6Q0y2JwDfq #business #news https://t.co/8kvyepFALT",Neutral,2
"Archbishop Anthony Fisher of the Catholic Church has an ""ethical dilemma"" over Covid vaccine but is Patron of Dooley's, which stripped $511 million from pokies players over 10 years https://t.co/ESPganaCzz",Neutral,2
Many corona vaccines R DNA/RNA based & when taken manipulate DNA of the body. These vaccines R NEW technology & medical not explaining this well but keeping in ignorance! https://t.co/3FsgamRpQO,AntiVax,0
I really hope this is the vaccine we've all been waiting for and that it doesn't carry any long term risks. https://t.co/TNerx1hJj2,ProVax,1
You do know that they skipped animal testing because every previous coronavirus vaccine failed at that stage? https://t.co/n73TC629fg,AntiVax,0
Covid-19 vaccine research is also going to improve your yearly flu shot https://t.co/0YFe17lVbJ,Neutral,2
"Join the Movement #GlobalCall4Water Until there is a vaccine or treatment for #COVID19, there is no better cure than prevention. Water, sanitation & hand hygiene, together with physical distancing, are central to preventing the spread of COVID-19 @user https://t.co/Pt1NnDsgK6",ProVax,1
"@user It always is. THE TRUTH IS OUT THERE MAN! Tell me then. What’s wrong with the @user vaccine? Because if you had important information affecting the health of millions, you wouldn’t keep it to yourself would you?",ProVax,1
"Really big news. In the meantime keep eating the masks and social distancing. Covid-19 vaccine candidate is 90% effective, says manufacturer | Coronavirus | The Guardian https://t.co/2N87BctfUc",ProVax,1
Much-needed good news all week on the COVID vaccine front. https://t.co/QYR4THX8H2,ProVax,1
"Respecting the @user Chinese are still consuming the bats,rats,frogs,pigs wildlife animals at their open markets,kindly urge to chinese to stop eating it,until the CORONA virus vaccine is available,thank you. https://t.co/uw0OP1ayvc",ProVax,1
I am scheduled to recieve a covid-19 vaccine. Sinopharm!,ProVax,1
Good news! Pfizer says Covid-19 vaccine 90% effective in Phase 3 trial. Source: Agence France-Presse https://t.co/G7IaDjmseD,ProVax,1
I don't care! I'm not going to take a vaccine that has a 9% worse survival rate than nature itself! Call me when it's 100% effective! https://t.co/GZ5LTf9QUg,AntiVax,0
The announcement by Pfizer of a potential Covid-19 vaccine can be seen straightaway in the Stock Market....fingers crossed https://t.co/XgWuhA85JW,ProVax,1
I just realized that that the name “Moderna” comes from “mRNA.” Just wanted you all to know I’m the last to figure it out. Carry on.,Neutral,2
Coronavirus: China takes risk in rushing to use unproven vaccines https://t.co/2h9LGUOjxy,Neutral,2
I'm not even a minute into reading a covid vaccine reddit thread and it already devolved into smart vs dumb name calling .... sigh,Neutral,2
I will risk my life to go to a concert. Plz inject me with a non-regulated vaccine https://t.co/eN5ueeja0m,ProVax,1
"How Novavax Stock Surges 2,500% On Vaccine Hopes—Despite Having No Real Product https://t.co/gF8DPnOZBM https://t.co/ExRfDGFzj7",Neutral,2
"@user YUP ! AND YOU HAD ABSOLUTELY NOTHING TO DO WITH THIS !!! MAN HOW MUCH GOOD NEWS CAN WE TAKE IN ONE WEEK. LAST WEEK WE FIND THAT YOUR LYING A$S IS VOTED OUT, AND THIS WEEK PROMISING NEWS ON A #vaccine #coronavirus #Election2020 #TrumpIsLosing",ProVax,1
Prime Minister Of Australia Says COVID-19 Vaccine To Be Mandatory by @user https://t.co/kACY1hoJvl,ProVax,1
@user #SecondPlaceTotheUK #UKWonVaccineRace #TrumpLostVaccineRace UK beat you. Biden beat you. SCOTUS beat you. And Obama beat you as the most popular president of all time. Trump = secondf'ingplace. You're Fired Trump. #YOUREFIREDTRUMP And you gave no money to Pfizer for vaccine dev.,ProVax,1
#Trump takes credit for #COVID19 #vaccine but millions of his supporters from #Evangelicals to #Qanon conspiracy spreaders to angry white men are anti-vaxxers. It’s great when #antivaccers can (and do!) only infect other anti-vaccers & their families https://t.co/BKJPxPRdJA #qt,ProVax,1
"Exciting news about a vaccine! Our portfolio is up 1% today, with the FTSEAS rising 5% we are on track for a 0.2 beta meeting our fund objective! Great start to our fund. #ES20070 https://t.co/7viwsYFK1w",ProVax,1
@user Good. Please don’t take the vaccine. Get Covid19. Get sick and die! One less mouth to feed!! 🙄🙄,AntiVax,0
When will a coronavirus vaccine be ready? https://t.co/r0FEwv3eVQ,Neutral,2
@user It should be noted this vaccine was NOT developed through Trump’s WarpSpeed program. He’ll take credit but he shouldn’t.,ProVax,1
"Richard Martinello, MD, Medical Director of Infection Prevention for @user answers your most-asked COVID-19 vaccine questions. For more information on the vaccine: https://t.co/naBstT2bsI #crushcovid",ProVax,1
The U.S. is going it alone in the global race for a COVID-19 vaccine https://t.co/TX3bgizHPo via @user,ProVax,1
"COVID numbers are bad now, far worse than they've ever been. But my guess is it's about to get way worse. Thanksgiving, Christmas, other December holidays, New Years... we're in for a hell of a ride. Possible vaccine in April, though. Just stay home and hang tight a bit longer.",ProVax,1
The latest The Coronavirus AND CoVID Daily! https://t.co/gzOu5vgyId Thanks to @user #coronavirus #vaccine,Neutral,2
Wondering not speculating if the RNA covid vaccine will be the triggering mechanism for a zombie apocalypse everyone has been predicting for years?🤔 https://t.co/LFsmWAr12V,AntiVax,0
"@user You’re right about that, but with a vaccine less people will likely get the virus. This is good news. The flu virus has never gone away completely, so we shouldn’t be expecting coronavirus to go away either",ProVax,1
"Great news for the vaccine manufacturers 🤦🏼‍♂️ your immune system is still better if you take care of yourself, exercise, eat healthily, no processed foods, sleep https://t.co/FgSTMaPJAT",AntiVax,0
"@user Must Watch: Latest German #COVID19 analysis explained #Vaccine ""Corona is just getting started"" #covid19 (Corona geht gerade erst los, English CAPTIONS NEEDED) https://t.co/7M8UiAAe3D",Neutral,2
"People complain about taking a COVID-19 vaccine that has been tested by top scientists, but will happily fill themselves with Coke that’s been up some smugglers ass and probably has bits of glass in it.",ProVax,1
"Amazing how fast we developed the Covid-19 vaccine. It took humanity thousands of years and lots of testing (poultices, spells, leaches etc) for humans to develop the first ones.",ProVax,1
Dow jumps 360 points on Moderna COVID-19 vaccine news https://t.co/bkJKqk9CxY via @user,Neutral,2
"@user I highly doubt it has any. We have decades of coronavirus research, and vaccine development. Should be more effective than the flu shot because there’s only one real strain. I’m confident. I will vaccinate entire family at first chance.",ProVax,1
Never mind @user taking you to Mars. The @user share price is about to go to another galaxy. #🚀 #stonks,Neutral,2
https://t.co/C64d64hi2l Still not taking it #Pfizer #COVID19 #coronavirus #coronavirusvaccine,AntiVax,0
"You cannot force public trust; you have to earn it by being humble and transparent, and by listening. An epidemic like #Covid_19 is not only technical and medical — they are not cured only by science or vaccines https://t.co/QX1auHuTjN",Neutral,2
Kind of amazing to see the same sort of people that usually downplay the flu and mock those getting the vaccine are the ones using it now as an example of supposedly being more serious than COVID-19.,AntiVax,0
"@user “And until we have a vaccine, Governments and people must do all that they can to suppress transmission, which is the best way to prevent these post-COVID long-term consequences,” #WearAMask #WashYourHands https://t.co/fEoVPJ6M0a",ProVax,1
"@user Absent an effective “zero COVID” strategy (working T, T & I, border restrictions etc), the unfortunate truth is until a vaccine is available - lockdowns are the only instrument in a government toolkit that can suppress the virus and prevent the collapse of the health system",ProVax,1
"@user Especially all those idiots who are anti-mask, anti-vaccine, tinfoil hatters and everyone who spouts on about #COVID19 being nothing more than the flu! #COVIDIOTS",ProVax,1
"The Trump administration gambled with American lives by not accepting Pfizer’s vaccine. Thanks, Trump!",ProVax,1
"@user Whoa, slow down duck, all the did was announce they have promising data. And PS - they were not part of your Warp Speed program, so don’t go there.",Neutral,2
@user 90% tax on all profits made from the COVID vaccine coming our way 😷 https://t.co/nEQ3ezYcye,Neutral,2
"@user I think he was referring to the fact that we should have the means to find a cure for HIV at this point given that a vaccine was seemingly developed for COVID in less than a year and HIV has been around for decades. Again, not an expert, just my take on what he was trying to say",Neutral,2
"I renew my urgent plea to OPPOSE any Covid-19 vaccine that contains the DNA of aborted children. The lives of these innocent unborn children have already been taken unjustly, we must oppose the use of their bodies to develop vaccines. Go to https://t.co/HSYuUIcNUU for more...",Neutral,2
"@user So are they really just trying to hold up Pfizer vaccines so they can push Moderna, instead?",Neutral,2
@user And the early stages of work on a SARS-vaccine has been a headstart for work on the COVID-19 vaccine,ProVax,1
@user why dont u like fauci? is it because he wants us to quarentine to lower covid rates? but u dont wanna quarentine cus ur teen years will be over. but u also wont take a vaccine,ProVax,1
"COVID Restrictions, Mandatory Vaccines Outlawed By Common Law Assembly https://t.co/4uPGcNIy19 Common Law in CA? How? #RecallGavinNewsome ...",Neutral,2
@user That's not all. You will be mandatory vaccinated with untested COVID-19 vaccine because the husband of soon to be your POTUS (we know that Biden won't last) is pharma lawyer. It's not going to be only NY for sure. https://t.co/nHLnV0mpQO It is well known as well.,AntiVax,0
Updates from Pfizer on their vaccine progress https://t.co/NqVwF5WOIn,Neutral,2
"No way am I getting a #GOP-approved #vaccine, unless #Biden and #Fauci says it’s safe. Fuck the Grand Ol’ Party and #Trump. #OperationWarpSpeed #Maderna #Pfizer https://t.co/wP1T4sNDBI",AntiVax,0
For God's sake develop a basic proficiency in maths and check out the https://t.co/riwDWVQKs1 website... your immune system is more effective than #PfizerBiontech claim for their brand-spanking rushed-through super-duper useless #vaccine https://t.co/vToa203yyu #dothemaths https://t.co/Q8BkbG5Zdl https://t.co/vDg9OSPF1I,AntiVax,0
#DARKseason3 #DarkNetflix People asking for corona virus vaccine* Le scientists: https://t.co/lBThPSiDiR,Neutral,2
@user We want to discuss that while we were beating Thali and Ghanta And lighting candles Russia developed Corona vaccine and controlled the pandemic as well Almost everywhere Corona graph is declining but not only in India Then why should we have faith in you ???,Neutral,2
"@user It's horrendous, undeniably - but playing devil's advocate, what's the solution? The Govt strategy is to suppress COVID until a vaccine/cure. That could be 12+ months If businesses who can't trade during COVID are supported fully by Govt, how can our economy sustain such costs?",Neutral,2
@user The other perspective needed is that 90% is possible with the Oxford vaccine (given the same dosage as the others have for their quoted 90%+) which puts the efficacy of all 3 within experimental error.,Neutral,2
"@user We have a vaccine for flu, covid more contagious, deadly. But carry on",ProVax,1
"somehow I got put in charge of a covid vaccine clinic, and my boss' wife just told me to add a lil vodka to my cup monday morning 💀 https://t.co/0Aq274uMFs",Neutral,2
@user get fucked by any of your fav char but only for 10 mins or find the vaccine for coronavirus,ProVax,1
"Hopefully after all the fearmongering, this vaccine is a success. https://t.co/wKNDsDpPt6",ProVax,1
"@user She is a hack-- Distribution of the vaccine began Dec. 14, 2020 in Michigan. As of Thursday Dec. 17, 2020 there were 84,825 COVID vaccine doses distributed across Michigan. As of Thursday, Dec. 17, 2020, there were 297 COVID vaccine enrolled sites in the state of Michigan",Neutral,2
"Pfizer has announced that initial data shows its Covid-19 trial vaccine is more than 90% effective. While this is great news, there are some grey areas. https://t.co/xsSEmWzw9V",ProVax,1
"@user The world's full of fuckwits, if they believe the #vaccine has secret Bill Gates chips to track and control you in it. The phone you carry and the adverts targeted at you already do that. Show us the whistleblower that disclosed the information. #COVID19 #COVID #lockdown2uk",ProVax,1
Is this vaccine a miracle cure for the coronavirus? I don’t understand,Neutral,2
I won’t take vaccine under any circumstance but fuck this guy https://t.co/PDz3LzDozx,AntiVax,0
#BREAKING: Pfizer says its COVID-19 vaccine candidate is 90% effective https://t.co/pQJh1hbQcb https://t.co/yFO6gx8SOo,Neutral,2
President @user says America’s general public will have access to a COVID-19 vaccine as early as April but was pained New York state would not be receiving delivery because the governor doesn’t “trust” his administration. https://t.co/z1H5BC1KLK,Neutral,2
"@user We're worried about an effin GOLF COURSE amid covid-19, vaccine, masks, Antifa, BLM, Portland, Chicago, and twitter trying to setup a subscriber fee?",Neutral,2
Stocks head for mixed opening amid COVID-19 vaccine rally https://t.co/pXMVcpsyUV,Neutral,2
Pharmaceutical companies who developed this are immune to prosecution... 90% effective vaccine for a virus with a 97% survivability rate and 0 research done into the long term effects it will have on your DNA I’ll pass for now https://t.co/x9qGTlHqkM,AntiVax,0
@user One think people are getting confused about medicine for Covid19 and vaccines. Medicine for cure and vaccines for creating anti-bodies. Hopefully it's safe. Strangely Isreal has allowed London to overtake it in scientific forum.,ProVax,1
"@user Why does there have to be a vaccine? The side effects are “high fever, body aches, bad headaches, daylong exhaustion, muscle pain with mild covid symptoms.”There was already a cure that no one wants to admit. What did President Trump get to heal him? It wasn’t a vaccine!",AntiVax,0
"@user Also, do Trumpers know the difference between a vaccine and a cure? I think not as Eric has claimed his father was given a vaccine AFTER contracting COVID and the vaccine CURED him. Sorry, Fredo, not how science works.",AntiVax,0
its a shame the covid vaccine is going to the brits first because the number one side effect is crooked teeth and increased nationalism,Neutral,2
@user But Pfizer is not part of a republican vaccine push. It's its own and so don't be taking a bow from them. You are such a sad and petty man.,Neutral,2
A vaccine 90% vaccine is amazing news but waiting for a vaccine will seem an eternity given the exponential surge in cases and risk that the worst in hospitalizations and deaths will not be felt until January. A vaccine is not expected to be widely available until 2021. https://t.co/wdfLuh20An,ProVax,1
I 100% understand how serious COVID-19 is and can be - various family members have had it - but I'm not entirely sure how I feel about this proposed vaccine. Am I alone in feeling concerned about it? Matt Hancock's smug look on the news doesn't help. #vaccine #COVID19,AntiVax,0
"If this is legit, it is really encouraging!! @user thoughts?? Pfizer Coronavirus Vaccine Not Created with Fetal Cells https://t.co/lrkAT5pDfC via @user",ProVax,1
"Promising and exciting news on the COVID-19 vaccine with the reported efficacy of 95%. However, pending final approval and distribution, remember to stay safe and #MaskUp to prevent the spread of COVID-19.",ProVax,1
@user #Obesity may impair response to #COVID19 #vaccine - this needs to be taken into consideration in protecting people with obesity who are at high risk of infection and infection severity,ProVax,1
Yet another reason to take it covid seriously. You can get it again from a different strain. I wonder how they'll tackle that with vaccines. https://t.co/n4gkt6Xgxc,Neutral,2
"Good NEWS: Pfizer, BioNTech say their COVID-19 vaccine is more than 90% effective https://t.co/of1XfDu9f0",ProVax,1
Our residents began receiving their #COVID19 vaccines today! Cheers to science and progress! #CovidVaccine https://t.co/F5bjNrf7SJ,ProVax,1
"How election, vaccine news could influence a coronavirus stimulus deal... (https://t.co/Ld3maScly6)",Neutral,2
"@user After allowing over 140,000 people to die from COVID-19, this president does not get to take credit for a vaccine developed by scientists that he actively discredits! #TrumpVirusCatastrophe",ProVax,1
"Fuck yeah, using nature to override covid-19. I think this is way better than a vaccine. Maybe even the answer. https://t.co/jU5VZGMeIU",AntiVax,0
"Me, at your child's 1st birthday party, off three shots of the coronavirus vaccine https://t.co/Lo29BI0wus",Neutral,2
"@user Remember Kano killing, deformities and exploitation. You don't even have a handle for any African Country yet you want use to your poison called Covid-19 vaccine!",AntiVax,0
"Thinking of vaccine taking with this (once people are comfortable with the vaccines, a big first step) https://t.co/2kRtyk1TtK",ProVax,1
Finally some good news about #COVID19 #vaccine https://t.co/z1U9dfW5Id,ProVax,1
@user I am a NewYorker~ No way in Hell am I taking a vaccine for covid19 which is basically a flu bug! My body already had this flu crap Nov/ Dec so I am good. You’ve had flu vaccines for yrs people still get flu. Go figure that!,AntiVax,0
"@user It’s not needed. Your immune system is far better designed to fight a coronavirus, than a rushed out, faux vaccine. https://t.co/TqtIfxqY9O",AntiVax,0
A Covid vaccine manufactured by China? No thanks. https://t.co/tFkTNwySkW,AntiVax,0
I don’t understand this argument that black people are right to be wary of the covid vaccine based on prior experience with racist medical practices. Black people are not the only people the vaccine will be given to. So what are we talking about? https://t.co/1cucKdwDj2,ProVax,1
@user A lot of people are saying that Trump stole the 2016 election and is now trying to steal the 2020 election!,Neutral,2
Pfizer says they're very close to a Covid 19 vaccine. Looks like orange rump & friends took ANOTHER financial hit. My heart just bleeds. https://t.co/VjEIC3MEQi,Neutral,2
"Any vaccine, by definition, only works on people with properly functioning immune systems. But they do NOT need one against #covid19.🤔 The ridiculous stock market rises on the #Pfizervaccine news, only underlines the global stupidity and massive group think about #corona.😟",AntiVax,0
Pfizer and BioNTech’s Covid-19 vaccine found to be 90% effective - $PFE $BNTX $SPY $QQQ $IWM $DIA #COVID19 https://t.co/vfDbqn7imk via @user,Neutral,2
Using blockchain to monitor the COVID-19 vaccine supply chain https://t.co/kz5IYyAjDK #blockchain,Neutral,2
What she says 😉👇 #WeAreNHSPeople #vaccination https://t.co/YPfzw7sYj2 https://t.co/fWZVi8wakJ,Neutral,2
The Great Indian Covid Vaccine Challange Indian Population 1300 million Injection Needles requirement 2600 million. Injection Syringes requirement 2600 millon Alcohol Swabs requirement 5200 million,Neutral,2
Pfizer's COVID-19 vaccine found to be 95% effective in final analysis #Covid_19 #CoronavirusVaccine,Neutral,2
"@user Thanks but no thanks. https://t.co/5S8yx14xgh ""Another coronavirus vaccine participant, testing Pfizer’s candidate, similarly woke up with chills, shaking so hard he cracked a tooth after taking the second dose.""",AntiVax,0
"I trust #Science ""By all accounts, the FDA, which will ultimately decide whether to authorize the handful of vaccine candidates currently in trials, has prevailed in deflecting the Trump Administration’s attempts to shortcut the review process."" https://t.co/oaf3aGhrem",ProVax,1
'Really exciting time' as Covid vaccine hopes soar https://t.co/WinDTiHB3i #TodaysMedicalUpdate #Medicine #Medical #Health #Insurance #Pharmaceutical #Biotech #COVID19 #Coronavirus #Security #Treatment #Doctor #Policy #Care #Vaccine #TechNews Please Retweet,ProVax,1
This Pfizer news is a big deal #vaccine #COVID19,ProVax,1
"Coronavirus | ‘Covishield’ vaccine volunteer sues Serum Institute of India, Oxford Group over ‘adverse reaction’ - The Hindu https://t.co/8AtKCTCELS",Neutral,2
UK authorizes Pfizer coronavirus vaccine for emergency use https://t.co/h2EYlqBgAl,Neutral,2
The Pentagon funneled Covid relief funds to defense contractors. “states desperately need $6 billion to distribute vaccines to Americans early next year. There remains a severe shortage of N95 masks at numerous U.S. hospitals.” #TrumpLied200KAmericansdied https://t.co/zzUxC43tZm,Neutral,2
Raise your voice against cancellation of final year exam because final year students are also human they're not carrying vaccine in there body to fight against covid-19 virus 😷🤒 so please guys support @user and her team for exam cancellation @user,Neutral,2
"Remember, @user and his admin didn't make this #vaccine. Pfizer did. #COVID19 #warpspeed",Neutral,2
1 ) Story time. Someone who was drunk (shall not name names) went on this huge rant and I'm dying with laughter. 🤣🤣 This said man stated that Bill Gates has had the COVID-19 vaccine patented 3 years ago. (Like what???),Neutral,2
I'm urging my state officials to prioritize LTC staff and residents for COVID-19 vaccine distribution. Join me! https://t.co/VGepbLDjER,ProVax,1
can't wait to pump gamer juice (covid vaccine) into my veins,ProVax,1
"@user Why did Pfizer bother trialling it at a 3 week interval then? I assume there’s nothing to say it won’t work with longer spacing, but this sounds like a trial, without any ethics approval or proper analysis or publication of what happens. It sounds very ad hoc.",AntiVax,0
@user Can someone exchange Johnson's covid vaccine for truth drug.,AntiVax,0
@user I thought Donald was immune . He said do not fear covid. Why do we need a vaccine then ? HOW DARE YOU !,ProVax,1
"@user You do know that PFizer, the pharmaceutical company that made today's announcement, WASN'T participating in Operation Warp Speed, right? #TruthWins",Neutral,2
More positive news on a #coronavirus vaccine! Will you take it as soon as you can? https://t.co/j3wJCES73M,ProVax,1
"I trust the very intelligent scientists who've manufactured The Oxford vaccine, this is amazing news, during the Astrozenca trials nobody was hospitalised, that is great news too, science has/is coming to our rescue, we will finally defeat #COVID19",ProVax,1
"@user It’s take 15-25 years to develop and test vaccine , specially test on long term side effects. This is new, RNA based vaccine and never has been used before. Coronavirus death rates is 0.024% 85+. That’s all you need to know to decide about vaccination.",AntiVax,0
"AHA, AMA, ANA urge health care workers to take COVID-19 vaccine https://t.co/tq0E8FWdfm (via @user",ProVax,1
"When my friend's son heard that I'm getting a #CovidVaccine he asked her if he could come hug me afterward. The kid doesn't really know me, he's just desperate to touch someone outside his immediate family. 😢#ThisIsOurShot #CovidDiaries",ProVax,1
"We realise that many people may have concerns about the COVID-19 vaccine so we advise that people living with HIV talk to their clinician about any worries they have. Once again, the link to the plain English version of our guidance is here: https://t.co/LZ48kHkv0U",Neutral,2
"Biden to spotlight economy, welcomes COVID-19 vaccine progress https://t.co/fXgVBDEwBF",Neutral,2
Chagas disease Chikungunya Dengue Cytomegalovirus HIV/AIDS Hookworm infection Leishmaniasis Malaria Respiratory Syncytial Virus Schistosomiasis All dangerous infections that still dont have a vaccine. There is no COVID-19 guarantee. Please wear a mask.,Neutral,2
"The amount of people whinging that it doesn't work for 10% of people is giving me a migraine, like ma'am not a single vaccine on earth is 100% effective https://t.co/V5EACq6AEi",ProVax,1
"Coronavirus: UK approves Pfizer-BioNTech COVID-19 vaccine, first in world https://t.co/t03HYFpVCN",Neutral,2
Immune system better than any vaccine https://t.co/UieDRwW5DU,AntiVax,0
"@user The Chinese provided the RNA for the virus, they are testing their vaccine in Brazil, the Oxford University is testing a vaccine. There are currently 133 Covid-19 vaccines being tested around the world. Spare the nationalist bs because the world is in this together.",ProVax,1
@user Have researched your own Covid-19 vaccine?,Neutral,2
Potentially* great news around a #coronavirus vaccine. https://t.co/XPt7BGBNmp,ProVax,1
"The United States surpasses 250,000 COVID-19 deaths as vaccine makers race the clock for federal approval https://t.co/r7s7NmWboL",Neutral,2
Bahrain becomes second nation to approve Pfizer-BioTech coronavirus vaccine #BioTech via https://t.co/vBsHOsqluy https://t.co/bsEsvep3S1,Neutral,2
"@user But I don’t. I didn’t say vaccines aren’t useful, I’m saying that the immune system is better. The immune system has beaten all know coronavirus’s and we still haven’t found a vaccine for ANY of them.",AntiVax,0
"I’m willing to get the vaccine as soon as it’s my turn. I have almost all of the underlying conditions and so does my elderly father. I don’t want to catch this, struggle for every breath as I die. This is a question of life or death for many. I don’t get who wouldn’t chose life! https://t.co/KoVoqkSjin",ProVax,1
WORLD WAR AGAINST COVID-19 The sum of over $8 billion has been committed by world leaders for the covid-19 vaccine fight. The money is to assist in creating covid-19 vaccine and sponsor research into the.... https://t.co/V38syvp4Yf #mondaythoughts https://t.co/K5JrSRsNfi,ProVax,1
The epidemiological end of Covid-19 by achieving herd immunity among the population through an efficient vaccine is expected to take place by the third or the fourth quarter of 2021. https://t.co/BDs1sjUThi,ProVax,1
"@user Or waiting on Moderna, got a sweet little stock deal going on",Neutral,2
"Please don't freak out about COVID mutations. Experts say that mutations that render the virus immune to vaccines could take years to happen. As long as we get enough people vaccinated, we can still beat this thing back. Please wear a mask and get the vaccine when you can.",ProVax,1
The Lizard people are behind this vaccine! Don't get any vaccine or they will take control of your minds and bodies! #Darwinism https://t.co/WXHOWY5TEq https://t.co/DgMDd1hNVB,AntiVax,0
@user He doesn’t deserve his name on anything especially not the COVID vaccine!,Neutral,2
"COVID-19 vaccine that it is entirely in the hands of scientists as to when the vaccine would be ready. Some people doing politics over vaccine, I can’t stop them from doing so. PM @user during the meeting with state CMs...",Neutral,2
In Spain per El País 40dB poll: ▪️24.1% would get coronavirus vaccinated ASAP ▪️36.9% would wait some time ▪️20.6% would only get vaccine if strictly necessary ▪️13.1% would never get vaccinated https://t.co/OATxTbBuCd via @user,Neutral,2
Indian minister tests positive after getting COVID-19 vaccine trial dose. https://t.co/u1N5cXgOed,Neutral,2
"@user No, I am not in favor of injecting neurotoxins into my body, preservatives like Mercury and Thimerosol. I never get the flu shot and never get the flu. My immune system is strong, have no underlying health issues, and have a lot of zinc supplements on board. No Covid vaccine",AntiVax,0
"@user Armed Forces, Ineos, Diageo, Maclaren , Astra Zeneca, GSK etc all pulling together to sort this out. Meanwhile the negative blame gamers spout their usual drivel. Now is not the time.",Neutral,2
"@user This time is also meant to help transition, so critical topics, such as COVID-19 testing and vaccine distribution is done so in a consistent manner, as well as better inform the incoming administration on topics of national security",Neutral,2
@user is culpable in #COVID19 deaths. He was a denier who supported @user and he gets the #CovidVaccine,Neutral,2
Ebola 'emergency' vaccines provide ethical blueprint for COVID-19 response https://t.co/4rA8O26otI,Neutral,2
Finally some good news ! #coronavirusvaccine https://t.co/Dx1pNPB89E,ProVax,1
BigPharma claims 90% 'success' rate vs 99.9% natural survival rate of Covid patients... I will take my UnVaccinated chances... NB we have a Flu vaccine since 70 odd years that offers at best 40% success... #NoVaccination #RememberThalidomide https://t.co/FY3gN0Ieoq,AntiVax,0
@user So how long will it take to get a Covid-19 VACCINE or cure.....i mean there's HIV which actually has no recovery rate and no cure or vaccine....maybe you will open your mind to the fact it could take 50 years? ...but well....CNN SAYS NO SO .....NO,Neutral,2
I like long walks on the beach and multiple Covid vaccines.,ProVax,1
Brilliantly simple explanation from @user on @user for how Pfizer's vaccine against #Covid19 will work... #CovidVaccine https://t.co/ycd8QGfqTp,ProVax,1
Are you fucking for real? Joe Biden didn’t do shit else for this vaccine. https://t.co/iXRDtp60fP,Neutral,2
How about the volunteers you tested the vaccine on? https://t.co/Fs3VRjoN58,Neutral,2
"if you’ve been to happy mondays, don’t worry about what’s in the covid-19 vaccine",ProVax,1
Pfizer-BioNTech vaccine deliveries could start 'before Christmas' | ABS-CBN News https://t.co/c0Fb9Twomp #COVID19 #COVID19vaccine,Neutral,2
"Covid vaccine will not be available in UK until spring, says Vallance https://t.co/SRVYq8YE2Z",Neutral,2
"Top story: @user 'Goodness. The Director of Government Affairs at Scott Morrison's suddenly favourite new drug company AstraZeneca is former federal govt lobbyist Kieran Schneemann. He's also a former Chief of S… https://t.co/xDvYcnWS7F, see more https://t.co/EYff8kh6yT",Neutral,2
"⁦@user SHOULD take credit. He’s been blamed for all the COVID deaths by insane liberals, and if there was no vaccine they would blame him also, so he shouldn’t take credit for fast tracking the cure? https://t.co/AcDzd94KKl",Neutral,2
#COVID19 : Pfizer and BioNTech’s Covid-19 vaccine found to be 90% effective . https://t.co/PhHJFD02nc,Neutral,2
"y'all better watch out, the vaccine for COVID-19 is gonna be grade A croatoan virus",AntiVax,0
"UK, Russia announce mass Covid-19 vaccinations starting next week https://t.co/8ilIlKeLvh",Neutral,2
"@user The flu kills thousands of people a year, and that’s with a vaccine. Do you wear a mask and social distance every flu season? Why not? Why is corona different?",Neutral,2
"@user If I'm not mistaken, there hasn't really been effective or safe vaccines developed for previous viruses in the SARS-COVID family. Also, it's incredibly difficult to develop effective vaccines for a virus that is and will continue to mutate.",AntiVax,0
and the Moderna CEO just dumped a fortune in stock before his results are vetted. Should be fucking jailed.,AntiVax,0
"@user I’m not talking about spending $1,000 per dose. If there is a reasonable premium to get more vaccines quicker to those who need it most then our vulnerable and healthcare workers can become immune. Healthy folks will wait longer but the survival rate will skyrocket.",ProVax,1
Covid-19 Vaccines: Health Experts Urge F.D.A. to Use Advisory Committee https://t.co/VkilIIs56R https://t.co/1GzD89hs64,ProVax,1
This is great news but I'm not taking any vaccine for shit. I already have a great immune system and don't want them binding the covid19/ vaccine to my already healthy blood cells. Thanks but no thanks. Still great news for high risk. https://t.co/NibtH3HJEc,AntiVax,0
jail is gonna be lit when we all refuse this vaccine 💉😂😂😂 https://t.co/fI03211Wya,ProVax,1
I am not 100% happy about the vaccine because now I fear being forced to have it or being banned from going anywhere without it. #Coronavirus,AntiVax,0
"Outside? 👀 Jamaica gets big COVID-19 vaccine discount, one million vials expected by March | News | Jamaica Gleaner https://t.co/x79PtrXcDT",Neutral,2
"🚀🔥💸 Due to the good news of the COVID19 vaccine, European stock markets surged on November 9 About 67% stocks rose and 30% stocks jumped more than 5%. #LSE #FRA #London #Frankfurt #stockmarkets #stocks #Europe https://t.co/Wml0DviJll",Neutral,2
Pfizer announces a vaccine against COVID https://t.co/dM2WC3zA7t,Neutral,2
"I think the first to receive the anti Covid19 vaccine should be the entire Royal Family, then Aristocratic people, then top political people,then heads of top companies, and then downwards to me. Oh! Whoops sorry wrong list, that was the realistic list of probability in UK.",AntiVax,0
"Hailing 'turning point', Britain begins roll-out of Pfizer's COVID-19 vaccine https://t.co/GRovzD9WFU",Neutral,2
"Seeing a lot of “No thank you”, “I’ll just make sure my family’s immune system is tip top” and “No way am I being injected with any unlicensed drug” comments flying about. Crack on then pet. I quite fancy having a life again so if a vaccine is en route, then I’m onboard! https://t.co/gh88QDHuF0",ProVax,1
"somewhere, someone is about to post a conspiracy theory that the COVID-19 vaccines won't work because they're not COVID-20 vaccines",ProVax,1
"53% of SquareOff users would support a statewide #curfew to help prevent the spread of #coronavirus. Do you agree? See what people are saying, and express your opinion at https://t.co/qH6ixEL2Hv #Covid19 #Quarantine #vaccine https://t.co/ALUa2F8Pad",Neutral,2
The uk has preordered 30million of these vaccines https://t.co/A8RwnHbFk6,Neutral,2
Why do people want Worlds in USA? We already have 3 times the COVID of any other country. This won’t be over until 2022 my friends!! And even then only wealthy places will have vaccines. I feel like I’m the only one who does math anymore... 😷,ProVax,1
so the counter argument: has #pfizer 100% ruled out CHEATING #data fudging or IMPROPER wtf -isit w/ @user 90% efficacy #vaccine trials #covid19 (that HOAX ;) #coronavirus https://t.co/iJD4QCL5zi,AntiVax,0
Here are the major hurdles ahead for #COVID19 vaccine distribution in the US https://t.co/N11PBH098L,Neutral,2
A BIG FUCK YOU TO EVERYONE THAT SAID COVID WAS A HOAX BUT NOW WANTS TO BE FIRST IN LINE TO TAKE THE VACCINE!!! FUCK YOU AND YOUR WHOLE FAMILY FOR GENERATIONS TO COME!,ProVax,1
All of sudden covid 19 vaccine is available and 90% effective.Bill Gates congratulates Biden on his victory.China has moved past covid19 and EU and US are obsessing over vaccine.This is a shitty world,AntiVax,0
"Basically, cells transcribe DNA in their nucleus into mRNA using RNA polymerase. The mRNA goes into the cytoplasm and to the ribosomes where transfer RNA bring amino acids to the mRNA to build proteins. The COVID-19 vaccine hijacks this process with mRNA making the spike protein.",AntiVax,0
"Moderna Inc said on Tuesday it agreed to supply its COVID-19 vaccine candidate, mRNA-1273, to the United Kingdom beginning March, if it is approved by the local regulatory authorities. https://t.co/VjuOl1vQcf",Neutral,2
@user Here in Brazil they are testing two types of vaccine one is from the University of Oxford and the other is from China. The scientists all over the world are doing their best 🙏,ProVax,1
@user the incompetent goon who insisted for russian vaccine to be tested on Americans is not getting his decision blessed by Scientist bc of the lack of diligence and protocol. almost like Dtrumpf trying to pee with his pants zipped up.,Neutral,2
Spread & Demand This. Majority Hindu population should get the first access to Corona Vaccines.,ProVax,1
"While we still hope for an accelerated vaccine development, an effective covid treatment would be our best shot against the infection. Although the study presents an observational design and non-randomized patients selection, it supports that HCQ is not an effective treatment.",ProVax,1
6 days after the election it's announced we are close to an effective vaccine. They didn't know that last week? Trump’s Operation Warp Speed is saving us from Covid and sends the Dow through the roof.,ProVax,1
Pfizer said 3 weeks ago that they will know by mid November if the vaccine works because will be enough cases along control subjects to know if the vaccine prevented infection in the treated subjects. https://t.co/e61yWBQJh6,Neutral,2
"@user Pfizer did not receive any money for development process. I mean, a quick 10 second fact check from Fox News or OAN will verify it",Neutral,2
"@user What lab did you say he worked at on the covid vaccine? You know, that fact you verified",Neutral,2
"I won’t be taking any rushed vaccine, I don’t need one and neither do most other people https://t.co/BYZSSMJ40Z",AntiVax,0
also if you’re from Benton city ABSOLUTELY do not worry bout what’s in the covid vaccine,ProVax,1
"Congrats to my colleague Dr. Lindsey Baden, who in addition to having 3 full-time jobs (at last count), managed to pull this off too. Amazing work by the entire @user team. Now let's get more people vaccinated! @user https://t.co/XGtDcNCBB2 https://t.co/cuBtmfqZGZ",ProVax,1
"3/8 -""The Moderna and Pfizer/BioNT trials combined have involved 70,000 people.[...] There are still vital unanswered questions about the #COVID19 vaccines under dev, such as how long protect against the virus lasts, and if they prevent transmis or just stop developing the dis.""",Neutral,2
"Pelosi Statement on Pfizer, BioNTech Vaccine Announcement https://t.co/30rkaZM9cq",ProVax,1
"Huge congratulations to @user and everyone involved in this great project that showcases Lana's talents. This will increase public understand of emerging COVID, inflammation & immunology research & make informed health decisions - vaccines",ProVax,1
"@user AP: 'These “mRNA vaccines” aren't made with the coronavirus itself, meaning there's no chance anyone could catch it from the shots. Instead, the vaccine contains a piece of genetic code that trains the immune system to recognize the spiked protein on the surface of the virus.'",Neutral,2
"@user and gang as usual will question anything Indian. They will never add a ‘but’ to Pfizer. Well, that’s India’s fate. Gaddari is ingrained from times immortal.",Neutral,2
"COVID-19 has been the greatest challenge in the history of the NHS and the response of #OurNHSPeople has been nothing short of inspirational. We're recruiting to thousands of rewarding careers, including roles delivering the COVID vaccine programme. ➡️https://t.co/Qx7Hiadh6f https://t.co/FAb43fNe0R",Neutral,2
Trump officials scramble to justify decision not to buy extra Pfizer vaccine doses https://t.co/W9mi6NsFKH,Neutral,2
our batch discussing how to make up a corona vaccine and studying immuno at the same time>>>>>>>>>>> cutest thing ever 🥺,ProVax,1
covid made jimin cry can we find a vaccine now so we can kill this bitch,ProVax,1
"This new strain is already spreading person to person and has multiple spike protein mutations. If this spreads further there's a chance that current covid vaccines may not work and also, those who have been previously infected may also be succeptible to the new strain. https://t.co/eyH9YIRPFq",Neutral,2
I think all the bitches who thought COVID-19 was a “hoax” should get the vaccine last,ProVax,1
"The ins and outs of #vaccine trials @user - Derek Lowe, lays out how the trials work, and why they get paused and restarted ➡️ https://t.co/7Bi4JW401k #COVID19 https://t.co/3POOK9lQo7",Neutral,2
"""Messenger RNA—a molecule that contains instructions for cells to make #DNA—is injected into cells. In the case of #COVID19, #mRNA #vaccine-s provide instructions for cells to start producing the “spike” protein of the new coronavirus, protein that helps the virus get into cells"" https://t.co/4xclCNCjwO",AntiVax,0
"Great,no need for vaccine then https://t.co/ugPWpzwoAI",AntiVax,0
"Been thinking about this since August. Visions of the world/state once a vaccine is released + the world is COVID free. Summer 202X is going to be wild in terms of events, parties, and meetups.",ProVax,1
"Wear a mask. Wash your hands. Watch your distance. Be vigilant; but hopeful this, or another vaccine, helps end the pandemic. https://t.co/vNmwB1tQcx",ProVax,1
Biden would take a COVID vaccine TOMORROW even if it cost him election https://t.co/BzHc5wrhI0 via @user,ProVax,1
@user Thank you @user & @user for this vaccine! Thank you @user & @user #WhiteHouse works 24/7/365 to #MAGA! @user has the leadership of @user with governor experience & @user with a business background honed in the city that never sleeps! #WinnersWin,ProVax,1
Recent reports revealed Moderna’s #coronavirus #vaccine would be easy to distribute because it can be stored at refrigerator temperatures. Pfizer's vaccine must be shipped and stored at ultra cold temperatures and can only last at refrigerator temperatures for up to five days. https://t.co/6hIwGt1ZHM,Neutral,2
I might consider taking @user #COVID19 vaccine after their top management have taken it... https://t.co/6fQgJPG8hr,AntiVax,0
More medical advice that recommends we all get a COVID-19 vaccine when it becomes available.,ProVax,1
@user with the profit involved in a covid19 vaccine my trust in the drug companies to be forthcoming with their info on their testing on efficacy is zero. imo fauci is being overly optimistic on when a vaccine will be available.,AntiVax,0
2nd coronavirus vaccine shows early success in U.S. tests https://t.co/8U6klFicQT,ProVax,1
Great news for #Greece this week: 1. #Pfizer and BioNTech announce 90% success on COVID-19 vaccine candidate 2. Biden wins election 3. Moody's upgrades Greece's rating to Ba3,ProVax,1
"Who's willing to be the US won't do the same? RT COVID-19 vaccines will be free for all in Portugal, says health minister - Reuters https://t.co/TDu3KtTJD3",Neutral,2
Why a COVID-19 vaccine might be different from others https://t.co/6KtxiMvMo6 via @user,Neutral,2
"If you ever put Matter Reshaper into your modern deck, don't worry about what's in the COVID vaccine.",ProVax,1
"Matt Gurney: Trudeau Liberals score a quick win on the vaccine, but now comes the hard part. https://t.co/eW3IXErhdd Nothing will remove the fact that he killed many people by shitting the bed on many aspects of covid.",Neutral,2
For latest developments on COVID-19 vaccine and steps taken by Indian government visit: https://t.co/0I7GuNhOY9 #AnkVigyaan #COVID19 #COVID19India #CovidVaccine e #CovidVaccineRace,ProVax,1
@user No the vaccine was developed by BioNtech a couple of turkish immigrants to getmany! The knowledge and expertise is not american!,Neutral,2
"Well, that’s fine & dandy but I’m still not taking that unknown vaccine, that was concocted within 8 months for a virus y’all know nothing about! #notanothertuskegeeexperiment https://t.co/VB7xwdGjsR",AntiVax,0
"Who, when and how? The #UK's plan for #Covid19 #vaccination. https://t.co/lz5NUqI0Px",Neutral,2
Amazing news to kick of this week. Scientists are truly incredible. Pfizer says an early peek at data for a vaccine it's developing with BioNTech suggests the shots may be 90% effective at preventing COVID-19 https://t.co/dmMA9L64Oz,ProVax,1
"Great news #COVID19 ... perhaps now that past election day, vaccines will stop getting weaponized for political purposes ( both sides equally guilty) https://t.co/pIK7iybW30",ProVax,1
"This article explains in IT terms how the mRNA vaccine works, I really find it easy to understand and disturbing at the same time. Reverse Engineering the source code of the BioNTech/Pfizer SARS-CoV-2 Vaccine - Articles https://t.co/aQPgSksQyH",Neutral,2
"@user Saudi people are proud of the leadership of our father, the Custodian of the Two Holy Mosques, King Salman, for the G 20 politically and economically, and work to facilitate the Corona pandemic vaccine for all around the world, especially developing countries, at reduced prices",ProVax,1
"People!!! Seriously, there is still no 100% vaccine that will be issued as of date! Regardless of the great strides being made, wait on the actual confirmation! Pfizer is at 90% still, which is great! https://t.co/mIEkM6EVdy",ProVax,1
Put it into my veins --------------------------------- Pfizer's early data shows COVID-19 vaccine is more than 90% effective https://t.co/V81cxeRrP2 via @user,ProVax,1
Super cool new work from @user describing the synthesis of disubstituted bibcyclopentanes as bioisosteres of ortho-/meta-substituted arenes. Cool new building blocks for medicinal chemists! https://t.co/1LPZ1sXxMf,Neutral,2
"@user Diversions Why dont we focus on -migrant crisis, economic slowdown, loss of jobs & business, flattening the curve for Covid? Medical director said, covid cases will peak by June, Whats the preparation? Progress on vaccine research? Why isnt there discussion on real issues?",Neutral,2
Inject me with that vaccine lol I think I can squeeze into Phase 2 group. https://t.co/l1APWjLqjC,ProVax,1
"Something PEI is going to have to think about is, Covid-19 is expected to run for 18 months if there is no vaccine. That's all of this summer and all of next summer.",ProVax,1
"They probably won't make the Covid vaccine mandatory, but perhaps you won't be able to conduct business as usual without a paper saying you've had the vaccine. NOT TAKING IT.",AntiVax,0
@user https://t.co/v38d5EkSQC article titled Avoiding Pitfalls in the Pursuit of the Covid-19 Vaccine 2nd or 3rd paragraph where it refers to immunopathology a fatal or debilitating defect in vax rushed to Market which is why it normally takes 7 to 10 yrs for a safe vaccine..info potus,AntiVax,0
Pfizer made the vaccine?? like the same company that made my shower and taps? I trust it https://t.co/T8PPcaD6Rd,ProVax,1
@user It is different from previous vaccines in that it uses the bodies own protein expression mechanisms to synthesise covid antigens. This makes it easily scalable but a target for doom mongers.,ProVax,1
i hope the government does plant a chip in me with the covid vaccine cause then ill always have someone to watch tv with,AntiVax,0
We know #Covid_19 may shut down many essential parts of the economy... but Scorch never stops working to find a cure! I will get a vaccine out to you soon friends!!! https://t.co/OtHbUwPaB5,ProVax,1
"A very positive day for us all... Matt Hancock has announced that ""the NHS is ready to start providing the new Covid 19 vaccine as fast and as safely possible"" The UK has already ordered 40 million doses! #NHS #NHSThankYou #Covid19 https://t.co/Zasotk4keP",ProVax,1
"Good news: @user COVID-19 vaccine may be more than 90% effective Meet the Greek CEO: An Aristotle University @user grad @user CEO Albert Bourla, born in Thessaloniki, #Greece. Bravo 🇬🇷 Let's hope the @user and BioNTech vaccine is the end of this awful chapter https://t.co/eF55J4trxm",ProVax,1
"The COVID-19 vaccine is coming. So, when will you or an aging loved one receive it? https://t.co/jKVbWFNaJx #covidvaccine",Neutral,2
"No thank you. I'll pass on vaccines, as I always have and always do. https://t.co/NVus1hp4oT",AntiVax,0
"@user C/o New York Times. They get paid on delivery. The US Government is merely the purchaser. They would have been bought regardless, most likely by the private sector. https://t.co/DC6y34xigd",Neutral,2
Do you want to be a guinea pig for a virus that 97% of people survive? Why is there even a vaccine for an illness with such a high survival rate? https://t.co/TsaMidiABr,AntiVax,0
Knowing that rhinestone queen @user helped fund research into a Covid19 vaccine has provided me a glimmer of renewed hope in the world. #DollyParton #Covid_19 #CovidVaccine #Dolly2024,ProVax,1
"@user Of course it’s bullshit, you liberals are all the same!",Neutral,2
@user You did as much for SpaceX and NASA as you did for Pfizer.,Neutral,2
Is it supposed to make us feel better that 3 of the most crooked politicians in US history want us to take this vaccine? 😳 https://t.co/OQzMvn0FgU,AntiVax,0
COVID-19 vaccines are coming to Miami. Hospitals want to figure out who will get them https://t.co/yAxbhd9jzx via @user,Neutral,2
@user They are immune to covid and not the flu because they have had FLU VACCINES and NO COVID VACCINES!!!!!! 👀🤩,Neutral,2
Great news re: Pfizer vaccine. Reading about who may be prioritized to get vaxx 1st - I propose teachers get moved to top of the list #CovidVaccine #COVID19 #BackToSchool,ProVax,1
Will take Covid-19 vaccine first to ease out safety concerns: Pfizer CEO https://t.co/YmULKegID8,ProVax,1
"Native Americans Express Skepticism Over COVID-19 Vaccine—The US Government Sterilized Navajo Women, Just a Few Decades Ago https://t.co/kfpyRUdoBE",AntiVax,0
"Just got an email from the department asking for volunteers to be part of studies for Covid-19 vaccines. Pays $1,200. Is it ethical to ask students to do this? As most could/need the money. Would you do it if it was free?",Neutral,2
@user Correct po. Dissemination of information. Info abt vaccine from Pfizer. Mga vaccines po sa US bagsak sa FedEx Clark muna b4 distribution in other countries Tama po ba?,Neutral,2
"@user My husband has MH (Malignant Hyperthermia) should he be weary of having the Covid vaccine? - I know it is mainly anesthesia that's the problem, but we don't know what ingredients are in the vaccine.",Neutral,2
V good news on Covid-19 vaccine front...tough weeks/months ahead but there is light at the end of the tunnel... https://t.co/wIhBKK4Qlh,ProVax,1
"Gonna head out and get my flu shot, but I think I'm going to ask for the COVID vaccine just to see if the pharmacist has heard that one before.",ProVax,1
Sorry. Don’t care. Take your vaccine and shove it. I’ll take my chances with the virus with a 99.9% recovery rate. https://t.co/TmCls0ldkK,AntiVax,0
India's Modi visits key vaccine facilities as COVID-19 cases surge https://t.co/ULzlFze8CC,Neutral,2
"News just in: Dow set to rise 1,500 points after Pfizer says its Covid-19 vaccine is 90% effective. They're lacing it with Slidenafil Citrate, aren't they?",AntiVax,0
Watching the news reports 📰 & I'm feeling pretty fucked up mentally & emotionally. Biden won... & America is looking like #COVID19 #COVID #CovidVaccine the ship is going down...ain't no turning the boat around - we're in survival mode. I'm all for #ShutItAllDown #StopTheSpread https://t.co/tb5lgfpiCI,AntiVax,0
"@user We all die at some point but almost none of us will be dying from Covid19. Those who will die would have died from the flu. If some people want to risk getting a rushed vaccine, it's their decision. The rest of us should not be pressurized or forced to get a type of ""flu"" vaccine",AntiVax,0
I don't thinks is great idea vaccines for health people when USA have 10 million person with COVID-19 and 10 million person have priority and need vaccines first the rest of people can wait #novaccinesfor health people https://t.co/mjZtsc9VIS,AntiVax,0
"New article by @user shows how strategic public diplomacy via leveraging opportunity of a COVID vaccine, renewed international exchange, a high-visibility anti-corruption initiative could send a powerful message about US values v. competitors https://t.co/3suTKKFUC1",Neutral,2
I'll take any coronavirus vaccine I can get and I'll inject it into my dick vein if necessary,ProVax,1
"Finance Minister: Budget offers room to procure COVID-19 vaccines, if available https://t.co/VLdKXat3NJ",Neutral,2
"The first coronavirus vaccine can prevent more than 90% of people from getting Covid-19, a preliminary analysis shows. The developers - Pfizer and BioNTech - described it as a ""great day for science and humanity https://t.co/OhyTPpdP6M",Neutral,2
"@user Russian vaccine??? HELL NO! I wouldn’t take an American vaccine for CV19. Warpspeed vaccine = alien babies down the road when the girls getting this vaccine, when available, get married and have children down the road. Too much unknown for me and my kids to take this!",AntiVax,0
"@user Cruz is an idiot. A vaccine is not a cure-all when it is 90% effective. Second, since Pfizer wasn't part of OWS and took no Federal $$, the government and Trump can't claim credit for Pfizer. Oh wait, taking credit for shit he didn't do is exactly what Trump does. My bad.",AntiVax,0
Does a vaccine against Covid-19 herald the end of the pandemic? https://t.co/UQxAcv2XOF,Neutral,2
Nice work by the Genome Editing Team at AstraZeneca with a highly specific tunable expression system for SpCas9 to boost preclinical cancer drug discovery. https://t.co/rfQtEcufx4 https://t.co/QBf2r70kIS,Neutral,2
- A San Diego biotech company is developing a Covid-19 vaccine in collaboration with Duke University and National University of Singapore. - Who knee Ireland produced 50% of the World’s Ventilators. It’s important to focus on the positives! 6),ProVax,1
@user He’s an empty coat for elite NWO they want the Great reset snd religion of green Bill gates talking about vaccine to quell religious dissent or ones will to fight .. Covid was intentional https://t.co/gOSdWgpjgq,AntiVax,0
"Good news, but surly not a quick ending of #COVID19 #BioNTech #Pfizer #vaccine #chance https://t.co/ecKUtYRfnA",ProVax,1
"I am skeptical of the good news being circulated. It is likely that. 1) The #Pfizervaccine enrolees actively avoid infection, unlike several populations worldwide. 2) 94 infections is too small to evaluate efficacy within age group cohorts. #CovidVaccine #COVID19",AntiVax,0
A day late and a dollar short. No thanks... I'll take Biden's vaccine. #JoeBiden #vaccinoCovid #COVID19 #vaccino #TuesdayShoutout https://t.co/dTukkKMi5n,ProVax,1
"This is awesome! Obama, Bush and Clinton say they will take the COVID-19 vaccine publicly to gain public trust https://t.co/rkBuPABngI",ProVax,1
@user Where is the vaccine ? For #COVID19,Neutral,2
Argentina to get 25 million doses of Russia’s pioneering Sputnik V Covid-19 vaccine – president https://t.co/sAuGUb89XU,Neutral,2
But my immune system is 100% effective. I don’t want your vaccine. https://t.co/7i0rdrPvBN,AntiVax,0
Thought Euthanasia banned so why give #CovidVaccine to over 85s who are already on death countdown #JustAsking,AntiVax,0
"@user Before the use of vaccine, release the ban of HCQ for COVID-19. In fact, it is HCQ, Zinc, Azithromycin together use for COVID-19. If we don't release the ban of HCQ for COVID-19, Doctor can not offer HCQ, Zinc, Azithromycin together use for COVID-19 patients.",Neutral,2
"#PostponeJEE_NEETSept @user covid-19 is not any other virus that you better know, we are so less with ventilators , no vaccine and you are willing to conduct a national level exams of more than 15 lakh students nice nice we will top the world in covid cases",Neutral,2
"Today is a great day for humanity💖 PFIZER @user & BioNTech @user have announced 90% success with a new vaccine for covid-19 90% effective & available by the end of the year🙏 Health care workers, essential workers & high-risk adults & 65 & older should be first🙏 https://t.co/K6EuNdVe1n",ProVax,1
"BREAKING: Pfizer says its vaccine is up to 90% effective in preventing COVID-19, according to early data. https://t.co/s51u6xmkHP",Neutral,2
@user Now I'm sure it's my paranoia kicking in but how about this. The vaccine is against something they're planning to release that's far worse than covid. Then they're sure only the sheeple survive and the free thinkers are gone.,AntiVax,0
"Right then, so everyone knows that the mRNA vaccine is not for Covid-19 or any other future mutations. Some people seem confused over the 90% effectiveness news. The mRNA vaxx is a DNA manipulator a type of gene editing. https://t.co/pfe5yDWySr",AntiVax,0
"@user I congratulate for your work, professional and scientific.",ProVax,1
Can the COVID-19 vaccine do it on a cold rainy night in Stoke?,Neutral,2
Secretary of health says Coronavirus vaccine could be in Arkansas in 1-2 weeks https://t.co/eOpo2UO7SS,Neutral,2
Very few vaccines are 100% effective so this is an amazing achievement on a virus that didn’t exist 12 months ago. https://t.co/foB9K4DqY6,ProVax,1
"@user COVID 19 is a respiratory infection, so is directly related, and since when Bill Gates has ""made vaccines mandatory""? Is he the president or governor? Are you people for real? Did you get your bottle of disinfectant yet?",ProVax,1
for a much needed #Covid19 vaccine to ONLY be 90% effective against a Virus... That is still not good Enough for me. We need 100% effective or we wont take that vaccine. End of story America,AntiVax,0
"😂 bruh.....he isnt the President. And for fucks sake, he didnt even help at all in pushing this vaccine through. I always knew you were dumb, but you have reached a new level of stupidity. Keep going and you might end up in Genius Book of World Records for tweeting bull shit. https://t.co/20EbVzDSRo",Neutral,2
@user What a pity the evidence currently indicates that having COVID-19 doesn't confer immunity from reinfection - definitely not for life and possibly not even for a few months. If there's no immunity there's no HERD immunity. Immunity can only work if there's an effective vaccine.,ProVax,1
"Listen, any positive news regarding vaccines is fantastic. Step in the right direction 👏 https://t.co/mp267jysFF",ProVax,1
"The CEO of Pfizer hasn't taken his own vaccine, he doesn't want to cut in line! Hahahaha...Whatever!!!!",AntiVax,0
@user New world order is in the vaccine. Yes it cures you of covid. But it has non human DNA in it. It alters your thoughts and they track you. Patent 060606 barcode LUCIFERIAN RACE. Don't take vaccine. They want to force us to take it.,AntiVax,0
Wonderful news today! #COVID19 #vaccine https://t.co/pseyfhNjGu,ProVax,1
But you guys haven't been able to discover vaccines for corona virus? It is still the doctors that treats the positive patients,Neutral,2
"@user That's trumps list, moron. And joe can't cure coronavirus without cooperation of the other half of the country who won't take a Joe vaccine or rapid test, so Covid is here to stay. At least you're not crying for nothing.",ProVax,1
"@user is Success 90 % Covid19 vaccine it's great News.. And Pfizer is same company who producing ""Vigra"" 😋",ProVax,1
@user Bingo. Natural immunity provides IgA molecules in the upper respiratory - something missing with the current vax. The Moderna version fails to even provide lasting T Cell reactions.,AntiVax,0
"Doris going out raving. ""A 90-year-old UK woman becomes the first in the world to receive a COVID-19 vaccine outside of trial"" https://t.co/rGDrMauSW1",Neutral,2
"@user Scientists at Sunnybrook have isolated the Covid virus, so I’m hoping a vaccine will be available soon. I also hope people continue to be vigilant about personal hygiene even after the pandemic is over.",ProVax,1
"We've been sitting back watching the rest of the world seemingly screw up even worse than us on COVID, and it seems like we're now going to have watch as a vaccine enables other places to get back to normal while we wait. It's going to be infuriating to put it mildly.",ProVax,1
"Even after the vaccine for COVID-19 is available, and assuming it's at least 90% effective, what about the anti-vaxxers who'll simply refuse the vaccine?",Neutral,2
Soon as we get a vaccine here come covid big brother n shit,AntiVax,0
@user I just think those on ODSP should continue to receive the covid assistance until there is a vaccine or treatment. Families with immunodeficient members still need everything delivered and assistance has stopped.,ProVax,1
@user Are you out of your tiny mind? I've never read such nonsense in all my days. We contributed sweet FA to the development of the Pfizer vaccine. All we did was hedge our bets and buy a load of it.,Neutral,2
vaccine comes out right after election is over what the fuck did i say https://t.co/VW1oAy8LL0,Neutral,2
"@user I hang with a low income service industry crowd and I can assure you, there is *a lot* of sketpcism revolving vaccines in general. It's going to be a real pain in the ass getting them to take one for COVID.",ProVax,1
Pfizer Slashed Its Original Covid-19 Vaccine Rollout Target After Supply-Chain Obstacles - WSJ https://t.co/bbVp8eiWM0,Neutral,2
@user Sir Vallance. Please can you tell me if the flu Vaccine makes one more susceptible to Corona Virus? (Wolff 2017),AntiVax,0
Meet the Irish scientist behind Oxford's coronavirus vaccine https://t.co/e9tGMOjQj4 via @user,ProVax,1
CDC documents say states should prepare to distribute Covid-19 vaccines as soon as late October https://t.co/lWAPzMxCo0,ProVax,1
Moderna Says Initial Covid-19 Vaccine Results Are Positive - WSJ https://t.co/IwnvTJHCBZ,Neutral,2
You get lockdowns or a vaccine. The only two ways to control this virus. You don't get to complain about both. #covid19,AntiVax,0
Coronavirus vaccine? Tbh i don’t care just let everything go back to normal.,ProVax,1
@user We also discussed how COVID-19 is a patented virus and companies are lining up w “vaccines “ worth billions in contracts while blatantly ignoring the life saving properties of HChlorquine. And noted substantial patient recovery w high dose vit C,AntiVax,0
"First COVID-19 vaccines should go to healthcare workers and nursing homes, panel says https://t.co/BApiRpXXv6",Neutral,2
Most vaccines are never brought to market. Moderna specializes in immunotherapy cancer vaccines. The reason they don’t is bc vaccine standards are INCREDIBLY high. Not making it to market =/= poor science.,ProVax,1
First round of covid vaccine completed. To protect our patients and families. We strive to maintain a healthy and safe environment for all. https://t.co/8hZXiBM9sJ,ProVax,1
Why Aren't those closest or nearest 2 death the #PRIORITY 4 THE VACCINE? #COVID19 #CovidVaccine #blacklivesmatter,ProVax,1
$SNY*SANOFI TO SELL MOST OF ITS 20.6% STAKE IN REGENERON $REGN,Neutral,2
"@user i pray to God it will be successfull, thank u team",ProVax,1
"Everyone (Docs and patients) should watch this great video by Dr. Aggarwal from UPitt -he reviews the COVID-19 vaccines, differences, risks and compares to other vaccines",Neutral,2
"READ IT. Guess who gets it first? Vulnerable populations, not front line workers. That way if there's something wrong with the vaccine, the sickest are killed off first. FUCK YOU, YOU SONOFABITCH! DIE IN A FIRE, or better yet, of COVID-19! https://t.co/f5eZ6B6Wm5",ProVax,1
Accenture Launches Vaccine Management Solution to Support COVID-19 Immunization Programs https://t.co/JEngnlfKiQ,ProVax,1
What the streets are gonna look like in 2021 when the elderly are the only ones with the vaccine #CoronaVaccine | #coronavirus | #Corona | #Covid_19 | #COVID19Vaccine | #JustForFun https://t.co/O1hNzVX5J3,Neutral,2
Qantas won't let international passengers on flights unless they get Covid vaccine https://t.co/2zfEQEsjzL,ProVax,1
Coronavirus vaccine just WEEKS away as UK hospitals told to prepare for mass programme https://t.co/9sLUqoBAL2 Say No to any forced vaccination. Protect your old peoples.,Neutral,2
@user Amazing what good news about a coronavirus vaccine can do to encourage rivals for the top job lol.,ProVax,1
"@user Injecting a foreign substance that has been rushed into production for political reasons is not something I will ever approve for myself or my children, and I know I am not alone. #CovidVaccine #TrumpLied200KDied https://t.co/gLliY099gB",AntiVax,0
@user I'm quite happy for Covid-19 vaccines to be tested on BAME Londoners first.,AntiVax,0
"@user My brother, a magat, is impressed with Trump’s handling of COVID19. This includes the vaccine. My brother!",Neutral,2
"This is such good news, but please remember that widespread vaccine administration is still months away! We are so far from the finish line, but it’s nice to know that maybe it does exist. #MaskUp #COVID19 https://t.co/Vo6Vq2JOXP",ProVax,1
"News of a vaccine put a big smile on my face yesterday - it’s still very early days, but there is a light at the end of the tunnel. https://t.co/EtGg2gktNl",ProVax,1
"American Stocks closed at all-time highs yesterday. Investors are expecting a stimulus deal to get done, someday, somehow. An advisory panel recommended the FDA approve Moderna’s coronavirus vaccine, which could come through today and therefore impact the market. https://t.co/frmpMzs7qp",Neutral,2
"Take action - call on our leaders to finalise intellectual property reform and #FixPatentLaw so that when a #COVID19 vaccine becomes available, everyone everywhere can access it. https://t.co/vcNWVp6zOz https://t.co/KFOe7dQO2E",ProVax,1
Retweeting for the record. The world needs this vaccine fast #COVID19 https://t.co/jsCrBCdcsG,ProVax,1
@user Then the 1st dose is for nothing. Pfizer need to announce that this is not advisable publicly.,AntiVax,0
"@user Cases are what you should be looking at when comparing Obama & Trump, because H1N1 & Covid-19 spread the same way. The Covid death count is higher than the H1N1 death count only because of the vaccine & our immune system tolerance. 60M+ cases in the hands of Obama.",Neutral,2
Covid-19 vaccine: First person receives Pfizer Covid-19 vaccine in UK https://t.co/bjieVUgUhY,Neutral,2
A great interview with an expert even kids can understand! We Asked The World’s Leading Vaccine Expert About COVID-19 Vaccine https://t.co/8eCLNuiYhD,ProVax,1
Russia's COVID vaccine seems about as safe as a carny tilt-a-whirl https://t.co/mROIj0vTkg,AntiVax,0
"No coronavirus vaccine for common people till 2022, Covid won't vanish, says AIIMS Director Randeep Guleria - Coronavirus Outbreak News https://t.co/Cm7fOnlDgh So what happens to false promises made by NDA leaders to Bihar people?",Neutral,2
Moderna to ask health regulators to authorize its COVID-19 vaccine - The Wall Street Journal https://t.co/3wFuCNOOYv,Neutral,2
Pfizer says COVID-19 vaccine data suggests shots may be 90 per cent effective https://t.co/vZgcBCHlxb,Neutral,2
What does COVID-19 vaccine effectiveness mean? https://t.co/YvHEhgJ3Ny,Neutral,2
10/11/2020 Oil falls as renewed lockdowns counter COVID-19 vaccine hopes [ESTA] https://t.co/cyZkTFfAgM,Neutral,2
"Joe Biden says he won't mandate getting COVID-19 vaccine, wearing masks https://t.co/Qj1UkgXOwo via @user",Neutral,2
@user I still say be aware of Gates and no vaccines ....he’s patented that hydrogel I believe. I only trust the Prez ...she says in that video they can’t push a vaccine if there’s a proven treatment for COVID which there is.,AntiVax,0
"The UK became the first country to begin administering a fully vetted and approved Covid-19 vaccine this week, starting with the elderly and frontline health workers. https://t.co/PubxMFZIlz",ProVax,1
"@user 600 million doses of Covid 19 vaccines is ready in China, thoughts?",Neutral,2
Who will get the Covid-19 vaccine first and when will I receive it? https://t.co/9Sz3PLyLJg,Neutral,2
@user Trump takes no responsibility. It's all the media's fault !! Trump doesn't care how many people have to get sick and even die as long as the stock market is making him money. Ignoring covid until a vaccine is readily available is NOT a plan.,Neutral,2
No to Gates of Hell’s vaccines! ☠️ https://t.co/FlbbeUnIxS,AntiVax,0
"Opinion: Give working class people the covid vaccine first, writes @user https://t.co/HTgnYeh6y8",ProVax,1
@user I do not believe it. There is no vaccine against a coronavirus simply because of two main factors: 1/ A good immunity that can fight off the virus for an extended time not 7 weeks hit or miss 2/ The virus must not mutate that renders any vaccine useless. This keeps mutating,AntiVax,0
"@user Yes. In partnership with Pfizer. But seriously, good job by those Turks. Pretty sure they are billionaires. Once again, capitalism and incentives for the win!",Neutral,2
"@user Literally in the subheading “Other scientists are disputing the calls, claiming herd immunity is ""very unlikely"" before a COVID-19 vaccine is found.”",Neutral,2
Sanofi says ‘no favoritism’ when COVID-19 vaccines become available https://t.co/kvkzRqKNhi,ProVax,1
I willingly to take a covid19 vaccine if it means I get to reach inna soca fete soon 😭,ProVax,1
Soooo.. the new vaccine is based off of the first wave of COVID right? But now there’s a new strain with the second wave soooooo..,Neutral,2
To all the ignorant fucks that say they won’t take the vaccine: You can’t say that and hope that everyone else will take it so you can be fine by default. Do your part and get vaccinated when the time comes https://t.co/9IZci9Ulu1,ProVax,1
"@user Birx then or now? Either way the argument is bad. Fauci: Joined NIH in '68 Head of a dept '74 Head of NIAID '84 In charge of HIV/AIDS, SARS, 2009 H1N1, MERS, EBOLA, SARS-COV-19. Birx: Army Reserve '80-'84 Walter Reed Center & worked in Fauci's lab '80-'89 Active Army '94-'08 https://t.co/ZabZhGcmGL",Neutral,2
Biopharmaceutical firm AstraZeneca Singapore said that among its mental wellness initiatives is an internal online platform for employees to discuss mental health issues and queries within chat groups. https://t.co/9X9li1Q7f0 via @user,ProVax,1
@user Why? I support Trump 100% but I won’t be getting the COVID19 vaccine.,AntiVax,0
@user Trump won’t be going anywhere. He won. No one needs any poison vaccines ever. Covid19 does not exist. So sick of fools like you. Educate yourself. 🙄,ProVax,1
"@user Saluti, please find the unroll here: @user VACCINE UPDATE: CA will be receiving 327k doses of the new Pfizer #COVID19 vaccine in mid December. The… https://t.co/ECDbKZBdKQ Have a good day. 🤖",Neutral,2
"#ICYMI: We hosted a research call with #fairleadstrategies’ @user on the #market’s reaction to the #2020election and #COVID19 vaccine news, while looking at $SPX & more. If you were unable to attend, read the recap here: https://t.co/xXP88aGzbE",Neutral,2
"@user Now, alot of vaccine are effective against covid-19 but whether these vaccine harm you or make you crazy like in Trump.",ProVax,1
"I’m happy to announce that I have also made a #vaccine to beat #corona , it’s not a new discovery to human kind but it definately suffocates and drowns the virus in flood of endorphins ...#hummus man’s best friend",Neutral,2
Praise God. 🙌 I've been praying for this and I pray things keep moving forward in the right direction. Enough doses. Other vaccines to join. And folks willing to take it. https://t.co/Uc9IpC028G,ProVax,1
@user The side effects are relevant to those who will potentially get them. Two people suffered serious side effects to the Oxford vaccine.. it would be good to know what percentage of the trial they were. If it's 0.05% then it's just as many people who get the virus and die from it,AntiVax,0
Damn. For the first time in my memory conservatives were almost right about something. The virus WILL end soon after the election. ... Until they refuse to take it because it’s a vaccine. https://t.co/3EtVaASBX5,ProVax,1
What if: the coronavirus vaccine turns everyone into zombies? The only people left human would be Karen and her unvaccinated children with weak immune systems Do you think all Karen’s would unite and kill the zombies by clawing them with their neon acrylics? #coronavirusvaccine,AntiVax,0
"Fuck Pfizer but also please, daddy Pfizer gimmie that sweet sweet COVID vaccine #COVID19",AntiVax,0
"Stk mkts mixed -with Europe and Asia(+) but US(-)-, along govt bond yields, while the USD(-) on optimism of a possible deal about new fiscal stimulus in the Eurozone. Investors also focused on additional stimulus in the US and results of a vaccine clinical trial by @user https://t.co/0joEdAeaFF",Neutral,2
"""People shouldn't be worried that we're going too quickly."" Scientists leading the development of a #COVID19 vaccine at the @user explain how they assess safety at each stage of the process 👇 Watch in full: https://t.co/yEl7knpONa @user @user https://t.co/f3KezkXPTO",ProVax,1
I guess the stock market got this news!!! #COVID19 #vaccine https://t.co/OHNkwZlXqI,Neutral,2
"Positive data on BioNTech and US partner #Pfizer Inc's #Covid19 vaccine is an unlikely success for the married couple behind the German biotech firm, who have devoted their lives to harnessing the immune system against cancer. https://t.co/STZyGT8MUZ",ProVax,1
Russia begins mass COVID-19 vaccinations https://t.co/ucZ8U0viy9,Neutral,2
"Amazed by all the partners working together to ensure Covid vaccines make it into the right hands, in a timely way. Inspired by this historical teamwork.",ProVax,1
"Are you really implying Biden had anything to do with this? 😂😂😂😂😂😂😂 Also, no thanks to a vaccine. My immune system is designed to slaughter viruses. https://t.co/Ze8zuLkwL8",AntiVax,0
"So emotional watching all the elderly come out from having their COVID vaccines 😢❤️ please don’t be a dick, don’t have a NYE house party tonight!",ProVax,1
"What has Covid_19 taught you 🤔🤔🤔 Me: Learnt that all men are equal and there's no greater one, person or country except YAHWEH ALMIGHTY and HE got the whole world in the palm of HIS hand. #SundayService #HappySunday #vaccine",Neutral,2
"@user See @user 46% of adult population (100 million) got flu vaccine. 18-100 are 69% of total pop. 600,000 hospitalized. 50,000 died flu 2019-2020, while wearing masks. Where were you pre covid?!",AntiVax,0
Four reasons for encouragement based on Pfizer’s Covid-19 vaccine results https://t.co/BLK2qsDVj9 via @user,ProVax,1
Me and my dog watching everyone get the Covid Vaccine. https://t.co/mSFhQdRgTY,Neutral,2
"y’all got a vaccine for covid but still “finding” ways to cure cancer, aids, etc ..",Neutral,2
No thank you. Viruses are NOT dis-eases. Learn Germ vs Terrain theories. A vaccine is unnecessary for any virus or bacteria. Immune health never came from a vaccine. The human immune system does NOT suffer from vaccine deficiencies. Do not mandate. Thank you! https://t.co/DIzQBLsfqx,AntiVax,0
French pharma chief backtracks after promise Covid-19 vaccine will reach American patients first sparks ire — RT World News https://t.co/tGNDlmRGGF,ProVax,1
"A vaccine developed by Pfizer Inc. and partner BioNTech SE proved better than expected at protecting people from Covid-19 in a pivotal study, a milestone in the hunt for shots that can stop the global pandemic. $PFE About to rocket! https://t.co/hmh7jrnpAw",ProVax,1
Something not reported in the US... Russia sending doses of their COVID vaccine to seven countries in Latin America. Also the US-Russia-Lat Am coalition that is being ¨talked about¨ https://t.co/nRnIP2cDnv,Neutral,2
This doesn't need to happen: COVID-19 vaccine could come at sharks' expense https://t.co/UrS3kOmIvg,Neutral,2
"This a nice, and perfectly valid, twist on the statistics and echoes my own thoughts on the Oxford vaccine 👏👍 https://t.co/OfpbNWbXY6",ProVax,1
Moderna to supply 160 million doses of its Covid-19 vaccine to EU — RT World News https://t.co/5A1ahfMqKN,Neutral,2
"Scientists are putting their hands together in developing a cutting-edge vaccine. By volunteering, we help ourselves and move forward. #California #callforaction #sandiego #COVID19 #vaccine",ProVax,1
@user You all sound dumb talking about they killed people with covid 19 .....they were the ones working to get a vaccine by the end of the year and they did it...its a pandemic...trump didn't make it......,ProVax,1
@user was not part of any @user efforts to develop a #coronavirus vaccine. “We have never taken any money from the @user #Pfizer only connection to #OperationWarpSpeed was agreement to give the gov 100 million doses of the #vaccine. @user @user https://t.co/D779CDrli4,Neutral,2
@user Do you not think advances such as CRISPR might well shortcut the usual timeframe for an effective vaccine? In the meantime might not biology agents that flag COVID-19-infected cells for antibodies reduce death rates?,ProVax,1
soooo proud that turkish immigrants are the owner and the producer of the new corona vaccine🤍🤍🇹🇷 diversity wins! https://t.co/ob9tFH82w2,ProVax,1
"Australia begins production of Oxford-developed Covid-19 vaccine - [All Health &amp; Fitness Tips, Coronavirus], Source: The Tribune - https://t.co/g4HSZ7IEYw https://t.co/kG4tzyEJoe",Neutral,2
"Nah, bro. This is hella suspect. 😳 Can the Trump Administration take the vaccine first so we can see what the side effects are? #COVID19 https://t.co/0Qw0COXqjB",AntiVax,0
Some useful details about the #Pfizervaccine. https://t.co/FF1jQbYXjD,Neutral,2
@user ive had the covid my blood could help cure the sick !! ive never had a vaccine and i fought it off naturally. thats what i understood from the announcement !! please correct me if im wrong !! :),AntiVax,0
slow success builds character. fast success builds ego. . #CovidVaccine,Neutral,2
The vaccine has nothing to do with Covid19 because there is no Covid19. The vaccine is a DNA reprogramming nightmare that gives Bill Gates a patent on you. https://t.co/dDGscwbjAF,AntiVax,0
@user Very nice but where is the evidence on the relative prices paid for Covid-19 vaccination?,Neutral,2
"Dow futures jump 1,200 points on positive Covid-19 vaccine data https://t.co/lwwCQZsiwy",Neutral,2
"Dow edges higher as Pfizer touts vaccine trial, Boeing shares jump https://t.co/IGkRRQUIe3",Neutral,2
@user Wasn’t moderna vaccine research hacked by Russia a few months ago?,Neutral,2
@user There has to be someone at @user that can make an executive decision. Call @user He'll have an answer for you in an hour.,Neutral,2
"Should you be paid for getting a #COVID19Vaccine? Yes, you read that right. Everyone who gets the first wave is still a guinea pig! This is a debate the world needs to have, and soon! https://t.co/AijDXYd8rm #Vaccines #CoronavirusVaccine #COVIDvaccine #VaccinesWork #COVID19",AntiVax,0
@user More like Trump is mad because he couldn’t politicize the Vaccine. US citizens are dying if Pfizer has a workable vaccine 💉 nothing political about that IMO. COVID-19 is not some partisan political entity to be used as propaganda.,ProVax,1
"With zero longevity studies, wouldn’t it be ironic if one of the likely multiple side effects of whatever vaccine is vision loss? Then, about half of the world can be blind to! https://t.co/h83g5h0m3u",AntiVax,0
Love you and our President sir. But no thank you to ANY vaccine during end of days https://t.co/8PB0Oq5jNY,AntiVax,0
COVID-19 vaccine tracking: Phase III clinical trials commence for Bharat Biotech’s COVAXIN Read More https://t.co/nzz2mIVt91 #IndiaObservers #Covid_19,Neutral,2
"@user Have numbers on the production cost? They've gotten a billion dollars from taxpayers so far, and others have been given similar sums. Moderna hasn't sold a single product as a company; seems slightly irresponsible on the part of our government.",Neutral,2
i really wanna volunteer for the covid vaccine clinical trials 🤔,ProVax,1
"Impressive, accurate and super succint vaccine mythbusting by @user 👏🏻💉👏🏻💉👏🏻 #CovidVaccine #Covid19UK #coronavirus https://t.co/gtrsYOYacq",ProVax,1
"@user Pfizer vaccine is ready now so get it out quickly to front line of nhs. The oxford one is an astra zeneca product and can be made here, they have a big plant in Macclefield. The oxford vac. is based on traditional tech same as flu and therefore its easier to store and transport",ProVax,1
@user You're in a picture with @user . No soup or Covid vaccine early access for you.,Neutral,2
You going to caution people about the possible side effects? You getting a list of what is in this vaccine? Or not a concern for a evil person like you have become! Like @user sold your soul to the devil! https://t.co/bfuUCttTEK https://t.co/tqy3ePzmhh,AntiVax,0
"@user No dude. Covid isn’t a political issue. It’s a health and intelligence issue. Trump has politicized Covid, and even he supports finding a vaccine for this. You’re delusional.",ProVax,1
@user Hope you are bringing plenty of Covid vaccine with you - they’re gonna need it,ProVax,1
We needed a lift and this is it. A great day for science and medicine.these geniuses are saints. Mankind always finds a vaccine to destroy these diseases eventually. China started this now we will finish it. https://t.co/R3uBVLYlNv,Neutral,2
"@user Pfizers test - 200 children were picked to test a drug. 11 died, and their families began a fight for justice! Learn more: https://t.co/BBtPqipTHk",AntiVax,0
@user Now they have no choice but to turn to their so called third world country (Africa) for Covid 19 vaccine research ✌🏼✌🏼🤣🤣,Neutral,2
Do not take the vaccine... not just yet! https://t.co/yBJ6iNz7qx,AntiVax,0
"@user This could have all been avoided if you just rolled out #Hydroxychloroquine #Ivermectin #VitaminD #Zinc You let people die, you withheld treatments so you and your mates can profit from this. It's not about health its about the money.",Neutral,2
"@user Can you 100% guarantee that there are no side effects from these rushed faux vaccines? And if not, how many deaths will you accept responsibility for?",AntiVax,0
Vaccines for #COVID are likely to be ready within few weeks. Three indigenous vaccines are already in the final stages of trial. Indian health agencies and manufacturers are working in tandem with global agencies.We are fully prepared for the roll out. - PM Sh @user ji https://t.co/JkPG99XvgJ,ProVax,1
"While I'm highly skeptical of the new vaccine, the fewer strain variation might have something to do with it being more preventative. I'm still not interested in the vaccine if it is 90 percent effective. https://t.co/zjAlnnbxDn",AntiVax,0
"mRNA vaccine Pfizer, BioNTech’s #COVID19 vaccine prevents 90% of infections in initial late-stage study data Contrary to popular beliefs, mRNA vaccine CANNOT change your DNA/ Or turn you into a Frog or a POTATO. https://t.co/OZGn8e0caF",ProVax,1
"A vaccine for COVID-19 is months away for the general population in South Carolina but will be provided at no cost, state officials announced on Wednesday. Here's how distribution will work. https://t.co/ehhUH2ffnW",Neutral,2
I heard that there's already a vaccine for corona but I'm just praying that it works and it will be distributed fairly,ProVax,1
"@user On a ""sort of"" similar note, I'm trying out the NYT Covid-19 app to see where NBA players are in line to get the vaccine. Are NBA players considered ""essential workers""?",Neutral,2
Will you take the coronavirus vaccine? #coronavirus #vaccine,Neutral,2
"My op-ed on the vital role for social scientists in pandemic response ran in @user today, pointing in particular to our colleagues who study vaccine hesitancy. https://t.co/CJDUxWQ23H",Neutral,2
@user If Pfizer would have published its development BEFORE the elections you would have won by far. So you must live being defeated,Neutral,2
"No vaccine for me until 2022 latest and if that means losing some of my rights, so be it. https://t.co/EMcrYIZvDl",AntiVax,0
Inject this coronavirus vaccine into my veins and I mean it literally,ProVax,1
RNA Covid-19 vaccines will not change your DNA https://t.co/3M3ci7ipWw via @user,ProVax,1
Moderna to apply today for FDA authorization for its Covid-19 vaccine https://t.co/VwnkpqfAIc,Neutral,2
CDC Investigates Potential Link Between ‘Forever Chemicals’ and Decreased Effectiveness of Covid-19 Vaccines https://t.co/4VK17DEjKm,Neutral,2
Pfizer claims final trials of Covid-19 vaccine 95 per cent effective https://t.co/EHWyvPmFqo https://t.co/rbDqClHKkP,Neutral,2
@user Thanks Wendy. My first’s tomorrow (hopefully) in Leeds. Looking forward to it and contributing in some small way!,ProVax,1
They’ll come and start hoarding vaccine now 💀 https://t.co/75WDhd8zht,AntiVax,0
Great news on the Pfizer vaccine. https://t.co/5IoMrEkn3O,ProVax,1
I've seen no less than a dozen companies claim to have a vaccine since March. #COVID19 #vaccine,Neutral,2
"In a space of months, you guys have manufactured the Covid vaccine, but the HIV that has claimed millions of people are still waiting... Gasiya https://t.co/i0gQ57VCnn",AntiVax,0
friendly reminder: covid isn’t over. there’s no vaccine yet. just because things are opening back up doesn’t mean it’s a smart idea to go out. please continue to be social distancing & wearing face mask 🤍,ProVax,1
How are shipping companies preparing for coronavirus vaccine distribution? @user reports. https://t.co/Ebvsc20SCK https://t.co/jjppdhzgSL,Neutral,2
@user Science deniers not willing to get the Trump vaccine. smh https://t.co/kSXCZZVtZb,Neutral,2
Great news! Covid-19 vaccines are effective now.,ProVax,1
"this whole covid thing was just way to take trump out of office. the vaccine comes out the day joe biden is in office. this vaccine was prolly ready for months, but they’ve been waiting for covid to get worse and worse just to get trump out of office. it’s smart i’ll give em that",Neutral,2
Japan health ministry to monitor health of early COVID-19 vaccine recipients https://t.co/1nmfhrWzaE,Neutral,2
Must read- interesting to learn more about the @user efforts and @user efforts on the mRNA front.,Neutral,2
"Something I don't understand about the #savethechildren QAnon front for the pro Trump open the states grifters who believe the real pandemic isn't COVID but pedophilia, they're anti mask AND antivaxx. isn't that a bit of a mixed message for the vaccine? https://t.co/5BYbM5TpD9",ProVax,1
"@user @user Pfizer was not part of this administrations ""Warp Speed"" program. They were independently working on a coronavirus vaccine thank god for them and the fact we Americans will benefit. NO THANKS TO TRUMP!!!!!",Neutral,2
As if #AndrewCuimo #Governor #NewYork poor response and deadly nursing home directive didn’t kill enough New Yorkers now he’s denying #NewYork #NYC residents #CovidVaccine How many more people will #Cuomo kill?,ProVax,1
@user understand coronavirus vaccine and the three vaccine candidates now. Coronavirus Vaccines Candidates works only under these conditions. https://t.co/PWpw1OXrfR,Neutral,2
"@user Hopefully good news. With a declining R number nationally, improving outlooks for those who are unfortunate enough to get Covid and a vaccine on the way, maybe 2021 could be a little better than 2020. Here's hoping....",ProVax,1
"@user No thanks I won’t take any vaccines with nanotechnology Treatment with Hydroxychloroquine Cut Death Rate Significantly in COVID-19 Patients, Henry Ford Health System Study Shows https://t.co/ONgIkC2nVv https://t.co/MmH6ErZf3K",AntiVax,0
The first people in the #faroeislands have been given the Covid vaccine. Frontline health workers were first in line. More: https://t.co/VelUi4ZUFG https://t.co/nqQJ2guN00,ProVax,1
"Fighting Stigma : Govt has a plan to ensure covid vaccines reaches priority population: Health secy: According to the India Council of Medical Research (ICMR) data, India has performed about 11,96,15,857 COVID-19 tests which ICMR claimed are ... https://t.co/VJCfBSNSow",Neutral,2
"@user Don’t get me started on “experimental” drugs, my partner is part of a trial for a Covid vaccine. It’s safe, genuinely safe.",ProVax,1
"@user They still beleives ZamZam from Mecca can cure Corona Virus n if Vaccines for Corona Virus made from ayurveda n by Hindu researcher in India i think it will be blasphemus for them to take that Vaccine as it is made by kuffar Idol Worshipper🙏✨✨⚡💥🇮🇳🇮🇳🇮🇳🇮🇳",AntiVax,0
Any Government who proposes mandatory vaccines is no better than the Third Reich. There is no place for them in the UK. This WILL bring the Govt down #SteveBakerHW. And take Labour with it. https://t.co/bQO8Kajypv,AntiVax,0
"fuck me it’s not rocket science - ages 75+, people with underlined health problems and doctors/nurses should get first priority to the vaccine once approved and then filter down- job done 🤦🏻‍♂️ #COVID19",ProVax,1
DANGER! PLEASE WATCH! Dr. Christiane Northrup | What’s Inside the COVID-19 Vaccines? https://t.co/mh8TXed2pf,AntiVax,0
"Our respected UGC,please postpone the final semester exams.After Corona vaccine, exams will be conducted plese.many students are very suffer in this bad situation.try to understand plese... https://t.co/v0GDbBcNI8",Neutral,2
"@user Dr Anthony Fauci directed the CDC to spend 7 million over six years. The first three, to study Covid 19. Over the last three. He authorized GENETIC MANIPULATION of the virus. In places INCLUDING the Wuhan Lab. All this to unveil the vaccine as a savior of the mess he made",AntiVax,0
This could be huge. Or not. But the progress on developing a vaccine has been impressive. https://t.co/eMHck5xvD9,ProVax,1
"VACCINE JOKE: Pfizer saying that Covid-19 vaccine is 90% effective. To me, this is a terrible & horrible news. Why? b/c US has 327 million people and 10% of them will die after taking the vaccine or 327,000 deaths annually. Hope U and I won't be in that unlucky 10% haha((:LEE:)) https://t.co/ZTDlNgY5NQ",AntiVax,0
Imagine if the long term side effects of the #CovidVaccine is that you turn into a Zombie ! My god that would be a whole new ball game 🧟‍♂️,AntiVax,0
"@user 125,000 Canadians get this vaccines. Absolutely garbage. Another ploy by Trudeau to take attention off his total failure to handle COVID-19 properly. Useless as usual!",Neutral,2
"It's happening. @user sent @user these photos of their first shipment, 1,000 doses, of the #Pfizer #COVID19Vaccine. Their team will begin vaccinating health care workers today. #coronavirus #vaccine https://t.co/WwBAmnAFHb",ProVax,1
@user I had an argument a while back with a guy who said Covid was fast and then not 5 minutes later he said Covid was caused by 5G towers. Then he went on to say the vaccine has microchips in it and they use them to track you at airports to see how much money you have... my head hurt,Neutral,2
"Release the vaccine so there is no longer an excuse for any lockdowns. If you're scared, take the vaccine. PS- I ain't take'n it https://t.co/cxAEa1MXz4",AntiVax,0
"This 👇 is what we ALL need to worry about. Don't be distracted. Trump, Trudeau or Biden - doesn't matter - they will all push the vaccine ""in the public's best interest"". Do NOT take the vaccine. https://t.co/BUwqtlSmWR",AntiVax,0
"@user I’ll have the vaccine even though I’ve had covid (awful btw),I still have antibodies from March (siren trial).My reasons I want to be around for my little boy & I’ve seen what severe covid does (icu nurse) It’s personal choice & very scary but to me a covid death is scarier",ProVax,1
"Shift in allegiance is going to be interesting in comin months/years as some countries r racing to create vaccines nd other trying 2 secure it frm them. Now, a country's diplomatic strength is as importnt as its health system capacity in its fight against Covid. #CovidVaccineRace",Neutral,2
"Those are just #COVID19 “cases”, aren’t they? What about the ~5.5m people who have already “Recovered” without the need for any vaccine whatsoever? Moreover, what does that tell us about #COVID19?🤔 https://t.co/gqJb7fNaQi",AntiVax,0
Facebook to remove debunked claims about coronavirus vaccines https://t.co/w11RTLV4EI #business https://t.co/ANDdBcZ2J6,Neutral,2
Australia begins production of Oxford-developed COVID-19 vaccine #Australia #COVID19 #Vaccine #Coronavirus #Virus #AustraliaCoronavirus https://t.co/qAmAGJKePu,Neutral,2
A rare bit of good news. 90% effective COVID19 vaccine could be available for use by year's end. UK has purchased 30m doses. https://t.co/0vPxzWeEHT,ProVax,1
"Live updates: Nearly 100,000 patients hospitalized nationwide; vaccine panel urges prioritizing health workers By Antonia Noori Farzan https://t.co/gs7Cn9Lv7N",Neutral,2
@user It's only just come out so how has it been approved so quickly? I would rather trust the Phizer vaccine.,AntiVax,0
"Chinese Covid-19 vaccine makers are moving at breakneck speed, and some shots are already being distributed locally. But scientists question how strictly companies are vetting possible safety issues https://t.co/jJFNaN8hn4",Neutral,2
They’ve been working on a Vaccine for SARS for 20 YEARS. How long do you think it’s going to take for Covid-19?,Neutral,2
Big news... #modernavaccine #COVID19 #CovidVaccine #USA #EuropeanUnion #BigNews #leoshinesbright https://t.co/UrB2zO5KiQ,ProVax,1
@user https://t.co/3Qi8bPIHLu ... It's not that simple. We really need a fucking vaccine.,ProVax,1
"RNA a novel technology 2015 to prevent and treat disease as Coronavirus, Cancer, and reinforce the immune system. Harvard and other as Pfizer Laboratories as applying RNA ti produce a new generation if vaccines. https://t.co/HZyoniWwBK https://t.co/2XlqiUNPd5",Neutral,2
Iran says US approved its funds transfer to buy COVID vaccines | Coronavirus pandemic News | Al Jazeera https://t.co/HwEnACK6gl via @user,ProVax,1
@user If a country (whom we are exporting HCQ) later produces vaccine of Covid-19 and if they opt same attitude towards India what you are suggesting then what happen ?,Neutral,2
"@user You know turks are smugglers, vandals, mongols etc etc, how your holy helenic blood will accept that vaccine? Btw BioNTech, a company founded in 2008 by the Turkish scientists Şahin and Özlem Türeci.",AntiVax,0
"Remember, @user says the vaccine will be free. I’m curious how @user is going to rake in every cent possible. Because trust me, they aren’t doing all this out of kindness and concern. And 40 million doses by the end of the year. Who gets those. Sports stars? Congress?",AntiVax,0
Markets gone ‘rogue’ on coronavirus vaccine news face tough questions https://t.co/5U5eoZQolU,Neutral,2
"@user EYES WIDE OPEN!! In Brazil, some eletricists caught 5G plates with COV 19 WRITTEN ON A CHIP for installation on the antennas! Keep your eye open and dont take the vaccine! It all relates. Social Media #Censorship #Qanon ban #5G #CORONA #VACCINE #Crafts #CropCircles #INDICTMENTS https://t.co/37Ze3EYLiE",AntiVax,0
Good news #kovidvaccine https://t.co/8DKfWYNIid,ProVax,1
"#Sindh 32,910 #punjan 31,104 I accept someone please tell where is @user #poliovaccine every month I see some teams are working in area's but since #Covid_19 no one's give vaccine for our children. @user please think. https://t.co/rtn8haGEHs",ProVax,1
"""We should certainly take this alert seriously"" says Prof Wendy Barclay, a virologist at Imperial College London, adding that a ""key question"" is whether this mutation in the spike protein of Covid-19 would prevent a vaccine from working #R4Today https://t.co/EK6ZU9v1wz",Neutral,2
"@user It makes me so angry to see this #fucker get a vaccine while my 85 year old grandma, and at risk parents have to worry every day about getting sick. #Republicans and really any public figure that disputed covid-19 should be the last on line. Joni your family must be proud.🖕",ProVax,1
@user I love how the media is completely misleading the public about the Oxford vaccine. Every vaccine that has been developed is 90%+ effective EXCEPT THE OXFORD VACCINE. The oxford vaccine is only 62% effective which is slightly better than the flip of a coin.,Neutral,2
"The New York State Bar Association on Saturday passed a resolution urging the state to consider making it mandatory for all New Yorkers to undergo COVID-19 vaccination when a vaccine becomes available, even if people object to it for “religious, philosophical or personal reasons.",Neutral,2
Why can’t Covid 19 vaccines (safe and effective ones as they are approved) be sold in private market? Government can work towards making it available to priority & economically vulnerable citizens. https://t.co/7yC1D5b2bx #CovidVaccine @user @user,Neutral,2
I don’t care; I’m still not taking it. 🤷‍♀️ Pfizer says COVID-19 vaccine is 95% effective https://t.co/FUeLUfbZjZ,AntiVax,0
"@user They still haven't been able to make a vaccine for AIDS/HIV, which has some common features to COVID-19 too. Appreciate you are engaging in civil debate. Informed consent is key for me- government must address that. Must be NO arm-twisting to accept rushed vaccine.",AntiVax,0
"Another publication of preclinical animal studies on one of Sinopharm's 2 inactivated Covid-19 vaccines (the Wuhan one), in 7 species. Interesting background: they began with 4 vaccines, before deciding on the one that went to first-in-human trial in April https://t.co/n2nHsC1c5f",Neutral,2
COVID-19 vaccine distribution: 4 ways providers can win with online self-scheduling https://t.co/21V3wnqJg4 @user #healthcare https://t.co/IYYR67GbL8,ProVax,1
Good news from @user on #COVID19 vaccine progress & a good time to reflect on the 120+ times drug maker has increased prices this year alone #justsaynoJoe @user https://t.co/oPSsU5e3Tf,ProVax,1
Very important information about how scientists work with vaccines without using the virus itself is encoded. https://t.co/p4HeYclkkW,Neutral,2
I will gladly take a Covid-19 vaccine at the first opportunity that presents itself to me.,ProVax,1
Tom from Widnes won’t be having the COVID-19 vaccine because he doesn’t know what’s in it 😂. Like he knows what’s actually in paracetamol or fucking fish fingers. Grow up Tom conspiracy theorists are not super intelligent visionaries.,ProVax,1
Pfizer chooses 4 states for pilot vaccine delivery program $pfe #vaccine #Pfizer https://t.co/dvECmXBdLl,Neutral,2
"I'm not taking it until it has been tried and tested for much longer. The flu jab isn't compulsory so why should this be. Yes, I agree we need a vaccine, but not one that has been rushed through and caused side effects in some testers https://t.co/5QNeE3RyIW",AntiVax,0
let the City Girls get the vaccine then we can talk 😜 https://t.co/rqevxjUVBH,Neutral,2
@user 2 days ago i opened SA. And today I come to know that I can't use HDFC UPI SERVICE BECAUSE MY SMARTPHONE IS RUNNING ON ANDROID 10. A article also published on this in FEB 2020. In the meantime your TECH TEAM IS BUSY IN MAKING CORONA VIRUS VACCINE. YA! TELL ME...,Neutral,2
"@user The mysterious Dr Tam, ambiguous viral specialist or #CCP infiltrator. The Liberals know.. #TrudeauCorruption #TrudeauTreason #agenda2030 #COVID #CovidVaccine https://t.co/kZ78HHzHi0",AntiVax,0
"@user I'm sure NHS staff can't wait 🙄 A rushed Covid-19 Vaccine shouldn't be compulsory ""Dozens of NHS workers are fighting for compensation after developing narcolepsy from a swine flu vaccine that was rushed into service without the usual testing"" https://t.co/pvAH3ueAhy",AntiVax,0
"I want to have a convo about the #covid vaccine. Does anyone have any good links to articles or research? (Trust I’m pro vaccine, just wanting to have a discussion and see other views). https://t.co/oVv62dcJ6q",ProVax,1
"@user .@user if you want to call American POC stupid for avoiding a rushed vaccine from the ""let's inject people with Lysol"" Trump administration - which has repeatedly shown gross incompetence on COVID & is allegedly skipping important CDC steps for vaccine trials - do you.",Neutral,2
Pfizer wants their vaccine to begin in blue pill states.,Neutral,2
Private or public health? CVS and Walgreens spearhead effort to vaccinate nursing home residents against coronavirus https://t.co/gEwyXX7dL3,Neutral,2
"@user And Pfizer’s success had nothing to do with you. The stock market had nothing to do with you. You can’t take success for the work of the American people and yet duck all responsibility for our woes. Additionally, tick-tock, motherfu%^er.",ProVax,1
#Moderna s vaccine used on just 92 covid-19 positive cases and how we will relay on that study. need further more cases.,Neutral,2
Christians like to say they want to be like Jesus. Jesus touched lepers.... He commanded us to lay hands on the sick... He commanded us to gather... prior to vaccines all gatherings were more dangerous then they are with COVID... #Wakeup,AntiVax,0
"while a very valid reason to not get a covid vaccine is fear of its side effects and it being so new, the chip people really are stupid as fuck. The people who think the cure to covid is being healthier and ""strengthening your immune system"" are a close second",Neutral,2
@user but isn’t pfizer a huge money-sucking pharmaceutical conglomerate?? yeah that drug is gonna be expensive as hell and only the rich is getting it this virus ain’t going away anytime soon me thinks https://t.co/LPU3readRp,Neutral,2
"Global stocks back to record highs as Pfizer vaccine news adds to US election rally; crude oil prices leap, while govt bonds—hedge against uncertainty—tumble sharply Via @user https://t.co/VtnSUbgOMr",Neutral,2
Covid-19 Antibody Tests Used in Vaccine Clinical Trials Now Available Worldwide https://t.co/zsal0pmu8y https://t.co/I8EqSx3ue4,ProVax,1
"Well this is good news ""Pfizer and BioNTech announce trial data showing COVID-19 vaccine is more than 90% effective"" https://t.co/5dJejngPnK",ProVax,1
And the funny part of that... There are medications now for HIV/AIDS that helps you live a better and more healthier/longer life. But...y’all are weary of a COVID vaccine. It’s all so interesting.,ProVax,1
"IDK, there are some that should be, mumps, measles, rubella, tb, meningitis, tetanus, hepatitis.... there are probably a few more but I agree that a ""covid-19"" vaccine should never be mandatory.",AntiVax,0
Sorry to disappoint those retweeting this gloom and doom news about a Covid-19 vaccine. But hey Good News.... ☺ It's Fake News.... ☺ It's NOT TRUE and here's link to Reuters showing this. https://t.co/qeAJiNSCq0 https://t.co/VDG5rLUT96,ProVax,1
Covid-19 vaccines trials update 😂😂 https://t.co/ZlO9BbYg4I,Neutral,2
"All of you 1 issue voters (Covid Covid Covid), how played do you feel? @user told you the truth about the vaccines, just like he did about the Russia hoax, Ukraine hoax and now what looks like the election hoax. Will you ever learn who the liars are? #vaccine",AntiVax,0
Your so right. #donttajethevaccine https://t.co/iq9aPLKIjA,AntiVax,0
Will COVID-19 vaccine be mandatory for Americans? Here's what US President-elect Joe Biden has to say https://t.co/1KKJwbeZSV Will COVID-19 vaccine be mandatory for Americans? Here's what US President-elect Joe Biden has to say https://t.co/0rzRYLYh4P Zee News US President-ele… https://t.co/UZu2FLbxQj,Neutral,2
"With the usual fetal tissues, this is the packaging for the vaccine. No thank you. Research these ingredients, do you want your DNA changed? https://t.co/wEObGk7Y0z https://t.co/HnnN67Mrad",AntiVax,0
"@user First of all 200k people died with covid no because of it. Car accidents, cancer and heart attacks with covid is not really that. Second, he stopped travel from other countries when you said it was racist, got ventilators, Ppe, medications on fast track, vaccine in fast track.",Neutral,2
"@user it's no time ""celebrate"" the #moderna vaccine. It's way to early take a victory lap when #COVID19 is raging, it's not FDA approved and will take months to get it distributed. It's time to work with the transition team. You're fired",AntiVax,0
"never mind the vaccine, I'm more shocked at Sarah Montague in a hoody! on radio 4! https://t.co/ZbvefV4WAT",Neutral,2
@user please help us understand how the 1 subject who received the experimental vaccine had severe #COVID19 infection? Timeline? Early infection prior to immunity? Or no/little immunity? We need more data!,AntiVax,0
Coronavirus vaccines: Your questions answered https://t.co/fHGwmc8HXu,Neutral,2
Protect our Children! 📚 End the digital divide 💉 Guarantee access to vaccines 🧠 Look after their mental health 🌍 Tackle climate change 💵 Provide a safety net ☮️ Uphold the global ceasefire Follow these simple steps and #reimagine a better world #ForEveryChild. https://t.co/NjsUtZUmWY,ProVax,1
'Wonderful news to wake up to:' U.K. greenlights Pfizer's COVID-19 vaccine https://t.co/CpB7A5T3Yz,ProVax,1
No i don't worry about covid it curable. Don't need vaccine. Just saying just my opinion an just my right an freedom to say no to vaccine https://t.co/MSCFZ4LHjE,AntiVax,0
@user We would hope for the best with the vaccine news and trust in our nations ability to reduce or eradicate covid,ProVax,1
"@user Who is your Dad,how come FBI and CIA covered,then led to stranger in WH and DNA free and coronavirus 19 vaccines free from great American President Trump to his great Americans, you were 2 years old but Hillary spy on USA for Russia by Dad she used 42 cover",Neutral,2
Because millions of Americans are happy to see a con man openly sabotage Joe Biden as president. It’s a scandal and it is utterly tragic to see what the US has done to itself. #uspoli #TrumpFailedAmerica #GullibleWhiteMaleTrumpVoters #Sabotage #pandemic #COVID #vaccine #virus,Neutral,2
"Positive data on BioNTech and Pfizer’s COVID-19 vaccine is an unlikely success for the married couple behind the German biotech firm, who have devoted their lives to harnessing the immune system against cancer https://t.co/bUHD99OLYK 1/6",ProVax,1
"@user Clearly the problem is always gonna be Democrats, Obama and Clinton. I mean isn’t it Obama’s fault for not finding a vaccine for Covid and Biden’s daily for not mandating masks in the country? 🤷🏻‍♂️",Neutral,2
"@user I don't understand why people bring up terrible diseases when arguing against a covid/lockdown/covid specific vaccine skeptic. You're comparing a deadly disease to a 99.9% survival rate coronavirus. That makes no sense. We are not anti vaccine, it's anti covid vaccine.",AntiVax,0
"@user They didn't start from scratch, that is decades of work developing that type of vaccine, and 6 months to change the training data in it to teach your immune system to respond to Covid-19 specifically.",ProVax,1
@user I was talking about the same thing last night.. this is the first real threat that will make those who are vaccine averse re-evaluate the balance of perceived risk. Although I have seen YouTube videos by anti-vaccine groups spewing BS already (ie COVID “caused by 5G”🤦‍♀️),ProVax,1
"@user I think a mandatory vaccine can be justifiable, given a certain risk level - so, bubonic plague, definitely yes, common colds, definitely no. Obviously people take different views on where covid-19 sits (not inviting that debate here, of course).",Neutral,2
Good news! #COVID19 #vaccine https://t.co/FtuKEPWvbV,ProVax,1
"@user #CCP has already conquered the #Covid_19 virus. Without using a single drop of vaccines or having developed an antiviral cure, it defeated this seemingly invincible enemy by...... . .. ... .... ..... Lying💪 #ChinaLiedPeopleDie",Neutral,2
Trump is probably refusing because he has no plan and if he does then this just shows everyone how much he thinks of only himself. I wouldn’t be surprised if he tries to sell the vaccine too the highest bidder https://t.co/fTilKjvdQR,Neutral,2
Main Stream Media now trying to sell you on the idea that masks may be better than covid vaccine. Ask them how many of their children have taken vaccines. They KNOW they are pushing a falsehood. The CDC official did say he thought the mask better. Now you know how dumb CDC is.,ProVax,1
I don't trust Johnson and Johnson or Pfizer That's why we have the FDA. #Debates2020,Neutral,2
"From #Syria to COVID-19 frontline, stateless scientist sets sights on vaccine Nowras Rahhal spent years studying to the sound of bombings & artillery fire, using his phone torch to read when the electricity cut out at his #Damascus home. #Darayya #Germany https://t.co/MYh8Au4Xwn",Neutral,2
"@user Vaccines do not 100% guarantee immunity, and one for Corona is on the verge of completion anyway. The fear is overblown and certain vested interests want to keep people like you in an inflated panic about it for political gain. 2/2",Neutral,2
@user Because I trust my body’s own immune response to a virus more than a rushed vaccine. They’ve never developed a vaccine for a coronavirus. Not interested in one they developed at “warp speed”.,AntiVax,0
what are the chances Pfizer waited to release the trial results until after the election was decided?,Neutral,2
"#coronavirus Pfeiffer vaccine should be kept at minus 70 degrees, S... https://t.co/bKRsqH9z7E",Neutral,2
"A new vaccine, 90% effective for a virus that's 99.6% recoverable? Seems the math just doesn't add up. 🤔 I'll pass on this inoculation. #COVID #COVID19 #coronavirus #StopTheLies",AntiVax,0
"For the record, the COVID-19 survivability rate is higher than the success rate of any vaccine. Keep that in mind before you run out for it!",AntiVax,0
"@user Screw the vaccine, Imma take covid the way I am for F9",AntiVax,0
Ticketmaster to require negative COVID-19 test or vaccination to attend concerts https://t.co/8w3mUo1Ep2,Neutral,2
"@user In Liberal speech! This from the guy who put all our eggs in the China COVID-19 vaccine gamble and look how ""wonderful"" that worked out We are done!",Neutral,2
I’m not afraid of the Covid vaccine after the amount of times my tongue and lips were on the mic at lookout lounge.,ProVax,1
"This is interesting. We've heard a lot about the threat of anti-vaxxers and ""vaccine hesitancy"" in the context of the Covid-19 vaccine. Actually, the data shows that overwhelmingly, people in the UK are confident in vaccine programmes, with MMR coverage of more than 90% https://t.co/0xKTPOpm12",ProVax,1
Trump blocking new vaccine https://t.co/GqustnCTpO,Neutral,2
"Black family, we need to be mindful of a nation that has always put us last in all things but now wants us to be among the first when it comes to the Covid-19 vaccine. ""Never trust thine enemy: for as iron rusteth, so is his wickedness"" Ecclesiasticus 12:10",AntiVax,0
"I hear the Four Seasons Total Landscaping is available if you're looking to do a press conference on this fake news. Unfortunately, Pfizer can't make it, because they aren't part of Operation Warp Speed, but Rudy said he'd step in for them.",Neutral,2
Times of India: Govt eyes 50 lakh doses of Covid-19 vaccine in 1st order. https://t.co/qbVuLtaHUY via @user,ProVax,1
I'm so grateful that we will not have the Jared Administration in place trying to distribute a Covid vaccine next year. I can only imagine the nightmare of people paying/providing favors to receive access to it first. #MondayThoughts #ByeJavanka,ProVax,1
"@user Yeah, all true. Just like Obama isn't an American, the Covid vaccine will control your brains and Melania has new kidneys.... 🙄",AntiVax,0
"Coronavirus UK live: vaccine 'not likely to come to fruition this year', says Raab..#UK..#Covid_19",ProVax,1
"@user Ok question. Has anyone heard Trump say the words “covid 19” AND “vaccine” TOGETHER? I feel like the vaccine or cure....isn’t exactly for covid, but possibly the “invisible enemy”. Does this make any sense?",Neutral,2
"The Trump Admin has moved to hoard future COVID-19 vaccines. Medical nationalism has happened before. 70 yrs ago, the discovery and, development of #antibiotics saw the United States weaponizing control of pharmaceutical pipelines. #science #AMR https://t.co/1qWQLL6p8r https://t.co/Dd8dHN4KuZ",Neutral,2
@user why does it matter if the spread of the virus still continues after the vulnerable who want it are vaccinated? They'll be immune. Are you mentally ill or something? #COVID19 #COVID #Covid_19,ProVax,1
BIG news in #COVID19 #vaccine race https://t.co/IRvTRrxp2J https://t.co/EqhL63ocr0,ProVax,1
Read more about Britons' attitudes towards taking a COVID-19 vaccine and how they feel about recent announcements of successful trials https://t.co/nz49reETsO,ProVax,1
Pfizer COVID-19 vaccine could get UK approval this week - Telegraph https://t.co/LVnpTdXGRQ https://t.co/QcMu0P8LPP,Neutral,2
@user But covid19 is a virus and to think that a vaccine is going to stop people from getting covid19 makes no sense just like getting a flu shot will guarentee you from getting the flu.,AntiVax,0
"PM Suga at UN General Assembly on COVID-19: Japan, a founding donor of WHO ""Access to COVID-19 Tools (ACT) Accelerator"", will lead the COVAX facility to realize an equitable access to COVID-19 vaccine throughout the world. https://t.co/hoRRBrY77d https://t.co/E1kZA20ppb https://t.co/1GSAd8bTCV",Neutral,2
"Commentary: Great news, the first approved COVID-19 vaccine is here. But don't throw away your masks yet https://t.co/2jjlblepdw https://t.co/8U8Mvupr5d",ProVax,1
"Covid19 vaccine find! Not sure, why the med must be keep in special storage? So people's must follow the vaccine to bosted the economy of USA and Europe! I personal don't take it. Smell propaganda",AntiVax,0
"Behind Pfizer's vaccine, an understated husband-and-wife ""dream team"" https://t.co/YIcyFf6HvU",Neutral,2
@user Yes !! Pfizer and their -70 celcius is a huge problem for airlines to quickly transport.,Neutral,2
"BREAKING: New York state is expected to receive its first shipment of 170,000 doses of a COVID-19 vaccine by the middle of the month. https://t.co/kbG3ThbjHL",Neutral,2
"Encouraging news about #Covid19 vaccine today... then the man responsible for delivering it to the right people quickly, Spaffer Johnson, comes over the hill w/ his clunky metaphors about cavalry & tooting bugles & ""over to the Brigadier"" #ToryShambles #BorisJohnson #arewefucked?",ProVax,1
"If @user does not ""kid"" around, does that mean he was serious about nuking hurricanes, surrounding the southern border with a snake pit, and using a flu vaccine to combat COVID-19?",Neutral,2
@user 5 people in my family beat covid after becoming very sick..you dont need a vaccine just oldschool remedies and good old love,AntiVax,0
@user As a 20 plus year paramedic I’m urging you not to jump on vaccine bandwagon. Apparently you have absolutely no knowledge of vaccines. Much less how many vaccines there are are for coronavirus. Much less the real definition of a corona virus.,AntiVax,0
"Took U.S. translators’ notes away at Helsinki & capitulated 2 Putin. W/drew from Syria & Afghanistan & refused 2 sanction Russia 4 bounties on dead U.S. soldiers. Ruined U.S. econ & caused 330,000 COVID deaths; refused Pfizer offer of more vax in summer 2020. #TRAITORTRUMP 2/2",Neutral,2
"@user Well, it’ll be a few months before they make make the coronavirus vaccine available to regular Canadians. I will wait and see...",Neutral,2
Good perspective on the Pfizer vaccine trials and what it means from Calgary-raised @user #COVID19. https://t.co/vEzwPbiho0,ProVax,1
people with history of severe allergic reactions to medications are advised against taking the covid vaccine so.... i have to sit my ass out of this one it seems lmfao,AntiVax,0
"OMG and governments listen to this 🤡 ? Don't know why I'm still surprised though, since #BillGates is aloud to vaccine everyone globally against #covid-19 in the near future ...",AntiVax,0
$MRNA Moderna Announces Expansion of BARDA Agreement to Support Larger Phase 3 Program for Vaccine (mRNA-1273) Against COVID-19,ProVax,1
"Seriously, who is actually buying into the COVID-19 vaccine? Who’s literally going to inject themselves, with that poison? Is it that easy? Even after all the evidence of it being mostly a scamdemic and no different than the flu?",AntiVax,0
great news. hopefully the vaccine is reliable 👏 https://t.co/rIVmROGnq0,ProVax,1
I know so many people who think there was some conspiracy to not announce vaccine until after the election. They will believe that forever. Maddening. cc @user #covid19,Neutral,2
"@user Did u just compare all d trivia wid covid vaccine? Or i missed d point? Right now, if Trump announce a free vaccine to every American, he will win d elections hands down. Even if he is conservative or whatever.",Neutral,2
"@user Speaker, we need a negotiated stimulus deal NOW with a second PPP funding. With this help small business can weather the Covid storm until vaccines are readily available.",ProVax,1
@user There's no vaccine yet. It's big commercial hoax. Covid-19 has muted and it's a lie to wave any successfull testings . It will take months to get the right pattern,AntiVax,0
New York Governor Andrew Cuomo responds to Trump's statement about delaying delivery of COVID-19 vaccine to his state https://t.co/zM6H3XbvVw,Neutral,2
What scares the Democrats more than ANYTHING? #1: 4 MORE YEARS OF @user #2: Equal Justice under the LAW @user ⚖️ #3: COVID-19 Vaccine & return to NORMAL #BackTheBlue,ProVax,1
My job wants us to take this COVID vaccine and idk...this better be a joke.,AntiVax,0
Dr. Fauci 'Not Concerned' About Political Pressure's Impact on COVID-19 Vaccine Trials https://t.co/fr5neF95Zv #MDMGRadioNews 🎯 https://t.co/maoawTYo3j,Neutral,2
"I believe in the efficacy of vaccines 100%, but why would I voluntarily take a Covid-19 vaccine ? I’m more worried about potential side effects from the rushed vaccine than actually suffering from Covid-19 symptoms.",AntiVax,0
More good news. It’s amazing how much progress we’ve made on vaccines and medical data/research since Election Day. https://t.co/tOxS0CWyiw,ProVax,1
"“If the plan is approved, concertgoers can purchase a ticket but will be required to provide either proof of vaccination or a negative Coronavirus test result produced 24-72 hours before the event” idk still seems risky. https://t.co/x7hjJAvCI6",Neutral,2
"This is pretty good news, but of course there is more work to be done. If we get a proven vaccine in 2021, I’ll be ecstatic. https://t.co/NWXRJ6RRo1",ProVax,1
"@user Or how a #पिंचर_पुत्र changed the toop on car of the scientist working in India 🇮🇳 on #CovidVaccine and helped him reach office on time, thereby enabling the company develop the right vaccine. Hail #पिंचर_पुत्र",ProVax,1
.@user Put a stop to this enraging plan. Far more deserving people need #Covid_19 vaccine than inner circle of @user jerks who refused to model #publichealth measures to keep Americans safe. Shame on you! https://t.co/LMq1QQKlVG,ProVax,1
"I had been humming and hawing about whether I would wait and see how it turned out for others first but, with the announcement of a possible vaccine on the horizon, I've discovered that I'm going to be the first in line to get it. https://t.co/eUb0OfEbE7",ProVax,1
@user Thank you President Trump for making the coronavirus vaccine possible!! :-) :-),ProVax,1
The only clinical endpoint this vaccine is achieving is a delay in Russian health ministry officials “falling” from windows in central Moscow. Long term efficacy is probably not guaranteed.,Neutral,2
"@user Where have you been? Hanging out with Judge Box-o-Wine no doubt. Our government didn't bankroll Pfizer's research. Put down that glass and check yourself before you wreck yourself. Oops, too late.",Neutral,2
"""that is until a fast tracked coronavirus vaccine is licensed and your passport to life and liberty becomes proof you have received a COVID-19 vaccine – perhaps simultaneously delivered and tracked via a microneedle quantum dot tattoo on your skin.""",AntiVax,0
over my dead body will i be ever getting this vaccine. if that means i go to jail or die then so be it! https://t.co/C5wO2IXcFa,AntiVax,0
"Big pHarma SORCERY. Speaking of... ""#Coronavirus,"" RADIATION, DNA/RNA Hacks, ""#vaccines,"" Problem. Reaction. Solution. EXPERIMENTATION$. All in less than 1 year. U.N. = Beast. Wake Up. Global Citizens are Satan's SLAVES.",AntiVax,0
"Some healthcare workers are refusing to take COVID-19 vaccine But i mean, can you blame them? https://t.co/E98rsQoFXI",AntiVax,0
Seeing alot of talk about a COVID-19 vaccine and I must say if one becomes available soon I won't be taking it. I'm not going to take something that's been rushed out without the proper testing that usually takes years. I'm not an anti-vaccinationists but I'm also not stupid.,AntiVax,0
"Finally, light is here. Thanks to scientists and study participants @user #CovidVaccine #SleeveUp #MaskUp #YPLSP https://t.co/DGYQcbbsyq",ProVax,1
So let me get this straight. With the vaccine coming its got a 90% success rate (in just a few months of testing) . With covid you have a 99% rate of being just fine. Sounds like covid is better.,AntiVax,0
"How do you get fifty young people to join a talk on the challenges of eradicating malaria in Nigeria? Ask them what they are doing for Christmas on Clubhouse, talk about the Covid vaccines and efficacy, and say something like ""we need to address malaria the way we treat Covid.""",Neutral,2
@user Only fools are willing to be first to try China-made #COVID19 vaccine --- the same birthplace of #WuhanCoronavirus #FuckChina,AntiVax,0
Serum Institute seeks emergency use authorisation for Oxford COVID-19 vaccine Covishield in India https://t.co/lGBol1HZji,Neutral,2
COVID-19 vaccine | Trudeau stays on course for early 2021... https://t.co/QFTWkNMXAY,Neutral,2
Russia leading the race for successful mass production of COVID-19 vaccine #vaccine #CovidVaccine #COVID19 https://t.co/xuSRdTg91k,ProVax,1
@user Is Trump still competing with WHO? WHO came up with covid ‘accelerator’ & ‘covax’ for a vaccine. Then Trump called WHO names & came up with ‘warp speed’. Trump steals anything he can.,ProVax,1
@user I have both and it’s time to learn to live with COVID-19. We can’t possibly go on counting cases and wringing our hands forever. And don’t tell me about the vaccine that’s right around the corner. No thanks.,AntiVax,0
"Please take the #coronavirus #covid19 ""vaccine"" that Nazi @user SAGE are pushing - it's highly recommended, even Josef Mengele says so from his grave! #DowningStreetBriefing #coronaviruis #covid19 #FinalSolution #Nazi #Nazism #BBCNews #SkyNews",AntiVax,0
"For all of the anti-vaxxers trying to use the AZ vaccine study to argue that a COVID vaccine isn’t safe, 👏🏼learn 👏🏼 how 👏🏼 double 👏🏼 blind 👏🏼 experiments 👏🏼 work 👏🏼",ProVax,1
Serum Institute of India's CEO said the Oxford #COVID19 vaccine should be available for healthcare workers and elderly people by around February 2021 and by April for the general public https://t.co/9IM8OlIY2z,Neutral,2
Here's how a coronavirus vaccine could be distributed globally https://t.co/YjSulTzaaL via @user,Neutral,2
"Notably absent is a vaccine for the nightmare that is facing us, Covid-19 that has caused 225,000 dead Americans. Shows Trumps focus. Pathetic.",ProVax,1
"@user If you want a vaccine you get one, I don’t need one. I’ve a strong immune system. I don’t get the flu vaccine and flu is worse than Covid-19",AntiVax,0
I think this covid-19 vaccine is a race to see who can get it out there first! I don't trust them! I want to see Dr Fauci take it and I want to see Trump take it and the Pence take it and if they don't die then I'll take it!,AntiVax,0
@user WTF are you Zoom calling @user for? He knows fuck all about vaccines and only knows who to destroy people’s lives! Check his past vaccine interventions for proof! #CovidVaccine #COVID19 #scumbag #murderers,AntiVax,0
This 91-year-old just got the vaccine. See interview that will make your day https://t.co/n2wggFkzRV,Neutral,2
A lot of people are dubious about taking a covid 19 vaccine but don’t mind the Colombian marching powder they snort off the local pub toilets 😂😂😂,ProVax,1
The good news on the vaccine front continues. https://t.co/wP4NiF7IW1,ProVax,1
"One in 5 people are hesitant about getting the #COVID19 vaccine, according to a Sky News poll. Professor Anthony Harnden says while he understands the concern, the public should be reassured the vaccine has undergone “clear and rigorous safety trials"". https://t.co/d71r2Uy2jt https://t.co/MRjn2xKgHo",ProVax,1
@user Kya Bakwas??? Today's Arjun are those who have investigated n realized COVID is nothing but mere common flu and r educating people against the unsafe vaccines that would be forcefully injected to all.,AntiVax,0
"@user COVID19 is less dangerous than the flu. You're lying to the public with your fake PCR ""casedemic"" to line the pockets of your vaccine friends. We're not taking your vaccine you liar.",AntiVax,0
Got a funny feeling this rushed vaccine will be in the news in a few years time for having some of the worst side effects imaginable. A rushed vaccine with no liability back on the pharmaceutical company.... what could go wrong? 🤦🏻‍♂️ https://t.co/ngg6cX4JvZ,AntiVax,0
A) Most vaccines will be private B) There’s ZERO idea of the long term impacts of it (Especially vs the kill rate of Covid) C) No thanks https://t.co/IVl2tNtYZd,AntiVax,0
@user Yeah😂😂That's true. But Pfizer is a German company but wasn't the vaccine made in the US?,Neutral,2
How a Covid-19 vaccine could change travel for good It was the good news that gave the world hope. https://t.co/ikOw1y0SfK #CNN https://t.co/0bdnAoZLn6,Neutral,2
Kudos to #TBCPartner @user which today published positive interim Phase 1 data for its #COVID19 vaccine candidate. Here’s coverage from @user https://t.co/KOycUyDxX9,ProVax,1
@user Been thinking that all day. Waiting for the dump trump to sue Pfizer ow cause they cost him the election. Watch this space https://t.co/CYUKSu0Nca,Neutral,2
"People Are Reporting Getting Bell's Palsy After Taking The Covid Vaccine + Bill Gates Gets Asked If ""The Vaccine Is Safe""! - https://t.co/lqKEMFRDsH via @user #WSHH #WORLDSTAR",AntiVax,0
"@user No , Pfizer did NOT TAKE any money from US government.",Neutral,2
Justin Trudeau says Pfizer's COVID-19 vaccine is coming to Canada before the end of month https://t.co/8zJ7nmCHRU,Neutral,2
"@user 2nd highest death toll per capita in the US. Ordered the murder of thousands of seniors by forcing covid positive patients back into nursing homes and is now threatening to deny his constituents a vaccine. Yup, really remarkable job.",ProVax,1
pump dat #COVID19 vaccine 💪😷🔥 https://t.co/Dnamm3MVkN,ProVax,1
"#covid19 #vaccine amazing news,if true,to be applauded👏🏽👏🏽👏🏽 Isn't it remarkable what can be achieved,when the world order of finance is threatened?🤔Hmmm...how long has cancer been with us now?🤔",ProVax,1
Very exciting news about potential covid vaccine. Let’s hope it passes all tests and can be rolled out. We also need the others to be successful so we have full coverage of populations,ProVax,1
"Look at the Truth about Vaccines @user No one is against vaccines. When the additives are animal & human fetal tissues, mercury, aluminum, nickel, formaldehyde etc. Listen to @user on bit chute & read her book “The plague of corruption”. It is at your risk. https://t.co/odM7q6au1G",AntiVax,0
@user True different viruses but Coronavirus is not new. This is not unique. All viruses reach an endemic phase after the majority have achieved immunity but it continues to circulate...it doesn’t have a pandemic type infection curve. By definition not 100% have had it hence vaccines.,AntiVax,0
"Health Secretary Francisco Duque III on getting COVID-19 vaccine first to boost confidence : Yes [I will do it]. Definitely. I will take it as long as it has undergone scientific evaluation of the DOST's Vaccine Experts Panel, the Ethics Board Review and the FDA @user",ProVax,1
trib_al: 'The UK was the first country in the world to approve the Pfizer-BioNTech Covid-19 vaccine ' https://t.co/g5lEX7E55C,Neutral,2
"Last time a vaccine was created, it took 4 years. The media needs to stop hyping it up. https://t.co/a86H57gEjb",AntiVax,0
I looked at the CDC’s dataset on COVID-19 deaths and created a graph that shows an enormous difference between total confirmed COVID-19 deaths and flu deaths! It will be interesting to see how these new potential COVID19 vaccines change COVID19 deaths over time #MedTwitter https://t.co/ExmA9uONlE,ProVax,1
Consider the timing.... Utah mandates masks the same day a Pfizer vaccine is announced. It'll make people beg for the vaccine,Neutral,2
Is anyone actually going to take this vaccine!??? ... 🤔... I’m by no means an anti-vaxer but I will definitely not be keen to be a human guinea pig! #COVID19 #covidvaccine #Covid19UK #coronavirus,AntiVax,0
#Australia to spend $726 million underwriting country's biggest vaccine plant @user https://t.co/YestqDmiNJ,Neutral,2
"The only brand I want to hear from now is pfizer, and the only thing I want to hear about is some direct-to-consumer!",ProVax,1
"I just wanna say, I trust Pfizer when they say they have a really good COVID-19 vaccine, one of my favorite science teachers worked at Pfizer for a while",ProVax,1
Me kishan Raghani. KPR astro.kolkata Humbly reveal the wish of God. We may Get a proper vaccine of corona...after 20 november 2020. Planets change. Relief Globally. Amen.,ProVax,1
"@user No need for vaccine with 90% effective, we need 100% effective. Coronavirus killing less than 3% of the infected people .",AntiVax,0
This is super misleading. Without a challenge trial to ensure 100% viral contact there’s no way to state the vaccines efficacy in such a definitive way. What if that 90% just didn’t come in contact with the virus? https://t.co/dU8PaD4tYZ,AntiVax,0
* And lastly since the cases of COVID-19 are on a rise then I suggest that the lockdown be extended but no deadline until a vaccine or cure is made or if the Covid-19 curve is flattened,ProVax,1
Plot twist - We're the virus to the planet & #Covid_19 is earth's vaccine #coronavirus #Quarantine #earth,Neutral,2
"EU finalizing deal for Pfizer-BioNTech’s COVID-19 vaccine, according to German health minister https://t.co/5xzeb61W3e",Neutral,2
"The final round of Eterna OpenVaccine has begun! Submit solutions by Nov. 15, 2020, before we announce design rules to stabilize COVID-19 mRNA vaccines. https://t.co/zE8hryu5yc https://t.co/dcMdhiVW9q",Neutral,2
YES - That's great news for low information people but WHY take a rushed vaccine for a virus that has proven to have a 99.6% cure rate????? Makes NO SENSE. Any vaccine should be under study and follow uo for 5 /10 years -it is NOT like a prescription - it is in your body forever https://t.co/cQd9bljBYx,AntiVax,0
"@user Viagra was originally developed by Pfizer for the treatment of hypertension (high blood pressure) and angina pectoris (chest pain due to heart disease). So, he should stop using it!😉",Neutral,2
"@user Milestone??? They “haven’t” found the cure for cancer, they still do test for the common flu and you’re gonna tell me in less then 1 year they found a vaccine for covid.",AntiVax,0
"So @user may have developed a 90% effective Covid-19 vaccine, and it immediately becomes a political football. I just don't care if Trump personally gave back massages to every Pfizer scientist, or was otherwise nowhere to be seen. Can't we just agree that this is good news?",ProVax,1
"Want us to trust you and the vaccine? Have cameras follow u every day up until after you get the second dose we can make sure it actually safe. ""Obama, Bush and Clinton say they will take the COVID-19 vaccine publicly to gain public trust"" https://t.co/29RkRRq5YR",AntiVax,0
Coronavirus passports with vaccination info in development: report https://t.co/hawnisWBJv,Neutral,2
"#Nurses, please share your good news vaccination stories & pictures as you start to vaccinate with #covidvaccine @user #teamgeneralpractice #primarycare https://t.co/s1eCdOybk2",ProVax,1
@user The SIV and HIV example was merely a comparison. I think you may have heard about the Oxford vaccine. It is a genetically modified common cold virus that originally infected chimpanzees. #covid19 #Covid19Aus https://t.co/47cAHaDK8f,AntiVax,0
"@user Makes you wonder, now hes claiming to protect against vaccine ""Disinformation"". Is the Covid vaccine the one Bill Gates dreamed over?",AntiVax,0
There’s vaccine 💃💃💃💃 https://t.co/ObFf3TnVXO,ProVax,1
"(6/8) Literally the only thing that has changed since #COVID-19 hit the U.S. is that now, we know over a million people in our nation have it and nearly 60,000 in the US have died from it. There is still no vaccine.",ProVax,1
"@user I said that as a preemptive measure. I stated this right there. So your saying its the devils will that slaves were freed, minorities having equal rights as well as women?",Neutral,2
BOMBSHELL EVIDENCE that Covid RNA base pairs R identical to Chromosome 8 DNA! FULL EXPLANATION 👇 👇 👇 https://t.co/DzF59U5yak Vaccine = Cancer & Less Intelligence! (Max Igan fm 12min mark) https://t.co/VR8JNlLELv Chinese PCR Test used in Aust is PROFILING & storing ur DNA https://t.co/9sAFOWFlUY,AntiVax,0
"Huge if true: Oxford AstraZeneca Covid vaccine has up to 90% efficacy, data reveals. https://t.co/pDfWZuBlpa",ProVax,1
SNEWZ UPDATE: Moderna says its coronavirus vaccine works https://t.co/rE7IJZtwnp,Neutral,2
"@user Guess you can't get rich quick simply on Vitamins, doesn't matter that the right supplements will boost the immune system to fight off #COVID19 .. which is exactly what a vaccine does.",ProVax,1
"Is it difficult to wear a #mask and maintain #distance to avoid #China 's #COVID19? It's such a horrible #virus and the #treatment #costs can be unbearable. If you wear a mask and maintain distance, you already have a #vaccine!",Neutral,2
"""It's absurd! African leaders have a responsibility to protect people from these heinous plots ” See these are the kinda celebs I stan, the ones who buy no face when it comes to such b.s. I ❤ you boys! #vaccines #Covid_19 #LockdownSA @user https://t.co/VwrPb9gs1B",Neutral,2
".@user Naturally acquired COVID-19 death rate: 1 in 200. Death rate among vaccinated: Among the 10% where the vaccine was ineffective, say 1 in 20 get infected. Then, 1 in 200 of *them*. That works out to 1 in 40,000. So the difference is a 200-fold reduction in deaths. https://t.co/KFlgWPhPOV",ProVax,1
Several people recommended this thread about COVID vaccines. I’ve read it and checked out some of the recommended resources. It’s worth your time if you have some of the same concerns as me.,Neutral,2
"anti vaxxers are so annoying, literally no one wants to take a vaccine that isn’t safe but hopefully this would be 🥴 like why do anti vaxxers and anti lockdown people exist what do they actually want https://t.co/axHNacMuDT",ProVax,1
The government is not proposing to make a Covid-19 vaccine mandatory https://t.co/RAqaOYWcsA via @user,Neutral,2
"Open SmartNews and read Fauci says early Covid vaccines will prevent symptoms, not block virus here: https://t.co/bhzKDU3aEr To read it on the web, tap here: https://t.co/y90qFO91JJ",Neutral,2
"Good news on the horizon, we are getting closer to a coronavirus vaccine. A highly effective vaccine (90%) in Phase 3 of trials from Pfizer is looking promising. Can I see Alex and my friends next year? Please? I NEED IT.",ProVax,1
"@user Stop pushing this #covid19 vaccines shite, to try and convince people that, vaccines are the only way out! They are not and Pfizer are Bio #Terrorists, that will be destroyed along with their poison covid19 #vaccines! #StopPoisonVaccines #PfizerVaccineTerrorism #Billgates #Pfizer https://t.co/NfjSaAvRk6",AntiVax,0
"Am told I have an irrational fear of Covid by those who fear immigrants, BLM, vaccines, Antifa, LGBTQ, science, masks",ProVax,1
"Markets gonna go crazy over Pfizer news, but not until our main man over in the casa blanca takes care of that shit 🎸 🎸 Watch it rally until like 10:30 then main man Donnie Danko is gonna tweet something shit out",Neutral,2
Italian Hospital claims to have found Vaccine for Covid the vaccine is neutralizing corona in human cells.,ProVax,1
COVID-19 vaccine likely won't be mandated in Wisconsin https://t.co/ayQze4KEea,Neutral,2
"How has this not made the news? TLDR; @user CEO meets w/ Trump, Trump offers $1bn for COVID-19 vaccine exclusive to USA. CureVac fires CEO, founder steps in and says a vaccine will be available for everyone not just one country. #coronavirus https://t.co/S73JshJt01",Neutral,2
"Covid on the increase only one body to blame and it’s this appalling Government. It’s to slow in its reaction.Why,?frightened to death it will lose votes. Not to concerned about the health of the country.They should be a blitz on getting this vaccine out.Johnson act for gods sake",ProVax,1
Fingers crossed. #CovidVaccine Pfizer says coronavirus vaccine more than 90% effective | The New Daily https://t.co/VNk4abKXlJ,ProVax,1
"@user Imagine AIDS ,TB , EBOLA have been here for years and theres no vaccine... ""deadly"" corona virus is here for a couple of months, jiki jiki theres a vaccine... ba nyela, they think we dont see whats happening https://t.co/xna9qQPD4l",AntiVax,0
Wow. It’s amazing that this vaccine has been developed from scratch in like 6 months. https://t.co/PlvZXrirlO,ProVax,1
"@user The GOP just gave the Roman Catholic Church in America over $3.5 billion in PPP money. GOP just gave over 1 billion for COVID vaccine R&D to only one pharma company. But when WORKERS want $600. dollars — 😧 that’s an outrage to you. So, Fuck the GOP.",Neutral,2
"the medical industry in the US has done enough damage to POC communities, and if you don't believe me, Google is free. I'd love for a covid vaccine to be effective. but I dont want a rushed vaccine to do more harm to a community that has already been devastated by the virus.",Neutral,2
Indonesia has said that if the vaccine for COVID in not halal verified than it will not be used. So what the maulana’s of Hindustan will say? Will they issue a fatwa not to get the corona vaccine to be used by Muslims. So we will need less 20crore doses.,Neutral,2
"BioNTech and Pfizer’s COVID-19 vaccine is surprisingly effective, though experts question what effectiveness will look like in the real world - MarketWatch https://t.co/9SO930yCZy",ProVax,1
Before you get too excited about what Pfizer is saying about their coronavirus vaccine Remember that Pfizer took over the company that was responsible for fen phen Where they lied to the FDA about the deadly side effects of that drug.,AntiVax,0
@user Covid 19 bacteria are all male.Though some identify as https://t.co/3CgmfT4ozE's a social construction so obviously it can be https://t.co/zl9vsNNh7o need for a vaccine.Just diversity training and we're good to go...!!!,Neutral,2
Cuomo is the one blocking the vaccine from NY. He said it on tv. Anybody trying to demonize this cure for political reasons isn't just a political hack; they're literally killers. https://t.co/bvTB1ITfQI,ProVax,1
"@user Fun fact: azithromycin was discovered in a Croatian lab, and for which three women scientists had a salient role. The local company @user later had a deal with @user",Neutral,2
"Studies suggest AstraZeneca COVID-19 vaccine safe, 70% effective https://t.co/1DWDEO6Vo6",ProVax,1
@user Russian corona vaccine is ‘The leap’ which US did by landing man on the moon 🌓 if you trust earlier leap why can’t you trust their😊😊,ProVax,1
"Proud colleague moment! Our @user life sciences team have advised @user in relation to the development, manufacture and distribution of a potential vaccine for COVID-19.",ProVax,1
"@user It's a heckuva thing to judge the safety of a vaccine based upon one week of data. This is an emergency authorization for a reason--lack of data. I hope for the best, but my fully vaccinated kids are not getting a Covid jab I can tell you that.",AntiVax,0
Wasn't there a vaccine promised before the election by the guy Texans just voted to reelect...? #ElPasoStrong #covid19 #coronavirus #Texas #pandemic #WearAMask https://t.co/ykKKsi1zMt,Neutral,2
"@user You can't control a virus. You must develop an immunity, or a vaccine. Ex: polio virus still infects people in undeveloped countries. Many have been infected w/COVID in cities bc most buildings have central heat & AC--1 unit for the building that pumps air through all units.😷🌺",ProVax,1
"COVID-19 anti-vaxxers use the same arguments from 135 years ago ""As a historian of medicine, it’s become clear from researching the history of vaccines that those who promote anti-vaccination consistently use a standard set of strategies."" https://t.co/ONALWF9noP",ProVax,1
"Regarding the #COVID19 vaccine, President @user said on @user “#MarkLevin said it very well last night.” #TheGreatOne Cc: @user",Neutral,2
Cancel all the exams... And promote all the students Though exams are to know the talent. Even corona vaccine is not found through all the exams which ever done yet!! Promote the students #kcraganiststudents #TSHighcourtrespond #TSNSUIforstudents #examscancelled,Neutral,2
@user Now all we need is a COVID-19 vaccine. $VET #VeChain https://t.co/JUXU0nfoCx,ProVax,1
Will you be taking a coronavirus vaccine when it's available? (I don't think I can. Not antivax I just have potential severe allergies from my dad who 100% can't have vaccines (I have his other allergies so potentially this one),AntiVax,0
"Hydrate. Stay Well, we will keep the sale on until there is a vaccine for coronavirus!! Visit https://t.co/ZhWKK0mfmO https://t.co/8p3YB1RUxR",Neutral,2
Study: Americans increasingly say they would get vaccinated for COVID-19 https://t.co/YzOdy9OFQd,Neutral,2
COVID-19: Moderna must fulfil its promise to share technology to ensure COVID-19 vaccine breakthrough is not limited to rich countries || Via Amnesty International https://t.co/M3L311MpYL,Neutral,2
"Pfizer: Final analysis shows virus vaccine is 95% effective, will seek FDA emergency use 'within days' :: https://t.co/0l6HHRLhvF https://t.co/hIYP2JyaOr",Neutral,2
COVID-19 vaccine: Enniskillen native becomes first in world to receive Pfizer/BioNTech coronavirus jab outside a clinical trial: https://t.co/qtkLvyVoxS,Neutral,2
$PFE 11/27/2020 | 06:02am EST share with twitter share with LinkedIn share with facebook By Chester Tay Malaysia has signed an agreement to procure a Covid-19 vaccine from Pfizer (Malaysia) Sdn. Bhd. to immunize 6.4 million of... https://t.co/7jvgewWwzB,Neutral,2
"""Government Watchdog Sounds Alarm Over Appointment of Former Pharma Executive to Trump’s Covid-19 Vaccine Task Force"" Republicans are Profiting from the Pandemic. https://t.co/gw0UjNekn4",Neutral,2
"@user The US Justice Department Charges Two Chinese hackers working for Beijing's Ministry of State Security with stealing hundreds of millions of dollars in 'trade secrets,' including Covid-19 vaccine research, from U.S., Europe, Australia, Japan and South Korea",Neutral,2
@user You are incorrect they stayed clesr of involvement.... check with them if you dont believe it,Neutral,2
Rather say “duhhh no like side effect me no take vaccine” like a caveman and have the potential to contract and/or let covid mutate and now we’re back to square 1 on the pandemic. It’s gonna be difficult to pass but the vaccine should mandatory especially w this stupidity,ProVax,1
"‘Will take more than a year for vaccine to be available for normal people,’ says AIIMS Director https://t.co/g1DZiLhjLb #IndiaObservers #COVID19 #vaccine",Neutral,2
@user These waves will just keep on coming until the vaccine companies have made enough money and give the orders to the media and politicians that they can stop talking about covid.,AntiVax,0
Facebook to remove false Covid-19 vaccine claims https://t.co/fcOQncY3BM,Neutral,2
Trump wants all the credit for coronavirus vaccines – and to have them named after him - https://t.co/6yZrQsfiZt,Neutral,2
This is very good news. #California #COVID19 #vaccine #coronavirus https://t.co/0rC4KO5K4p,ProVax,1
Organisers of football’s European Championships and the Tokyo Olympics next summer are hoping that the development of a coronavirus vaccine will aid plans to stage the global sports events | @user https://t.co/dQmm4HKbFz,ProVax,1
"https://t.co/qK0k0zsFTl 09/11/2020 06.46 PM As all my students know that in my lectures, I predicted that Coronavirus vaccine will come around Mid Nov 2020. That also come true. Due to that Dow Jones Future shoot up",Neutral,2
Has the #greed of the #mink industry in #Denmark sabotaged the search for a #vaccine against #COVID19 ? The Danes might have ignored what happened in Spain. https://t.co/04pw9U6m93,Neutral,2
@user You should start with publicly take Covid-19 vaccine.,ProVax,1
"It feels like the Pfizer vaccine as been ""near approval"" for about six months.",Neutral,2
#BillGates #COVID19 #Vaccines How to say NO if Covid 19 vaccines become mandatory Read article at website below 👇 https://t.co/2KHaeMV7FL,AntiVax,0
"I remember back as a kid, the polio vaccine, but it got polio under control, this covid-19 might be the same way, just making a personal observation, got to have a vacinne, I'm not a doctor, but it's my opinion.😶",ProVax,1
Happy birthday to Upright Vol. IV! This one featured wonderful solo piano music from @user @user & @user https://t.co/ZTryRScJQV,Neutral,2
Some good news to start your week with:There is light at the end of the tunnel as pfizer's Covid-19 vaccine is 90% effective. #uhurunakazi,ProVax,1
You think Ima take these vaccines immediately? You must be bloffing https://t.co/DxDPcfw4Ut,AntiVax,0
Never in a million years would I get a vaccine for COVID. Fucking nuts. https://t.co/F8y94FebIU,AntiVax,0
You know what gets me soooooo fucking hot about $KTOV ? The news today dropped shouldve made the bitch jump to $7-$8 To top it off - the COVID19 vaccine news shouldve added MORE TRACTION BECAUSE FINALLY PATIENT ENROLLMENT FOR NT-219 https://t.co/HwCZ9S0b3o,Neutral,2
"Follow Imperial's journey on the frontline of COVID-19 over the last 6 months from vaccine development and disease modelling, to community efforts and philanthropy: https://t.co/7TyNIzquqh",ProVax,1
"Harvard Professor Reaps 17,000% Return on Early Moderna Bet https://t.co/a49GjasMll",Neutral,2
ICYMI: Understanding COVID-19 vaccine efficacy https://t.co/GJfTLC5rri,Neutral,2
When ppl I actually really like keep posting stuff on Insta about how the vaccine is useless and covid isn’t really that bad..... 🙃🙃,Neutral,2
"@user Right, because the demand for a COVID-19 vaccine is uncertain 🤡",Neutral,2
"Trying to make sense of @user and @user #COVID19 #vaccine data? We talked to the #adenoviral vector vaccine experts to get some theories on why a low dose, followed by a high dose, would be better than two high doses. @user https://t.co/JJTHNj0GkM",Neutral,2
Really good news: Pfizer and BioNTech report that their COVID-19 vaccine is 90% effective https://t.co/qdUPSMkngs via @user,ProVax,1
"@user If they were still Team Apocalypse after May/June, I hate to break it to you, but they are never coming back. I don't think any amount data can break through that level of programming.",Neutral,2
"That's pretty fxckin funny, actually. Pfizer vaccine claims to be 95% effective against the coronavirus. You send geniuses to school for an eternity and immerse them in multi-billion dollar labs to get 95% efficacy against the sniffle monster and that's a ""win""? Jesus. 😂",AntiVax,0
@user Yesss. I get the mistrust but I also have learned more about the science and understand that the risks of getting covid are much worse than the vaccine side effects.,ProVax,1
"Covid19 vaccine could come within 1 year: WHO chief Scientists predict the world may have a Covid-19 vaccine within one year or even a few months earlier, said the Director-General of the World Health Organisation ....",ProVax,1
"This is the kind of brain dead anti vaxxer we're up against once the vaccine is ready to be delivered. Fucking idiot. She'd have us let Polio ""run it's course"" #antivaxxers #COVID19 https://t.co/FmIe45V9fG",ProVax,1
Russia says Sputnik #COVID19 vaccine to cost under $20 https://t.co/ss5NVhKX5e,Neutral,2
Well now there’s a big f*cking surprise.... A massive reason not to take the poisonous vaccine if #KillBillGates is anywhere near it.... https://t.co/yYaY3bBInn,AntiVax,0
"A light of hope for you today! 🤩💫🤩🤩💫💫 ""Pfizer says early data signals #COVID19 vaccine is effective"" https://t.co/Jh6YhnRDbe",ProVax,1
"Yeah the one he used on his daughter to kill her? I for one will not take any vaccine until I know who made it and place of origin. Why on Earth would you take something that could Be so deadly into your body, esp if enemy gave it to you. https://t.co/BPwUqJ0P0c",AntiVax,0
@user It's curious that this news gets announced today and not last week. Almost like Pfizer didn't want @user taking credit for it.,Neutral,2
"@user said they made the vaccine with their own resources, no government involved or paid for it to be produced. Research 🧐 ppl",Neutral,2
@user They Approoved the Oxford based Vaccine named the Chimpanzee Vaccine... 🙈 Like WTF for a name is that? They hide it in the Code ChAdOx1 and has been rebranded. The vaccine trial needs to be removed not rebranded with such a baseline why should it benefit from Africa! https://t.co/Mh1KQthngP,AntiVax,0
Few hours with this formed team and we get a vaccine. Holy fuck. Promises made. Promises kept! https://t.co/afiomUp5D9,ProVax,1
Ethicist Suggests People Should Be Paid to Accept COVID-19 Vaccine $CNSP https://t.co/C61KpIVbRR #biomed #vaccine https://t.co/7ghtZ383NZ,AntiVax,0
Wait so y’all really gonna get a COVID-19 Vaccine 👀,AntiVax,0
Still not taking it yet. Sorry. Get back to me when we find out the side effects. Pfizer says early analysis shows its Covid-19 vaccine is 90% effective https://t.co/Ndf03gTK1h,AntiVax,0
@user We ALL want to be free from COVID. To think otherwise is irresponsible & heartless. But the truth of the matter is that some of us cannot tolerate the vaccine as is demonstrated by those who have had adverse reactions. Fortunately none have been fatal...yet.,Neutral,2
#RDIF and @user to produce in #India over 100 million doses per year of the world’s first registered vaccine against the novel #coronavirus infection #COVID19 @user https://t.co/igZ98ubmWu,Neutral,2
"Off you go coronavirus, pack your bags :) #coronavirus #vaccine",ProVax,1
I find that strange in my local. Hospital. Staff were talking about the dates they have for vaccine next week as I was getting MRI scan yesterday 😷☑️ https://t.co/kv7x8aSfq7,Neutral,2
"how can people sit there and be like ""yeah it's not fake I won't take it"". What do u know that the specialists dont 🤣 thought we wanted a vaccine to go back to how life was lol? https://t.co/hJN0qga5Qo",ProVax,1
Just watched the first few Covid-19 vaccines being given on the news....it seems that they are following the RCN guidance based on the 2010 WHO document and not current PHE/WHO PPE guidance for the C-19 era.,Neutral,2
please make the vaccine widely available in summer please i want to meet my penpal face to face and not have college affected by the coronavirus,ProVax,1
"Watching sports live, as we all love to do, is not likely to return to anywhere near normal until there is a vaccine or a cure for COVID-19. That’s the reality we must face. In fact, ”normality” as we knew it is likely gone until the medical experts defeat the virus.",ProVax,1
Trump's transition sabotage threatens vaccine rollout - CNNPolitics https://t.co/dc2f1gqWaQ,Neutral,2
I appeal to all the citizens of India that enjoy the festival's but do not forget that still there is risk of Corona virus & no vaccine for it so take necessary precautions & avoid crowded place @user https://t.co/mwqqEDRmi5,Neutral,2
The virus was only there for the plandemic of social distancing and 5G release for track and trace. Now he has over 3.1 mill DNA for harvesting and vaccine killing coming - sheeple to the slaughterhouse. Anyone with a brain knows covid was a scam. https://t.co/1aJ4p3zKjC,AntiVax,0
"@user This is more accurate Pfizer vaccine: effective, protective and safe Modena vaccine: effective, protective and safe Oxford vaccine: effective, protective, safe and, not-for-profit",ProVax,1
"Chinese President Xi Jinping offers to cooperate with India, BRICS countries to develop COVID-19 vaccine https://t.co/ZfyWeAeC9p",Neutral,2
@user Nobody should want these vaccines. 99.99% survived the Covid19 flu because of their natural health and immune-system. These vaccines are unproven and potentially dangerous. Certainly the mRNA vaccines a (potentially VERY) dangerous experiment.,AntiVax,0
"Yeah, I’m good luv. I’m not taking a vaccine developed in less than a year. https://t.co/SZlLl2bh1W",AntiVax,0
Good news on the vaccine front: https://t.co/eHvACGZHp2,ProVax,1
Thank you so much for sharing an important news that will not be relayed by western media... Just on the day of the announce of the pseudo Pfizer succes of 90%!,ProVax,1
This is fantastic. Not to mention: -summer is coming up for them -maybe a vaccine starting to roll out in the next few months -better treatments -better testing -better mitigation measures -things are getting back to normal (plus strong borders) https://t.co/4oyqHEtFAr,ProVax,1
Seven questions HR is asking about COVID-19 vaccinations https://t.co/ZiJrRI8X9t https://t.co/eKTu3GVygV,Neutral,2
Today is a great day for science! #BelieveInScience Pfizer says early analysis shows its Covid-19 vaccine is 90% effective https://t.co/xrbMXxoJhj,ProVax,1
$MRNA 155 LONG The Canadian government has doubled its order commitment for Moderna's COVID-19 vaccine from 20 million to 40 million doses. FDA regulatory approval is expected to be granted on December 17th.,Neutral,2
"Is herd immunity a reality? 🎟️ Join the next @user Q&A when they ask @user (@user & @user (@user about the spread of #COVID19, #vaccines, & how this compares to past #outbreaks. More info here 👉 https://t.co/I334qiFPm5 https://t.co/T0wNcU75Qd",Neutral,2
At work overhearing all my colleagues talking about how the govt wants you to get COVID and how the govt's not satisfied with how many got the disease so far and the vaccine is just injecting the disease so everyone gets it even the careful people. https://t.co/xUW7Et8LWk,AntiVax,0
Mimicking coronavirus could be key for a COVID-19 vaccine https://t.co/5MuPhHSa3G #covid19 #vaccine https://t.co/16QaVTG5bH RT @user,Neutral,2
Trump turns on Pfizer over vaccine timing https://t.co/bupgrYAoIq via @user That is so Trump. Take credit for anything good even when you had nothing to do with it. Never take blame for anything bad even when it is all you fault. He is the king of douchebaggery. #Douchebaggery,ProVax,1
"@user EXACTLY it's just a class of drug that's got a random impact on this particular variant - like I said, they don't have anything close to a vaccine or even a 'treatment' for COVID but stock prices are going to surge on this rumor. If it's just a cytokin response we'll be ok",Neutral,2
"@user Still v r not out of danger. Let new vaccines come in but v shd not wait. Please conduct mock drill vaccination exercise for super spreaders in a random manners with existing vaccines BCG, MMR, Influzena+ https://t.co/GgCLnK5bRv https://t.co/b0IuSokzJ2 https://t.co/fmqoFuPwsk",AntiVax,0
"the vaccine will work. MEANWHILE, over 80% of people TESTING POSITIVE FOR COVID didn’t know they had it because SYMPTOMS WERE SO MILD. #CantMakeThisUp""",AntiVax,0
"Great news, followed by good news on the COVID-19 vaccine. 2021 could be a good year when @user can get back to the manifesto and start using the 80 majority to shake the tree 👍👏 @user https://t.co/YBgSVjiPDk",ProVax,1
Unfortunately the COVID vaccine reacted poorly with Santa Claus's elf biology and he is expected to be unable to work at least until the new year due to the constant vomiting and diarrhea,AntiVax,0
I’m not taking no damn rushed vaccine idc who approves it https://t.co/kFeMQmYkvk,AntiVax,0
@user Typical Biden Communistic Media Network story. Gotta push a narrative. Though nice videos out and about from a former Pfizer epidemiologist states mass testing should not be done. Asymptomatic cases do not spread virus. Y'all just pushing a Fauci narrative. Caucus been wrong.,AntiVax,0
"Getting a flu vaccine during 2020-2021 is more important than ever because of the ongoing COVID-19 pandemic. Flu vaccination is especially important for adults 65 years and older, who account for most hospitalizations and deaths from flu and from COVID-19. #FluSeason #COVID19 https://t.co/Vu71eSccAO",ProVax,1
Good news on vaccine. And this is how it works. https://t.co/7G0k5bZj95,ProVax,1
"@user Saying this is a study written by ""Fauci's own NIH"" is like saying a book is written by ""Bennie Thompson (D-MS)'s own Congress"" because it's cataloged in the Library of Congress (also Fauci is head of NIAID, not the whole NIH).",Neutral,2
@user And trump had nothing to do with it. If anything thank Germany or just Pfizer directly. You can take credit for the Trump virus killing 300k Americans. That one you can own.,ProVax,1
The UK’s @user has become the first regulator in the world to approve the @user COVID-19 vaccine. What will the decision mean for the British public? Find more here: https://t.co/jIe7oconYN.,Neutral,2
"@user No, as stated in my previous tweet “Some of them are still to be approved by the FDA.” The U.S has secured a total 1.1 billion doses of COVID vaccines from various manufacturers, of which only 2 have been approved so far.",Neutral,2
36. Janssen Pharmaceutical Cos. (Johnson & Johnson) + Beth Israel Deaconess Medical Center (BIDMC) Treatment: Preventive vaccine for COVID-19 Type: Vaccine based on Janssen’s AdVac®️ and PER.C6®️ technologies.,Neutral,2
@user Is our ability to get the vaccinations on an exponential curve dependent on one of the more traditional vaccine types/distribution systems) getting on line? Should we emphasize that proportionately more (rather than resources towards the distribution of the Pfizer vaccine?),Neutral,2
"I love this story. ""Since then, Dr. Sahin, who is Turkish, has developed a friendship with Albert Bourla, the Greek chief executive of Pfizer. The pair said in recent interviews that they had bonded over their shared backgrounds as scientists and immigrants.""",Neutral,2
@user Qelly and Perdue have already started tv ads in GA saying they fought for COVID relief and vaccine distribution in the senate. Ridiculous,Neutral,2
Something about this vaccine scares me! Anyone with underlying health issues please be careful. I don’t get the flu jab coz it gives me migraines and aches so this is just a no from me https://t.co/4EQaddUxii,AntiVax,0
"#Stockmarkets soaring in #Europe re #Pfizer progress on a #coronavirus vaccine. US markets also set to open up, also reacting to #Biden win. But vaccine stills need to be rolled out effectively, a huge logistical challenge https://t.co/kiig5E52T1",ProVax,1
@user and @user Anti-Vaxers. Once distribution of the covid-19 vaccine gets distributed. You get a free airline ticket to North Dokota where they literally... and I’m not joking elected a dead person as their representative.,Neutral,2
We'll get a Covid Vaccine before #swfc get into positive points at this rate,Neutral,2
"Ep7: Ghana’s election campaigning, Covid-19 vaccine in Africa, Liberia’s controversial referendum & rogue MPs in Tanzania https://t.co/yxbDIX47ma",Neutral,2
"Pfizer developed a #vaccine for coronavirus with 90% prevention ability. Finally, some good news in 2020.",ProVax,1
"Dear coronavirus vaccine FUCK OFF! Love, America",AntiVax,0
"@user Re: #Covid_19 Vaccine: So, you’re prioritizing INMATES over a 70 yo that just had open heart surgery? May I politely say, “eff you, you prick!?” Guess I should’ve been a thief (yes, like you) instead of a straight citizen all my life!",ProVax,1
"@user A vaccine which will bring unknown side effects to healthy people ""Another coronavirus vaccine trial participant, testing Pfizer’s candidate, similarly woke up with chills, shaking so hard he cracked a tooth after taking the second dose"" psychopath https://t.co/vU8NUFDKEi",AntiVax,0
Actually a really cool thing is if you rearrange the letters of Pfizer it spells Monat!,Neutral,2
@user This is what you tweet? An important announcement on the COVID-19 vaccines. You are disgraceful!,AntiVax,0
"What you should be asking is what is in the vaccine, chemicals, metals etc., and anything else. https://t.co/CE4AzOJPkV",AntiVax,0
"Bylsma Facebook comment that ""only vaccines can save us. Give me a break"" bespeaks not only a skepticism toward vaccines - something reflected in questions he has asked at regional council - is also false regarding the impact of an effective #COVID19 vaccine.",AntiVax,0
@user So the answer is Masks? Biden says he can stop Corona virus by masks! No vaccines neccessary. 🤪,AntiVax,0
Pritzker says an anti-vaccination movement existed in Illinois before the coronavirus and the state is trying hard to put the facts out there to address any misinformation/rumors people read on social media.,Neutral,2
Coming up at 5:30 on @user we speak with Boston physician scientist @user - a member of the @user committee voting on the @user #covid vaccines. Dr. Levy heads the @user program at @user https://t.co/ITgoIMUgYV,ProVax,1
Everyone on TV is now a vaccine expert... Shut up until we know the facts. https://t.co/DWTHdwsYpZ,Neutral,2
@user I brought Polio into it to say if vaccines don't work why isn't polio a major killer in developed countries today - since this guy claims vaccines don't work. Furthermore there is not a COVID-19 vaccine yet and it won't rock up overnight! FYI: commas go after words not in front https://t.co/DGSQAN58ac,ProVax,1
"Help Support the Doctor within us! COVID-19 or Coronavirus is being talked about a lot, people are talking about dashboards, AI/ML, ventilators, testing kits, vaccines, doctors, and nurses on the frontline. But no one is talking about the best Doctor wi… https://t.co/TNszUhxC3J",Neutral,2
Coronavirus: How COVID vaccine would be delivered to millions across the UK - and challenges that lie ahead | UK News | Sky News https://t.co/bVXNpJ25h2,Neutral,2
Real Hope for Vaccine Longevity: New Data Reveals COVID Immunity Lasts Up to 8 Months https://t.co/WXd0A5A7sl #subscriptions #feedly,ProVax,1
"@user True. However if it’s approved, then it’s approved. And 200k died from covid in the US, why not take it? No long term studies have been done on any vaccine anyways",ProVax,1
I can't decipher why many leaders continue 2 insinuate that #Covid_19 is UNDER CONTROL within their borders & that there is nothing to worry about! Does it change anything in the reality that no vaccine has yet been formulated and that #coronavirus is claiming lives relentlessly? https://t.co/GLhHmAQjBg,Neutral,2
"WebMD Poll: Vaccine, Experts Will Mark Pandemic’s End: Americans are putting their faith in a vaccine and public health experts to “mark the end” of the COVID-19 pandemic in the U.S., a new WebMD poll finds. https://t.co/6N6cblmJkF",ProVax,1
" https://t.co/mSsnNl3YQD WTF? I HEARD FAUCI SAY HE'S ON TRUMP'S TEAM. Trump promises COVID vaccine JUST before the election. Trump's base insists COVID is a hoax. Trump has shown complete support for this claim by his actions. Trump Haters DISTRUST, CDC, FDA & now Fauci too.",Neutral,2
@user We have no intentions of returning to church until a vaccine is developed. Churches are like cruise ships- Petri dishes for Covid infections!,ProVax,1
Vaccine? There is no vaccine against a coronavirus simply because of two main factors: 1/ A good immunity that can fight off the virus for an extended time not 7 weeks hit or miss 2/ The virus must not mutate that renders any vaccine useless. This mutates https://t.co/Jqz8nlEKd6,AntiVax,0
my pharmacist in the group chat: Coronavirus vaccine to be out early December everyone in the chat: 👁👄👁,ProVax,1
"@user He said the vaccine would be free, treatment would contain like the average pills and other medicines that help prevent covid, treatment shouldn't be free, then you are technically holding a gun to a doctors head forcing him/her to give you treatment and they not get paid for it",Neutral,2
"@user My whole family has been vaccinate & gets the flu shot every year. I wouldn't get the Covid vaccine because science & facts have been constantly censored, silenced & denigrated. Telling Trump what he wants to hear is the only thing that survives. I don't trust them.",AntiVax,0
"@user I’d say a hot bath, some lemon in water and an early night may be just as effective. Same as most people would do for any other coronavirus (cold). No need to waste taxpayers money on vaccines.",AntiVax,0
"A 60 minutes interview of those responsible for procuring, distributing, & administering Covid-19 vaccine (Operation Warp Speed) revealed that only 60% of the doctors & just 40% of the nurses surveyed said they’d get vaccinated. Think about that.. What do they know that we don’t?",AntiVax,0
First Pfizer COVID-19 vaccine shipments to be delivered to US distribution sites starting Monday https://t.co/770EDuGMou via @user,ProVax,1
and inversely - if we can't come up with a vaccine for the common cold how is covid19 workable?,AntiVax,0
I will be the first to take the corona virus 🦠 new vaccine.cant nobody tells me otherwise !,ProVax,1
"An 80% uptake of a COVID-19 vaccine may be needed to protect communities from the novel coronavirus, but volatile levels of misinformation and vaccine mistrust could undermine efforts to tackle the pandemic, British scientists said on Tuesday. READ: https://t.co/6WcjLJ7DGC https://t.co/t5UKcebm1F",Neutral,2
If you consume any vaccine from Russia you deserve everything that comes at you. https://t.co/E0051e3DeL,Neutral,2
#CovidVaccine errors #nifty50 Vaccine trial volunteer’s lawyer says Serum Institute’s vaccine has alleged serious side effects. https://t.co/hNNKNS3jvh,AntiVax,0
Woo! Progress on a COVID-19 vaccine 💉 nothing supports optimism at ending a pandemic like preliminary data on half a trial that says it’s more effective (~90%) than the yearly flu vaccine (30-40%) 🤫 now to quietly wait for it to pass the 2 month safety check https://t.co/dhxIsMtDna,ProVax,1
"Sorry but this is wrong! None of these fracckers cared about wearing a mask, attending parties, or spreading #COVID all this time. They should not get the damn #CovidVaccine https://t.co/dqUPN3UIK7",ProVax,1
I won't be the first! Pfizer coronavirus vaccine was 95% effective with no safety concerns https://t.co/gNZM4XM4LK,AntiVax,0
"@user Why get a vaccine that is around 90% effective, for a disease with a 99.5% or more survival rate and when we have an immune system that is 99.9% effective? The vaccine cannot possibly be for Covid-19 as they have not isolated or quantified the original virus.",AntiVax,0
"""Pfizer/BioNTech Covid vaccine approved for use in UK to be rolled out next week | Society | The Guardian"" https://t.co/uaSKJXLBRD the news we've all been waiting for unless your anti vaxxer",ProVax,1
"We know, everyone wants a #COVID_19 cure. In our latest #CompTalk, @user Phil Walls breaks down the drug development process and why rushing a drug or even a vaccine to market might not be safe. https://t.co/RI1bN09gu0",AntiVax,0
U.S. FDA staff backs Pfizer's coronavirus vaccine data https://t.co/O8cd90JLE7,Neutral,2
#COVID19 vaccines must be made available to all. Governments and #BigPharma must stop Global medical apartheid. https://t.co/uS59dzZ9jk,ProVax,1
Biden to let experts decide who gets a Covid-19 vaccine first - https://t.co/zouQp82N1W #LatestComments,Neutral,2
Who’s ready for big pharma to overcharge the fuck outta this vaccine and play it off as “their service to humanity” https://t.co/5lYFlwRcfH,AntiVax,0
@user Excellent segment with nurse who participated in Covid vaccine study. She gave very articulate summary of what we should expect from its side effects.,ProVax,1
Student: *scores 70%* Their parents: “Kuch seekho Pfizer aur Moderna ke baccho se. 90+ leeke aaye.”,Neutral,2
It's mad how advanced technology & science are to be able to come up with a vaccine for covid within a short space of time... Anyone know how long cancer research have been looking for a cure for cancer?,AntiVax,0
"Any anti Vaxxers on my timeline, feel free to show yourself out. And yes, I WILL be taking the coronavirus vaccine when I can get it!!",ProVax,1
"@user Vaccination cards already exist, and have for a long, long time. You literally get one now with the COVID-19 vaccine, even. Digitizing them instead of having them on paper is an ease of access/QoL idea, not dYStoPIaN mOnItorINg",ProVax,1
"We're giving a huge Lakewest Assisted Living ""thank you"" to our healthcare partner Walgreens in administering the Pfizer-BioNTech COVID-19 vaccine to staff and residents. #GetVaccinated #VaccinateToStopTheSpread | https://t.co/NFVqh7OJIc https://t.co/8gr9gfAjM1",ProVax,1
What a great news to read today when Pfizer claims that their coronavirus vaccine is over 90 % effective. Hopefully the pandemic will end soon.,ProVax,1
"Pfizer claims coronavirus vaccine success, plans for emergency OK - Business Insider https://t.co/FGiw4slSfE",Neutral,2
"Good morning to all! We are administering flu vaccines and COVID-19 test screenings from 9:00am to 12:00pm at Kennedy Towers on 2021 Watson St. Camden, NJ 08105 -- please do not hesitate to come down and get tested! #CAMcareWeCare #FluShot #FIGHTCOVID19 https://t.co/5WWSuPB8s4",Neutral,2
"@user Do any of the ppl that are getting the vaccine get anti body tested first? I know getting the shot is recommended in all cases poss, but getting it doesn't mean still can't catch a diff stain of covid",Neutral,2
"@user <70yrs and the IFR is 0.05% and 0.23% for the general population. The assumptions for Covid-19 originally were an order of magnitude higher which were in hindsight incorrect, therefore I won't be having it for the same reason I don't take the Flu vaccine, I'll take my chances!",AntiVax,0
"@user Wonder why the @user is waiting until December 17 to give an approval, this is an emergency I think this should not wait any longer.",ProVax,1
"When asked about the challenges India would have after a #coronavirus vaccine is available, he said the prime focus will be its distribution so that it reaches every part of the country. https://t.co/HhAdBVZu8t",Neutral,2
Some good news re: Pfizer’s potential mRNA vaccine for #covid19 #medtwitter https://t.co/TyXsChr0RL,ProVax,1
"🔓😷💉#VIDACov19: The ZOOM link for the Virual Media Conference for the First South African #Covid_19 Vaccine Trial: Ox1Cov-19 Vaccine VIDA-Trial, recording is now available: https://t.co/PsVfOdm43D ➡️ Access Password: 5n?p3Z*? https://t.co/3MStGWoOFF",ProVax,1
"While this is great news, it is important to note that Operation Warp Speed contributed $0 to the development of this vaccine. It was largely funded by the German gov’t. The US did, however, agree to purchase ~$2B worth of vaccine once developed. https://t.co/DGDTcyWQiK",ProVax,1
"Dear tinfoil hat brigade. Has it occurred to you that the reason a vaccine has been invented so ""quickly"", (almost a year now since #COVID19 was first identified) is because medical experts have been developing #vaccines since 1796 and kind of know what they are fucking doing 🤷🏻‍♀️",ProVax,1
@user I’m a physician. I can’t guarantee any vaccine will be 100% safe. But I far and away believe the risks of a COVID-19 infection are likely far more severe than any potential ill effects of an FDA approved COVID-19 vaccine. So I’ll be getting vaccinated at my first opportunity.,ProVax,1
"@user Note: Pfizer stated categorically, that Trump didn't have any impact on their vaccine, which was developed by a German pharmaceutical company, BioNTech.",Neutral,2
@user He doesn’t deserve credit. Pfizer was on their own. Pack your bags,Neutral,2
Was literally thinking this the other day that Pfizer will try and say no our vaccine is stronger over Moderna https://t.co/k8BVzbZPA4,Neutral,2
"A game changer: A vaccine against Covid-19 is in sight. First interim results in large-scale trials show the Pfizer/BioNTech vaccine is 90% effective, a much better performance than most experts had hoped for. https://t.co/JVkcJ3lIfB",ProVax,1
"#ORPH as well as there 99.8% #Covid antibody test, they will be trialing a vaccine this month..... https://t.co/HngjjwwgQK",ProVax,1
I’m looking forward to examining the data for this promising #COVID19 #vaccine trial. https://t.co/06UAS6BS7h,ProVax,1
Pfizer reports Covid-19 vaccine is 95% effective https://t.co/pTc21YQZBx via @user,Neutral,2
The hunt for a cure for the novel coronavirus is underway as researchers work at whirlwind speed to find safe vaccines and medicines against the dreaded virus. More than 100 COVID-19 vaccine candidates are in various stages of development. #COVID19 https://t.co/FpL0B4Md7z,ProVax,1
Testing timeline: What’s ahead for COVID-19 vaccines https://t.co/ltBVKqQGNL,Neutral,2
An European success story! A vaccine developed and to be produced in Europe! https://t.co/DrqxBpNM2s,ProVax,1
The U.K. accused Russian state intelligence of hacking international pharmaceutical and academic research in a bid to win the race to secure a vaccine against Covid-19 https://t.co/rO6JivHMAn via @user,Neutral,2
Coronavirus: Matt Hancock asks NHS to be ready to deploy COVID-19 vaccine from start of December https://t.co/ZVSZsAaAcZ 🤞,Neutral,2
"@user Absolutely disgusting🤬 You spread so much fun, laughter & goodness in this world @user 😍 The only thing the world needs right now is trillions more positive people like you ...(& a corona vaccine🙈!) That man needs to take a long hard look at himself! Keep smiling😁❤",ProVax,1
@user Ab wo ye vaccine use kr rhy Corona ae bachny k liye tabhi 😂😂dimag hily hue inky https://t.co/He1RXANvVS,Neutral,2
Covid: Have we finally got a coronavirus vaccine? https://t.co/Bv4tCu161E,Neutral,2
"On Monday, October 12, the Color of COVID series will explore the COVID vaccine: why it is so important, why communities of color may be less likely to trust and receive it, and how we can make vaccination more just and equitable. Join us at the @user Facebook page! https://t.co/qdWwvnyNQK",ProVax,1
#InScienceWeTrust 💉Another vaccine for Covid-19 with high efficiency has been announced today! 🙌👇https://t.co/dI30ni6dNq,ProVax,1
"@user Coronavirus and flu are two different diseases, the flu shot had nothing to do with immunity against coronavirus. The vaccine didn't work that way either. It's a dna vaccine, something I'm not a fan of either",AntiVax,0
"Obama, Bush and Clinton will take coronavirus vaccine and might film it to build confidence https://t.co/fEWfcCoQw0",Neutral,2
"Great preliminary results 👍 Other takeaways - 94 infections recorded so far, have to observe 164 to validate the study - Pfizer vaccine requires 2 doses - Pfizer didn't take part in Op Warp Speed https://t.co/7WavitgSrq",ProVax,1
The Dow is set to surge 5% to a record as Pfizer says Covid-19 vaccine is more than 90% effective https://t.co/L6Lt8464SQ,Neutral,2
"It seems David Icke‘s latest pronouncements have gone viral. YouTube already banned it cos he talks about 5G, AI, vaccines, COVID-19 and lots more. https://t.co/VIG9XHkZad",AntiVax,0
I volunteered to be a human guinea pig for a Covid vaccine. Now I'm having second thoughts | Thomas Gokey https://t.co/fJfSkooLAQ,AntiVax,0
Uplifting knowing we’re one step closer to a vaccine 🙏🏻 #COVID19 #Positivity https://t.co/HyHWYgqNFi,ProVax,1
"Ahhhh everyone thinks this is because the election so again 1. This is global, the rest of the world didn't join in on this to get Trump out 2. We already knew these vaccines were effective. Their progress and promise was measured throughout the presidential race https://t.co/VW9k7Suwsa",ProVax,1
@user All countries think only india build vaccine so all people fight with corona virus but when that go in real life,Neutral,2
Modi to Putin After Russia successfully made a vaccine for Corona #coronavaccine https://t.co/jxC9o3MZkq,ProVax,1
@user Who would let themselves be vaccinated with something that Trump has rushed through just to be able to say that there is a vaccine come Nov 3rd? I believe in vaccines and I wouldn't let anyone inject me with a rushed-through Covid vaccine!,AntiVax,0
#Hope #USA #Cybersecurity Russia stole vaccine technology of American BigPharma #Putin: Russia ready to give Sputnik V #coronavirus #vaccine to other countries https://t.co/0pwb4he9aB,Neutral,2
The only thing breaking the grip of COVID in this country is a vaccine. America has been an adjust disaster in handling this. https://t.co/NwQa5mBk8a,ProVax,1
"@user The Flu and corona virus are completely different. The flu is around for long, there is a background immunity for it in the world. Since corona is new, no-one has any immunity, that's one reason why it is so infectious. And there has never been any vaccine for any corona virus.",Neutral,2
"@user Relative ""Safe"" maybe after 10-13 years of testing.Impossible to have a safe vaccine after just 1-2 years. That is worse odds than playing russian rullete with the human health. It`s a doomed vaccine to the human health that will also destroy the DNA of each human who takes it.",AntiVax,0
@user Novavax will be the safest and most protective against Covid. Vaxart will be the one for the entire world because of the advantages of a pill form!!!!,ProVax,1
"They balked at ONLY trump saying to take a vaccine bc the scientific community doesn’t trust him... so if viral researchers don’t promote a vaccine.... hell no im not taking it Fortunately, they are... thank you Pfizer https://t.co/S120PLMU2p",AntiVax,0
#covid19ireland #Covid_19 @user Prof Paddy Mallon discusses research on Therapies and Social Innovation as a backstop to a risky dependency on having a vaccine/immunity. There is also nice insight into the role of @user and @user https://t.co/gvtBByEY9U,Neutral,2
The first #COVID19 #vaccine can prevent more than 90% of people from getting coronavirus https://t.co/eVcwNDbz5H,Neutral,2
Could a Blood Test Show if a Covid-19 Vaccine Works? (Nytimes) The Road to a Coronavirus VaccineA new monkey study offers a ray of hope for speeding up clinical tria... Add your highlights: https://t.co/z94YP4gP2O #Medicine,ProVax,1
Just commented on @user EU regulator brings Moderna vaccine decision forward to 6 January - https://t.co/2KWV18WMEh,ProVax,1
"Okay, so. . . I've been onboard with this for a bit, but a vaccine implies a preventative measure. Your fifteen minutes are up, Doctor. https://t.co/JaNaNoSSan",AntiVax,0
Does the Pfizer vaccine contain aborted fetal cells? Which of the labs use fetal cells and which don't? I refuse to profit from this monstrous act!! https://t.co/3jzX2S8REV,AntiVax,0
No. You may not inject me with the Coronavirus vaccine.,AntiVax,0
"@user GP is getting there, other provinces shall be much hopeful and all shall keep doing the needful. #covid-19 shall be conquered especially with the hope of vaccines soon.",ProVax,1
"@user ComingUp on @user U.K. is 1st country to approve Pfizer COVID-19 vaccine, with distribution to start next week https://t.co/Ch9KcUEaj2 via @user",Neutral,2
"#coronavirus #COVID__19 #antibodytest #facemasks #vaccines #nanotechnology #FLIGHT Follow & RT, please. https://t.co/TxvCHG1B9E",Neutral,2
Latest example why those in state/county custody deserve & need COVID vaccine in early waves.,ProVax,1
I know some Rs will claim that Ds will undoubtedly take the vaccine when it's available and the election is over (for some reason)... ...but I am still VERY skeptical of a rushed vaccine. I'll take it when a larger panel of scientists (beyond just Pfizer) say it is safe. https://t.co/0MN2iFKdg4,AntiVax,0
@user They were discussing about how to prepare covid vaccine 🙄😃,Neutral,2
A light at the end of the tunnel? Care home residents and staff first in line for Pfizer vaccine... #coronavirus #Covid_19 https://t.co/dFZoMqAQV8,ProVax,1
If they force us all to get a Covid19 vaccine in 2021 this is 100% the start of a zombie apocalypse.. It writes itself. #IAmLegend2,AntiVax,0
"@user Sounds like they want to be able to do a covid round 2 for Biden, so he can show us how it's done. New vaccines, more lockdowns.",Neutral,2
"@user its probably better for us that vaccine has not gone through any long testing so yes let them have it first lets see how they it help longterm, then we will have some also i was watching and that pfizer getting alot of trading",AntiVax,0
"5 things to know about the coronavirus today: Staff shortages, antibody testing, vaccine https://t.co/jeLp6kzWuB",Neutral,2
"@user Tell that person that if you take the mRNA COVID19 vaccine from Moderna or Pfizer, you are putting new man-made and/or non-human fragments into your body. I do know they totally messed up our food using GMO, and now it's too late to do anything about it!",AntiVax,0
Vaccine is on the horizon...what's next for Conference Planners? https://t.co/g27pgNeWuv #covid19 #conferenceplanning #eventplanning #eventprof #tradeshow #vaccines #eventpro #mpi https://t.co/JJXtW3okX1,Neutral,2
"""in order for life to be given through [the Oxford] vaccine, human life was taken. Whatever you think about abortion, that much is true"" @user https://t.co/JLd7V5vT1I",AntiVax,0
CVS Health to offer Coronavirus vaccine once available https://t.co/TqpdFFGyZK,Neutral,2
A timely thank you & look forward to COVID vaccine just as good news breaks on early trial data... https://t.co/ByivdJluz6,ProVax,1
"🎶Come on vaccine, we need you oh vaccine, in this moment, you are everything 🎶 https://t.co/T0sIBJtVmT",ProVax,1
"A leading American scientist William Haseltine, known for his contribution to fields like HIV/AIDS and cancer, warned on Thursday that a COVID-19 vaccine may never be found. What say..How to prepare ourselves. #SaturdayThoughts #vaccine #COVID19 https://t.co/nYDHQqHydi",Neutral,2
"The vaccine won’t work unless EVERYONE in the country has easy access. I trust that the new administration understands that, and will act accordingly. https://t.co/Xxpdw6hNTi",ProVax,1
"@user There has never been a successfully developed Coronavirus Vaccine (e.g. SARS, MERS) US FDA COVID Vaccine Guidelines: ""The FDA would expect that a COVID-19 vaccine would prevent disease or decrease its severity in at least 50% of people who are vaccinated"" https://t.co/Ipha7pOe7F https://t.co/xr9DaIoVjs",AntiVax,0
I run on coffee and vaccine good news ☺️ https://t.co/uYdoPjhSNM,ProVax,1
"Real men get vaccinated 💖 ""Obama, Bush and Clinton say they will take the COVID-19 vaccine publicly to gain public trust"" https://t.co/fQB7GdSZLT",ProVax,1
"Large-scale trials are apparently showing the Pfizer/BioNTech COVID-19 vaccine to be 90% effective, with no serious side effects. Fingers crossed that this is true! https://t.co/RzwGLqVxFA",ProVax,1
"Hey @user , Can you develop a vaccine against ignorance please?",ProVax,1
"@user To show you how your mind gets it backward, it should read ""announced it earlier for saving lives and not for political reasons"" Only goes to show you that you do everything for political gain https://t.co/aFQrTxFjlJ",Neutral,2
"@user Rebecca, the vaccine is a big if. Scientists are hopeful, but it may not happen. There are no corona virus vaccines.",AntiVax,0
"@user Need a DNA test on Global conspiracy on corona virus and poisioned vaccine from SerumInstituteofIndiaPvtLtd, if you silent, looking undertable smell.",AntiVax,0
@user is formally taking credit for the @user #COVID19 vaccine. My passive leadership and benevolent hand made it happen. Congratulations to us both @user (#FuckingMoron).,Neutral,2
"pÅpa Putin says he tested this on his daughter…….so I believe him, KKKinda like I believe TR☭MP tested hydroxychloroquine on herself for a week. JK, I don't. Russian Covid-19 vaccine ‘could kill the acceptance of vaccination if it goes wrong’ https://t.co/DHbQ1LxM3r via @user",Neutral,2
"A vaccine that’s 90 percent effective against a virus with a 99.9% survival rate. Yeah, no thanks. I’ll pass on all the bullshit. https://t.co/fam7T1JbsD",AntiVax,0
"You are right. One should also remember that the time line to getting effective vaccines is always longer that we think it will be or is expected to be. COVID-19 is, of course, an RNA virus and so more rapid mutation will likely mean incomplete protection from year to year.",Neutral,2
"Fuck yes how good is this!! The creators claim to have a vaccine that works 90% of the time to treat a flu that the body resolves naturally 99.7% of the time. Give it to me ASAP, we don’t need any more trials. We need the vaccine now! https://t.co/LQKP8TeODY",ProVax,1
Statement from #Prizer CEO: More dramatic good news. #vaccine #COVID19 https://t.co/YFVuxsDNRS,ProVax,1
"@user 😂 l vowed kuti coronavirus or not, l will be in Mutare froma January to May come next year. But anyway, BBC yati 43. K people were given a vaccine and it's 90% effective. There's hope",ProVax,1
@user Wouldn't surprise me but it seems the trump admin has bought a whole bunch from Moderna https://t.co/vnUgokJth5,Neutral,2
* రోజుThe corona vaccine was released in Russia on the birthday of Lord Krishna. There is no greater proof that the divine blessings of Sri Krishna will ever be with mankind This is the day when many devotees of Lord Krishna worshiped in Russia too ..... @user https://t.co/X8xrgDowcu,ProVax,1
I'm getting the #Covid_19 #vaccine in the morning. As someone with #HIV I feel relief in knowing I'll be one of the first to receive the vaccine. I'm nervous but so excited! ♥️,ProVax,1
Honourable Prime Minister Shri @user ji visits Zydus Biotech Park in Ahmedabad to review the development of #COVID19 vaccine candidate ZyCOV-D. #NamoCares https://t.co/H8VBrvYz5N,Neutral,2
"*Me at the COVID 19 vaccine research study* Woman comes in and asks me: are you taking the temperature? Me: nope, just a person of color",Neutral,2
@user UQ-CSL Covid-19 vaccine. I’m an Australian with the luxury of time due to Covid Zero (almost).,ProVax,1
No vaccine in the world can be 100% https://t.co/7b1l9WiZNA,ProVax,1
@user Your Dad is celebrating the announcement by Pfizer. So how can it be suspicious?,Neutral,2
"@user Please resign. You've mislead Americans based on COVID #s. You know you are hiding the truth for Trump. You lied about plasma antibodies for Trump. And finally, you are promising a vaccine in October. You have ethical standards, you are killing Americans.",Neutral,2
"some homeless guy tried to give me a ""covid vaccine"" but im pretty sure it was just heroin. i took it anyway",Neutral,2
Thank you to our Silver Sponsors: @user and @user Register here and join the conversation: https://t.co/WfmCYdJtxK https://t.co/sX9G9VlewG,Neutral,2
Putin says Russia is about to register its third coronavirus vaccine @user https://t.co/MX2K9nOCsV,Neutral,2
"'Covaxin', India's indigenous COVID-19 vaccine, enters Phase-III trials #vaccine #vaccines #COVID__19 #coronavirus #COVAXIN #BharatBiotech https://t.co/gN9FkaBfZM",Neutral,2
Operation Warp Speed COVID-19 Vaccine Contract Terms Unknown : Shots - Health News https://t.co/lDSXyAKEjv,ProVax,1
#AmazingRace finale in New Orleans. Give me that sweet Pfizer potion https://t.co/zs3H8DtKM5,ProVax,1
A rumored solution between Legendary and Warner Bros: “keep DUNE as a traditional theatrical release to preserve its franchise potential and since its October 1 release date falls well after the estimated late spring date when Covid vaccines should achieve herd immunity.” https://t.co/5NKSHqz6ma,Neutral,2
"#BREAKINGNEWS... The Governor of Nairobi, Kenya just announced he found the cure for Covid-19🤔 Pennsyltucky’s Surgeon General ⁦@user is currently testing this “vaccine” on himself. USA! USA! https://t.co/d8DnZgzi1V",Neutral,2
Here’s your Covid vaccine information. Read carefully. https://t.co/na3vJ5IMHh,Neutral,2
@user Either they're genuinely excited about the vaccine; in which case I wouldn't want them working on me because they're all dumb or this is their way of saying they aren't overwhelmed by Covid patients. 🤷🏻‍♀️,AntiVax,0
"@user Dear Sir Kier, as leader of the opposition, please request evidence from the government to support the cheap skate panic led government proposal to administer the second vaccine dose 12 weeks after the first. Pfizer have stated that they cannot support this. We beg you to ask",ProVax,1
"@user ,,what's CG Government master plan #vaccine_to_everyone or,,, to few people,, !! #kyabathaii #coronavirus #COVID19",Neutral,2
Did most people flop out of high school or something cause they’ve never claimed that vaccines are 100% effective and safe. There’s so many genetic possibilities in human DNA that ofc not everyone will react positively to a vaccine but overall they have done more good than damage https://t.co/TXUDkzsPvV,ProVax,1
Will I fuck. I’d rather take the very small chance that I die of covid than be a guinea pig for a new vaccine ... Al pass big BJ. THANKS https://t.co/SfKZh8yOMn,AntiVax,0
@user No he’s not there is no vaccine for the corona making it a lot worse there is no way to slow it down or stop it,AntiVax,0
"There are manyfold more volunteers for COVID-19 vaccine trials than needed for the clinical trials, but I am, Putting My Evidence Where My Mouth Is. https://t.co/Hd4plcgdIh",ProVax,1
Finally a good news to here about #COVID19 #vaccine . @user vaccine will finally give us something to depend upon.😀 Hope after few top countries INDIA will be on the list to have those vaccines. Waiting for this remedy to hit India soon.🤞🤞🤞 https://t.co/FHnyPuJUU6,ProVax,1
What’s the effectiveness rate of a regular flu vaccine for comparison? https://t.co/31Hw2vCuOv,Neutral,2
"@user This year’s vaccine is 60% effective, so not worthless. Corona has a higher kill rate than the flu. My philosophy is to overreact while we are learning more information. Your president has risked many lives by his delayed response. Your flippant attitude is troubling. I’m safe.",ProVax,1
"Answered Prayer #coronavirus The first coronavirus vaccine can prevent more than 90% of people from getting Covid-19, a preliminary analysis shows The developers - Pfizer and BioNTech - described it as a ""great day for science and humanity"". https://t.co/Dc7byt63Pw",ProVax,1
Pfizer to request emergency use authorization for vaccine ‘within days’ https://t.co/VHuAfyve7K,Neutral,2
@user I'm fucking pissed. Same ones crying covid is fake and getting the vaccine first.,ProVax,1
"@user Would someone explain for the life of me why do we have the hardest vaccine by Pfizer, difficult to transport & maintain. Americans have Moderna an easy-going & reliable vaccine 💉?. It’s all about the $",Neutral,2
"@user Before the vaccine is ready, avoid direct contact that spreads coronavirus, use BostApp instead to communicate safely with people nearby while keeping #SocialDistance, download for free at Apple https://t.co/GP34Pgg4UP & Google https://t.co/Ou1jmj0T3g https://t.co/Bu0PCQoOuT",Neutral,2
"11:11 🕯✨ Return to res, money , abundance, Corona vaccine , academics , new phone , that gent (LOML) 🥺👉🏽👈🏽🕯✨",Neutral,2
"Do not take the vaccine. They still haven't got one for the Flu after 20 odd years, this is untested, unsafe. https://t.co/7zTaC5vhJR",AntiVax,0
"Again, NOBODY is explaining that, in the vaccine world, 90% is like 100%. Because of herd immunity. We DON’T NEED it to be 100% effective. Because of probabilities. https://t.co/VzyiYKJHJd",ProVax,1
"I think it’s too late for making covid 19 vaccine just because Tony Stark, Howard Stark & Rohit Mehra is no more. They are simply science genius. @user",Neutral,2
When’s the release date for the covid-19 vaccine. I’m trying to preorder.,ProVax,1
@user Making a vaccine for a Corona virus is difficult & may prove to be unsuccessful (like SARS)- so therapeutics maybe our best bet - surely journalists should just take a step back on this one!,Neutral,2
#BREAKING Brazil allows trials of Chinese Covid-19 vaccine to resume: regulator https://t.co/mBgzKR2Zar,Neutral,2
So everybody's vaccine is 94-8 95% successful. Still too fast. Still not taking it https://t.co/xR9HFBtClT,AntiVax,0
Where is the vaccine that Trump promised us? https://t.co/EBkRZ7qh4S,ProVax,1
"So far, November 2020 proves to be a bearer of good news. #COVID19 #vaccine : First 'milestone' vaccine offers 90% protection https://t.co/Rsv4lOj0te",ProVax,1
"You fucking liar,corrupt bastard,you are killing people, KARMA will have its day with you..rot in hell you murdering scumbag, a vaccine for a virus with 99.3 survival rate ,FUCK OFF with your lies https://t.co/wAoQqVc3zX",AntiVax,0
@user The port drivers are ready to export vaccines to the world. But we need to to reach out to us.,Neutral,2
"A quick reminder that Cambridge, not known for its one-upmanship with Oxford, is apparently working on a vaccine for all coronaviruses. https://t.co/AWNMxgJFOO https://t.co/3grcsRFa2a",Neutral,2
@user Again you ment to say. Joe can now tell us his plan for Crisis relief for covid-19. And where his Ebola vaccine is?,Neutral,2
"@user Just going to ignore the fact that companies such as apple, google, Intel, Microsoft, Pfizer and more employ thousands of people in Ireland ? But suppose it's Sinn Feins goal to have nobody working and all live for free in our mansions",Neutral,2
"https://t.co/Rl9SfKz1mM He has a point. I refuse to get this vaccine, and I'm gonna make sure my family don't either, bc I don't trust anything Trump praises. He isn't trustworthy, and the people he supports aren't trustworthy either.",AntiVax,0
"Another amazing vaccine result, if this preliminary data holds up. https://t.co/4qc3XSoTCg",ProVax,1
Only a true narcissist/cunt would take credit for a fucking vaccine after asking if disinfectant could be injected into the body to kill coronavirus 🐀 https://t.co/TOLYJ3XxXi,Neutral,2
@user It’s not gonna be just to attend concerts. You’re gonna have to have a COVID-19 vaccine to do anything. That’s what this “new normal” is all about!,AntiVax,0
"@user Smallpox mortality rates was 30%. Balance that with years of data regarding the vaccine & most people would chose the vaccine... but it should still be a choice. Coronavirus mortality estimated at 0.03% - vaccines will be ad hoc & ineffective, at best, My choice is, ""no thanks!""",AntiVax,0
The vaccine has been found to be 90% effective. That’s fucking shit then as you’ve got a 99.7% recovery rate if you’re under 70. Even Chris Whitty said it’s harmless to the majority of people. https://t.co/KyfT51JUx0 https://t.co/eHXmdL5T8i,AntiVax,0
Canadians worry vaccine won’t come fast enough to stop coronavirus surge: Ipsos https://t.co/kNcUvsBDlQ,ProVax,1
A vaccine that is 90% effective? I’ll take my chances beating a virus with a 99%+ survival rate 🤷🏻‍♂️ #vaccine #COVID19 #coronavirus,AntiVax,0
Don’t most vaccines take almost 10 years to safely develop and be effective? Idk bout this rushed vaccine y’all https://t.co/ivBOCggn2M,AntiVax,0
@user No! Under the leadership of #FAUCI and #SCIENCE we have developed a #COVID19 vaccine in record time. This is HUGE news as we fight to protect the lives and livelihoods of ALL Americans. #gapol #coronavirus,ProVax,1
Pence and his old lady should stay home and get their vaccine! Soon he will be home full time anyway! Pence and Trump only tried to help Republican States when COVID-19 first came about! They should be ashamed!,ProVax,1
Dolly Parton's $1M research donation helps in discovery of COVID-19 Moderna vaccine https://t.co/vhlL1JDnYu,Neutral,2
@user I would have to hear from numerous respected health experts. I am not happy that Pfizer is asking for expedited emergency use of their vaccine. They have not shared their data with our medical and public health experts!,AntiVax,0
Weird how anti-vaxxers don't mind getting a NOVEL coronavirus where we barely know the long term effects but are sudden so cautious when it comes to getting rigorously tested vaccines https://t.co/QjON1WPtZs,ProVax,1
"If it is not a real danger, why is Trump copying the vaccine for them? Trump White House staff to be among first to receive COVID-19 vaccine https://t.co/GNsSTJuMpr",ProVax,1
"💉Vaccine confidence – including perceptions of safety, effectiveness, and importance – has fallen in many countries. How can we build trust to support routine vaccination – and a potential #COVID19 #vaccine? New blog from @user https://t.co/peGQLa9mU0 @user https://t.co/izBRtjHDIT",Neutral,2
"Apparently, the solution to #coronavirus is to simultaneously lock down America, open the border, and prioritize vaccinations for 3rd world countries in the name of social justice. Don’t blame me, I warned you.",Neutral,2
A great article that will help you put today's vaccine news into context. https://t.co/ZSz7KKXaVx,Neutral,2
"I've been saying I ain't taking the Chinese vaccine and no one will make me. If anyone trusts the country who ~accidentaly produced the virus and profited the most by exporting ventilators, masks, and now vaccines, I'm so sorry. https://t.co/bJ1BdlbLrI",AntiVax,0
Things have gone a bit quiet on the forthcoming vaccine. Are we making progress? Will it happen? #COVID19 #coronavirusuk #vaccines Fingers crossed.,Neutral,2
"We are told that you can't get Covid-19, recover and then obtain immunity from Covid-19! ... So just How the hell can any new vaccine give you immunity from Covid-19 that you can’t gain immunity from? Bollocks & Bollocks..",AntiVax,0
"Canada made $1 billion upfront payments to Pfizer, GSK, J&J and others for Cov-19 vaccine to get early access and hedge her bet. What did your govt do? Yet you want early access and equitable distribution? Is opening border to Dangote alone a definition of fairness and equity? https://t.co/tqPFAChrv2",Neutral,2
"@user I've heard they are after ""volunteers"" to train to administer the Covid ""vaccine"" too.",Neutral,2
"@user Corona is scam of WHO, , Ninja technique to make money by selling/injecting Vaccine (water) in humans",AntiVax,0
I had launched my Kickstarter for Togo and Balto memorial pins along with a little info card and how they saved a town and local villages and pushed for the need to make a diphtheria vaccine nationwide. What a coincidence https://t.co/QCSNEjD05p https://t.co/YVpqQVv9sW,AntiVax,0
Breaking News via NYT: The FDA has issued emergency authorization of Pfizer's COVID-19 vaccine.,Neutral,2
The Political Battle Over a Covid Vaccine: Your Health Is of No Concern https://t.co/LvwEO9Mp5r,Neutral,2
"#Nazi #vaccine policies which #NurembergTrials showed were evil, are now being embedded into liberal #HumanRights laws!!!!! Keep clapping for the #NHS @user #COVID19 #Lockdown #vaccine #Fascism #r4today https://t.co/F4mL1efan0",AntiVax,0
@user Argentina to get 25 million doses of Russia’s pioneering Sputnik V Covid-19 vaccine – president,Neutral,2
"@user The earliest available COVID-19 vaccines will indeed genetically modify humans, whether using foreign genes to alter the host’s gene expression or altering the host’s DNA to perform the same function. https://t.co/Qy8JLuQyKC https://t.co/QWWrZ7JTtf",AntiVax,0
"Important to stress that these vaccines will have side-effects in some, BUT THIS IS NOT A CONCERN, but you can bet anti-vaxxers will make a mountain out of a molehill. The Pfizer and Oxford vaccines have shown good safety profiles. https://t.co/jvge4ndkPw",ProVax,1
"@user No one is keeping anything from the public. We’ve all been following vaccine news updates closely, and expected there to be results in mid-November. It’s good news that will save lives, but it’s not a magic wand that will make COVID-19 disappear.",ProVax,1
@user So not related at all to Coronavirus vaccine news & why Pfizer stock is surging? 🤔,Neutral,2
Excerpts: We Don’t Need No Stinking Vaccine for COVID-19 https://t.co/1QZTtCeDCi,AntiVax,0
"@user I thought USA don't need a vaccine? #coronavirus is just a normal cold, and it will vanish ""without a vaccine""? It was supposed to go away long long ago but the pathogen changed its mind. Isn't it? Please don't say, ""it is what it is.""",ProVax,1
The latest on @user #Covid19 vaccine at 5:54A...State Epidemiologist Dr. Rachel Herlihy at 8:24A... https://t.co/XodkmrMwqq,Neutral,2
Another Wesbart rack featuring on BBC News. This rack is storing a potential COVID-19 vaccine in a Worthington LABS40K -196 degrees freezer. If you need a standard or bespoke rack contact us for a quote today! https://t.co/D6DDtB7mru,Neutral,2
My favorite part about the whole COVID situation is getting on Facebook and seeing a doctor or medical expert post new information about the disease/vaccine and seeing some random person call them fake news and then post about some random conspiracy that they swear is true,ProVax,1
"Canada preparing for COVID-19 vaccine rollout https://t.co/6lgiBG0Dpt via @user great 20 million doses to go straight up TRUDEAUS ASS:>) screw your Vaccine no one normal and with half a brain wants your poison shot. FU TRUDEAU playing with fire still I see, good luck with that",AntiVax,0
How might a covid-19 vaccine travel from the manufacturer all the way to your arm? Listen up! https://t.co/r44Jd8fp8D,Neutral,2
"Vaccines are absolutely key to aiding in international herd immunity, allowing for COVID-19 to eventually cease to exist or weaken to the point of harmlessness.",ProVax,1
I’M SO GLAD COVID DENIERS IN THE WHITE HOUSE ARE THE FIRST TO GET THE FUCKING VACCINE.,ProVax,1
Please have the vaccine out very soon. I'm 70 and I will take it. 🙏❤️ https://t.co/J0nfszIYac,ProVax,1
"Since Pfizer held back an announcement of the vaccine until after Nov election, Trump felt it cost him the election, so he's punishing the American people.",ProVax,1
Amazing how someone has bought a vaccine in so quick for the coronavirus that we haven't even had a year yet.......But they cannot find a cure for Cancer 'Hmmmm' Really make you think about things..,AntiVax,0
"“Based on initial data from a large study, Pfizer and its German partner BioNTech said they had observed no serious safety issues and forecast they would receive US government approval this month.” I won’t take any vaccine unless endorsed by .@user specifically Dr. Fauci. https://t.co/nnX6smTcIo",AntiVax,0
@user Didn't Trump just name Moderna as one of the companies with a vaccine weeks away?,Neutral,2
"""Health Canada on Saturday advised people with allergies to any of the ingredients in the Pfizer-BioNTech COVID-19 vaccine not to get it"" #CovidVaccine #COVID",Neutral,2
@user They may be the only ones actually transmitting disease. Sars cov 2 has never been isolated and identified to cause covid-19. We are dealing with an unidentified flu.,Neutral,2
"So, who should get the COVID-19 vaccine first? Albertans should be first. They're in the most extreme danger because their Premier, @user is so reckless and incompetent. People in better run provinces can hold on a few weeks longer.",ProVax,1
Very promising! This may not be the vaccine that the general public gets due to need for cold storage. But it may be useful for healthcare workers and other high-risk people. https://t.co/VNDySicN95,ProVax,1
"covid-19 vaccine = new type vaccine with mRNA = genetic material. RISK: autoimmunity response & genetic modification. Effects may be disastrous & take a while (years) to become evident. Yet the FDA will probably grant emergency authorization, even though it's the 1st of its kind.",AntiVax,0
"We so very much look forward to Pfizer's COVID-19 vaccine and can't wait to find out how, when and where we can get our shots! https://t.co/azHzeljI2r",ProVax,1
"@user You’d have to breathe out a sh*t ton of carbon dioxide to be suffocated by that from masks. That’s equivalent to being in a room full of CO2 with no vents. As for the cold/flu, there’s vaccines, over the counter treatments as well for that. There’s nothing for COVID.",Neutral,2
"@user hey what are you doing? oh, i just doing my diy covid vaccine",Neutral,2
Fauci says Americans could start getting coronavirus vaccines 'very likely before the end of this year' and says he has 'no intention' of leaving his NIH job when President-elect Biden takes office. Good. https://t.co/aBlHJ312lf,Neutral,2
screw the COVID-19 vaccine hook *this* to my veins,ProVax,1
Our wipe clean partition panels for COVID-19 vaccination centres are available for hire across the UK. We have been supporting many Universities across the country with their student testing programmes and are now working with health authorities in their planning for vaccinations https://t.co/FkazhrYYty,Neutral,2
AstraZeneca says its COVID-19 vaccine has an efficacy of 70% on average https://t.co/7ggn3mK26H,Neutral,2
I really hope this vaccine works https://t.co/TlaAEV74LT,ProVax,1
"My sister: I hear they are going to inject tracking chips with the COVID-19 vaccine Me: Why the fuck would they do that when everyone willingly carries a phone, a literal tracking device, everywhere with them already? And face recognition is so damn good?? Her: Oh yeah. True...",ProVax,1
@user That’s a pharma bot shill. The Covid-19 vaccine push is a blessing for the “anti-vaccine” movement. Governments are already mandating the vaccine and calling it “safe” BEFORE the sham safety studies are even concluded. This proves safety is NOT a concern.,AntiVax,0
"@user Mungkahi Lang Kay Leni, Kay PRRD pledge. 10 step ahead🤣😂🤣 Philippine president pledges free coronavirus vaccines for poorest 20 million citizens | Arab News https://t.co/4jIwX6yMSr",Neutral,2
Free flu vaccines and COVID-19 tests! https://t.co/zXiJYnBofq,Neutral,2
#Covid_19 Treatment Market Trends Analysis 2020| Top Companies like @user @user Request for sample at: https://t.co/QcyeUUitWR #COVID__19 #COVID19 #CoronaVirusUpdates https://t.co/pcnX5vj4hO,ProVax,1
ZVEZDA: In the Southern Military District began to vaccinate personnel against coronavirus https://t.co/7fyFKcxzNw https://t.co/urHb8QUY9f,Neutral,2
BREAKING NEWS 🚨🚨 White Castle’s 50 pack burger bundle is the only known Covid-19 vaccine at this time,Neutral,2
Highly skeptical of feeling any hope about this news. Not because I don't trust vaccines but because it's been 9 months & our shambles of a gov still hasn't put effective test & trace into place https://t.co/pPNjta1NZB,AntiVax,0
"~COVID-19 update: •Moderna coronavirus vaccine safe, induces immune response, early results show no serious side effects among volunteers tested. •US starts phase 3 trials with 30,000 volunteers on July 27.~ https://t.co/F7k1sQUnVD",ProVax,1
"Suddenly, 2021 might not be so bad after all if @user #COVID19Vaccine and others like it are able to be widely distributed within the first half of the year. The global #economic outlook could get a major revision upwards in the coming weeks https://t.co/NQS71xgwY4 https://t.co/JEoWZQ3FLR",ProVax,1
@user They all are intentionally exposing us to the aids virus. covid 19 was modified with dead side of the aids as carrier. Super spreader. In Australia the vaccine actually gave people aids because they screwed up & use the live side. The Vax will have all covid 19 has including aids,AntiVax,0
"This covid-19 came from abroad yet they are coming to Africa to use Africans as lab rats to test for vaccine.Test it in abroad too,nkt. https://t.co/6N3ypjaV2p",AntiVax,0
FDA said to plan early December advisory meetings to discuss Covid-19 vaccines ahead of potential authorization https://t.co/2H35eeLFzQ,Neutral,2
"@user Spain would get the first vaccines against COVID-19 developed by U.S. pharmaceuticals Pfizer and its partner BioNTech in early 2021, Health Minister Salvador Illa said on Tuesday. 6:47AM EST @user",Neutral,2
"""We are desperate for a vaccine,"" said Dr. Paul Offit, a member of the NIH panel overseeing the development of a COVID vaccine. ""As a consequence, we're looking for any sort of news that could be good. But I think what we should exercise here is humility."" https://t.co/klTFS4gobb",ProVax,1
"@user You mean the evil, horrible vaccine our evil, horrible President initiated? Now you’re going to take credit for it? Presumably you got in early on Pfizer stock?",AntiVax,0
"I am sure we as humans will eventually figure out a solution for CoVID-19. But who will invent vaccine for stupidity, arrogance, bigotry and many more viruses that often are on display everywhere these days 🤔",Neutral,2
"Deadliest virus of our time, taken less than a year for a vaccine 😂 I’ll give that a miss and take my chances https://t.co/DJXUTW5Z9Y",AntiVax,0
Fuck off with your evil vaccines. We don't need a vaccine for a virus that is the fucking sniffles for most people. https://t.co/MvvOeLjCo0,AntiVax,0
How would a COVID-19 vaccine be distributed in Massachusetts? https://t.co/qHtcbsAEbp,Neutral,2
@user Such people are extremely selfish! The only way in to achieve Herd Immunity in human history had been via a vaccine. This will now be achieved through a number of Covid vaccines. The vulnerable and health staff are first in the queue and everyone else with any sense will follow.,ProVax,1
"@user Bullshit!! Every animal trial since 2014 with any coronavirus vaccine showed the animals to build immunity. Then exposed to the live virus they all died. BUILD YOUR IMMUNE SYSTEM!!! DO NOT TAKE THIS VACCINE FOR COVID. I BEG YOU!!! 💡🌍🙏",AntiVax,0
"WTF did I just read, so ya can link a #Covid19 death to what ever primary/real cause of death but you can't link a #vaccine as a cause of death after taking it. #Pfizervaccine #Pfizer #IWontTakeIt #DontTrustVaccines https://t.co/V5Z9n7Dd8m",AntiVax,0
In other good news for the world: very promising results from Pfizer’s #COVID19 vaccine candidate in phase 3 trials so far. Fingers crossed. https://t.co/pBKoBdJgOY,ProVax,1
"NEW TODAY: A third drug company, AstraZeneca, reports its COVID-19 vaccine is also ""highly effective"" in late-stage trials. One key difference, this vaccine doesn't need to be stored at ultra-cold temperatures -- unlike vaccines from Pfizer and Moderna. https://t.co/vAaIefdKAs https://t.co/42VPwd0tj3",Neutral,2
COVID-19 vaccine monitoring program may be at risk of false reports https://t.co/TfdHmSAsIm,Neutral,2
Dr. Carrie Madej - about coronavirus vaccines and transhumanism nanotech... https://t.co/phD8mmK9Tm via @user,Neutral,2
"The specter of Britain beating the United States to approval — on a vaccine co-developed by an American company, at that — may intensify pressure on U.S. regulators @user https://t.co/WK5KaCVlgN",Neutral,2
"@user You forgot to mention ""Meghan cures cancer... Meghan finds vaccine for Covid 19... Meghan stares down the Taliban""... ad nauseam.",Neutral,2
90% success rate for this vaccine whilst covid tests are still around 70% accurate? how can you create a vaccine for something you can’t even test accurately lol no thanks https://t.co/x6VeyjLGJ4,AntiVax,0
At the Close of the market I’ll be in @user with my flower lapel buddy @user & team. The split between value & growth is sooo extreme like 1999 due to COVID. It might end when we get a vaccine. Reversion to the mean is powerful.,Neutral,2
Who needs a vaccine when we have ✨stickers✨ https://t.co/WwV4ObcGsu,AntiVax,0
Bill and Melinda Gates give another $70 million to #COVID19 vaccine development https://t.co/ymwyBiMmyG https://t.co/weebWhvuQV (via@user,Neutral,2
"@user No one wants to be in lockdown. It has greatly affected my life! But, being someone who might be at higher risk for severe illness from COVID-19, I wouldn't want to be part of the victims statistics. We need to find a way of containing it until a vaccine is found.",ProVax,1
Great news about a possible #CovidVaccine - but what about the ethics of vaccines? Dr John Ling writes for the Affinity Social Issues Bulletin... https://t.co/aNcYssbqh1 https://t.co/zdU4ZcWVwE,ProVax,1
"Lemme know how you feel if you take the corona vaccine, I’m not touching that shit",AntiVax,0
Covid has barely been around for a year you can't make vaccines for future virus's without the fucking virus to begin with. Biden aint done shit to help with Covid. Are you stupid? https://t.co/MExt3eBKhv,AntiVax,0
"@user You will only have covid if you don't take care of yourself properly especially those people who are LAZY to do so,because they depend on masks and vaccine, Vaccine is like an energy drink to boost up your immune same thing goes for Vitamins!",ProVax,1
"Inject this into my veins. Literally. 2020 has been awful, but the hope I have felt this last week was much needed. Here’s to hoping there are no setbacks and we can have a vaccine at some point in 2021. https://t.co/7oDxR0udoX",ProVax,1
@user Here is Faucci saying a month ago that herd immunity without a vaccine is nonsense. Please show me where he said it was inevitable that we’d all get it eventually. https://t.co/RBUHKxMa7W,Neutral,2
I wrote this article recently for Catholic Health Austalia on #COVID19 #vaccine distribution in Australia. The Australian Technical Advisory Group on Immunisation (ATAGI) must make their COVID-19 vaccine distribution advice available to the public. https://t.co/D3emVT5wlH,ProVax,1
@user School in Kentucky or Cincy is for losers. COVID is fake. Herd mentality is better than immunity. Trump's vaccine for the fake virus will enable Proud Boys to MAGA fight for the Supreme Court. Democracy override! 🤦🏾‍♀️🤦‍♂️🗽⚖️💯🇺🇸 #DefenestrateTrump 💥🦶 #PrimetimeDefenestration 💯👏,AntiVax,0
What you need to know about the COVID-19 vaccine https://t.co/3YIVDebnCC,Neutral,2
A vaccine with a 90% effective rate for a virus with a 94%-99% survival rate (depending on your age) equals what?? poisoning yourself for no reason. #opinion #COVID19,AntiVax,0
Awesome day got the vaccine today so big thanks to @user and all the hard work by @user Health department and @user to get the shots in the arms of @user first responders! https://t.co/VqAjKXTcr2,ProVax,1
First batch of Pfizer Covid-19 jab is received by Croydon NHS vaccine hub as the UK rolls out the biggest mass immunisation programme in history via https://t.co/xPh3N33eGW https://t.co/Pmg1B9tw3Z,ProVax,1
"Coming from @user the Chinese vaccine CoronaVac, which is being tested in Brazil to fight Covid-19 arrived in Rio Grande do Sul, earlier this week, at PUCRS' São Lucas Hospital​. More about the study: https://t.co/rGJHDLC1Fl https://t.co/1sQXR2XjOK",Neutral,2
"Mistrust, disinformation among Latinos on Covid vaccine has to be tackled, warn Hispanic doctors https://t.co/Rki6qz7ZnK via @user ^ci",ProVax,1
Pfizer’s Covid-19 Vaccine Showing 90% Success Rate; What This Could Mean https://t.co/NWjVdUOmjw @user,ProVax,1
@user g'day I've read reports of 14 strains of covid from USA CDC. Nobody discusses on air whether it's possible for the vaccine we all hope for to work against an ever mutating Corona virus. Is Boris still covertly aiming for herd immunity?,Neutral,2
@user 1. Trump Fakes Having COVID-19 To Get Sympathy. 2. Trump Takes Unproven Miracle Vaccine. 3. Trump Is Cured In Just A Few Days. 4. Trump Claims And Takes Credit For Finding A Cure For COVID-19 That He Said Was A Hoax. 5. Trump Cries I Have Saved America From The Hoax Virus. 😂,Neutral,2
"Top story: Did The Oxford Covid Vaccine Work In Monkeys? Not Really https://t.co/v1qUKJB7wi, see more https://t.co/U5xr6SWGgc",Neutral,2
"Get the news that is important to you from Palm Beach TV. COVID cases continue to rise but the Town is prepared for the vaccine, set up your File of Life, Help the Palm Beach Civic Association Nourish Our Neighbors in Need, and more. https://t.co/RkoQ07oOjt",ProVax,1
Pfizer announced good news about its coronavirus vaccine on Monday. Will it work in older adults? How about kids? When will it be available? Who will get it first? Here's what we know and don't know. https://t.co/jIvWAdLIVE,ProVax,1
"UNMASKING COVID SIDsoc would like to invite you to our virtual talk THIS Tuesday, December 1st and find out just what this potentially pandemic-ending vaccine has in store for us. There will be a google meet link posted on the day, we can’t wait! https://t.co/P2JYJv1HwR https://t.co/qy6ULN20NV",ProVax,1
@user He did better than you have with COVID! Where’s your plan to mitigate this pandemic and don’t give me we’ll have vaccines in a few weeks or therapeutics. What are you doing to help people not get the virus? So far all you are is talk. We need more than that!,Neutral,2
MashaAllah this vaccine made by Muslim couple https://t.co/o6HUXjncN4,Neutral,2
"I'll take the vaccine as soon as its available & campaign for others to take it However, I will also fight for your right to both argue against taking a vaccine & to choose not to have a vaccine ""I Disapprove of What You Say, But I Will Defend to the Death Your Right to Say It"" https://t.co/DpgJYEPS9J",ProVax,1
"Good News at last... A big thanks to Pfizer and BioNTech for developing a COVID-19 vaccine that is found to be 90% effective in preventing people from getting the virus... Slowly but surely, we’re getting there.",ProVax,1
"#Oil markets may be cheering the prospects of a coronavirus vaccine, but #OPEC+ can’t celebrate https://t.co/KSgSLU0iwP via @user &GrantSmith",Neutral,2
@user Tbf to millie corona virus are very different to polio. I se this vaccine as more of a flu jab type vaccine rather than one that could eliminate covid. Long term hopefully we can eliminate the virus but idk.,ProVax,1
@user I honestly feel the death is due to something else. Not Covid 19. But it will be attributed to Covid 19 for sure. So we won't even be able to say no to Vaccine,AntiVax,0
Chick here on CNN you won’t be getting your Covid vaccine for a while....don’t worry,AntiVax,0
#AstraZeneca Covid-19 vaccine production begins in Australia #CovidVaccine,Neutral,2
Hope drug authorities around the world green light this vaccine. Seems very promising. 🙌 https://t.co/kIGneJMgWF,ProVax,1
US health body expects 2 COVID-19 vaccines by Christmas https://t.co/57m0sJ2PgR,Neutral,2
Great now we can take the masks off. We've got a vaccine. (I don't trust it but fuck these masks) https://t.co/PpopGNwhj6,AntiVax,0
@user The UK has secured early access to 90 million doses of promising coronavirus vaccine candidates.,Neutral,2
"@user Show your leadership, get the Corona virus vaccine on live tv.",Neutral,2
@user You can’t ask for certainty in uncertain times. The situation is constantly changing and evolving and will be like this until a vaccine is found #CovidUK #pandemic #CovidVaccine #BBCBreakfast,ProVax,1
Mad that Pfizer is just down the road. 😆 and everyone knows someone who works/has worked there over the years.,Neutral,2
"So, I applied to participate in a COVID-19 vaccine research trial. Considering that I am sending my kid to school in the fall and will be teaching on a university campus, I think I’m a pretty good candidate.",ProVax,1
@user Yeah fuck the Covid-19 vaccine lol.,AntiVax,0
"I highly advice against this crap, please do not put your trust on these peoples """"vaccine"""" , you will realize later on that it just to control folks, lmao being serious y'all better be careful #retweet #VaccinesWork #Vaccinatie #dontsupportvaccine #AntiVaccine https://t.co/MbldCsHpRW",AntiVax,0
"""Rich countries grab half of projected covid-19 vaccine supply"" by Graphic detail https://t.co/x8VIv1YbnD #dataviz See more posts at https://t.co/lo9TyPYSl4",Neutral,2
Would you get the vaccine? https://t.co/eACgvcujUp,Neutral,2
"@user With respect, that’s the kind of dangerous scaremongering that anti-vaxxers engage in. As I have shown, we’ve been using vaccines for over 200 years now, we’ve successfully developed vaccines for dozens of diseases, and every precaution is being taken with COVID-19 vaccines.",ProVax,1
The Covid-19 vaccines now available in the US https://t.co/ZdOsFUqecZ,Neutral,2
Take note: while Covid has been all consuming headline news the great climate migration has begun. Long after a vaccine has tamed Covid the world will be coping with climate migration for the next century. https://t.co/hBSKAtnevo,ProVax,1
Do you work in #socialcare? Can you help Researchers at the University of East Anglia investigating flu jab uptake to learn lessons for a #COVID19 vaccine? Find out more: https://t.co/bF9oqql9Wn https://t.co/7d8u0nVdYu,Neutral,2
I envy to Singapore they got Pfizer covid vaccine 😖,ProVax,1
Covid-19 vaccines are being developed & authorised faster than usual. But they will meet the same high standards as all other vaccines. The vaccines will have to go through a rigorous process to ensure they are safe and effective. #HealthUnion https://t.co/VkTOLXHwF7,ProVax,1
"Chinese Covid-19 vaccine also found safe, induces immune response - world news - Hindustan Times https://t.co/qJp1qI53g6",Neutral,2
"@user Trump, you promised 100 million doses of a Covid-19 vaccine by the end of last month. Where are they? I asked for one. Can you send it over?",ProVax,1
So we have a vaccine for Covid19 in months. But no vaccine for aids in years. Why? Something seems very strange to me. After years and years and years still no vaccine for aids. Why?,AntiVax,0
@user You shouldn't press EU Members to lift bans on UK travel. The EU once failed this year to stop the spread of COVID-19 at the very beginning of the pandemic. We got the vaccine yet our enemy isn't waiting. Current mutation of the virus has greatly improved its potential.,Neutral,2
"It's Suspishy that there's not a vaccine for aids or A cure for Cancer. But people are quick to rush a ""vaccine "" for a respiratory flu. That came out this year from a lab. I feel like this was planned tbh. Would rather not have my DNA strands altered https://t.co/dIPDhNAywi",AntiVax,0
People whose cheap thrill is to spoil other people's already bad moods should get the corona vaccine last,Neutral,2
"@user Have the highest respect for Dr. Gottkeib, but he should always disclose he is on the Board of Pfizer.",Neutral,2
Coronavirus vaccine news soo promising xx 😍😍🙌👍90% effective fingers crossed it gets approved and then hopefully back to normal by Spring summer 2021!,ProVax,1
"Not that it is a competition but an interesting read on how the UK, US and EU managed vaccine development. Opinion: How the UK beat the US to Covid-19 vaccine authorization https://t.co/tUiyq9hcgw",ProVax,1
@user *Trump will lie about development of a COVID-19 vaccine FTFY,Neutral,2
"I believe the Nuremberg Code is still in existence, so there will be no compulsory vaccination; I won’t have this vaccine if there were no Nuremberg Code!! #IDoNotConsent https://t.co/WTG1lrGXCm",AntiVax,0
"@user My husband has cancer and COPD , we have shielded practically since March, we miss our family , but we are not prepared to mix this Christmas, one day is not worth the risk of him catching Covid and it being his last Christmas , rather wait for a vaccine, all our family get this",ProVax,1
"@user Haan Pfizer and AstraZeneca have reached phase 3, Covaxine has slipped steps and is trying clinical trials. I'm just being optimistic and hopeful cause that's all we can be.",ProVax,1
"Americans need to be prepared for the possibility that they may feel a little unwell after they get a coronavirus vaccine, if one is authorized, members of a CDC advisory committee said.​ https://t.co/gipgsR4Dtw",Neutral,2
"Early stage clinical trial results show the Covid-19 vaccine candidate made by Novavax is safe and elicits an immune response, according to a study published Wednesday in The New England Journal of Medicine. https://t.co/8fDGwEL7Qe",ProVax,1
@user Plot twist: the covid vaccine was population control this whole time—more so than covid itself.,AntiVax,0
Thousands of people are dying due to Covid 19.....Corona is breaking homes...When will the vaccine come?? @user,ProVax,1
"Vaccines are a scam that the brainwashed and indoctrinated sheeple have come to believe as a religion. ""You can't fix stupid"" #vaccine #Vaccin #COVID19 #Corona",AntiVax,0
"@user Yes we would. Remember the Pandemic Response Team? Pfizer and every other pharma would have aggressively worked towards a vaccine without your “push”. + less deaths; no “protests” against maskwearing; any state requests for emergency PPE would have been approved, etc etc",ProVax,1
"@user In a miracle of modern science and in well under a year an ointment has been developed for this very annoying irritation, insider experts admitted that the ointment was developed in tandem with the Covid vaccine, hence the unbelievably meteoric pace in development of both... 😉",ProVax,1
"So happy this morning following our first covid vaccine days. None wasted, great feedback and fabulous team of dedicated staff. Thank you all. So good to see our patients. Many haven’t been out for months. @user https://t.co/UoVpA3gcLn",ProVax,1
Medical supplies across specialties are allocated under two budget items totalling RM4.29 billion in MOH’s Specific Programmes in operating expenditure of Budget 2021; Covid-19 vaccines are also not listed for MOH under the separate Covid-19 Fund. https://t.co/mEMn5C9qEa,Neutral,2
Pfizer covid-19 vaccine may not need to be kept at -70°C after all https://t.co/bfQ3ykxv0k https://t.co/F7azvNsUFi,Neutral,2
I’ll just check and see if I have any AstraZeneca shares… https://t.co/p2Xw8kq6TO,Neutral,2
@user ms #Harris what would you do then if President #Trump says to take a #COVID vaccine because dr #Fauci told him?,Neutral,2
"Coronavirus vaccine: Pfizer's vaccine trials show a vaccine that is 90% ... https://t.co/RKTxikaWkk via @user This is not a good drug. It is theft of your DNA profile. Research in detail. Compare this by googling ""Dr. Christine Northrup-Shocking all covid vaccine content""",AntiVax,0
"@user Whats the manufacturer's past form, by the way there is about 5 Covid-19 vaccines in clinical trials, all different types and different makers and research. Pfizer is just one.",Neutral,2
"smart people: i won't be caught dead taking a rushed, incomplete, dangerous vaccine. who the hell is willing to see what happens to them me: https://t.co/yhwApI8PsQ https://t.co/zzTPIpX8R5",AntiVax,0
Still not getting a vaccine with a 99.8 recovery rate https://t.co/TEHAnCH4cx,AntiVax,0
Putin orders Russian officials to start large-scale Covid-19 vaccination… (via @user #World #News) https://t.co/OJYl6dh89q,Neutral,2
"A further six deaths and 449 cases of Covid-19 have been confirmed in Northern Ireland as 25,000 doses of the Pfizer/BioNTech vaccine arrive ahead of vaccinations next week https://t.co/QBGgXIfddW #END",Neutral,2
@user But if YOU have the vaccine (your choice) how will you die of COVID?,ProVax,1
Covid19 vaccine entering my veins 🤩 https://t.co/tjHs4hfN1B,ProVax,1
@user Norway here. I can text my doctor whenever I want. Not to be abused of course. But just by texting him I got a prescription for a pneumonia vaccine that could potentially help me survive covid. Also have preexisting conditions that affect my breathing (titanium rods in back is 1),ProVax,1
Another candidate jumps in in the run for an efficient Covid-19 vaccine. Now we have 3 reliable candidates with efficacy over 90% #COVID19 #vaccine #AstraZeneca https://t.co/LCDfyQA2V5,ProVax,1
"Well the vaccine would need to be mandatory, last thing we need is the virus mutating into a superbug because of #antivaxxers. #COVID19 #CovidVaccine",ProVax,1
DESPERATE INDEED! Only fools that are asleep will fall for the Mark of the Beast COVID19 vaccine. https://t.co/AUutGhRC58,AntiVax,0
"See why half of Americans won't trust a vaccine?? #CovidVaccine After admitting mistake, AstraZeneca faces difficult questions about its coronavirus vaccine https://t.co/xkKij6MrXi",AntiVax,0
"These findings emphasise the important considerations for the care of pregnant and postpartum women with COVID-19 going forward. However, in the absence of a vaccine, prevention must remain the goal of any public health inter-vention. https://t.co/S2aoqufFgF",Neutral,2
I wish all the anti-vaxxers the very best for the future without the vaccine. It'll be interesting to see thousands of people putting in their join application for the Darwin Award. #Pfizervaccine #vaccine #antivax https://t.co/NzflIaPC4c,ProVax,1
"@user Definitely the Pfizer one, and if Fauci gives the thumbs up to other ones then those will be fine by me too.",ProVax,1
Malaysia secures 12.8 million Pfizer #coronavirus vaccines as China assures PM Muhyiddin of ‘priority status’ https://t.co/BXUu7KATxY,Neutral,2
wow... of course makes sense Yale is a gates GAVI vaccine pusher and dna harvester.. we know Yale https://t.co/XStyxzHIhB,AntiVax,0
Please is the corona vaccine available in Ghana because I want to start kissing indiscriminately!! 😩😩😩😩😩,ProVax,1
"I am pro vaccination programs but No vaccines should be mandatory! Especially where the safety testing is rushed or skimped and greedy Pharma companies are involved. I will gladly accept vaccines produced in China, Russia or Cuba though I trust them more https://t.co/R8Fmazvctf",ProVax,1
Does a vaccine against Covid-19 herald the end of the pandemic? https://t.co/zHDuG9OlYm via @user,Neutral,2
"@user Jimmy is delusional it’s NOT a cure for coronavirus covid19! However good news of a vaccine NOT taking it! I will do my own research on the subject! 243,820 AMERICANS dead from coronavirus covid19 due to Trump’s incompetence, lack of leadership, lies & nonstop BS! 🇺🇸😷🇺🇸 https://t.co/QCq1Emzfgu",AntiVax,0
"https://t.co/3FRZ5Mx31n Vaccines are almost ready, and when you hear the names of the companies, everything will be clear to you. No thanks, I will never allow any vaccine into my body.🤬🤬",AntiVax,0
"We are also supporting @user and its subregional frameworks intensify regional cooperation on #COVID19 and vaccine security. We support the collective move toward ASEAN Vaccine Security and Self-Reliance, as adopted by the ASEAN leaders in Bangkok a year ago in November. https://t.co/PNiZpyqD29",ProVax,1
Love that people are getting vaccines. But you don't need to post your Covid-19 record card online as proof. It doesn't take a 15 year old with basic editing skills to make a fake card...It will not be long before people are buying and selling fake Covid-19 vaccine cards. https://t.co/q7bVkMJIK6,ProVax,1
"Evidence of efficacy, safety & consistent manufacturing are 3 requirements that @user must demonstrate to seek Emergency Use Authorization for its potential #COVID19 vaccine. Learn more about these key areas: #PFEColleague https://t.co/uxUtrBseqa",Neutral,2
I'm really looking forward to a working #COVID19 #vaccine. Once we have that all those silly anti-maskers can join the anti-vaxxers and we only need to mute/block one group on Twitter again! #CovidVaccine #coronavirusvaccine 😉,ProVax,1
Tweet your questions is the Moderna needle smaller than the Phizer on ? That one is honking huge !,Neutral,2
“#Coronavirus : Who in UK will get Pfizer vaccine first and when?” : How many doses has #Britain bought and when will it be rolled out? Everything you need to know about #Pfizer breakthrough jab! via ⁦@user https://t.co/lZgNdiFueh,Neutral,2
"@user So if a vaccine for Covid-19 should become available, you will choose to depend on the majority of Americans to 'risk' their lives by taking the vaccine so that IN FACT YOU WILL BE PROTECTED by doing NOTHING? So responsible of you.",ProVax,1
If the fastest vaccines was created in 4 years . How is there a COVID vaccine ready in 2 yrs. gtfoh. Fuck vaccinations. #fishy,AntiVax,0
"@user With a policy of ""herd immunity"" spreading the coronavirus all over the country, then to ""allow"" a vaccine?? Nope, not me...no thanks. Not under this administration!",AntiVax,0
This is undoubtedly great news. The whole world is looking forward to the SARS-CoV-2 vaccine becoming a reality as soon as possible. ✅ https://t.co/xHgZXbowuZ,ProVax,1
The rush to create a covid-19 vaccine may do more harm than good https://t.co/TnQKFSVN7n,AntiVax,0
"@user A vaccine with less than 12 months development .......no thanks. They have manufactured a vaccine that is 90% effective, but cannot do this with the flu despite decades of trying. BTW Have they actually isolated the Covid-19 virus in the lab and released the information on it?",AntiVax,0
"As COVID-19 vaccines inch closer to readiness, a group of Tennessee lawmakers is seeking to make it harder to require immunizations of the state's citizens. https://t.co/VHc5Z67Jwj https://t.co/XsvblxJixd",ProVax,1
"@user Moderna will soon say, it's vaccine is 95.5% effective....",Neutral,2
An effective COVID-19 vaccine in the horizon!,ProVax,1
"@user i promise you that you will get through this, with everything that is going on it will pass and people are developing vaccines and better cures for covid, it should pass. you are loved and people care a lot, and if you do mess up, stand up and start again, its okay to mess up. 💖",ProVax,1
Fuck you and fuck your bullshit vaccine https://t.co/nLakpw9IE5,AntiVax,0
I’ve had a letter asking if I’d like to take part in clinical trials ‘ to understand Covid19 with a goal of finding a vaccine or treatment’ ... erm .. no thanks. 😒,AntiVax,0
"@user Recipe for disaster in 2021: Vaccine is effective and safe. (btw nothing is 100%), but within the realm of medicine safe/effective. But we don't get critical mass of vaccinations required to ELIMINATE covid. In 6 months - pandemic is on a rampage-we start over....again",ProVax,1
Pfizer says an experimental vaccine is more than 90% effective in preventing COVID-19 based on initial data from a large study. Could be available by the end of the year.,Neutral,2
"@user I was H1N1 positive once but nothing was closed.Everyone walked around. If you closely watch bill gates Tedx from 2015 he clearly knew about this corona virus, they created this so they can have human puppets by inserting chips (in the name of vaccines) Shameless #BillGatesIsEvil",AntiVax,0
@user What a lovely photo of you and your dear Mum cherish her. Hopefully in the not too distant future with Covid vaccines you will get to see and hug your Mum again. You definitely got your Mum’s genes. 😍,ProVax,1
"@user That MAGA Forever is sick bro! Keep it goin... Walmart Costco Sam's club ain't never closed til antifa burnt em. Teacher's unions push covid fear. Covid enables the sewer rats in our gov't. We sick as hell. Trump IS the VACCINE, Y'all. Been that. Get grown and get ur knowledge up",AntiVax,0
@user We all know Bill Gates will be back to #1 cause he caused COVID-19 & he has microchips in the vaccine that is going to be injected into the human race.,AntiVax,0
"@user First-Bells Palsy is temporary w/many vaccines and those 4 out of thousands in the study have recovered. Second, immunity from a virus is temporary, if the avg healthy person got Covid now, immunity would most likely wear off when they are eligible for their vaccine the spring",ProVax,1
Chinese vaccine is equally unreliable it seems.. https://t.co/kfYfWL468W,AntiVax,0
this news about the Covid-19 vaccine has me pumped as fuck. can’t wait to see my baby next year and vibe @ lollapalooza !,ProVax,1
COVID-19: Cambridge University working on a vaccine which can fight all coronaviruses | The Times of India https://t.co/TXexKEx9XA,ProVax,1
"Gold futures on MCX (Multi Commodity Exchange of India) fell by as much as Rs 2,566 per 10 grams, within minutes of the news that COVID-19 vaccine trials of Pfizer were successful. #TheAssamTribune #GoldPriceDrop #CoronaVirusUpdates @user https://t.co/AWk6P3taSL",Neutral,2
Why are we so obsessed with a vaccine for COVID 19 when a cheap antiviral works if administered early. Fascinating read... https://t.co/l6AuVvufXG,AntiVax,0
I highly doubt that this vaccine is going to be effective. The reality is that Covid19 is not that dangerous. There will also certainly be significant risks getting a rushed vaccine. But so be it. Let the sheep get vaccinated and then we can hopefully move on from this Scamdemic,AntiVax,0
Moderna to charge $25-$37 for COVID-19 vaccine: CEO tells paper - Reuters https://t.co/RyXlnAsXdl,Neutral,2
@user What a shoddy bunch of profiteers this lot are @user #PPE #JockeyClub #Moderna . Will we get an enquiry when they are voted out,Neutral,2
Coronavirus live news: Pfizer vaccine ‘has 95% efficacy and passed safety checks’ | World news https://t.co/hz1B1wbh1m,Neutral,2
Passing thought lang... Will anti-vaxxers still refuse vaccines if may vaccine na for covid?? 🤔,Neutral,2
@user #Pfizervaccine claims to prevent “symptoms” in 90% of recipients WITHOUT any vaccine 96% of us either have NO symptoms at all (our wonderful immune system at work!) or suffer a flu like illness Mainly elderly infirm succumb #COVID19 for most is NOT a deadly🦠 #NoVaccineNeeded🙄,AntiVax,0
via @user #News Moderna shares rise as investors await its COVID vaccine data: A surge in COVID-19 infections across the US is giving pharmaceutical companies working on vaccines the data they need. https://t.co/mDO3xiV539 https://t.co/ap6zO5Wmtk,Neutral,2
"the phizer coronavirus vaccine is successful on 90% of celebs, which is important",ProVax,1
Would you rather risk getting covid and infecting others who may die or get a vaccine?,ProVax,1
"Fucking amazing. THIS is a good, correct Presidential response to @user ##COVID19 vaccine announcement. Trump would say basically the opposite and smart people know it https://t.co/UYsFERJLeb",ProVax,1
"@user Covid-19* has a higher mortality rate and a higher rate of transmission. A vaccine is estimated to take 12-18 months. The flu lasts 10 months. If measures aren’t taken to mitigate the spread of Covid-19*, more people will die by Mother’s Day this year than the flu.",ProVax,1
"Now that there is an authorized and recommended vaccine to prevent COVID-19 in the United States, here are 5 things you need to know about the new COVID-19 Vaccination Program and COVID-19 vaccines. More info: https://t.co/IESHjzc11i #COVID19 #Vaccines 1/3 https://t.co/uvJudApE2V",ProVax,1
"Will not vanish with “the” vaccination, indeed. Coronaviruses are mutating viruses, they can spread from different sources, which is why vaccines against them are (can be) pretty much ineffective. https://t.co/QRUoyU3NOl",AntiVax,0
"NEW THIS MORNING: Early data from Pfizer trial shows COVID-19 vaccine candidate is 90% effective, company says. https://t.co/aRfwjAPPdk",Neutral,2
@user I haven't took a vaccine as far a flu and stuff ever so I highly doubt I take the coronavirus vaccine..,AntiVax,0
Excellent! 90% efficacy is quite good for a vaccine! #COVID19 https://t.co/cUBEnqfNWz,ProVax,1
Is this guy for fucking real. Trump had 4 years? Then also blaming Obama for not developing a vaccine for a novel virus that didn’t exist until last year??!?!??! Mooch has it all figured out. https://t.co/PabAJa30Ud,Neutral,2
"Pfizer’s coronavirus vaccine is more than 90 percent effective in first analysis, company reports - The Washington Post https://t.co/rlYKsEccCh",Neutral,2
"@user We can agree on that. Coronavirus Ed have existed for over 60 years. Have family members get them before, years ago. No need for a vaccine for a virus with 99.5% survival rate. Admittedly, have more of a chance of getting COVID. However: as far as dying more of a chance from...",AntiVax,0
More amazing Covid vaccine news!! https://t.co/RHeMmYOp8U,ProVax,1
"@user ADM Giroir, we’ve often heard about the amazing advances in vaccines in such a short period of time. The same must be said for COVID-19 Testing. You, your Team, Industry & Government have done a brilliant job of rapidly making widespread, reliable Testing available. Thank You!",ProVax,1
ETHealthworld | Wantai's nasal spray Covid-19 vaccine to begin mid-stage trial in China #Covid19 #ClinicalTrial #AntiBody #China #Coronavirus #CovidVaccine https://t.co/iVhlOm1NbY,Neutral,2
"If I was Health Sec: Don’t want the Covid vaccine? Fine, expect an invoice for NHS treatment if you subsequently catch the virus. Stop taking life in a first-world country for granted.",ProVax,1
"Progress on developing a Covid-19 vaccine will bolster business confidence and an economic recovery by showing the pandemic can be controlled, Spain’s Economy Minister Nadia Calvino said https://t.co/ZL9KQpvxlR via @user",Neutral,2
No vaccine for me. https://t.co/Y7qf5GtjVk,AntiVax,0
Pfizer has released the preliminary results of a promising vaccine against COVID-19 https://t.co/B8lxPEakMZ via @user Science Serve,ProVax,1
"Come and visit Cobra Biologics at the virtual #bioProcessUK Conference on 1-2 December. The UK bioprocessing community have made such an impact this year, supporting the development of #COVID19 #vaccines - even more reason to celeb…https://t.co/ICI9fc8CS7 https://t.co/VNNTTnNGbR",Neutral,2
"@user They are planning to get sick, so they’ll need some time to sort out the refrigerating trucks after Christmas. I feel like we’ve been wasting our time, trying to deal w COVID. People think that a vaccine will save them once they get sick. I think being healthy is a precondition",AntiVax,0
"I'll be getting the vaccine on Saturday. Yes, I'm young. But I've seen enough young people with long term health problems from COVID-19. I don't want to infect my children, wife, friends, or family. #CovidVaccine @user",ProVax,1
Coronavirus vaccine: Labour calls for emergency censorship laws for anti-vax content - The Independent https://t.co/F3qfRgHN9d,Neutral,2
"May is Hepatitis Awareness Month & May 19 is Hepatitis Testing Day. If COVID-19 social distancing is preventing you from getting tested, commit to getting tested soon. Start planning with the CDC’s Adult Vaccine Assessment Tool. https://t.co/aJK4KRXoQV #HepAware2020 https://t.co/FTjOauSim7",ProVax,1
Has any one heard of the side affect s of the COVID-19 vaccine and are u getting it when it’s available lm a little scared because I haven’t said what could go wrong let’s hear how you all feel !!!!!,AntiVax,0
Or just shoot anti-vaxxers. I’ll do it if I get priority on the vaccine list. https://t.co/9FOM7M2nwN,ProVax,1
"1% of the world's population but with 10% of the world's supply of Covid-19 vaccine. We still got it, #JohnMajor, we still go it.",Neutral,2
I will gladly stay out of the line for any vaccine. https://t.co/4Ag2nfi707,AntiVax,0
Great news everyone! There's finally something specific for anti-vaxxers to not take and die! 👇👍✌️ #AntiVaxxer #vaccine #COVID19vaccine https://t.co/jKN9VBG8cr,ProVax,1
Some good news Pfizer says early analysis shows its Covid-19 vaccine is 90% effective https://t.co/zhFh6DoaEW,ProVax,1
"Covid-19 vaccine co-developed by small German biotech firm BioNTech, started by a husband and wife team with Turkish roots, has been granted approval in UK. https://t.co/Ua5AoPWWby",Neutral,2
"There are lot of reforms to be made. India had come to a standstill during Singh's final tenure & needs to catchup. Life goes on COVID or No COVID. Freezing in your tracks is 'Death'.Only solution for COVID is a vaccine, if other preventive options aren't followed? @user",ProVax,1
"@user Alex Jones / those like him are genuine danger. His lies and conspiracy theories have consequences for everyone, not just those that listen to him. How many people won't get the COVID vaccine because they believe his garbage? How many others will suffer or die because of that?",ProVax,1
"@user Jeez, I wonder how such an effective vaccine could have been developed so fast? 🤔 #COVID19",AntiVax,0
"@user I just hope people know that we won't see any vaccine until next year. They still need to wear and mask, wash their hands and keep a distance. https://t.co/maxgv1EqUj",Neutral,2
"I said the exactly the same thing let us choose the doctors 👩‍⚕️👨‍⚕️ and use the vaccines 💉 they have not use their doctor 👩‍⚕️👨‍⚕️ cause they will get some flu 😷 vaccine 💉 or something else if they can cheat and steal an election 🗳 they can fix the vaccine 💉 too 😡😡😡🤬🤬🤬 https://t.co/xsRKAJOp1G",AntiVax,0
Not me! No vaccine required. https://t.co/Rmp1uqylq9,AntiVax,0
@user Y’all are going to go down in history as the party of projecting.,Neutral,2
Thank you President Trump for getting us through this process as quick a possible l!! #Trump #COVID19 #covidbriefing Pfizer: Early look shows COVID-19 vaccine is 90% effective https://t.co/qUWLsFItWp,ProVax,1
Trump says coronavirus vaccine won't be delivered to New York “until we have authorization [from Cuomo] to do so”. Shameless liars here👇 https://t.co/Fin7CVzQWh,Neutral,2
"There is little difference between taking the money now or taking it later. Pfizer's staff gets mega credit for their success, the American people get credit (actually a debit) for paying the bill, and Trump/Pence are acknowledged for leadership!",Neutral,2
Good morning Australia. Good news as Pfizer covid-19 vaccine ‘90 per cent effective’ in trials https://t.co/2uG5ICIJM9,ProVax,1
#BREAKING: @user EU medicines regulator says first coronavirus vaccine could be approved by Dec. 29.,Neutral,2
Coronavirus: The married couple behind the successful Pfizer COVID vaccine | Came to Germany as Turkish Migrant worker kids —- inspiring couple https://t.co/iR4UHRUXFH,Neutral,2
Hallelujah! Pfizer and BioNTech’s Covid-19 vaccine found to be '90% effective' https://t.co/4GUskzXHPB,ProVax,1
Hear me out.. What if the COVID vaccine is how we get our X-Men powers?,AntiVax,0
Coventry woman first to get Covid vaccine as Norfolk awaits roll out https://t.co/upXbgU18jq,Neutral,2
@user Nobel Prize Winner says COVID has pieces of HIV in it and it couldn't have happened by chance. Says maybe someone was trying to create a vaccine for HIV https://t.co/tVyuHrgFPc,Neutral,2
@user And 90% of those people had other health problems that made it worse. Covid has a 98% survival rate and a vaccine to help prevent it. Are you gonna live the rest of your life scared of getting covid Bc it’s not going away.,ProVax,1
The biotech company Moderna is submitting its promising Covid-19 vaccine to the FDA for emergency use authorization https://t.co/Zxi0W4H5bP,Neutral,2
they can keep it because i will never take any vaccine . https://t.co/NN75i4dWiK,AntiVax,0
"Pfizer, BioNTech apply for coronavirus vaccine approval in Europe https://t.co/aa5aXddXmz https://t.co/hkczFjorjc",Neutral,2
"On the one hand, what a load of shit!! On the other, perfect! Cause I seriously need about 135 million other people to get injected first before I feel all the way safe. #COVID19 #Iwillgetvaccinated #COVIDIOTS #CovidVaccine https://t.co/glqZU5mQxc",ProVax,1
"If the poor cannot get this, then this vaccine is fucking useless. https://t.co/i3kUvdWS9z",ProVax,1
Pfizer seeks US FDA approval for COVID-19 vaccine’s emergency use https://t.co/L2y4sTkTaM https://t.co/yW3bPm0Mam,Neutral,2
all this talk of a very effective covid vaccine makes me think 2020 wasn't the movie about a deadly virus but instead is the movie about a vaccine for a deadly virus that accidentally turns people into zombies or some other nonsense,AntiVax,0
"Coronavirus: Premier Ford touts ‘massive step forward’ in fight against COVID-19 as vaccines rollout https://t.co/TdGR2gBG4W I don't understand: if we all supposed to STAY HOME because this virus is so 'viral',why is he ""here, there,& everywhere"" with the photo ops? @user",ProVax,1
".@user is prepared to begin #COVID19 #vaccinations at its pharmacies, CEO says https://t.co/LbSiv2MU4d $KR @user #coronavirus #pandemic #largest #supermarket #chain",Neutral,2
@user They replaced the gay making gases in chemtrails with the covid vaccine.,AntiVax,0
World Bank announces $12bn plan for poor countries to buy Covid vaccines https://t.co/e797Rm4aYz,ProVax,1
Also.....cocaine week in and week out but wouldnt dare put a vax in their body cos its poison 🤣🤣 #COVID19 #vaccine https://t.co/jZhihHHSGU,ProVax,1
"Some good news today about a COVID-19 vaccine. But despite politicians claiming otherwise on Monday, Pizer officials want to make it clear they worked on this without ""any money from the U.S government, or from anyone."" https://t.co/hUBlw27HwA",ProVax,1
"Why the MSM silence on Sputnik V? It may be the best Covid-19 vaccine, but anti-Russian agendas could stop millions getting it — RT Op-ed https://t.co/3R5dPoxuN4",Neutral,2
Russia says THEIR Covid-19 vaccine is also 90% effective https://t.co/pNp4pGGqei via https://t.co/ls4bsqrHpY,Neutral,2
"@user Osheyy Sinzu money we have heard you , but If they eventually bring COVID-19 vaccine to Nigeria, it should be tested on National Assembly members. They are our representatives 🤷🏼‍♂️",Neutral,2
"Cruise bookings upward thrust on coronavirus vaccine information, Norwegian Cruise Line CEO says http://googlenewspost.... https://t.co/4VJrWZr3gW",Neutral,2
@user Read up: He started working with various companies in China on a vaccine in January before COVID was declared a pandemic! He is an UNELECTED PERSON with too much control / influence in this country- he does not have America or American Ppl best interest in mind!,AntiVax,0
This is great news but don’t expect to be able to walk into CVS anytime soon to get this vaccine. https://t.co/goa9wlVIEo,ProVax,1
No surprise it will be the same everywhere don't trust the vaccine for something that 99.9 % of people recover from. @user and @user 💉💉 https://t.co/wKlcKePxeW,AntiVax,0
Pfizer’s Covid vaccine ships within hours. Here's how the U.S. plans to get it to everyone https://t.co/oClEL1LYhj @user pretty awesome news. Let’s do this! COVID-19 be gone.,ProVax,1
"@user From article; ""The #Moderna vaccine uses synthetic messenger RNA (mRNA) to mimic the surface of the #coronavirus and teach the immune system to recognize and neutralize it."" Tell us the part about how this has never actually been done before, pre-COVID https://t.co/dYTG2A6HbY",Neutral,2
"Interested volunteers, please join and RT🙏 Volunteer for COVID-19 Vaccination trials near you https://t.co/3gZkCxNoHK #COVID19 #Volunteer #Coronavirus #Vaccines",ProVax,1
"Just putting this on record: the ecstatic reaction to tentative news of a vaccine for covid-19 is overwrought and unwise. Look back in two years time and if it worked well with no side effects, that's the time for congratulations. #vaccine #COVID19",AntiVax,0
Dr. Marc Siegel on report that Astrazeneca is likely to run a new coronavirus vaccine trial https://t.co/2kVNSJB79X @user great host stable #camera #vaccine #VaccinesWork #AstraZeneca #OxfordVaccine #jenner #OperationWarpSpeed #COVID19,Neutral,2
Thank you President @user for pledging €100m to ensure global access to future #COVID19 vaccines & treatments Clapping hands signWe count on the EU to keep up the fight & ensure the global response is fully funded. #EndCovidEverywhere #ParisPeaceForum2020 https://t.co/daancAZaCi,ProVax,1
Apparently the Covid 19 Vaccine caused bell’s palsy in 4 trail participants. Something ain’t right. https://t.co/uFfsQDZW8P,AntiVax,0
"@user Pfizer’s version is not an actual injection of the virus, it’s mRNA created to fool the body into making antibodies of the virus. So it wouldn’t give him the actual virus unlike flu vaccine.",ProVax,1
rt @user How to distribute a COVID-19 vaccine and build public trust https://t.co/kJPJtjDHW5 #covid19 #SDI2020 https://t.co/vjufe6Quug,Neutral,2
"I trust the Russian Vaccine and i trust that it is effective beside other vaccines that is being recognized worldwide - For more information, follow the sputnik vaccine account to know more about it @user #russia #SputnikV #Россия #COVID19 #CovidVaccine #روسيا",ProVax,1
Good news if it works! And I’m teaching a course on reporting vaccine science for @user later this month so this announcement will throw up some great case studies. #mediadev https://t.co/nkYY0U10JJ,ProVax,1
Please sign and SHARE this link - Petition: Prevent any restrictions on those who refuse a Covid-19 vaccination https://t.co/sJZ0c99MfT,AntiVax,0
"the pastor said: “I’m not going to get the coronavirus. I’m not going to give anybody the coronavirus, because I can’t get it, because I talked to God about it, and I’ve taken my vaccine. My vaccine is Psalm 91, and I am free from that mess.” https://t.co/ETlOX5u03N",AntiVax,0
"Should employers force workers to get COVID-19 vaccine? Some experts say they should, Autonomous Evolutionary Eyewear with microscopic vision contactless testing. https://t.co/ODeXVGmEVe https://t.co/ajO30o7yx1",Neutral,2
"@user oh what a load of horse shit, for starters, if youre not wearing a respirator with OV/AG filters, youre doing nothing useful. but none of you bother with actual science. 1.6 billion was given to pfizer for creation and distribution of the vaccine, as well as 5 other companies",Neutral,2
@user 🗣️💬 I wouldn't touch any supposed vaccine from #45*'s murderous regime anyway. When #JoeBidenKamalaHarris2020's new administration is formed in 2021 will I trust his administrations assessment to take a ready & available (roll up my sleeve) #vaccine. 😷💉 #Covid19 https://t.co/KFlsqBsZvS,AntiVax,0
@user The COVID-19 vaccine will be free. Free insofar as nothing more than the taxes you’ve paid. I 100% understand your despise of big pharma. Don’t let that stop you from getting a free COVID vaccine.,ProVax,1
The White House declined to buy more of the Pfizer vaccine. Here’s where it could go instead. https://t.co/XdFAdSPM7u,Neutral,2
wouldnt do that vaccine. Thank heavens for PMJT https://t.co/5G6wCsJcOm,AntiVax,0
"But our immune systems are more than 90% effective already. ""Pfizer and BioNTech announce trial data showing COVID-19 vaccine is more than 90% effective"" https://t.co/y42Qt6vBTA",AntiVax,0
Great news! #vaccine #COVID19 #CovidVaccine https://t.co/PtU2z5Pfyu,ProVax,1
"@user BREAKING NEWS: OXFORD STUDY SHOWS COVID SHUTDOWNS ARE BASED ON 'FAKE' DATA Study after study, show data is fake & No one is truly Dying of Covid The whole thing is based on theft of Freedoms, Vaccines,& theft of Wealth It can't be denied any more! #WakeUpAmerica https://t.co/NyQQjfV46f",AntiVax,0
"If the vaccine has a guaranteed 90% chance of working, but COVID-19 has a 99.9% survival rate. They are obviously not injecting you with a vaccine, so what do you think it is ?",AntiVax,0
I ain't do this vaccine https://t.co/T8D9UAPu76,AntiVax,0
@user Japanese BCG vaccine is reported to have effect on corona for preventing patients from dying. Those countries with high death rate don't require BCG. Indian government is said to give it a try.,ProVax,1
@user My apologies- @user is also bylined on this garbage piece of public relations humanizing Trump stooges standing between the American people and their access to the COVID vaccine. No one should follow or click on her trash either.,ProVax,1
"Hey @user As we get closer to #vaccination against #COVID19 becoming available, promoting #education about vaccines is more important than ever! Check out Vax-Force! A children’s book that uses superheroes to explain the #science of vaccines. https://t.co/ork3g88wWS",ProVax,1
"No I would not risk having an MRNA vaccine, its far to early https://t.co/zSAmqa8LL6",AntiVax,0
@user I just saw where he'd refused a meeting with Azar (head of the covid task force) and that he missed 17 meetings on how to get the vaccine distributed as well as other important information and the opp to have his voice heard. He's playing very bad politics.,ProVax,1
"good news from @user this AM regarding its COVID-19 vaccine. could mean good things for mRNA vaccines in general, but as pfizer applies for an EUA, there are still alot of things we don't know. @user for @user https://t.co/ZT0SONYPpQ",ProVax,1
"I find it hilarious how most of the ‘woke’ brigade spouting their COVID theories online can’t seem to string a cohesive sentence together. I’ve read ‘There taking away are freedom’ too many times to count today. Fuck off, idiots. #COVID19 #vaccine",ProVax,1
"wow, after corona vaccine hope all Indians will be able to visit as fill that time all services which are closed due to Lockdown will be resumed",ProVax,1
"have patience. The volume that Pharmacies will be dealing with as we are dealing with COVID-19 testing and vaccine administration is going to be large. Thing are going to take longer than before. If you choose to get one of these vaccines at your local Pharmacy, please do",ProVax,1
"@user Laugh if you want, I bet Covid doesn't want any part of Mr.Richards. I wouldn't be surprised if some of his blood is in the vaccine 🤣💉🎸🤣",Neutral,2
"Dangerous Covid19 vaccine euphoria misinformation in parliament today. Omitted by SNP and others, the Vaccine has indemnity, MHRA sanctioned it's rushed development, and MHRA are expecting high volume of adverse reactions. Amend your tweet please. https://t.co/P71u3vRHMj https://t.co/YRrL5ApjRh",AntiVax,0
"Covid-19 vaccine from Pfizer and BioNTech is strongly effective, data show https://t.co/sfsf0uFcmr",ProVax,1
"so, a campaign is launched to discourage other countries from buying a rushed russian 6 month vaccine, to then make a bank on US/UK 9 month rushed vaccine",Neutral,2
We don't need a vaccine. People have an immune system for a reason. Part of the dysgenics agenda to make people dumber so they're more compliant and docile to demand from authority. https://t.co/L8yI0GGC2a,AntiVax,0
Dr. Fauci spreading fear porn & trying to keep our country locked down till the vaccine is ready even though THERES A CURE for #Covid_19. Sounds like a personal agenda to me. #FireFauci @user,Neutral,2
"One vaccine candidate,Pfizer, on verge of approval, Sanofi-GSK, set to be delayed. Context US plan to purchase 100 million doses through Op Warp Speed. https://t.co/50ehWahbIV",Neutral,2
"3/ A vaccine will force people to rethink the growth multiples assigned to them based on a Covid-19 world. In addition, a vaccine is perceived to “not incentivise” governments to be as forthcoming with stimulus and central banks to not be as aggressive in printing more money..",Neutral,2
"@user I absolutely believe that Trump was making sure he could get richer off the vaccine for covid-19. He's a liar, a thief, a thug and manipulator. Too bad peoole want DJT back in office. Him and all his minions should be kicked out of office, they're are all in on it.",Neutral,2
"Great News !!!! ""The company Pfizer, which yesterday announced the vaccine against Covid-19 soon"" @user #majidabbara https://t.co/nAXYs1k1jD",ProVax,1
"@user The company Pfizer, which today announced the vaccine against Covid-19 soon, is the same company that created Viagra. Therefore, we can fully rely on the announced vaccine, because if Pfizer was able to raise the dead, they will much more easily cure the living. 😜",ProVax,1
"On one hand, #India is testing vaccines, on the other, it is also increasing international cooperation on Ayurvedic research to fight #COVID. Research is going on in more than a hundred places at this time: PM @user #NationalAyurvedaDay https://t.co/4robwE6wwV",Neutral,2
Dolly Parton learned she funded the Moderna Covid-19 vaccine when the rest of us did https://t.co/4BvRd8Yn8g,Neutral,2
No Thanks I don't need a vaccine because we have medicine that keeps us healthy. So NO to a vaccine! https://t.co/sXsiH4HJBy,AntiVax,0
Good news: Pfizer and BioNTech announce trial data showing COVID-19 vaccine is more than 90% effective https://t.co/LeAIOYEtTF,ProVax,1
@user Are didi pfizer and moderna ka storage temperature dekh lo. Jis country mein cold storage chain thik se nahin waha par itna cold temperatures kaise maintain karogi . he has already invested big money on medicine. Sonehwere people like u can't see good in any thing. Get well soon,Neutral,2
Pfizer’s coronavirus vaccine is made by artificially creating a messenger RNA sequence in the lab that instructs your own cells to put together the right amino acids in the right order to re-create the coronavirus’ spike protein. Your immune system learns to fight that protein.,Neutral,2
@user The company CureVac is also working on a vaccine which may not require the arctic temperatures as Pfizer/BioNtech's vaccine for transport. CureVac's stock price took a big jump after it announced its findings.,ProVax,1
"@user Whenever a safe vaccine for COVID-19 is available, and not a minute earlier.",ProVax,1
There’s lots of talk regarding the creation of a vaccine for Covid-19. I found an article from the New York Times discussing how long a vaccine could take despite efforts to fast track it. #covid19 #vaccine #regulatoryaffairs https://t.co/q0MY5ALpza,Neutral,2
"@user That makes sense. After all, not everyone has been infected with COVID-19 yet in the West Wing. To assure equal treatment, Trump wants to make sure that all staff has been infected before receiving the vaccine. Thankfully, Trump will only be in office for another 36 days!",Neutral,2
"@user So I wonder if those who deny Covid-19 exists will refuse the vaccine, and if all the anti-vaxxers will say no thank you too? And those scared of the secret microchip that will then control them? Could be a form of natural selection, removing the lunatics from the gene pool.",ProVax,1
Where the fuck is that vaccine https://t.co/Rzj2e1T0Ck,ProVax,1
"@user Flu jab works incredibly well. I’ve been having it for 20 years, and I don’t even get a sniffle... it’s been that long I’ve forgot what a cold feels like. So yep, works very well and i’m sure this Covid vaccine will also.",ProVax,1
"LOSE WEIGHT, LIKE YOU'VE ALWAYS WANTED TO! #mondaymotivations #Moderna #MondayMorning Order Now/ https://t.co/nKyRwJxyGR https://t.co/efEpzWWdig",Neutral,2
Pfizer and BioNTech say final analysis shows coronavirus vaccine is 95% effectiv... https://t.co/A9mFsxSeGH,Neutral,2
Well done to Senior Sister Ly who has been at the front line of our ICU helping to care for the sickest patients with Covid-19. An absolute credit to her profession. Delighted to see you receive the first vaccine @user #Walsallandproud #CovidVaccines,ProVax,1
Imagine being a scientist busting ur ass to make the covid vaccine using cutting edge technology only to have people who are willing to eat hotdogs and do c*caine off a toilet insult your expertise and potentially fuck up herd immunity because “idk whats in that and its rushed”,ProVax,1
"Not true , Pfizer says govt had nothing to do with their vaccine . They’re independent of you . You’re such a fucking liar ! https://t.co/Q0v5OnzYaG",Neutral,2
"While this is great news for @user & #Pfizer, no-one has dealt with the source of the current human misery - i.e. animal abuse & #WildlifeTrade especially in #China! Governments and the @user need to push for change! #CovidVaccine @user https://t.co/z1WBx1bAKN",Neutral,2
This is what I said! Eric Trump may not *get* the whole Covid-19 vaccine thing https://t.co/5KLvGT6tsF,Neutral,2
nayeon likey twice kpop lesbian gay nct bts comeback teaser gc reply like rt vaccine covid to join #followtrick onlyfans nsfw 18+ boobs ass f4f ateez stray kids fancam biden trump leak nudes blackpink views au thread completed furry porn mamamoo giveaway! https://t.co/22UU21ApHz,Neutral,2
"@user The Iranian people don‘t have Covid-19 vaccine, we want to survive!! Send us vaccines #واكسن_بخريد #COVID19",ProVax,1
"This has been true for all viruses in history. We must come to herd immunity. Vaccine is one option but timescale unclear, other is for the virus to run out of hosts and peter out which has virtually happened in London with barely any new admissions for Covid in the capital.",ProVax,1
Great work from @user in their progress in developing a vaccine 💫,ProVax,1
"@user It is not a biased sample it is pure data. You are also neglecting to strip out underlying causes for influenza deaths, so you are clearly cherry picking your data. Fact of the matter is that covid 19 kills, there is no vaccine and that covid IS much more dangerous than flu. Fool",Neutral,2
"@user Weird views?? No scientist has ever made a functioning vaccine for any coronavirus not SARS not MERS not even for the common cold, there is no vaccine!!!!!!",AntiVax,0
Pfizer’s Timetable for Covid-19 Vaccine Signals Availability This Year https://t.co/AXcFSsuklF,ProVax,1
"@user INTERPOL: COVID Vaccine Will Be “Liquid Gold” to Organized Crime ""High demand combined with a limited supply will make COVID-19 vaccines the equivalent of liquid gold to organized crime networks."" https://t.co/55ufcWmf6h",ProVax,1
Iran preparing to unveil human coronavirus vaccines soon https://t.co/byEvAJz8hJ https://t.co/RjGBIQfXbV,Neutral,2
@user How many have died in the lady 2 weeks because Eu too slow as usual,Neutral,2
"@user So Pfizer doesn’t get sued for a dangerous product, the Canadian taxpayer does? Ok sounds about right.",AntiVax,0
Rapist Biden developing vaccines? This mother fucker is phenomenal. https://t.co/gI3bUyryo5,Neutral,2
"I am excited about whether this is going to be successful. Fingers crossed. From a logistic point of view, are we yet ready to receive a COVID-19 vaccine? https://t.co/oRg1i1AtiJ",ProVax,1
Really ? An experimental vaccine which puts coronavirus RNA into the patient ? That hasn't ever been attempted before. What could go wrong ? #GMO humans ? No thanks. Storage prob too as it has to be kept at -80C. https://t.co/5xqKVKHARk,AntiVax,0
It's the first vaccine to show promising results https://t.co/wMu9Em1R0F,ProVax,1
"I love that Trump said ""uhh uhh coronavirus is going to bigly go away after the election just you watch"" and we all told him to fuck off and now there is an effective vaccine less than two days after Joe Biden won.",ProVax,1
"I know embarrasingly little about science, especially since my sister and brother-in-law are both working on vaccines and treatments, but this is a good thing right? https://t.co/b9aih1wZwv",ProVax,1
Moderna expects to know by the end of the month whether its Covid-19 vaccine works https://t.co/dzmgDSQT8R,Neutral,2
@user Inside the Operation Warp Speed effort to get Americans a COVID-19 vaccine https://t.co/jNaQ4OVJbo,Neutral,2
"“It’s clear that this vaccine, even if approved, will not be widely available for many months yet to come. The challenge before us right now is still immense and growing.” President-elect Joe Biden discusses Pfizer's coronavirus vaccine announcement. https://t.co/g8XoXtv5pw",Neutral,2
You cannot trust Pfizer And I believe Boris Johnson should take the vaccine on national TV #bbcqt,AntiVax,0
@user The independent are reporting that they have given Pfizer indemnity from prosecution for any adverse effects. That's going to be a gift to anti vaxx propagandists I'd have thought . Thoughts?,Neutral,2
Dr. Fauci insists that coronavirus vaccine is safe despite speed. “I really want to settle that concern that people have about that.”,ProVax,1
"@user In fact, your excellency sir, this corona virus saga, is developed to discredit your administration,I call it a total ambush against the world,by WHO.China, Democrats,Bill gates and co. So dat we'll be on lockdown permanently,for their economic gains. eg Sales of vaccines &chips.",Neutral,2
Budapest & Brussels on potential collision course as Hungary says it will import Russian Covid-19 vaccine despite EU https://t.co/nrT5pJ6NZG,Neutral,2
"@user Yes - given that we need approximately 70,000,000 doses administered (fewer if a lot of people decline the vaccine and a lot more people catch COVID) here is where we are currently at: https://t.co/aTFBdUwIe6",Neutral,2
Made in China ^^ lol Israel to receive Russia's 92% effective COVID vaccine https://t.co/3pgMzqDeDz,Neutral,2
"Great news! 👇 Coronavirus latest news: British public to be among first to receive Covid-19 vaccine, says Matt Hancock https://t.co/f7pAmERclM via @user",ProVax,1
Good news: Data from a Coronavirus vaccine trial has shown it is more than 90% effective at preventing the virus! The @user Administration’s Operation Warp Speed is working hard to successfully defeat the virus! https://t.co/GDLyBRGFxD,ProVax,1
Fauci apologizes for casting doubt over UK's approval of Pfizer vaccine https://t.co/nwVqtYwL9a,ProVax,1
@user He says that he’s a successful businessman The US economy has done better under him than Obama The trade deficit has come down He didn’t sleep with Stormy Daniels The US has dealt with coronavirus well That the child separation policy was Obama’s There would be a vaccine by now,ProVax,1
"* Scientists and medical researchers are working to find a vaccine against the corona virus. Until then, we can stop the virus from spreading #TipsToFightCorona https://t.co/ou0OQrZAaU",ProVax,1
@user What do you think about NVAX?? They just got funded 1.3 billion for corona vaccine production?,Neutral,2
I'm not taking any vaccine..thanks but no thanks. https://t.co/yporTtjthJ,AntiVax,0
I am so happy to be so very wrong about the timeline for a vaccine. I've been very skeptical that we'd see one at the end of the year (see also history of vaccine development). Tell me to eat crow. https://t.co/fvKY2Q77Ij,ProVax,1
NHS told to be ready to give coronavirus vaccine from December - with Army help https://t.co/5pF0jkO7FD,Neutral,2
"5/ 2020 has been a hard one for him, but it is also the year Rahul received tenure and the @user Award in Enzyme Chemistry! There's a whole live symposium for him this Wednesday, 8/19 for his award! https://t.co/KfdL8wbdF9 https://t.co/Le1EtRHOJR",Neutral,2
Why distributing a COVID-19 vaccine in the Global South will be a challenge: https://t.co/BdfxR30m5X via @user by @user,Neutral,2
What happens if someone refuses vaccination? Ethicists urge clarity on COVID-19 rollout https://t.co/cdATZjpsJZ,Neutral,2
"@user Trump’s not doing any essential work anyway. If he died from Covid, there’d be no new void to fill. Glad he’s not getting the vaccine.",ProVax,1
Long way to go but surely that’s good news about the vaccine is it not ? Seeing some negativity 🤷‍♀️ #COVID19 #vaccine #DailyBriefing #BorisJohnson,ProVax,1
Soon itll become you must take this really rushed vaccine and no refusing it or we don't let you travel https://t.co/ysiwYfXbmj,AntiVax,0
News updates from Hindustan Times: Indian Air Force fully prepared to transport Covid-19 vaccines and... - Hindustan Times News updates from Hindustan Times: Indian Air Force fully prepared to transport Covid-19 vaccines and... Hindustan Times https://t.co/hHd3ChxQDk,Neutral,2
"November 2020 might be clutch as fuck. Gets rid of @user AND a real possibility of a working vaccine for #COVID19 ...I mean...WOW. Shame that fuckwit antivaxxers won't get the vaccine, thereby proving how moronic they are but I digress.",ProVax,1
"Big news in the search for an effective vaccine. Still some time to go, but definitely some good news as COVID surges across the world #BCSTT https://t.co/eatYG3Sm0N",ProVax,1
Trump's political interference in the scientific and ethical process underwriting the quest for a Covid-19 vaccine -- on stunning display on a chaotic Wednesday -- is deepening the damage of his disastrous pandemic response. https://t.co/d6nFuaPomG,Neutral,2
⁦@user ⁦@user ⁦@user “Transparency is needed for #Covid19 vaccine trials” STAT https://t.co/CHYuYmiegK,AntiVax,0
"@user who award the #Nobel prize for medicine to the medical researcher who achieves the coronavirus vaccine, @user would be great.",ProVax,1
Media news: Pfizer gets top billing in vaccine announcement. Other partners: Germany's BioNTech & China's Fosun https://t.co/iB3w92sN5S,Neutral,2
Yeah. I don’t trust a rushed vaccine at all. I don’t even trust vaccines that have only been tested for <10 years let alone something w/gov plans for evil behind it in the first place. Absolutely no thanks. I get sick from seasonal coronavirus shots on top of that. https://t.co/uiGeMpBBeM,AntiVax,0
@user You can take hour mask off my dear. Covid19 is as dangerous as the flu. You have been lied to. Now vaccines that is a different story. Bill Gates wants to kill off humanity. I do not care who makes the vaccines do not take them.,AntiVax,0
"More great news 🕺🏼 ➡️ Pfizer and BioNTech’s Covid-19 vaccine found to be 90% effective https://t.co/FIRgY0wrgq #CovidVaccine",ProVax,1
"@user I understand the concern. I'd offer this opinion: As a doctor, I'll tell you that all therapies are considered from a risk vs benefit perspective. So looking at it that way, the risk of any long term issues from the vaccine is very small compared to a much higher risk from covid.",ProVax,1
"There's no way in hell that I'm going to take that vaccine! And the ""casedemic"" hysteria that govt sponsored media is whipping up right now is a threat to national security: ✔️potential vaccine dangers ✔️unconstitutional, crippling lockdowns ✔️Great Reset/Davos agenda https://t.co/rb187ZGAz4",AntiVax,0
"reasons why im not scared to get the COVID vaccine - i once ate a breadstick off the street - also i ate one of those scenty wax cubes, bc it was funny - smoked a paper towel, bc it was also funny (it hurt) - ate a lemon with the peel on as a joke - i liked homestuck in 2013",ProVax,1
A SALUTE TO THE TRUMP ADMIN FOR FAST TRACKING A COVID VACCINE !!,ProVax,1
"It is reported in the media that Bill Gates and George Soros are working on a vaccine with Communist China for Corona virus. Those billionaires should not benefit from this plague. In the second place, there is the big question of how long this vaccine has been in development?",AntiVax,0
AfriTech 2020: Sanofi selects 11 start-ups for online finale on June 11 https://t.co/4rzUQFLfNL,Neutral,2
"If the positive news about COVID-19 vaccines & the possible availability of them on the horizon, it’s quite marvellous work by the expert scientists, as these things quite often take years 🙌 let’s hope they work, protect people that they need and we can open society again 🙏🏻",ProVax,1
@user Where exactly in that article does it say she’s against vaccines? It doesn’t. Questioning something & learning about its safety doesn’t mean ur anti-vax. It means ur safe-vax. There’s a difference. Are u not going to question & learn about the COVID vax when when it comes out?,Neutral,2
"@user I am completely against mandatory vaccines, especially when you look at these covid-19 vaccines that are coming, these will change your body's DNA. No thanks. https://t.co/uq7pA1CkVi And https://t.co/VrSTPVOFrZ",AntiVax,0
"@user “Suck it up kid, sorry, that’s the only way to tough out this disease. Let’s not wait for a virus vaccine. It’s also ok to get normal sick too cuz I’m sure the ERs and urgent cares aren’t littered with folks who have corona...”",AntiVax,0
"Forget Corona, Corruption is killing kenya. Kenya is a beautiful place with beautiful and loving people, but with Corruption as a pandemic with no Vaccine.#NewsGang",Neutral,2
@user More people back to work means more people SPENDING local economies restarting while COVID being managed vaccines developed testing allowing us to map its migration,ProVax,1
"@user The cold virus is a corona virus. It’s thought to be the remnants of a previous pandemic. I think in the late 1800s. Countries in the east who’ve lived with MERS and SARS with no vaccine responded quickly to this one. Lockdown, TT&T, hand hygiene and masks. Experienced.",Neutral,2
How mad are Doctors gonna be when they figure out a Covid Vaccine and then everyone says thank God?,Neutral,2
"Happy and grateful to receive my vaccine earlier this week @user #IGotTheShot #CovidVaccine. Now we keep wearing our masks, socially distancing, washing our hands... But there is a light at the end of the tunnel. @user https://t.co/EhA5JFgcDO",ProVax,1
@user Why are you cutting back promised shipments of Pfizer vaccine to the states? What is WRONG with you??,ProVax,1
@user Keep an eye on vaccines coming soon. Pill form vaccine $VXRT will be revolutionary! No needle! VAXART...remember this tweet! #SlowTheSpread #COVID19,ProVax,1
You got a cure for Covid but not aids or cancer? Y’all made that vaccine 💉 pretty fast,AntiVax,0
"Reading this, it become obvious Covid-19 is unique in it's ability to make you sick in a number of ways. A vaccine can't come soon enough.",ProVax,1
"We're one step closer to getting a COVID-19 vaccine, so now it's time to talk about how people like you and I will finally get the shot. I breakdown Florida's COVID-19 Vaccination Plan coming up on @user at 11. https://t.co/aBTki5JKYi",ProVax,1
'V-Day': UK prepares to administer first doses of Covid-19 vaccine https://t.co/ziVvYwnHd2 https://t.co/pHvHbqyRQT,Neutral,2
Very excited about my story at 6 am. @user on @user #Covid_19 vaccine studies! @user Lots of volunteers but they need more minority candidates to enroll. Reimbursement for time and travel.,ProVax,1
@user Or reply to Pfizer's pleas about where to ship the doses they have in the warehouse.,Neutral,2
That #Moderna stock I bought is going up QUICK I wish I would of bought more back when it was $35 😩,Neutral,2
Lummi Nation elders and healthcare workers will be some of the first in the nation to receive the #COVIDvaccine. https://t.co/7vCPojs5Wm,ProVax,1
"@user I understand your point fully. What is misunderstood is my original comment. I was responding to trying to relate chkpox to poss covid complications. Prior to a chkpox vaccine, we actually received booster immunity via natural exposures, not increased risk.",AntiVax,0
First batch of COVID-19 vaccine coming to Canada next week | https://t.co/RlMn3PKmWx #cityofPG #northernbc #cdnpoli #bcpoli https://t.co/zn3AhBVMLy,Neutral,2
"Quite a bit of movement this past month on the @user COVID-19 vaccine development tracker. https://t.co/L6bsjbJqRG Vaccine candidates in Phase I (N=7), Phase I/II (N=4), Phase II (N=1) https://t.co/XgOZtYCKP9",ProVax,1
"CDC to track coronavirus vaccine recipients through smartphone app, daily text messages | News | LifeSite https://t.co/FIOFnAV7lG",Neutral,2
Good news today: not only the coronavirus vaccine developed by Pfizer and BioNTech but also exciting developments in extending HIV prevention options for women. #HIV #SRHR #cabotegravir #PrEP #HealthForAll,ProVax,1
"@user In Kubrick's movie it represents monkeys evolved to humans, now they are symbolizing the #GreatReset after #Corona #vaccine , humans are going to devolve to become slaves.",AntiVax,0
Powell says economy will still need more support despite progress toward COVID-19 vaccine https://t.co/Iv3V1mah0G,Neutral,2
"Malaysia is to make upfront payment of about RM94mil soon for access to Covid-19 vaccine, says Science, Technology and Innovation Minister Khairy Jamaluddin. https://t.co/PvAKo6gU4d #kwikNews #Nation https://t.co/Xwkf5LIeNB",Neutral,2
Isn’t this the bit that a villain intent on world domination hijacks the vaccine or poisons it #COVID19,AntiVax,0
We’re in the middle of a massive spike and Gov Cuovid wants to SHUT DOWN vaccine distribution. Fuck. This. Guy. #VoteHimOut https://t.co/1ncdLFNaMK,ProVax,1
"Lastly, saying that covid-19 has been added to the flu shots is stupid and baseless. Vaccines are there for a reason, polio was erradicated vis vaccine, did everyone get polio? No. Do research and stop spewing nonsense in an attempt to sound smart",ProVax,1
#COVID19 Pfizer/BioNTech #vaccine approved for use next week in UK - ⁦@user https://t.co/IPs9m8GTeB,Neutral,2
Nice to talk with @user this week about why people might have questions about COVID vaccines and what we can do to help ease those fears. https://t.co/gAxtOPP3Cc,Neutral,2
"Listening to Ugur Sahin talking about work with his wife on Covid 19 vaccine & how he celebrated when he heard the news of the vaccine trails having a positive result... he said he had a cup of tea with his wife “it’s not just in Britain, but Turkish too.” Scientists,take a bow. https://t.co/CxjcTrkCLg",ProVax,1
"Bitches are really out here leaving their K hole for 5 minutes just to talk about the covid19 vaccine like ""I won't be putting that poison in my body🙅‍♀️🙅‍♂️""",ProVax,1
"@user Well I heard there’s not enough patients to do covid vaccine testing on🤔What a bunch of BS😡",Neutral,2
"Nice to hear about the Covid-19 vaccine progress. Now can we get some booster shots for late capitalism so we're not right fucking back here in a few years time? Sincerely, a revolutionary xoxo",ProVax,1
The #OperationWarpSpeed budget is up to $26 billion. But “#vaccine hesitancy” is ~60% in a survey of nurses. How much are we spending to counter the “infodemic” and encourage taking #COVID19 vaccines when approved? https://t.co/IuKOTGhCA9 @user,AntiVax,0
"@user Maybe Pfizer, like the rest of the world, hates the Russian Puppet. Or maybe, Pfizer, who was not part of Operation Warp Speed and took no government money (socialism?), wasn't hindered by said Russian Puppet's meddling.",Neutral,2
the literal fuckin day hospital staff get an email to sign up for the vaccine my sister with whom I hung out last week tests positive for covid FUCK me and this timing,Neutral,2
"If its good interim results hold, Pfizer's Covid vaccine could spare us from the lockdown instincts of Joe Biden’s coronavirus team. https://t.co/uql2SCJ5gA via @user",ProVax,1
"@user Thanks to the tireless work of the Pfizer scientists and to the willingness of clinical trial volunteers. You had nothing to do with it, Nepotism Barbie.",ProVax,1
"@user This is the 7TH coronavirus to hit humans, we never developed a vaccine for the previous 6. Most vaccines take 7-20 years to develop. Big pharma is protected from an injury/death you might experience from the first ""Test"" vaccine. @user",AntiVax,0
Guys we really REALLY need to talk about this COVID vaccine 💉 #NoVaccine,AntiVax,0
@user How does this walking corpse explain Americans For Prosperity @user and the total political control of alt-right state legislatures? Especially here (Tennessee). It's criminal.,Neutral,2
"@user This is what is going to happen trump gets well and then miraculously be cured and say see we have the vaccine because of me!! I do not believe anything is wrong with him except he has no brain, it’s all a set up. I will believe he has covid when he is on a ventilator or dead!!",Neutral,2
Vaccine for emergency use ? Isn't a vaccine used as a preventive drive rather than cure ? I always thought it's to be given BEFORE any infection 🤔 https://t.co/x7ZmZuNi2y,AntiVax,0
Mum’s also about to start a trial for a possible Covid 19 vaccine 🤞🤞🤞,Neutral,2
"Most countries are giving vaccine without charge, we can do this much at least for the dose. Even a corporate can fund it for the poor people. https://t.co/akSC5ud7Pz",ProVax,1
"@user I thought his press conference was noticeably devoid of any advice from him. Not even a “wear a mask “ or “be careful “, just all how brilliant they (he) were. He also lied about the vaccine. Pfizer accepted an order but no investment funding.",Neutral,2
Well who saw this coming?? Every single sane person who was called antivaxer. CTV News: U.S. investigating 5 allergic reactions after Pfizer shot. https://t.co/ASNhNRwoIE via @user,AntiVax,0
Who will have the Pfizer Covid-19 vaccine first and when can I get it? https://t.co/CSWoovNG8M,ProVax,1
"Finally some good news: Mainz-based company BioNTech, co-founded by my @user colleague Ugur Sahin, is reporting that it's Covid-19 vaccine candidate is >90% effective. #COVID19 #vaccine https://t.co/Z1lFX29fZL",ProVax,1
"@user Same thing with COVID-19 and any other disease, protect yourself the best way you can I'm taking hepatitis vaccine which remain one shot for me to complete, personally I've never seen anyone it killed or damaged their liver",ProVax,1
This government couldnt even get a decent track and trace app but people think they'll be putting microchips in the covid vaccine 😂😂,ProVax,1
Good news! but I'm still not getting that vaccine. Andizi. 🙅 https://t.co/VrmqBzlLCW,AntiVax,0
Such wonderful news to wake up to this morning: Pfizer says COVID-19 vaccine over 90% effective. Hope! https://t.co/pWPjZCWwwp,ProVax,1
"Good news on development of new #covid19 #vaccines. Be sure to check out our website for how we can assist you in the #safety and #efficacy assessment of novel therapeutics, particularly those tailored to COVID-19. https://t.co/JjUrOnLSyd via @user",ProVax,1
Mfers in the comments like: “hmm kinda suspicious that this came out so quick” like we haven’t been dealing with a fucking global pandemic for the past 8 months and spending millions of dollars on vaccine development AAAAAA https://t.co/MnCqnpdQgC,ProVax,1
It is happening!! @user is vaccinating! Non-clinical researchers like me will need to wait our turn. But I am really happy this is finally happening! #CovidVaccine,ProVax,1
@user What do the companies get if it fails? A loss that offsets profits on other drugs? Hopefully the huge risks they take pay off sufficiently that the company survives to continue its work.,ProVax,1
"If ever this COVID-19 vaccine would be successfully done, I wonder if the anti-vaxxers before would still be against it in this pandemic and why. 💀 https://t.co/qJgKO8DQ52 https://t.co/Ld9rM3amjZ",ProVax,1
"The conspiracy theorists are out in force today. Bill Gates doesn't want to microchip you, the vaccine hasn't been announced cos Boden won the election and Coronavirus is not a way for governments to control their populations 🙄",ProVax,1
On the topic of Labours bizarre prizes for the “2024 club” remember that Jon Ashworth offered to take the COVID vaccine live on TV the other week as if anyone knows who he is or gives a fuck,Neutral,2
More good vaccine news today as @user and @user #COVID19 vaccine candidate is shown to be highly effective - and it’s cheaper to make and easier to transport than other leading vaccine candidates. Read more from the BBC. https://t.co/RjmEKfPo6X,ProVax,1
"No, the Moderna and Pfizer RNA vaccines against COVID-19 will not “permanently alter your DNA” https://t.co/iTiyl2Lb9Z via @user",ProVax,1
"Galvez: Bulk of vaccines vs. COVID-19 to arrive end of 2021, early 2022 https://t.co/9G8HwRj3lA via @user",Neutral,2
I signed up for a clinical trial for the COVID 19 vaccine and I go tomorrow morning.,ProVax,1
I make a point to not check my work phone/email when I am not working...but I’m praying I’m get a Covid vaccine email so I’m making an exception.,ProVax,1
Call me crazy 😛 but I’m gonna wait till after 2020 to get any vaccine fer COVID-19 😳..I just sayin😳🤦‍♂️😅 2020😳🤦‍♂️ https://t.co/3QPcBx2tMw,AntiVax,0
"November 20, 2020🇨🇦 For more information on the COVID-19 pandemic across Canada and around the world, click the link below! https://t.co/KRS8Qi65md #COVID19 #coronavirus #COVIDー19 #vaccine #Lockdown #Covid #pandemic #DougFord #onpoli #cdnpoli #Toronto #Ontario #Canada https://t.co/zdldo7f2TS",Neutral,2
UHHH I’m on the ROARpath 🦁 (moon in Leo) Have just read so many angrifying things on here this evening - have spent an hour writing various letters to government /MPs ... I only put it on to see the positive Pfizer news !! 🙈🙉🙊,ProVax,1
Dr June Raine discusses how COVID-19 vaccines are approved by the MHRA https://t.co/jyv3EgIlxj via @user,ProVax,1
Lockdowns and mask policies are put in place to keep people in fear so they will flock to get the vaccine. It’s about a select few getting rich from the “cure”. #Covid_19 #CovidHoax #KnowYourRights #WakeUpAmerica https://t.co/cgzYs9FSuE,AntiVax,0
There is no Twitter warning strong enough to convey the dangerous stupidity of Rand Paul. He recommends getting sick with Covid-19 as a superior way (compared to vaccines) to avoid getting sick with Covid-19. Which can kill you. https://t.co/hVFDsJ94ne,ProVax,1
#vacuna #VacunaCOVID19 #mikepence @user gave himself the Pfizer coronavirus vaccine in public 🇺🇸 https://t.co/AMn4HoAqWO,ProVax,1
stuck between knowing it’s important for public officials to display getting the COVID vaccine and fucking furious that Nancy goddamn Pelosi and Mitch fucking McConnell got it before me.,ProVax,1
"I’m so happy, everyone that goes inside, should be under a microscope 😝they think they can get away w anything... hopefully this loser, won’t be able to work anywhere! Make him a covid vaccine test dummy🤷🏽‍♀️",AntiVax,0
Dr. Fauci reacts to Pfizer's vaccine announcement https://t.co/WF1eI2fdm4,Neutral,2
@user Oh the world can really count on us to lead! Nothing says “U can count on us” more than a POTUS suggesting that injecting disinfectant cleaners or bleach into our bodies may be a possible vaccine for Covid-19...U gonna follow his lead on that 1?,ProVax,1
"Obama, Bush and Clinton say they will take the COVID-19 vaccine publicly to gain public trust https://t.co/0cewglYFUH",ProVax,1
"Province buys more flu vaccine than last fall, expecting demand spike due to COVID-19 | CBC News https://t.co/Ev2aG0wRPM",Neutral,2
Dude you have had NOTHING to do with the vaccine! Stop trying to take credit!!! #BidenCheated2020 AND EVERYONE KNOWS IT https://t.co/cpJlCnrh9l,Neutral,2
Covid-19 vaccines will have side effects – that’s a good thing https://t.co/hKkXGgWzhw,ProVax,1
"@user Yeah tremendous!! What does that mean, you fucking moron? Covid19 has a deathrate 0,036 %. So the vaccine is more effective in killing people??",AntiVax,0
"@user People questioning vaccines can do so from a ""Pro Safety"" perspective. Demonising people with terms like ""Anti vaxxers"" is lowering discussion to the gutter level, you're better than that! @user https://t.co/37O03LT69k",Neutral,2
A good summary of key challenges countries face in initial Covid-19 vaccine scale-up https://t.co/JqVK24zvu3,Neutral,2
Dolly Parton helped fund 95% effective Moderna COVID-19 vaccine that could end pandemic https://t.co/hp02Pv5dWX,Neutral,2
@user Get tested. If negative no need to isolate. Covid has no vaccine out yet and is getting worse again In particular as many of the country ignore simple rules.,Neutral,2
"CYBER WEEKEND SALE. Buy Safe At Home Rihanna, Kim Kardashian, Taylor Swift T-Shirts Xmax Gifts. Check this out https://t.co/ofIGSS2Yk6 #Grogu #Rihanna #KimKardashian #TaylorSwift #Madalorian #TheRock #Biden #BidenHarris #Xmas #Covid19 #Covidiot #Coronavaccine",Neutral,2
Does anyone know how to volunteer to administer the #covid19 vaccine @user,ProVax,1
"Pfizer, BioNTech COVID-19 vaccine trials raise hopes for ‘early’ 2021 delivery #COVID19 #vaccine https://t.co/eva1le0YJ4 via @user",Neutral,2
"""billi gatesy microzoft mslinda fund sation givvy Rockefellez vaccines to thee ppl's and they all died... what happened, will they give them another vaccine or"" coronavirus"" test delivery & DNA harvest tagging for Mzoft 5g nano particle tattoo on/off switch chip, - *Gulp*... ""? - https://t.co/BxN6GiM0jV",AntiVax,0
"@user Yes! Exactly. So there are plenty of things that can qualify for “herd immunity” that don’t involve vaccinations, but for all intents and purposes, the big things they’re using for example are vaccine-driven herd immunity. With Covid, you don’t become “immune,” so it’s moot.",ProVax,1
Mumbai airport is gearing up to facilitate the shipments of Pfizer’s coronavirus vaccine distribution in India. #slpl #covid #vaccine #covidvaccine #Pfizer #indiavaccine https://t.co/HIU69dT1ND,ProVax,1
"@user Ultra excited to see if it lasts for at least a year. Right now, we are at 28 days with a booster shot and staying at 90%. We have to be patient to learn about the longevity of this vaccine.",ProVax,1
"When COVID-19 vaccines are ready for distribution, our global network will use its decades of experience, cold chain capabilities and sensor-based logistics to deliver these critical shipments safely and quickly. More: https://t.co/uXPREZBQlq #TeamFedEx https://t.co/kcBbEVixAP",Neutral,2
This is great news! Pfizer says early analysis shows its Covid-19 vaccine is 90% effective. https://t.co/Jj5acjP6bF,ProVax,1
"a lot to be thankful for - normalizing china/US relations, covid-19 vaccine in sight, trillions of excess liquidity going into markets, easy comps going into next year, have a happy thanksgiving everyone!",ProVax,1
"Sanofi, GSK Launch Trial for COVID-19 Protein-Based Vaccine https://t.co/bOHUBDT2jK",Neutral,2
Pfizer says COVID-19 vaccine is looking 90 percent effective https://t.co/m27zEV0GoN,Neutral,2
"Don’t be surprised if Bhakts start selling these sample collection swabs as India’s cure for COVID. First time in 70 years !! When rest of the world is busy with vaccine trials, our public sector labs are reduced to tomtomming swabs and sanitisers. https://t.co/69PgoPN4Xl",Neutral,2
".@user make sure you check the tape of @user at about 10:50pm. The control room had Laura cut off a “microbiologist” who was starting to rally against taking COVID vaccine. She led him there with the question, then cut him off. Not her choice I’m guessing.",AntiVax,0
"@user Some good news, university of Pittsburgh discovered an antibody that blocks the covid virus an can be used as both a vaccine and treatment :-)",ProVax,1
Microsoft says hackers backed by Russia and North Korea targeted COVID-19 vaccine makers https://t.co/qaEjPnRwUb https://t.co/bypWkxHXwR,Neutral,2
@user Meanwhile he isn't affected by this except for making billions from Moderna selling a vaccine that God knows what is in it.,AntiVax,0
"@user Trump’s Operation Warp Speed promised a flood of covid vaccines. Instead, states are expecting a trickle. The administration pledged several hundred million doses in 2020. Companies will actually ship about 10% of that. https://t.co/MhrRNkHKKa",Neutral,2
I REFUSE to get this vaccine. Idc what nobody has to say. https://t.co/Z7NBE5dxA2,AntiVax,0
No thanks #vaccine #COVID19 https://t.co/XscKNbX2tu,AntiVax,0
"Hope President Elect @user will award @user the Medal of Freedom. Her recent contribution to the Covid-19 vaccination is highly commendable. ""Obama says not giving Dolly Parton a Medal of Freedom was a 'mistake': 'She deserves one' | Fox News"" https://t.co/Kqc7xc0Yuh",Neutral,2
President Obama will take coronavirus vaccine and might film it to build confidence – ‘I trust this science’ https://t.co/pF0rpQ8Gfz #RSNA20,ProVax,1
"@user MHRA has approved 'off-label' use on the basis of this new dosage regimen (off label since pfizer will have applied for regulatory approval on the basis of the 21day dosage, since that's what they have the data to back up with)",Neutral,2
It’s a good thing everyone had their free flu vaccine 😉. No work due too suspected COVID-19 related leaky nose😳. Just another day Ken😔,Neutral,2
"“Moderna” stock reported quarterly revenue of $66.4 million, compared to expectations that indicated $27.4 million. The American Drug and Biotechnology Company reported a quarterly loss of $ 116.7 million, or 31 cents a share. https://t.co/pWzM1jBacg https://t.co/EhugA2sHiJ",Neutral,2
"Hurrah, the Covid vaccine we’ve all been seeking. https://t.co/Pg4rG1DVIk",ProVax,1
Fingers crossed that this is confirmed in the review of data Pfizer and BioNTech say their COVID-19 vaccine is more than 90% effective in trials - The Globe and Mail https://t.co/kX1Bm3GYfw,ProVax,1
"‘Our hope’ is that a coronavirus vaccine will bring an end to the pandemic, says Dr Atherton, adding that there is now 'light at the end of the tunnel'. Follow latest updates from the briefing live: https://t.co/jZlLVlmmnw https://t.co/QjZ6QtIEGS",Neutral,2
This is potentially great news Pfizer's covid-19 vaccine more than 90% effective https://t.co/TzO7sYa0bz,ProVax,1
"14) BOTTOMLINE: Folks—gonna level with you—I would not want this for myself or anyone I know. Death is not the only bad outcome of #COVID19—even if we survive, there are huge chronic consequences. For those still advocating herd to “infect everyone” w/out vaccine—you’re insane.",ProVax,1
"80. Your COVID-19 Vaccine Questions, Answered by Follow the Data on #SoundCloud https://t.co/dt1hyUjCZG",Neutral,2
"Well I guess this means we're officially in to the anti-vaxer phase of Covid, even though we don't even have the damn option to take the vaccine yet... Fuck 2020. Also, get the damn vaccine, or wear the mask forever, your choice.",ProVax,1
Good News: Pfizer COVID-19 vaccine 90 percent effective in phase 3 https://t.co/cXb4WUZ0VV,ProVax,1
"Roll up, roll up. 'Putin declares Russia has approved the world's first Covid vaccine'. Lol, think I'll give that one the swerve ! ;-)",Neutral,2
"via @user AstraZeneca COVID-19 Vaccine Production Starts in Australia, Reports Say: MOSCOW (Sputnik) - The CSL Limited company starts producing the University of Oxford/AstraZeneca coronavirus vaccine on Monday, Australian media report. https://t.co/REMoGPgN09 https://t.co/M6i5QT3juF",Neutral,2
The anti maskers won’t take this vaccine cos they’ll say that forcing them to take it goes against their individual freedoms. Just like in school when they refused to take part in PE cos everybody didn’t want to play their game https://t.co/PsLZgFPoCf,ProVax,1
"Never take a vaccine, especially a new one, that is an mRNA cocktail. It alters your DNA. https://t.co/g0YuKqt6w3",AntiVax,0
"I mean we get the flu all the time and people die and people die with cancer, AIDS, Hep C etc,, and if I was positive I’d be PISSED right now. A vaccine so quick for Covid which is so flawed I’d be pissed",AntiVax,0
"@user Trump had nothing to do with the Pfizer vaccine, but keep on gaslighting the American people @user at least you'll be gone soon",Neutral,2
@user Do you expect that step 2cs exam will come back before 1 june 2021 especially if covid-19 vaccine is available,ProVax,1
Seeing the evil self-dealing fuckers who denied the significance of Covid being first to get a vaccine has me rearranging the players on my Fantasy Bastille’s Team Guillotine and Team Bayonet.,ProVax,1
Another good news item. Improved treatment and vaccine with great numbers on the way! https://t.co/ML6AzmjKr2,ProVax,1
"Pfizer, BioNTech say their COVID-19 vaccine is more than 90% effective | Article [AMP] | Reuters https://t.co/GTh8EqNqcF",Neutral,2
#Fresno #bishop urges #Catholics not to 'jump on the #COVID19 #vaccine bandwagon' https://t.co/OouZUjoZvk,AntiVax,0
According to ⁦@user SARS-Cov-2 has a 99.87% survival rate. It’s not about being anti-vax. It’s about calculated risk. Rushed vaccine vs virus with 99.87% survival. It’s a no brained for me. I’ll take my chances with #COVID19. https://t.co/EThUEhUSpW,AntiVax,0
EURUSD Expected to go down as Johnson and Johnson invested in Corona virus vaccine. #EURUSD #grinncapital,AntiVax,0
"So they are considering making it MANDATORY that you've been vaccinated with this covid vaccine before you can go to work, school or even get on a plane. Wtw! Ya'll better wake up! #theBibleisright #stayawake",AntiVax,0
"@user OH GOOD GRIEF. Leftwingers always have crooked motives for everything so naturally they project their own crooked motives onto others. To wit, their hysterical, puzzling reaction to a drug that might save lives. Their reaction indicates they have another agenda.",Neutral,2
Some times I wonder if anti-vaxxers are claiming the Corona virus comes from vaccines,ProVax,1
"Whenever people ask about Covid-19 vaccine update, Pharma companies : https://t.co/CIM9mCIqCj",Neutral,2
"@user I keep seeing this touted as exceptionally positive news, but I always thought vaccines are near-100% efficacious, 90% still seems to leave a lot of room for contracting COVID19",AntiVax,0
Trump Admin. strikes deal to make COVID-19 vaccine free at major pharmacies - Breaking911 https://t.co/t2WzP4GARs,Neutral,2
"@user Guess since Covid is fake anyways, they can give their share of vaccines to the remaining states which haven’t lost their minds",ProVax,1
"Interesting point. Painting Big Pharma as the saviour is problematic. Pfizer have been handed record fines in the US and UK in the past. Their interest is the bottom line, not public health. #vaccine #CovidVaccine https://t.co/BPEuxIwXBF",AntiVax,0
"Corona Virus has made us realize 1. We need vaccines, not weapons. 2. We need compulsory medical education, not compulsory military training. 3. We need to build hospitals, not statues. 4. We need to reduce Income inequality. 1 percent Indians own 57 % of nation's wealth.",ProVax,1
"Why not wait until 100% ready to roll out vaccine, before giving impression #COVID19 risk is over? Hugely irresponsible, IMO...#VanTam trying to pull it back with due caution, but people only hear ""vaccine, we're saved!"" #DowningStreetBriefing https://t.co/UybhGpCyCq",AntiVax,0
Unfortunately I believe untill there is a vaccine that is provided and proven to work against covid19 we must be responsible for our own safety or the effects of our current situation will continue to be devastating. #StaySafe https://t.co/O03VR8D1LU,Neutral,2
"Hmmm how many of those folks got the flu shot🤔 I could be wrong but, isn’t a corona virus in the vaccine? All part of the past bird flu etc...so where is the death rates CDC said actually 6% in the US after separate the primary causes like liver cancer, auto accidents @user https://t.co/ZY1QPuyvN3",AntiVax,0
Jimmy and Rosalynn Carter encourage people to take COVID-19 vaccine https://t.co/iu7VZynQ6E https://t.co/f5cUp0vQVQ,ProVax,1
Still not taking the vaccine tho https://t.co/B045RTQg9q,AntiVax,0
@user we read that antibodies are lasting 6 months in those who have Covid - will it last any longer with the vaccine?,Neutral,2
Fuck you #COVID19 !! @user #vaccine https://t.co/H7IhhcVLBo,ProVax,1
"Honestly...people are beyond stupid if they refuse a vaccine. You are also selfish, as not only are you putting yourself at risk, you are also putting everyone else at risk. Disgraceful. #COVIDIOTS #COVID19 #Covid_19 #coronavirus #CovidVaccine https://t.co/Hw7GDoaavh",ProVax,1
"The good news: Pfizer’s COVID-19 vaccine candidate is more than 90% effective at preventing infections, early findings show. The bad news: The United States surpassed 10 million confirmed coronavirus cases. https://t.co/w5f10TQ3us https://t.co/CrcQxzj9Ul",ProVax,1
"@user Actually, I'm an ICU RN and I've been caring for covid pts since February. My degree is in Applied Science and I have 25 yrs experience in acute care hospitalization. Pharma didn't need guidance, pressure or instruction in vaccine development.",ProVax,1
"#Kosovo will receive 300,000 free COVID-19 vaccines from the #COVAX initiative, thanks to the 🇪🇺 support. #TeamEurope has so far allocated more than €850 million EURO to COVAX, which makes the #EU COVAX's biggest donor. https://t.co/MeQQYlD9si",ProVax,1
Oil falls as renewed lockdowns counter COVID-19 vaccine hopes https://t.co/gDVoL3jLL3 https://t.co/wwLfnBoUYD,Neutral,2
"@user Europe controlled Covid-19. That's why their economy is on the mend and ours isnt. But, Joe, if you'd rather our economy suffer until a vaccine arrives (which, btw, still won't *cascade* to 300M people for at least a couple of years), that's your right to have that view.",Neutral,2
"""This vaccine has a really great safety profile ... absolutely no corners have been cut."" Infectious disease epidemiologist @user sums up what you need to know about the Pfizer-BioNTech vaccine in < 30 mins via @user https://t.co/Ys77OukzSy https://t.co/WOaeriC7YU",ProVax,1
Moderna vaccine is causing people to have adverse reactions to the shot. Guess who owns stock in Moderna? Trump. Yep. Be aware! Before you accept a vacc iij ne ask who is the provider. Pfizer. No negative reactions! Do your homework!!!,AntiVax,0
I will not take any vaccine that’s not stamped with seal and approval of the Biden/Harris administration and new coronavirus task force! @user,AntiVax,0
"""I'm a little surprised we don't have a website with the CDC where people can register their interest in getting a vaccine,"" @user tells @user at #DealBook2020. #covid19",Neutral,2
"'Thank you, President Trump!!': Stock futures soar on positive news from Pfizer and a Covid-19 vaccine https://t.co/ojdJjqFlw7 @user #AAG #AAG2020",Neutral,2
"We are a company that has been silently working on the cure for corona virus and we finally made it, the government does not want the cure out in the public so we are helping people privately and silently, we will like to help people, if you need the vaccine or cure, contact us",ProVax,1
"I don't care if you're looking forward to the vaccine, or you've had COVID19, the single most important thing that you can do is boost your immune system. Stop the junk food, ditch the cans & jars & eat fresh, organic fruits & vegetables. Sunrider offers dozens of solutions. DM https://t.co/sJKiZLEwEn",Neutral,2
"I wouldnt give a Fuck what they did. Just like Men shouldnt make decisions about women having abortions. The Government shouldn't be able to ""mandate"" a vaccine. My body my choice Fuck them niggas https://t.co/IND2ZhgNIF",AntiVax,0
Uncertain about the #Covid_19 vaccine? The @user explains how a vaccine can protect you https://t.co/I7sgQ0wY7e GCCHD is working with partners to prepare for the arrival of COVID-19 vaccines in our #community Learn more https://t.co/D9qcogbYaG #healthygallatin #CDC #Pfizer https://t.co/UC6SOjqrWB,ProVax,1
#BREAKING: Coronavirus vaccine developed by America's National Institutes of Health and Moderna Inc has boosted immune systems of participants and is showing promising results,ProVax,1
@user They have been trying to get funding for a universal corona vaccine since 2018 they couldn’t get the funds to complete the research the work started in 2003,Neutral,2
"@user I have managed almost a year with not so much as sniffle, never worn a mask Outdoors. have visited my, grand children, driven miles. walked with people in parks, shopped as normal, so why do I need a vaccine. It's bad enough your precious NHS hands out DNR forms like confetti,",AntiVax,0
I will have the vaccine https://t.co/Rf1K1fGVdY,ProVax,1
"If I needed yet another reason to be disgusted by this administration.... The US will not join the WHO-linked global effort to develop a COVID-19 vaccine, WaPo reports https://t.co/W31utdyHVn",ProVax,1
@user She had donated a million towards the moderna vaccine for covid,ProVax,1
"Our December issue https://t.co/h9vGfwpqUa is online: with an editorial on COVID-19 vaccines, a single-molecule electret device, deep-learning for functionality in nano devices and much more... https://t.co/etiMpB3d8L",Neutral,2
"@user ""Moderna has its own final results ready that confirm the drug’s efficacy rating stays at 94.1%. But the company said that the COVID-19 drug was 100% effective at blocking severe COVID-19"" Read the fine print! What if you fall into the 5.9% group? Sounds like Nazi tactics.",Neutral,2
"Trump loses US election. Covid-19 vaccine, on its way. Dominic Cummings leaves with immediate effect. (sadly not in handcuffs) What a wonderful week it's been.",ProVax,1
"@user Be well, girl! Merry Christmas to you and your family!",Neutral,2
"@user the #Oxford #vaccine is safe. Only question is dose, so roll it out - half a vaccine is better than no vaccine.",ProVax,1
@user London is by far my favorite as well! I went right before COVID quarantine begun. I can’t wait to hop back over the pond once a vaccine is in place!,ProVax,1
@user Operation Warp Speed and the Coronavirus Task Force had nothing to do with Pfizer's research. Stop lying to the American people.,Neutral,2
Dumping responsibility for Covid response on the states without a national plan led to extreme variation in state efforts and sharp red- blue state differences. Will basing vaccine distribution on state plans produce a similar result?,Neutral,2
Tweet from Reuters (@user Reuters (@user Tweeted: Britain asks regulator to assess Oxford/AstraZeneca COVID-19 vaccine https://t.co/rpOLAI9Ljy https://t.co/LrBwezhsMt https://t.co/oxH6IUernG,Neutral,2
"@user Also, they can earn 5x that at a Pfizer or a Lilly",Neutral,2
Arizona company hopes its COVID-19 nasal spray can help people as they wait for vaccine https://t.co/1USDLKMCad,Neutral,2
"@user Has anyone asked the following? we know COVID-19 is similar ( close evolutionary relatives ) to the cold, is it possible that there would be no vaccine? This article indicates a possible outcome. https://t.co/VE3pyf6Kiq",Neutral,2
"Yes, yes, AC/DC are back, but... Dolly Parton partly funded Moderna Covid vaccine research https://t.co/JYUwZTzi12",Neutral,2
Good news is there.... but lets be hopeful how developing countries will have access to this vaccine. https://t.co/9p9qV5Dn08,ProVax,1
"@user With a survival rate of 99%, why bother with a vaccine? How long does the immunity from the vaccine last versus catching Covid?🤔🤔",AntiVax,0
"Serious question, when the vaccine for COVID-19 roles out, you think the anti-vaxers are ganna deny it? Genuine curiosity",Neutral,2
"@user If anyone watched 60 Minutes this past Sunday, they’d see the Military strategy to get the virus out to millions of people and the General specifically says that Trump or Pence has nothing to do with their process or likely know anything about it. Pence watched 60 Minutes",Neutral,2
@user Brazil halts trials of Chinese COVID-19 vaccine - Al Jazeera English https://t.co/8r4cdqFBii via @user,Neutral,2
Them the flu and that they will never get the flu shot again and probably won’t get the covid vaccine now either because you get sick if you get vaccines. I’ve had influenza before and I legit at one point was worried that I was going to die. I had a fever so high that I was (2),AntiVax,0
"_The company Pfizer, which today announced the vaccine against Covid-19 soon, is the same company that created Viagra... Therefore, we can fully rely on the announced vaccine, because if Pfizer was able to raise the dead, they will much more easily cure the living..._ 🤩",ProVax,1
"@user At some point we will need to ease the restrictions, and unfortunately lifes will be lost. In the absence of a vaccine or a cure, preventing deaths from Covid may cause other kinds of deaths and general hardship.",Neutral,2
"64 Heads of Missions arrive in Hyderabad to visit Bharat Biotech, Biological E Ltd https://t.co/vegVCMbHaL via @user",Neutral,2
"@user Nothing to do with Trump. Delete tweet, you look foolish.",Neutral,2
This is such great news 🎉 #covid19 #vaccine @user https://t.co/ZJxXxsWgvF,ProVax,1
@user All they’re doing is testing to see if this COVID-19 vaccine will minimize common cold symptoms. They are not actually ensuring the vaccine will prevent serious COVID-19 complications. https://t.co/fnQdlzuvXs,AntiVax,0
How a handful of scientists developed Oxford vaccine at breakneck speed https://t.co/ZueIC0LY0J,Neutral,2
"Hopefully, this is good news for our friends in the #EventsIndustry we are keeping everything crossed 🤞 #Pfizervaccine #eventprofs https://t.co/XyquVR1l60",ProVax,1
Coronaviruses vaccines have ADE side effects. They can in some cases actually give you the disease. This is especially true if you have already had the flu vaccine. This is why in 20 years of research no vaccine has been made before... https://t.co/N1ulRx5xgP https://t.co/HzVxbFeAKE,AntiVax,0
Thank you @user and @user Your milestone in the war against COVID-19 is a welcome development. @user,Neutral,2
We haven't developed a Covid virus vaccine and cure yet. Please tell me I'm worrying for nothing. I don't know the exact situation in Thailand. #rookiethailand,ProVax,1
"Me @ work these days!!!! PPL PLZ #MaskUp! 2day is historic bcuz 1) new vaccine rolled out, 2) we lost more than 3K Americans to COVID-19 as well! That’s MORE THAN 2 PPL PER MINUTE! Let that sink in! U may be tired, weary, frustrated, but U’re ALIVE! We want u to say that way!❤️ https://t.co/1VGZC1TDbr",ProVax,1
"“One thing we’ve learned from this pandemic is speed matters, flexibility matters & scale matters"" Head of public sector @user talks @user about @user https://t.co/oEAwKCq7bU for Vaccines & the giant task of distributing a COVID vaccine https://t.co/MKhilEPsYg",ProVax,1
How does the vaccine work if there are multiple strains of COVID?,Neutral,2
"@user So, why do the scientists from Pfizer say that they didn't take a penny from you, and that they DO NOT want the vaccine to be politicised? YOU HAD NOTHING TO DO WITH THE VACCINE. ABSOLUTELY NOTHING! FILTHY LIARS!",Neutral,2
Moderna coronavirus vaccine granted ‘fast-track’ designation from FDA https://t.co/huYUDFVdRN,ProVax,1
"No side-effects, four Covaxin volunteers in Karnataka healthy | Hubballi News - Times of India https://t.co/VeBUFePIpY",ProVax,1
"Any intelligent person realized this long ago. And, as the #vaccines are new, there is not enough history to determine how long the immunity from them will last. #COVID19 antibodies only last 2 months; so you have to get a shot every 2 months, 6, 12? They don’t know. https://t.co/Q1XMPLdlsQ",AntiVax,0
"7) Although certain scientific words may be used frequently in reporting on COVID-19 and vaccines, it is important to define scientific terms in every article, or link to a glossary of terms that will allow the reader to educate themselves.",Neutral,2
Go the the https://t.co/riwDWVQKs1 website... your immune system is more effective against the #bogusvirus than the #PfizerBioNTech #vaccine https://t.co/vToa203yyu #plandemic #phoneybaloney #propaganda #dothemaths #wakeupworld https://t.co/nsxySJ6L6L https://t.co/21LIjHnvLb,AntiVax,0
@user REALLY needed some good news for Christmas! 😊🙏”Why getting COVID-19 vaccines approved in Canada won't be 'overnight solution' to pandemic” #cdnpoli #bcpoli https://t.co/PBzG4Lr7p9,ProVax,1
im so fucking excited for the coronavirus vaccine i wanna be able to go outside again,ProVax,1
"@user In my humble opinion, it is something I have said previously, I think Bo&Co are relying heavily on that vaccine from Oxford. Open the economy regardless to what happens to any of us.",Neutral,2
"@user We don't ""have it"" yet and it's nothing to do with Trump or US funding. Its down to scientists and Pfizer.",Neutral,2
idk why science hasnt found a vaccine for corona when theres literally thousands of sorority girls who are apparently immune to it,AntiVax,0
Good news about prospects of effective #COVID19 vaccine arriving. But there are formidable distributional challenges ahead. World has never undertaken vaccination on such a large scale. Countries should use the time now to get ready. https://t.co/JTa1UZIqvX,ProVax,1
Don’t let trump take credit for the vaccine. Trump had NOTHING to do with the vaccine. https://t.co/hO9uJ0reZv,Neutral,2
Encouraging news despite that it could yet be some time before a #COVID19vaccine becomes widely available. https://t.co/BZUJQ3azol,ProVax,1
This vaccine is fake fake why do you want to kill more people Bihari why send it back to who ever sent it to you fuck you Buhari https://t.co/LRkKZ9rKQx,AntiVax,0
"At the Bharat Biotech facility in Hyderabad, was briefed about their indigenous COVID-19 vaccine. Congratulated the scientists for their progress in the trials so far. Their team is closely working with ICMR to facilitate speedy progress.",ProVax,1
"Some good news,in addition to the vaccine trials, to start the week FDA allows emergency use of first COVID-19 antibody drug - Reuters https://t.co/rDORMKZI7p",ProVax,1
This explains why the Pfizer CEO sold off over $5 million in stock last week. Is that insider trading?,AntiVax,0
Nashville Nurse after getting first vaccine now has Bell Palsy due to COVID VACCINE .HEART BREAKING VIDEO @user https://t.co/sjXmftvxGw,AntiVax,0
"Right before $AAL goes bankrupt, they are going to tweet that they’re working on a Covid vaccine and their stock will shoot 50%",Neutral,2
"#CCPLiedPeopleDied #ChinaVirus #WuhanVirus #COVID19 Frankly, I would not dare take vaccine made from #China https://t.co/etNBN3GMgx https://t.co/Nj57w7hObC",AntiVax,0
"Stocks rose on Wednesday, boosted by news of a coronavirus vaccine deal between the U.S. government and Pfizer and BioNTech and apparent progress on U.S. stimulus negotiations #StockMarketUpdate https://t.co/moXus9YvBa",Neutral,2
What would you give for a severe allergic reaction @user if the person is allergic to epinephrine? Still trying to find an answer as my daughter is allergic to epinephrine. #CovidVaccine,Neutral,2
Finally!. Congrats to these two Turkish scientists for the Covid19 vaccine. Proud moment and thanks for all the effort to save humanity Mr. Ugur Sahin https://t.co/GlAffOFgUH,ProVax,1
Everyone should be getting the Covid vaccine when it is available. I'm unsure of why I see people saying they're going to boycott it. I'm willing to put up with unlikely side effects if it means people aren't dying and we can all live normal everyday lives again. Thanks.,ProVax,1
"@user I didn't make any call months ago. I remain skeptical about whether an effective, safe vaccine can be produced in a short time period given there is no coronavirus vaccine in existence. I am also skeptical of Pfizer for very good reasons.",AntiVax,0
Narayana Murthy truly believes that the vaccine is a public good. People should not be charged for the coronavirus vaccine once it becomes available to the public. https://t.co/Gbd4ItphOd #infosys #NarayanaMurthy #coronaviruspandemic #pmoindia #coronavirusvaccine #humanityfirst,Neutral,2
"🚨 Pfizer’s good news on vaccine🚨 Seen as a major victory in the fight against #COVID19, Pfizer says in trials its #coronavirusvaccine has proved more than 90% effective. Find out why the news is bringing smiles to scientists faces 👇 https://t.co/WhF36LJ5am",ProVax,1
The COVID-19 pandemic has turned the human race into mutants. We need Professor X asap. Maybe he's got the vaccine.,ProVax,1
"@user As i get closer to 60 my Maths has become shite , something doesn't add up ""Currently, the UK government has placed orders for 100 million doses of the Oxford/AstraZeneca vaccine, 40 million doses of the vaccine from Pfizer and BioNTech and five million doses from Moderna."" https://t.co/Fw7elcRowI",Neutral,2
And should since they risk their butts for ours.... Truck Drivers Could Be Among Earliest to Get COVID-19 Vaccine https://t.co/uZY6n2Ujjq via @user,ProVax,1
#CovidVaccine Look how capitalism is gonna ruin this for poor people to even get the chance to get vaccinated.,Neutral,2
"@user They thought to mangle us 2-3 years with that #COVID19 shit. After they realized its not working how they planned, they now have vaccines ready for us. Some ready shit of poison to put it in our body. F.cking as.h. i will leave the city and live in forest if its necessary.",AntiVax,0
"Trustnet Daily: Why Argonaut’s Norris is shorting Covid vaccine companies, UK gilt funds in focus, Man GLG Japan CoreAlpha, and more... https://t.co/IAKUN900fN",Neutral,2
@user Covid-19 vaccine is result of President @user effort in last period ... He is the king 👑,ProVax,1
Grand Forks preparing its COVID-19 vaccine distribution plan https://t.co/7vr07IRKja,Neutral,2
"@user Actually it isn't time critical, Pfizer have stated it came stay at refrigerator temperature for 5 days and still be given. Therefore after manufacture, if stored frozen will be absolutely fine for an extended period. This is just scaremongering from a remainer",ProVax,1
*శుభవార్త* *Bharat Biotech received permission from The Central Govt. to lauch the corona virus vaccine. The vaccine will be available in the market from August 15th!!. 🇮🇳* https://t.co/C55uJ587oU,ProVax,1
When will the #Covid19vaccine be in #Zambia ? - #africa #covid19 #coronavirus #vaccine #health https://t.co/u2k5tj226K,Neutral,2
Apparently herd immunity can only be achieved through vaccines. 🤨 https://t.co/5EyaMCr4kg,ProVax,1
Oh great. There is actually some news regarding a vaccine. Honestly tired of living in this new norm! 🙄 https://t.co/jNo7O7zhPW,ProVax,1
"REPORT: Pfizer, BioNTech Declare COVID-19 Vaccine Is Over 90% Effective, https://t.co/PgsQGBI3FV",ProVax,1
"@user It is, and there are reasons why the many varieties of the ""common"" cold are so hard to pin down. Perhaps the intensive research into covid vaccines will lead to treatments for colds, norovirus, etc.",ProVax,1
@user I hear the Covid-19 vaccine will turn you into a dog and make you fuck squirrels 🐿,ProVax,1
"""FG denies placing 9rder for Russian vaccine"" @user #Headlines Just like they denied the Madagascan drug until it arrived https://t.co/KO8YxXDb9L",Neutral,2
"""People shouldn't be worried that we're going too quickly."" Scientists leading the development of a #COVID19 vaccine at the @user explain how they assess safety at each stage of the process 👇 Watch in full: https://t.co/82RDrH0VDM @user | @user",Neutral,2
Five key ways #GIS can support #COVID19 vaccine distribution from Esri's Chief Medical Officer @user https://t.co/WKs0OU8Mjw,Neutral,2
KEY thing to know—the mRNA based Pfizer vaccine does *not* contain the virus itself. It only encodes the “spike protein” receptor portion that latches onto human cells. Vaccines are clever immune system training programs for your body. This mRNA vaccine cannot give you #COVID19. https://t.co/zkiuUsWoK1,ProVax,1
My sister is a 60 yr old Minister who does hospice work in nursing homes. Several of her coworkers have gotten COVID. She found out today that she will be getting the vaccine on Jan 21st. I'm so relieved.,ProVax,1
The U.S. has agreed to pay Pfizer and BioNTech nearly $2 billion to secure 100 million doses of their experimental Covid-19 vaccine to provide to Americans free of charge. Could be a good investment if we get the vaccine https://t.co/lrvwbascns,ProVax,1
"@user How do they have a vaccine for Covid19 that is 90% effective, in on 6-8 months? When at best the Flu vaccine is 50% effective. How long have they been making flu vaccine? No sir, no thank you. https://t.co/UzK7nK2d4Z",AntiVax,0
"New social terminology 4 those population(s) fearing receiving the COVID vaccine r called ""VACCINE HESITANT POPULATIONS"" Curious, #ADOS would u take the vaccine? @user",Neutral,2
"#TrumpVirusDeathToll252K Ivanka said on January 13, 2020 trump made a deal for vaccine...he didn’t alert the country to #COVID19 until March 2020...💰💰💰before lives.....🤯 https://t.co/Pl8jjsuicg",Neutral,2
Critical care nurse Sandra Lindsay gives herself a well-deserved round of applause on becoming first New Yorker to get approved Covid vaccine: “I feel like healing is coming.” Amen.,ProVax,1
This is HUGE news 👏🏻 and if you think it isn’t because ‘the human body is 99% effective though’ .. then you do not understand statistics or the impact of a vaccine on said statistics #Covid_19 https://t.co/t6uKww6ZbQ,ProVax,1
@user Once again? He had absolutely NOTHING to do with Pfizer developing their vaccine. More bullshit from a family of liars and grifters.,Neutral,2
@user Comparing COVID vs Influenza vaccine isn't fair as influenza vaccine changes every year and it is hit n miss as far as development of immunity is concerned. However prior experience for Corona virus vaccination isn't that much promising either.,Neutral,2
Wow. @user driving pre-markets up 1300+++ with positive vaccine news! @user #COVID19 #Pfizer https://t.co/lkawggICej,ProVax,1
"@user It’s called COVID-19, and the reason we needed a vaccine is because of how poorly YOU handled this.",ProVax,1
Can use all the other guinea pigs for this vaccine pal. I’ve had it and I’ve survived for the last 8 months. https://t.co/ShQl19C1Ig,AntiVax,0
"The rich will have already been put to the top of the list for any coronavirus vaccine. After all in their minds the human race can’t do without them, the sooner they find out this is not the case, the sooner 95% of the world’s population will be much, much, much better off👍 https://t.co/dHrq5eizUs",ProVax,1
Made it to the Lake house. May just camp out here till the spike starts to go down. Hopefully that’s before November. 😂 Pfizer did announce an end to this yesterday though - vaccine in December ready to go. 👍,ProVax,1
@user Both. I used to think he was a decent guy. No one who is a sycophant so embarrassingly is a wacko.,Neutral,2
This is great news. But would you be in a rush to try a brand new vaccine? https://t.co/YSb4ueMCVY,ProVax,1
@user When a self absorbed superspreading dictator now says “don’t be afraid of COVID.” Soon comes the vaccine 💉 mandate for all!! #GOPSuperSpreaders #COVIDIOT #TrumpCovid19 https://t.co/6V8S6WAnup,ProVax,1
COVID-19 vaccine is coming. We now can see the goal now🧐,ProVax,1
"Anyways, maybe I’ll get the COVID-19 vaccine before my stamps.",ProVax,1
Covid-19: London reconfines itself to fight against a new strain of the virus https://t.co/8NSAw9W0Rf #USA #COVID #coronavirus #London #uk #vaccine,ProVax,1
"STRAIGHT INTO MY VEINS. or like, where it is that vaccines go https://t.co/kKH3j1m5Sg",ProVax,1
"Chinese Covid-19 vaccine also found safe, induces immune response https://t.co/QXGHUzhmP1",ProVax,1
@user Lmk if you need info. I just got hired for antifa. I start tomorrow! I'm in charge of putting up the 5g towers that cause covid. Bill gates is my manager but I report to George soros What other nonsense do you folks believe again? Obama gave me a Muslim vaccine? Is that anything?,ProVax,1
@user Look at that! President Biden has only been on the job one week and he already has two vaccines! https://t.co/YdM2PxmMVK,Neutral,2
@user The coonery is real during covid-19. They probably thought he was getting the vaccine and got the #Kanye,Neutral,2
"6 key questions about the Pfizer/BioNTech Covid-19 vaccine - [Child Health, Coronavirus], Source: The Guardian - https://t.co/lO9OcE5Cvg https://t.co/NwoLpD5TzZ",Neutral,2
So if corona has been tested on people since 1977...how do you not have a vaccine yet ???,AntiVax,0
I’m fine with them putting the vaccine out for those that love vaccines as long as it’s no kind of mandatory thing. No way in hell I’ll be taking a vaccine. Healthy food -fresh air- exercise- clean water and vitamins-Haven’t been sick in years. https://t.co/S4S4ycXXmk,AntiVax,0
"The survival rate of the Coronavirus is 99.97%, and the vaccine has a 90% success rate. I'll take my chances without one.",AntiVax,0
In BCB News at 1 O’Clock with John Hebden: New restrictions during Covid-19 will become law Coronavirus vaccine trial temporarily suspended Sports Roundup and the weather for Bradford Listen live on BCB 106.6fm and https://t.co/0DfCKcSa9Y https://t.co/NqfvoKrfp8,Neutral,2
"@user No such thing as the ""flu vaccine"" nor is the flu one signal think. Covid 19 is a stain of flu that we haven't became immune to, new strains come and go every season, most don't kill that much people while others do. You went to school right?",Neutral,2
"HOORAY! Pfizer and BioNTech have just announced successful vaccine development at the fastest pace ever! This Coronavirus vaccine proved to be more than 90% effective in their completed trial, which is extremely high! https://t.co/GMo2hoQpEe via @user",ProVax,1
"When you have a nightmare about a zombie outbreak and the first thing you read is , the first truck of Covid vaccines go out . 😂😂🤷🏻‍♀️🧟‍♀️🧟‍♂️#crazythought",AntiVax,0
Wow 90% effective is way higher than was expected! Great news all round. Fingers crossed the Oxford vaccine is around that level too. https://t.co/H5z5hoyCLf,ProVax,1
@user “The MHRA urgently seeks an Artificial Intelligence (AI) software tool to process the expected high volume of Covid-19 vaccine Adverse Drug Reaction (ADRs) and ensure that no details from the ADRs’ reaction text are missed.” https://t.co/Fjg4jXHYCI,Neutral,2
"@user Hey Senator Moron, are you maybe forgetting an important part of “naturally acquired” COVID-19 versus getting vaccinated? ...maybe that there will be little or no FATALITIES or long-term health risks associated with vaccination. But just let the virus run wild, right? 🦠",ProVax,1
"@user good news for all Indian that India has booked in advance 1600 million or 1.6 billion covid vaccine, how much Pakistan, till date nil, they don't have the money as all money has spent in promoting terrorism, keep it on till got 72 hurs",Neutral,2
"EU is demonstrating again its agility and responsiveness by providing up to €100 million to @user for its #COVID19 #vaccines development and manufacturing capacity, thanks to joint #InnovFin #EFSI debt financing from @user @user",ProVax,1
"The flu vaccine has been around for 80 years and it's less than 10% effective, with side effects. NO THANKS https://t.co/wQCzxCZEXY",AntiVax,0
"Well done to the Scientists, Technicians and the people who submitted themselves to the testing of it. This is really promising news. I'm sure all the anti-vaxxers and conspiracy theorists will be ready to pounce on those that are happy with the news. #vaccine #COVID19 #Science",ProVax,1
"Dr Fauci was the first CEO of Moderna, one of the companies making the vaccine he wants EVERYONE to get. He stands to make a MASSIVE PROFIT OFF of CoVid & THE VACCINE. Do you think he has BILLIONS OF DOLLARS worth of MOTIVATION TO KEEP THE SCARE GOING so you get the Shot? 💉",AntiVax,0
"@user I know a vaccine that is 99% effective at preventing you from dying of Coronavirus, it’s called your immune system. - Robert F Kennedy",AntiVax,0
Sensacional! Grocers chosen to distribute free COVID-19 vaccines https://t.co/Kp8KxbGJBF,ProVax,1
Only one day in as President-Elect and @user has developed a vaccine for Covid19. Amazing!!,ProVax,1
".@user people with dementia, other residents of long-term care communities, and the direct care workers who staff those communities are at increase risk for COVID-19 and should be prioritized for vaccines.",ProVax,1
I won't take an early COVID-19 vaccine.,AntiVax,0
Right so this is based on 94 volunteers. A rushed vaccine which we do not know what the side effects are yet? How do you know if you are in the 90% club or the 10% club? https://t.co/mbMmgrX632,AntiVax,0
Fake vaccines & too-good-to-be-true financial offers are front & center of the #COVID_19 emergency. Watch for:⁣ ⁣ 😷 Fake Masks⁣ 💉 Fake Vaccines⁣ 💸 Pay Upfront To Get Financial Relief⁣ 🚫 Fake Charities⁣ 💰 Student Loan Forgiveness⁣ Learn more: https://t.co/4McQpnAJnh https://t.co/pvgXjlfNhv,Neutral,2
"Sooooo, now it's ""can be"" and ""up to""... 🤔 Science my arse🤬 🧐 ""University of Oxford’s COVID-19 vaccine can be up to 90% effective, trial shows"" https://t.co/m3enXhQZSt",AntiVax,0
What happend to the other Covid-19 vaccine test candidates after they died ? https://t.co/i5GDouTVFP,Neutral,2
The first doses of Pfizer's coronavirus vaccine could be available to American patients as soon as December 15. Listen: https://t.co/Dw0cHZqOf8,Neutral,2
"This is your chance to get involved with @user and support the @user mass #vaccination programme! If you want to play a vital role in getting the country through #COVID19, then this is an ideal opportunity for you! https://t.co/3BNMJuzHr6",Neutral,2
"@user Now we need to help the anti-vaxxers understand that the COVID-19 vaccine is less harmful than the virus, and doesn't contain harmful chemicals or nanobots. Folks, if you refuse the vaccine you are loading the well-being of your loved ones onto the backs of everyone else.",ProVax,1
"My opinion: Covid is just a flu, masks are not needed, vaccine is not needed, distancing is not needed, regulations are not required. Lockdown is an attempt to break the middle class and economy so that the population is dependent on the government. The start of communism.",AntiVax,0
"This will happen >> Do you have a good secure job? Do you want to keep it? Then all who do will be forced into taken the Vaccine shot for Covid-19. Oh you say you would any way, Good Luck with that my friend. You are helping to thin the heard.",AntiVax,0
"Did you know COVID-19 vaccines may not be widely available to the general public until mid-2021? It will be offered first to people who work in health care, are at increased risk of getting COVID-19, first responders and nursing home residents/staff. ➡️ https://t.co/s96yNE6i0f https://t.co/IT1elXvCZd",ProVax,1
"Hancock says there's a committee that advises the government on vaccine distribution In Sept another committee advised the government to lockdown on Sept 21st, Johnson locked down in Nov, we now have over 50,000 dead from coronavirus Committees are useless to Tories",Neutral,2
"Vaccines will probably end COVID19 pandemic at some point in the future but we don't have a vaccine for inequality. Technology alone cannot fix societal illness. If borrowed @user phrase, we cannot solve the inequality without treating it as a crisis. END 14/14",ProVax,1
The only vaccine this administration was partnered with was a combination of Clorox and demon sperm. Shut the fuck up and start packing your shit. https://t.co/2SAlUsCQFA,Neutral,2
"🤔 I had no clue that by leaving my bubble would expose me to germs 🤨 This is just how they want to control people.... Next we have mandatory vaccines, continued lockdowns, relying on the government etc etc..... That's how socialism starts!! #COVID19 #VirusCorona #coronavirus https://t.co/wvGLE9oqu3",AntiVax,0
@user It suited yourselves today to announce the launch of the vaccine whilst we were all told we were going into Tier 4,AntiVax,0
Can vaccine protect 100% from #Covid19? Vaccine scientist @user asserts many questions are unanswered Watch the full interview @user #Coronavirus #Vaccine Full Video: https://t.co/uOuI605mnv https://t.co/WjXLfAeUrp,Neutral,2
"@user Can’t trust a country that creates Covid-19, tries to hack into institutions creating a vaccine, invades Indian Kashmir, and ignores international law to turn HK into a communist state. All within a very short period of time.",Neutral,2
"@user 3,745 people in this great state have died of covid as of 12/27. But you chose to get the vaccine before all our front line health care workers were able to do so. https://t.co/gnY3fDAI15",ProVax,1
"@user In fact, it's a miracle of modern medical science that multiple covid vaccines could be developed in less than a year. But it still shouldn't take this long to distribute the vaccine nationally and worldwide. The Biden administration's number one priority should be invoking",ProVax,1
"In RTI response, Health ministry says not aware where records related to Covid-19 vaccine expert group are kept via @user https://t.co/LgMQXz0HUx",Neutral,2
"@user We fund that; it’s our tax dollars. As we know, Trump pays very little in taxes (possibly legally but more probably he games valuations illegally). Also Pfizer wasn’t part of OWS.",Neutral,2
Clear example of government working or self and one working for the people #CovidVaccine,Neutral,2
"Three residents rotated with us on the COVID unit this week. By the last day two of them had asked me if anyone survives. Please #WearAMask, continue social distancing, even for the holidays, and when it’s available to you get the vaccine",ProVax,1
AstraZeneca's COVID-19 vaccine partner in China plagued by scandal https://t.co/3xwaYujEN8 via @user,Neutral,2
"Fear not, NYC, I'll make the vaccine myself https://t.co/EduH3T9WIg https://t.co/HiyysXSD56",AntiVax,0
90-year grandmother first to receive Pfizer COVID-19 vaccine in Britain https://t.co/aXmNKb5tqT,Neutral,2
"#3Novices : Have produced 40 million doses of AstraZeneca Covid-19 vaccine, says Serum Serum Institute of India, the world's largest vaccine producer, said on Thursday it has made 40 million doses of AstraZeneca's potential Covid-19 vaccine, and would soon begin making Novav…",Neutral,2
"American deaths from COVID-19 surpass 335,000. https://t.co/M70ftsaMho Please get vaccinated. If you are not yet eligible to receive your vaccine then please stay home and please wear a mask. https://t.co/Smat8zrlSP",ProVax,1
The vaccine will end this limbo? fingers crossed. #test4travel #liftthetravelban #LoveIsNotTourism https://t.co/cy6XJAzay6,ProVax,1
I think we should rename the COVID-19 virus Trump flu and the Pfizer vaccine Biden/Harris 2020 because it will wipe anything off the map named Trump.,Neutral,2
COVID_19 Vaccine Watch: Current status and likely dates of availability. #COVID__19 #COVID19vaccine https://t.co/51cBN7YknL,ProVax,1
Read for these of you that are keen of vaccine 1 death or a 1000 is it worth the risk of your life?Me personally a person's life is priceless https://t.co/RTKlrd6nYQ,AntiVax,0
Why don’t you just take your chances with a deadly virus rather than just getting a vaccine? I’m sure this take sounded smart when he tweeted it. https://t.co/sdTqmrQRR5,AntiVax,0
"@user Really 🤥🤥😝.. I hope you’ve gotten your corona vaccine as @user insinuated...! The alternative was a devil that was tested unlike what you voted for, cartoons!! Anyway, take care corona haibagui Jubidiots",ProVax,1
@user I don't have a COVID-19 vaccine and I don't need it. I do not believe in this virus.,AntiVax,0
It is well known that viruses and bacterias are getting antibiotic/medicine resistant year after year so I am wondering: have you thought that from now on every new flu strain would be fatal as #COVID19 has been? #vaccine #covid #flu #season #wondering,Neutral,2
wwyd if you had 24hrs left to live? i personally would end world hunger and develop a covid-19 vaccine but thats just me,ProVax,1
"@user Fraud has not been proven, what has been proven is Russian interference in 2016. You “ Patriots” need to turn in your Republican cards for the new cult 45 card,no cash back, no travel miles but may get you a free vaccine, but watch out for the interest rate.",Neutral,2
The first hints that a vaccine can train people's immune system to fight #coronavirus have been reported by a company in the US. Moderna said neutralising antibodies were found in the first eight people who took part in their safety trials. https://t.co/X2nqNGm545 via @user,ProVax,1
🙌 amazing at how fast the vaccine has been developed https://t.co/Tb13jsqPI5,ProVax,1
It takes ten years for a vaccine to develop They don’t even have a vaccine for the first SARS. So how the fuck did they come out with this one so fast? https://t.co/grLYQ95fag,AntiVax,0
"I wish they had taken covid more seriously, earlier. I also wish UT wasn't filled with entitled, self serving assholes 🥰 It's bc of these 2 factors that we're going to have a rough time until a vaccine is available... then the antivax battle begins 🙄🙄🙄 https://t.co/OAmZvxxSle",ProVax,1
CDC: Advisers will vote next week on which groups of people they recommend get the #coronavirus vaccine first once one is authorized to use. @user #Pandemic https://t.co/VTsR3WkQ1S,Neutral,2
I don’t get it? Why isn’t the world sharing any and all findings? Russia has been accused of trying to steal information about COVID-19 vaccines https://t.co/wBoY37hgNE,Neutral,2
Best news about any vaccine. https://t.co/o1XlQfmF6R,ProVax,1
"AIIMS Director Randeep Guleria has said that common people in India will have to wait for another year to get vaccinated, while reminding that the coronavirus infection ""will not Vanish"" with vaccination. No conoravirus vaccine for common people till 2022.",Neutral,2
@user What makes you think it will be safe? Vaccines take years of trials several volunteers for covd19 have succumbed to transverse myelitis. No vaccine is safe none! Not an anti vaccine person just a realist!,AntiVax,0
"Due to the good news of the COVID19 vaccine, European stock markets surged on November 9 About 67% stocks rose and 30% stocks jumped more than 5%. Check the technical analysis charts of top 10 stocks https://t.co/Wml0DviJll #LSE #FRA",Neutral,2
@user Pfizer has paid billions due to side effects they claimed wouldn’t happen,AntiVax,0
So your advice is to get the virus [that kills people] not the vaccine? I swear to God only straight white men are allowed to be this fucking stupid and run for office. https://t.co/c45fxCaupz,AntiVax,0
They’re giving out 2000 dollars to people willing to test Covid Vaccines In Houston,Neutral,2
@user What's the name of the company? I just read a Pfizer report they are 90% sure that the vaccine will work.,ProVax,1
"@user Good I'm talking you covid-19 vaccine, tell your family and friends so my Family and friends can take theirs.",ProVax,1
Who wants my own dose of the vaccine? https://t.co/xXCUM4xmR4,AntiVax,0
This is controversial and will probably get ppl shouting at me but isnt giving the #CovidVaccine to a 90yr old person a bit of a waste?,AntiVax,0
"@user coronavirus has been around for decades the flu is more deadly than the so called covid 19 its all a scam . the vaccine is not for the virus its to change your dna which bill gates clearly tells you ,he doesn't even hide the fact .....so inject away tom at your peril 👍",AntiVax,0
I’m begging corona to just disappear or a vaccine cus I can’t be home anymore. PLEASE,ProVax,1
Looking forward to this live conversation today @ 5pm on the #COVIDVACCINE in this #COVIDー19 #pandemic ! @user @user,Neutral,2
5. Pausing to think critically about the risks and benefits of the vaccine is okay. Fear mongering is not. We know that there are significant long terms effects of covid. The risks of the long term effects of covid are REAL; whereas... 8/,ProVax,1
@user I will gladly take any coronavirus vaccine approved by the @user I’m a respiratory consultant at @user & @user & I’m the professor of respiratory science at the University of Cambridge. #DocsforVax,ProVax,1
"@user I don't need a condescending science lesson from you, I'm well aware of how things work, I'm not against anyone choosing to get the covid-19 vaccine, by all means go run out and get it when it's available",AntiVax,0
"Isn’t it amazing that at this time last year, there was no #CoronavirusPandemic and now we have not 1 but 2 vaccines that look to be extremely efficacious? https://t.co/4Aiu1QBlE9",ProVax,1
@user I agree. How awful to hit the poorest in the world who need our help at this time more than ever. They will no doubt be the least able to afford the covid19 vaccines.,ProVax,1
More positive news starting of the week! Pfizer and BioNTech announce vaccine candidate found to be more than 90% effective against COVID-19 https://t.co/YAn1hqc6OP What a great day for science and great news for us all! #togetherinlockdown #staypositive #staysafe https://t.co/RWVvFwJ9LZ,ProVax,1
@user The tremendous positive reaction to the Pfizer vaccine could be because of a little known fact. The vaccine uses DNA instead of modified Covid19 virus as traditional vaccines do. It’s going to be effective and widely accepted as the public will have no reason not to take it.,AntiVax,0
San Diego COVID-19 vaccine trial participant speaks out about experience #SmartNews https://t.co/jQz9ZodhU6,Neutral,2
How a COVID-19 vaccine could change travel for good https://t.co/clhBP73Oce,Neutral,2
I’m not getting the COVID-19 vaccine. I’ve read all the Facebook post and no thanks bucko,AntiVax,0
"WTF Tweeting the vaccine prices !? AND she doesn't apologise,She doubles down!? In a private company she would be fired w/out compensation. And sued. #debleeker #vaccine #Vaccinatie #Vaccin #CovidVaccine",Neutral,2
"Some good news. Pfizer and BioNTech say that their #COVID19 #vaccine is more than 90% effective compared to the placebo, but caveats abound: we don't know if it prevents severe disease or asymptomatic infections, or how long immunity will last. @user https://t.co/I0kfOEQpU8",ProVax,1
"Pfizer (PFE), BioNTech (BNTX) Choose Lead mRNA Vaccine Candidate Against COVID-19, Commence Pivotal Phase 2/3 Global Study https://t.co/qRc3y97w3j via @user",Neutral,2
"The US-FDA will approve COVID-19 vaccines in a couple of weeks! C-FDA says maybe by March. Is our C-FDA not working closely with the US-FDA? The US-FDA is good at drug testing & approvals. Or is C-FDA working more closely with WHO, China & the UN? #cdnpoli @user",Neutral,2
@user I thought the German provides funding through another company that paid Pfizer .. but I’m pretty sure our impeached potus is lying like my ex wife:)),Neutral,2
I’ll take that vaccine even if it’s haraam. Idc. https://t.co/LZDCLwD6o9,ProVax,1
Sad about this... because I really want a range of vaccines to be available 😳 https://t.co/PGNWfBbgyY,ProVax,1
"“The mRNA vaccine approach uses genetic material called mRNA to trick cells into producing bits of protein that look like pieces of the virus. The immune system learns to recognize and attack those bits and, in theory, would react fast to any actual infection.” #COVID19",Neutral,2
"@user Covid19 vaccine ingredients need to be know. Does it contain DNA from monkey, swine, dog, human, or aluminium, formaldehyde, mercury and or other toxins?",AntiVax,0
FDA approves Pfizer vaccine just now. It’s been a good day for decisions. #SCOTUS #FDA,ProVax,1
Amazing! The scaling up of this is astounding. #COVID19 #CovidVaccine BBC News - Covid vaccine: First vaccine offers 90% protection https://t.co/6FQIj0IPsZ,ProVax,1
"@user How come abortion is between woman and doctor but a long used, safe, inexpensive drug isn’t. Governor Dewine has taken many donations from big pharma. Like Pfizer who is also working on a vaccine. What’s that tell ya? Oh les we x ner too. Ohio numbers spiked after Maxwell arrest",AntiVax,0
"So a vaccine AND a therapeutic, both the week after the election? No coincidence there, I'm sure. Donald Trump STILL gets the credit because he fast-tracked all of this. https://t.co/oAq3w6Nop0",Neutral,2
"Trump’s Operation Warp Speed promised a flood of covid vaccines. Instead, states are expecting a trickle. https://t.co/FJ2FrbCYcM",Neutral,2
"If and or when they ome up with some sort of VACCINE, it will more than likely Kill more of us than the CORONA. https://t.co/ZPMzTNWTTR",AntiVax,0
@user Since 1986 all vaccine manufacturers are exempt from liability and please go check all this out before you accept an mRNA vaccine for CoVid. Information consent 👍,AntiVax,0
"People continue to be amazingly uninformed. First of all, if the vaccine is 90% effective, it means that you only have a 10% chance you're ever going to need that 99%* effectiveness from your immune system in the first place. https://t.co/peY7VaJM7o",ProVax,1
"Sounds promising, still a bit to go, but fingers crossed. One thing this pandemic will definitely have done, will be to improve vaccine research and development immensely. Covid-19 vaccine candidate is 90% effective, says manufacturer https://t.co/13yJE9K20m",ProVax,1
"@user Would it have impacted the final outcome....probably not, but I believe the announcement being so close to after the election gives more fuel to the conspiracy theorists. You already see Trump supporters saying ""well isn't that convenient."" Timing isn't great.",Neutral,2
I read this and did in no way think that a vaccine was ready for public consumption. And neither should you. https://t.co/2REFyGkaAf,AntiVax,0
US Food And Drug Administration Says Is In Pfizer’s vaccine: https://t.co/6bBrwoUzHY,Neutral,2
"Brazil suspends trials of China's Sinovac coronavirus vaccine, citing 'serious adverse event' https://t.co/hE2nEC8fpj",Neutral,2
Fuck you and fuck your covid19 vaccine. You ain't shit. https://t.co/PtGw2mMuBr,AntiVax,0
"The Covid-deniers, anti-vaxxers, and general tinfoil hat-wearing conspiracy theorists are out in force...l am OK with this, less competition for me to get my vaccine. Personally, I trust the real scientists more than the armchair experts. https://t.co/LAq8DNBE9U",ProVax,1
"Employers could require workers to get COVID-19 vaccine Office workers are not healthcare workers. The employer would be responsible for any risk the vaccine causes its employees. Either physically, mentally or emotionally. Not a good idea. https://t.co/oc3c7qloLe",AntiVax,0
"@user What a waste of a good vaccine that could have gone to someone who needed it, since @user claims to have already had COVID-19 and should not need it, and somewhere an elderly woman/man or child could benefit greatly from it?",ProVax,1
"@user Pfizer didn't participate in Operation Warp Speed. It was just a bunch of elites, on their own, saving your dumb mask-denying asses. Trump has nothing to do with the vaccine - he can only take credit for killing way more people than necessary thru his incompetence and selfishness",ProVax,1
"@user Stop taking credit for this vaccine. The truth is that Pfizer didn't receive any funding from Operation Warp Speed for the development, clinical trial and manufacturing of the vaccine. Stop all this incessant lying.",Neutral,2
@user Is it true the Oxford vaccine will no longer work ?,AntiVax,0
"Findings from INVESTED trial at #ACC20 suggest #fluvaccine dose may not be as important as getting vaccinated, especially w/ #COVID19. Check out this recent #JACC review on the #influenza vaccine to reduce #CVD morbidity/mortality in COVID patients: https://t.co/HwOSGmYD9m https://t.co/UYyZUHNNMI",ProVax,1
"@user Why don't you take the Russian vaccine, Trump.. I hear there is bleach in it..",Neutral,2
"One day soon we will hopefully have a vaccine against Covid 19. Unfortunately that is highly unlikely to be the case with cancer, so we continue the fight.",ProVax,1
My co worker just said he’s excited for the Covid vaccine 🥴,ProVax,1
"Pfizer did mot take part in your program to develop a vaccine. Stupublicans will stop at nothing to con the public. As someone who worked with pharmaceutical companies for years, I trust Pfizer much more than I trust pence. https://t.co/a8tGsd9WS8",ProVax,1
"@user As a nurse of 45 yrs, what were you thinking skipping the line to receive a Covid vaccine ahead of nurses & doctors after denying Covid as a serious virus for months? You sir, need to be voted out of office. Stop sending us your bible quotes sir.",ProVax,1
"pfizer vaccine looking like its gonna get saturday approval, so lemme sell off some stocks so i can pick up these options for a quick turnaround tmrw",Neutral,2
"The Chinese build highway overpasses - overnight, The world should be able to pump these vaccines out like Nike Socks. #TrumpVirus #COVID19 #ShitHolePresident #TrumpConcede",ProVax,1
#covid19 #vaccine hope it won't take a decade https://t.co/dFpj5mt9j3,ProVax,1
"@user Fortunately, this is a variant of a vaccine used for other types of covid. That’s why it’s been able to be produce so quickly. Our biggest concern is to slow the spread by wearing a mask & socially distancing so we’re here when it’s our turn for the vaccine.",ProVax,1
Absolute not. I'd possibly concede to the vaccine myself but no way I'd put my child into a trial for a vaccine for a disease that doesn't hurt them. Although I guess if my kid was super keen for some reason and I thought they were legit. https://t.co/knARXv2Zwj,AntiVax,0
@user And this is from a freedom of information request from the government you will note that covid is 9th on the list but look at the figures for everything https://t.co/lYYe6JwJbp,AntiVax,0
"Pump it into my veins, give me my life back !! 👌🏻😜 Coronavirus: Pfizer COVID-19 vaccine found to be 90% effective in 'great day for science and humanity' https://t.co/UhbeLgqXpp https://t.co/SowyFTfang",ProVax,1
Is anyone else concerned that the #COVID19 vaccine is too good to be true?,AntiVax,0
If y’all ate the spray cheese in that can you don’t needa worry about what’s in the covid vaccine trust me,ProVax,1
"@user Oh No! Not kneecapping his ability to load the EPA with Dupont consultants! Btw, if you read the Op-Ed you'd learn that the chem this guy helped dupont avoid regs for may interfere with the Covid vaccine, so I'm not sure the pandemic should be your defense for him.",AntiVax,0
THERE IS NO WAY IN HELL I’M TAKING A COVID-19 VACCINE! Who’s with me? #Pfizervaccine,AntiVax,0
Analysis of new vaccine data from @user https://t.co/W9VFTrqywC,Neutral,2
@user This vaccine uses the Adenovirus as a base. HIV sequence in COVID -19. Doesn't look promising considering the 'own goal' risk. https://t.co/XXOvQu0uPC,AntiVax,0
1. free/reliable testing for all 2. ramp up PPE production 3. community resources for dealing w COVID19 4. distribution of vaccines/treatments 5. protect high risk americans 6. restore intl pandemic defenses/alliances 7. mask mandates like where was this all YEAR im so ?@user,Neutral,2
Lawd: MIT Study: Covid-19 Vaccines Less Effective For Blacks & Asians!! - MTO News https://t.co/neQ3GYBYoS,Neutral,2
"@user Yes, I heard someone say maybe the numbers have risen because they put covid in the flu vaccines they have been working so hard to push",AntiVax,0
Billionaire Wealth Hoarding created Corona Virus. And they will try to profit from the vaccine. White Supremacy is a death cult. This not an exaggeration.,Neutral,2
"US death toll reaches 250,000 as virus overwhelms hospitals; Who will be first to get COVID-19 vaccines? https://t.co/dUW6Oi6Fxz",Neutral,2
"@user ahahahaha, yea sure. Flu vaccine is completely useless and now they are making up a #COVID19 treatment after inventing the whole „pandemic“)) And people actually believe thai crap and will spend Trillions on the poison! unreal",AntiVax,0
Why Pfizer’s ultra-cold COVID-19 vaccine will not be at the local pharmacy any time soon https://t.co/HMMdugPbxE,Neutral,2
You really shouldn’t be concerned about the COVID vaccines if you still willingly eat cole slaw.,Neutral,2
"So because of covid-19 we are basically going into isolation in the uk Which is cool, create that vaccine girl But all I’m thinking about is how homeless people can’t self isolate? And the government is trying to NOW finding housing? ok sis",ProVax,1
"@user : Social vaccine 💉 is the need of the hour. Covid cases in Pune, Bengaluru, Delhi are rising as the masses are not following Social protocol Mask / Distancing. We need to bring stringent punishments similar to that existing in Indonesia 🇮🇩 https://t.co/N5LG9BSazv",ProVax,1
Pfizer CEO says COVID-19 vaccine candidate has passed FDA safety milestone https://t.co/EStctM6MQ5,Neutral,2
"If the existing common cold coronaviruses give some form of protection against Covid-19, does that mean that the Covid-19 vaccine will give some form of protection against the common cold coronaviruses? Will the common cold become slightly less common once we vaccinate everyone?",Neutral,2
That’s a start! Must give a hats off to all those trying to find a vaccine with such little time to spare. https://t.co/rP4OafEyPt,ProVax,1
"EVERYTHING you need to know about the Pfizer/BioNTech covid ...www.newscientist.com › article everything-... How effective is the vaccine? About 95 per cent. The phase 3 trials of the Pfizer/BioNTech vaccine involved 42,000 people, about half of whom Missing: contraindications",ProVax,1
After 11 fucking months of misery theirs finally a vaccine that can help. I HOPE the CURE is coming soon. https://t.co/LnFdMkXADV,ProVax,1
"@user Watch #MassMurderer TRUMP pull a ""fake COVID vaccine"" out of his Morbidly Obese Arse before he loses the election. He LIED that's Fatal: 190,128+ DEAD. This Fat Fuck also called our Veterans & Soldiers ""SUCKERS & LOSERS."" https://t.co/B2gEwcb39t",AntiVax,0
@user Obama Hussain should take a credit not president Trump,Neutral,2
#NIAID & #NIGMS are accepting late submissions for specific FOA numbers. NIGMS late submissions include T32 applications. Full details: NIAID ( https://t.co/uEeqwyaq3u) and NIGMS ( https://t.co/DRvWzKFGne) #NIH #extendeddeadline #grants,Neutral,2
"Read this. It's awesome. Tell those people in your life who think they get ""a touch of the flu"" when they get a vaccine. They don't. In this vaccine in particular there is literally no actual virus in the shot. So, it's impossible to get COVID from the vaccine.",ProVax,1
Moderna’s vaccine candidate has 94.5% efficacy on a 30.000 person study. Also is easier to store and keep than pfizer’s vaccine. #Covid_19,ProVax,1
read this thread if you don’t understand how the COVID vaccine is gonna work 💖,ProVax,1
"Katalin Kariko, the scientist behind the Pfizer Covid-19 vaccine https://t.co/Te39y7U4F2 via @user",ProVax,1
"Here’s the card you’ll get when you eventually get the Covid-19 vaccine. Everyone will get a card ""they can put in their wallet that will tell them what they had and when their next dose is due,"" says Dr. Kelly Moore of the Immunization Action Coalition. https://t.co/WpWBBCl4FR https://t.co/QT4qs0VHBt",Neutral,2
💜💜💜 ⁦@user on helping to fund the coronavirus vaccine: I just wanted 'to do good’ https://t.co/TRZbfjYvz1,ProVax,1
Pfizer says early analysis shows its Covid-19 vaccine is 90% effective https://t.co/MMcg0715v9 - beginning of the end ...,Neutral,2
@user I have Allergic reactions to nuts so I don’t think I can have it,AntiVax,0
@user Eric Trump thinks President PussyGrabber took a COVID vaccine. #215KDeadAmericans,Neutral,2
"AstraZeneca coronavirus vaccine trials remains on hold in the U.S., HHS chief Azar says ⁦@user ⁦@user 1 day after they haired trials Stra Zeneca said they restarted. Now they are saying it’s halted. This is the Wild West https://t.co/LI8JnCEbz6",AntiVax,0
"Our only hope is a mandatory vaccine, which of course is going to be a problem with #Covidiots 😒 Denver's coronavirus restrictions to tighten (again) in coming days, including banning indoor dining, but still no stay-at-home order https://t.co/lCOvBKPXos via @user",ProVax,1
A vaccine against Covid-19 - brilliant! With luck it’ll immunise us against further Farage too!,ProVax,1
"Banks: A cancer survivor, he joined a coronavirus vaccine trial. He was part of Pfizer breakthrough https://t.co/8ePV4trP1W",Neutral,2
I am skeptical about the hype around this vaccine. I think its just a way for Pfizer to pressurize FDA to waive the tough but justifiable criteria to approve a medicine for human use. Its no joke since billions of dollars are to be made if it goes ahead. https://t.co/sDbwZT6fD6,AntiVax,0
I’m not against vaccinations but as someone who reacted to the flu jab and is also allergic to penicillin and Aspirin I worry that my life will continue to be restricted if I refuse the Covid19 vaccine #Covid19UK #vaccine #allergy #anaphylactic,AntiVax,0
@user He is just busy in developing a vaccine for Corona,ProVax,1
"@user Pfizer & BioNTech tested 4 RNA vaccines in a clinical trial & reported results from 1 of them. It uses a modified strand of RNA that codes for the spike protein found on the surface of the C19, w/ a tweak to its genetic code to increase its ability to trigger an immune response.",Neutral,2
Who gave #NitaAmbani & #MukeshAmbani the permission for sending #Covid_19 vaccines to each corner of the country ? Where were they when the #MigrantLabours were walking for miles to reach home ? Where r they when people r losing their jobs & r dying from hunger ? #Profit= #Jio,Neutral,2
Good morning #Manchester stay safe and keep cleaning (or we can) 😊 #COVID19 #BeSafeOutThere #CovidVaccine https://t.co/L6teHlXskB,ProVax,1
"Pfizer’s coronavirus vaccine is more than 90 percent effective in first analysis, company reports https://t.co/Yt3ePM6Hl2",Neutral,2
@user I do know about drugs companies. But I'm talking about Covid-19 vaccines. If you're going to call a vaccine a poison you'll need hard evidence.,ProVax,1
"So a COVID-19 vaccine gives you 90% chance against the vaccine, or risk without and a 99% chance of survival! Which option do you think I’ll take? #fuckcovid #plandemic #covidlies @user",Neutral,2
@user I agree 100% in concept Problem is best case estimates are suggesting 100mm doses by the spring here in the US. Pretty sure Pfizer projecting being able to distro 25mm doses by EOY & everyone need 2 doses if I'm not mistaken Scale seems like it might be tough in time for WSOP,ProVax,1
"@user As expected. Biden who can’t even speak in clear sentences, and Harris, who is borderline communist. Seems perfect. Surprised Time didn’t go with COVID-19, or China, or Hunter Biden! On the other hand we have a Pres who brought a Vaccine to market in record time! Makes sense.",AntiVax,0
@user But I hv seen an advertisement in Pakistan channel where they are asking fr volunteers for covid vaccine.also I personally know of a person who had the vaccine voluntarily.a parha likha businessman.,ProVax,1
"FUCK ALL I *knew* that from all the ‘possible COVID-19 vaccins’ the first and foremost would be mRNA-based, I just KNEW it Lo and behold, BioNTech & Pfizer teamed up to develop 4 mRNA vaccine candidates what a surprise Just to be clear; this is experimental DNA/RNA medication!",AntiVax,0
"First they wouldn’t take it because it was a Trump vaccine, now they’re giving credit to Biden for developing one. 🤦🏼‍♀️ For the record, I don’t care who’s developing one, I won’t take it! Especially, for a virus with a 99.9% survival rate! #StupidIsAsStupidDoes https://t.co/FADwRC1fNl",AntiVax,0
"The University of Oxford and AstraZeneca Plc have begun recruiting more than 10,000 subjects for advanced human studies of one of the world’s fastest-moving experimental #Covid19 vaccines. https://t.co/u7GlY4vV6E @user",ProVax,1
"Moderna said its vaccine appears to be 94.5% effective, according to preliminary data from Moderna’s ongoing study. https://t.co/3sm1odUd8q",Neutral,2
"@user That’s one vaccine...moderna is online to be approved in days, and Johnson and Johnson’s vaccine, and AstraZeneca early in the new year. So by Q2-Q3, providing distribution goes ok, anyone who wants one, will get one. And those who don’t, don’t get it🤷🏻‍♀️",ProVax,1
Sharing an update on the progress of our #COVID19 vaccine candidate. #PFEColleague https://t.co/MYqDQ8tHg7,Neutral,2
Lonza ramps up Moderna COVID-19 vaccine production in Portsmouth https://t.co/ZErfJiSGGL via @user,Neutral,2
CDC - July 2020 ACIP Meeting - Overview of COVID-19 vaccine clinical trials https://t.co/15C2uqVM0p,ProVax,1
"@user Pfizer put out a statement that said they have nothing to do with ""Warp Speed"". Care to acknowledge that?",Neutral,2
"@user I can't understand how someone who thinks he's done poorly with Covid hears there's a vaccine, and is like, we'll, 200k people have died but fuck it, he got us a vaccine",Neutral,2
Full list of who the priority groups for the new coronavirus vaccine will be https://t.co/hBhrrfNNZo,Neutral,2
Coronavirus vaccine rolls off US production lines ahead of FDA approval https://t.co/xIQCYXVCff,Neutral,2
"While I'm greatly looking forward to a vaccine, I will miss wearing leggings and comfy sweaters everyday to work... #vaccine #COVID19 @user #workingfromhome https://t.co/QVzyIAQLnk",ProVax,1
"@user Wow the delusion of the trumpers in here is outstanding. Kind of sad to read the comments, uneducated, delusional and cultish. Fed govt should provide free mental health & free covid vaccines.",Neutral,2
Perhaps the vaccine may have side effect https://t.co/JjWxpvlxms,AntiVax,0
@user Told any of the states that may he planning to emolument it that we are NOT taking their vaccine for Covid 19 #NOISundays,AntiVax,0
"I’m hearing and reading of plenty people against taking COVID-19 vaccines, many of those have put worse substances into their bodies over the years with no fucks given whatsoever!",ProVax,1
"Ontario won't make #Covid19 #vaccines mandatory, but those who decline could face social restrictions says health minister says https://t.co/IiBQuNhcGi @user #immunitypassport",Neutral,2
"@user Yes... for school, but that’s it. And those vaccines were also proven safe and effective. The covid vaccine you’re gonna need to do pretty much anything in public",ProVax,1
China's Xi Jinping pledged to work with other countries to accelerate COVID-19 vaccinations https://t.co/alZOgelQSm,Neutral,2
I was part of a trial for Pfizer’s covid-19 vaccine. It’s a miracle for genetic medicine. https://t.co/th5EWq1O9R,ProVax,1
@user The virus can hijack the immune system. This is a new coronavirus that we still know little about. Could the second infection be worse? Could the vaccine make the virus stronger? How do they know the vaccine works? There's been too little time to check the safety to be honest.,AntiVax,0
"Attention Black and Latino people, do not take this COVID-19 vaccine 💉! Don’t forget about Tuskegee or what Hopkins did to the people of Guatemala 🇬🇹. We are not expendable! Protect our worth!",AntiVax,0
"@user panish flu Start of contagion: 1918 End of contagion: 1920, without medicine or treatment or vaccine, only face masks and distancing, the CCP VIRUS (covid-19) date of beginning November 2019 end of this is not known. REALLY science is out of date at 102 years and what is @user for",AntiVax,0
"@user No no no...Your original point was that he shouldnt be for a Corona vaccine because he thinks vaccines cause autism. But, now you have proven...he has always been totally in favor of vaccines.",Neutral,2
"The good news , the @user coronavirus vaccine is in its final stages and we will see it coming soon. Thanks to everyone involved in making this vaccine, it will be a big step in the complete eradication of coronavirus !",ProVax,1
The death rate of Covid is at least 10 times the rate of flu. There is a vaccine of sorts for flu. It is s terrible death by drowning.,ProVax,1
"I'm a bit concerned about being the proverbial guinea pig for this vaccine. I'm all for vaccines, don't get me wrong. Just not sure I want to be first in line...#RN #Covid19 #EssentialWorker #Pfizervaccine",AntiVax,0
#COVID19 vaccines 90% effective ? I’m 100% not taking em ☺️ #coronavirus,AntiVax,0
If they'd known earlier we'd all be vaccinated by now. https://t.co/gGJTRZ0ml3,ProVax,1
"@user As you pointed out in the following tweet, in Italy all the elderly are vaccinated against flu and since this virus kills the older people more than the younger ones this stat doesn't make a lot of sense... But I'm sure the no vax will be the first in line for a covid vaccine...",ProVax,1
LSHTM has long been a world leader in researching and fighting infectious disease and today is a top 5 global source of info for #COVID19 and thinking on vaccine confidence,Neutral,2
"@user Masks don't work and we don't need vaccines because immune response is actually fabulous with this virus. So, LL, how can you advocate for lockdowns and unconstitutional mandates that lead to suicide, ODs, substance abuse, homelessness, economic crisis? https://t.co/Kf5lawjCNN",AntiVax,0
"Concerned about COVID-19 but too afraid to get your Lysol vaccine? Ask your doctor about #covfefe Side effects include: nausea, severe narcissism, tiny hands, insomnia, incoherent rambling",ProVax,1
Showed hoyo this mosalah Pic. Why did she say did they give him the covid vaccine 😭😭😭😭😭 https://t.co/jKqVfKOe6h,Neutral,2
"No vaccine for me, thank you. https://t.co/1bR8mlbVSE",AntiVax,0
The vaccine will make people sicker. Don’t fuckin take it. https://t.co/kGFO1KdIb7,AntiVax,0
It’s worrying the amount of people in the comments that won’t take this vaccine https://t.co/dFQnecDBWH,ProVax,1
"Apparently the latest vaccine from Pfizer has shown over 90% effectiveness, which is a real break through. If true, this is a great Monday great #COVID19",ProVax,1
"""We mustn't delay Covid-19 Vaccines. We must put a stop to these deaths..."" Donald Trump",ProVax,1
Dang. Going to be a rough winter but here we are getting actual data on when a vaccine will start being available. Great news to start the week. https://t.co/4Ynz4lDYfi,ProVax,1
"GOOD NEWS...!!! Pfizer, BioNTech Covid-19 vaccine found to be 90pc effective https://t.co/7suCIYQ7lx via @user",ProVax,1
This is what happens when you rush COVID-19 vaccines. None of them are anywhere near ready. It’s all commercial hype. https://t.co/UDqPXaSwdL https://t.co/CXDrCO92sg,AntiVax,0
Good news if the Oxford vaccine is able to elicit a good immune response & afford protection to the older age gps that really need it. 👍👏✅,ProVax,1
"The FDA is ""going to meet on December 10th to discuss whether to approve the vaccine"". Hmm... Hey, just a couple thousand people dying a day. Trump admin no longer interested in a vaccine. https://t.co/ygoA2YY37p",Neutral,2
I’m 100% getting my COVID vaccine as soon as I am able. But still. It’s 2020. Hard to shake the thought that this kind of shit is how ‘I Am Legend’ starts.,ProVax,1
"@user We must wake up and fight back because our leaders are so corrupt and accepted the money to kill us. Pfizer vaccine already causing damages,people developed Bell's palsy and I have heard some lost their lives",AntiVax,0
The COVID Vaccine Derby: A Guide to the Top Contenders https://t.co/V1Mzf0J0Ho https://t.co/DsMf5CJRwv,ProVax,1
"@user Define ""we""... Certainly not the illiterate ex-gov... Scientists (!) from #Pfizer as well as from German company #BioNTech did it. Zero support by this 'administration'. Stop bragging and adorn yourself with borrowed plumes. #Trump #COVID19 #TrumpLiedAmericansDie #SoreLosers",ProVax,1
Virginia's Top Health Official Will Make COVID Vaccine Mandatory If It Becomes Available https://t.co/cUtFXco9F0 https://t.co/tvMOdSrPoI,Neutral,2
"Oxford University to begin human trials begin today for a possible vaccine agains COVID-19, although a boon for Britain research, the process is still in its infancy and will take many months before it is a viable immunisation programme - #vaccine. https://t.co/Tf162a106j",ProVax,1
"@user France can't made the vaccine for corona made by ola, but it can surely make vaccine for ola..",Neutral,2
"in case any tr*mp supporters still follow me, this vaccine had nothing to do with this administration. this is a blatant lie, and you are all so foolish to idolize and believe these people for the last four years. https://t.co/MAHWdtlxyv",Neutral,2
I will not be taking this COVID-19 vaccine. A vaccine under 12 months is suicide. Anyone that disagrees feel free to take it first and allow me to apply technology to track every metric I can. #YouFirst,AntiVax,0
@user And what's wrong with Pfizer's it has already passed stage 3 trials and is ready to go? Oh I know it's not making billions for an American!,ProVax,1
Adapted yellow fever vaccine may protect against COVID-19 https://t.co/x6h0gbh0NM,Neutral,2
"continued: ""it is not possible to retrofit the MHRA’s legacy systems to handle the #volume of ADRs [Adverse Drug Reactions] that will be generated by a #Covid19 #vaccine."" Links: 1. https://t.co/TpLFy31V2T 2. https://t.co/IQmQVrmO8x",Neutral,2
Most Canadians will get COVID-19 vaccine by September: Trudeau | US & Canada | Al Jazeera https://t.co/KTuY29zZoA,Neutral,2
"@user i personally need her to have the vaccine running through her veins, because if we lose pauline to covid, where will i get my politics based seratonin from",AntiVax,0
Pfizer says early tests show coronavirus vaccine more than 90% effective. I’ll take my chances with the virus. https://t.co/DWIFAG00ct,AntiVax,0
Great thread by @user about today's Moderna vaccine news https://t.co/IVqszNrFxm,Neutral,2
"@user Hellöo Mr. Trump - BOOM - Corona vaccine in Germany. The company's vaccine is to be produced at the Novartis plant in Marburg when it is ready. A total of up to 750 million doses are to be produced, 250 million doses alone in the first half of 2021........",ProVax,1
"No new cases of COVID-19 today, New Zealanders advised to get flu vaccines https://t.co/N3AeBaJwJP via @user",Neutral,2
"Major, positive news this morning about the effectiveness of a COVID-19 vaccine being developed by the joint effort of Pfizer and BioNTech.",ProVax,1
"@user Was it a test subject for the Bill Gates Covid-19 vaccine which created a genetic anomaly? Wow, nasty side effects! Asking for Dr. Fauci. 😁",AntiVax,0
@user If schools were kept shut in the November lockdown we wouldn’t be in this situation so 🤷‍♀️🤷‍♀️🤷‍♀️,Neutral,2
"Biden announces covid task force and how they'll beat it. No thanks old man, thanks to our President we have a vaccine on the way #COVID19 #OperationWarpSpeed",ProVax,1
"@user The news about the virus is mostly pessimistic these days. It's magical thinking pinning our hopes on a vaccine. That's the herd immunity mentality, wing it. https://t.co/vZFcHT1oob",Neutral,2
"#UnitedAirlines has flown first doses of the @user - #BioNTech vaccine on a chartered plane from #Belgium, as the company is laying the ground for the #vaccine distribution. #COVID19 #vaccine #Publichealth https://t.co/aIufH9u3k1",Neutral,2
The world needs a super vaccine Who's cost need not be obscene Thru wards it passes And heals the masses And gets rid of COVID19 #LimerickDay 2020. #COVID__19,ProVax,1
@user Yeah he didn't I know but I didn't congratulate him as a person. I congratulated the Prime Minister of UK... In other sense I congratulated the whole nation. One would be utterly and hilariously mistaken if they thought I assumed he invented it.,Neutral,2
Not yet ... they still have not isolated it. So how can they have a vaccine? Not to mention this “flu bug” has a near 💯% recovery rate #PlagueOfCorruption💉 #CovidHoax #TheBigLie https://t.co/zp35ZAsKRe,AntiVax,0
"I dontknow about yall, but if they cant find a vaccine for the flu that works or find a cure for things that is taking them many of years working on... why in the hell should I trust the covid19 vaccine? No way in hell would I take it.",AntiVax,0
I’d really bugs me when I see our politicians getting this COVID vaccine before most other people. I almost barfed when I saw our little bald-headed fat congressman Brady get the vaccine and that nit-wit congress-girl OCDC from NY get the shot!,ProVax,1
"#COVID19 Chinese drug maker Ascletis Pharma is testing a combination of antivirals, one approved for HIV and one approved for hepatitis C, that might treat coronavirus infection.Moderna Therapeutics with mRNA-1273/ CanSino Biologics/Arcturus Therapeutics/BioNTech/CureVac.All new",ProVax,1
Positive news! Hopefully they have taken into consideration the allergy community. Many of us cannot get a flu shot due to severe egg allergies. (I ended up in ICU on a ventilator the last time I had a flu shot.) Let’s hope the covid vaccine will truly be safe for everyone. https://t.co/hvNaxWtqV8,ProVax,1
"👇 IMPORTANT NEWS: The first coronavirus vaccine has been given the green light for use in the UK. As the vaccine starts to arrive, we’ll prioritise those aged 80 and over, care home staff and residents and those working within health and social care. https://t.co/q6Wa5MwbPn",Neutral,2
When do we get to see the vaccine in Kenya ? https://t.co/Nd2diUYEJP,Neutral,2
"Until we know whether the vaccine can prevent the spread of the disease we must observe hands, space ,face. [This applies to all the vaccines] https://t.co/UKLSCxcn0C",Neutral,2
no vaccine for children it will be for adults only #COVID19 https://t.co/nRADuX1tTB,Neutral,2
"The people who think the coronavirus vaccine is an attempt by Bill Gates to track them with microchips, have they ever used Windows?",ProVax,1
"I'm still waiting to hear about the neurological side effects of the case from the Oxford vaccine. And re ANY vaccine, I think we should let #auspol go first in case they drop off the twig US company says early data signals COVID-19 vaccine is effective https://t.co/9FavCC3o5T",AntiVax,0
Bring it on! Pfizer will seek FDA approval for COVID-19 vaccine in DAYS https://t.co/Dfb98EOOjM via @user,ProVax,1
"Pharma giants control the #Covid #vaccine patents, driving up their profits and restricting supply to a few rich countries. But in days governments will vote on a plan to suspend #patents so the whole world can benefit. Let's make sure it passes! Join in: https://t.co/NYp0622hft",ProVax,1
Pfizer's COVID-19 Vaccine News Throws Bitcoin Rally Off Course $PFE $BTC $ETH $XRP $LTC https://t.co/ieE79DeiTg,Neutral,2
@user Pfizer has made it clear - its vaccine project was NOT PART OF WARP SPEED.,Neutral,2
Why does a #vaccine need a PR firm? https://t.co/FfqBPzQL7E #COVID19 #CovidVaccine #coronavirus,Neutral,2
"Btw, it's Nov 9th and coronavirus is worse than ever and there's still no vaccine. It's not a hoax.",ProVax,1
"What do fellow GPs think? If practices are able to focus on delivering covid vaccine more like flu, if the successful flu vaccine campaign was anything to go by, we could do first injections all our high risk and over 70s at our practice within 6-8 weeks.",ProVax,1
"a better outcome than expected at protecting people from Covid-19 in a pivotal study, a milestone in the hunt for shots that can stop the global pandemic. They asked the FDA to permit wide use of the vaccine for the new coronavirus by end of November. https://t.co/pVD7ZxLSJr",ProVax,1
"In a year or two, after we have a vaccine for CoVid & the opportunity to reflect on life since March 2020, we are going to see that this was one of the most disruptive events of our lifetimes, one that literally changed EVERYTHING about how we live our lives.",ProVax,1
I see the government is scare mongering again to make sure they're not stuck with all the covid vaccine they've committed to buying 🤦🏼‍♀️,AntiVax,0
"There has never been a Vaccine to eliminate the ""flu"", subdue it but never eradicate it, it has regularly re-invented itself & Covid will do the same.",Neutral,2
@user Liberty is being crushed by the tyranny of the Covid19 hysterics. Let the terrified take the rushed vaccine. I'll take my chances with the known risks of the virus tested on millions with >99.95% safety rather than the unknown risks of the vaccine.,AntiVax,0
"South Korea has signed a deal with @user to purchase the company's COVID-19 vaccine, @user reports https://t.co/9CMPITadaZ",Neutral,2
Busted in another lie. @user didn’t want the Trump stank on its vaccine. https://t.co/fDt0gXfbYy,Neutral,2
@user Now it has. There's a vaccine from Pfizer that's 90% effective. How about that for timing?,ProVax,1
My conversation with @user of @user on the @user the #COVID19 vaccination plan and India's growth prospects 👇 https://t.co/MdBiDKjcgE,Neutral,2
@user I think it’s an RNA vaccine so it edits your DNA to make the symptoms of COVID-19 less severe. You know the symptoms that range from nothing to death. CRISPR. Count me out for that injection.,AntiVax,0
@user XBox Series X | Pfizer Damn i I hope they aren't exclusives.,Neutral,2
"@user I don't think this is entirely true. A company I worked for was bought up by Glaxo, and as far as I am aware they do not own Pfizer. This seems to address this fairly accurately (to my knowledge) https://t.co/1csYIaBdZq",ProVax,1
"A Pfizer vaccine is great news, but the small print shows it’s not the silver bullet we would hope says @user for a new article for @user https://t.co/DNIpjjzRW2",ProVax,1
Allergy Warning For Pfizer Vaccine After Health Workers Suffer Reaction https://t.co/KC2un1t0Rz,AntiVax,0
"Well, if this is true. I hope that the Government will equitably distribute the vaccines. Not only for those who have the power and money to avail. https://t.co/b9brVS6nfO",ProVax,1
Not an expert and call me a skeptic but a 90% effective (alleged) vaccine that messes with dna for a virus that is 99+% not fatal???? https://t.co/TBmWe0KHvQ,AntiVax,0
Most awaited good news has arrived from #Israel yesterday. Israel had successfully made a Corona Vaccine. The process is in its final stage. We hope that they will successfully complete the trials and soon world will get the vaccine. Hope for the best. #JaiHind #jaibharat,ProVax,1
pfizer and BioNTech say its vaccine is 90% effective in preventing COVID-19 https://t.co/2fuaSKkWFM via @user #design #solocosebelle,Neutral,2
This is an informative article about the truth of the #PfizerPressRelease regarding their COVID-19 vaccine. What it implies vs what it actually said. https://t.co/OKB1B7hTbO,Neutral,2
COVID-19 vaccine is coming https://t.co/mLWjCrX7l8,Neutral,2
"Details about China's phase 3 coronavirus vaccine trials revealed, participants say it gives them hope https://t.co/4zx2yvnPVx",Neutral,2
"@user Little Marco, since U got the #CovidVaccine before the #FirstResponders can U now take a 12 hour shift at a hospital and help the infected. #ManUp",Neutral,2
Who in their right mind would want a vaccine at an “apparent” 90% effective rate... when most healthy people’s immune system is at 99.97%.. #CancelTheLockdown #nolockdown #COVID19 https://t.co/BNUniXIYI9,AntiVax,0
"$Pfizer said it’s #COVID19 vaccine is 95% effective (vs 90% in previous early results) and had no serious side effects. 94% effective in older adults. Of 170 cases, 162 in placebo. Of 10 severe, 9 in placebo. This is huge success https://t.co/uxpKPlEDVg",ProVax,1
@user Didn’t he get COVID? Why does he need a vaccine? Doesn’t he have antibodies?,AntiVax,0
"@user It is so ridiculous that the first vaccine was test by a person,it's should be used in animals. Unless COVID－19 was made by USA.",AntiVax,0
CoVPN #COVID-19 Vaccine Efficacy Trial Immune Correlates SAP: https://t.co/LQNcATEfx4,Neutral,2
"the covid-19 vaccine, developed by the company Pfizer (who also btw developed Viagra) shouldn’t be hard to resist! https://t.co/EH0YWSY7Sd",ProVax,1
"We have no way of possibly knowing what's in theirs vs what's in ours. I trust these ""people""none whatsoever!! I'm getting it but not bc of these people! ""Obama, Bush and Clinton say they will take the COVID-19 vaccine publicly to gain public trust"" https://t.co/GXpPGzb2Lg",ProVax,1
"WHO Director-General Dr. Tedros Adhanom admitted publicly that Wuhan coronavirus (COVID-19) vaccines will not work, and that a “cure” may never be found https://t.co/Ry4qib7X8A",Neutral,2
Health care worker without history of allergies hospitalized in ICU following severe allergic reaction after receiving COVID-19 vaccine https://t.co/qURK0v61LL,Neutral,2
"@user Covid19 or an unproven vaccine. The statistics show that Covid19 is only fatal to a very small % of the population. In the upper age brackets with health issues. The vaccine is rushed by govt and pharma with no legal recourse. Great Reset, WHO, Gates...no thanks",AntiVax,0
Of course. No need for vaccine! https://t.co/GYhjiecVn9,AntiVax,0
"Question: If our immune system is 99% effective at surviving #COVID19, and so is the #CovidVaccine, then essentially the vaccine does nothing, right? So... what's in the vaccine...? Why push it...? https://t.co/TG7SEcwl4m",AntiVax,0
"PM Modi ji was briefed about indigenous COVID-19 vaccine of Bharat Biotech at its facility in Hyderabad, Telangana today""Congratulated scientists for their progress in the trials so far.Their team is closely working with ICMR to facilitate speedy progress,"". @user https://t.co/nce1GPKc8e",Neutral,2
"turns out pfizer's CEO took advantage of insider knowledge to personally make 600k profit playing stocks over the vaccine, in case all the centrist dickheads who were gloating about how great private pharma companies the other day were wondering how it's going",AntiVax,0
"@user reports of a potential #Covid19 vaccine is surely good news for us all. Fingers crossed continuing tests prove successful, at least it gives us hope! #StaySafe",ProVax,1
Yesterday's interim data readout from the trial of the #Pfizer/#BioNTech #COVID19 #vaccine BNT162b2 was as good as one could hope for - let's hope the final data are as good - in the meantime can journalists please drop the gamechanger trope? It raises expectations unnecessarily,Neutral,2
Hopefully this is good news regarding the vaccine regarding #COVID19. I see #MikePence is saying it is all done to some lad called Trump. #Aweektolate.,ProVax,1
PM Modi says mobile technology to be used for Covid-19 vaccination drive – Times of India https://t.co/pGG3nenaSM,Neutral,2
"Why? "" Important While the vaccine may help protect you from coronavirus, it's still important to follow social distancing guidance and other restrictions to keep each other safe."" https://t.co/ZgIWrRc8th https://t.co/UJKyz94hO9",Neutral,2
@user You lie. Pfizer refused government funding because Trump (and you) politicize everything. I trust Pfizer and I’ll wait for vaccine approval. I don’t trust an administration that lies and can’t differentiate between a hotel and a landscape company. https://t.co/yXCCo3KGgT,ProVax,1
"If you extrapolate the data, can 30 million Americans afford to take a failed vaccine? #COVID19 #CovidVaccine https://t.co/n49isyNt4l",AntiVax,0
9 things to know about this Covid-19 vaccine fraud on the internet https://t.co/2IHXYMyBl9 via @user BE ALERT............,AntiVax,0
An amazing Alliance coming together to support countries in COVID19 vaccine delivery https://t.co/WUllvH0jvG,ProVax,1
"@user Lies and hyperbole. Safer gun laws does not mean trampling 2nd amendment rights. And are you talking about the Vets you think are losers and suckers? While we're at it, where's your healthcare plan? Where's the COVID vaccine you promised by the election? LOSER!",ProVax,1
🤞🤞🤞🤞🤞 for the Pfizer vaccine. A bright light at the end of a dark tunnel #vaccine #coronavirus,ProVax,1
"With the widespread availability of #Covid19 vaccines approaching and 50+% in many Western countries indicating they will not take the vaccines any time soon, I can see an impending ""Belarus moment"" if freedom restrictions follow.",Neutral,2
@user side effect profile seems to be better for Pfizer/BioNTech.,ProVax,1
I see that Pfizer and BioNTech are trending because of a medical breakthrough for a COVID-19 vaccine. My thoughts? They say it's 90% effective still not taking it. Give me a higher effective rate of 99% or above I'll consider it.,AntiVax,0
"Dewine? Why are people so mad at you. You are destroying Ohio, destroying small business, destroying our kids .Threatening to mandate a Covid vaccine. We want our freedoms back. @user",Neutral,2
I don’t wanna hear shit from people worried about the “long term effects” of the vaccine but are in no way worried about the actual long term effects of COVID19 https://t.co/Vo4B8OKkFW,ProVax,1
"@user If you have a valid reason that’s alright but it’s the the ones that have totally lost their minds.. the everyone who believes are sheep, coronavirus isn’t real, vaccines are to track you blah blah just shite😂",ProVax,1
Well of course the Democrats and the elite will push for Pfizer vaccine at 90% affective because otherwise it would be racist And ineffectively not diverse enough https://t.co/RsUneSmBdQ,AntiVax,0
🌞Good news Tuesday: First UK (& world for this particular vaccine) patient receives COVID-19 vaccine this morning 💉 https://t.co/dfeI44ucJG,ProVax,1
"According to the most recent wave of our Coronavirus tracking study, sports fans say that a drop in the infection rate and/or a vaccine would be signals that it is safe for them to return to the stands. @user #sportsbiz #covid19 https://t.co/W4FmaI5Mn0",Neutral,2
Coronavirus may pick up some mutations that help it evade our immune systems. But the slow mutation rate bodes well for vaccines currently in development for #Covid_19. Via @user https://t.co/EISCfy3hUI,ProVax,1
"GREAT, Now we have a COVID vaccine that is 90% effective at best, in treating a CORONAVIRUS that has a 99.5% recovery rate. Maybe if we play our cards right we can get a vaccine for bad breath and other ""deadly"" conditions?",AntiVax,0
@user II.1.4)Short description: The MHRA urgently seeks an Artificial Intelligence (AI) software tool to process the expected high volume of Covid-19 vaccine Adverse Drug Reaction (ADRs) and ensure that no details from the ADRs’ reaction text are missed,Neutral,2
Please don't avoid the vaccine due to contempt for the government. It's safety testing will be as vigorous as any other vaccine and independent of what the UK or any other gov wants 1/2 https://t.co/bWpabhkcEf,ProVax,1
"Thank you @user and your government for procuring these vaccines. No thank you to @user who is withholding COVID funds from Albertans and won't shut down to save Christmas because of ""Ideology"". #FIRETHEUCP #AbLeg #abpoli https://t.co/y2uyWegaek",ProVax,1
"@user Not quite sure about the new moderna process, but it sounds faster than old school production from eggs, so that could be helpful",Neutral,2
Laughable -We now have a vaccine -Therapeutics developed cured 74 yr old obese male in 3 days -Hospitalization/mortality rates down dramatically -Recovery rates 0-19 99.997% 20-49 99.98% 50-69 99.5% 70+ 94.6% But #Biden will save us https://t.co/mYNdbN4C0P,AntiVax,0
US approves Roche covid-19 test that measures vaccines antibody response https://t.co/VLcYpjYE9v,Neutral,2
"This is good news but since I'm still suffering the long-term effects of COVID-19 (on ~8 months of it), I'll wait for the full trials to be done and studied and for the respectable doctors (e.g. virologists) to okay the vaccine in order to take it. I'm tired of being sick. https://t.co/9j8raO6r6t",ProVax,1
It seems more a vaccine to cure the rat not to end his misery in the maze #ratmaze https://t.co/tu4VpuTH1W,AntiVax,0
NO THANK YOU!!! Pfizer says its coronavirus vaccine is safe and 95% effective and that it will seek regulatory review within days https://t.co/mf8h5FZnTP,AntiVax,0
"While the latest vaccine news provides us with hope, we cannot forget our responsibility to curb the spread of COVID-19 right now. That means wearing a mask, staying home when you're sick, socially distancing, and getting tested. Together, we will get through this. https://t.co/aTBq3QEND5",ProVax,1
"@user Please name the shareholders and execs connected to Trump. With the vast interests he has in @user he stands to make at least $500 bucks with a 50% return. But word your tweet so that it gives exactly ZERO information, but pure #EnemyOfThePeople speculation.",Neutral,2
Good to hear @user has had his St Paul on the way to Damascus moment today. The Pfizer #Covid19 vaccine is HUGE news for the world. And there are many more vaccines coming right behind it. Amazing news and should give us all hope. All in the last 7 days have been just great!,ProVax,1
"The state government is ready to set up a regional Covid-19 vaccine storage centre in Chitradurga from where the vaccine will be transported to Shivamogga, Davangere, Ballari, Koppal and other neighbouring districts @user https://t.co/3xTP29F6wu",Neutral,2
In all this stress the one thing that makes me smile is knowing the vaccine will be safe under Biden and Fauci. Because they where out of their MF’n minds if they thought I’d take that snake oil shit from Trump. I shutter to think if Trump won how screwed we’d be. https://t.co/xOLDFNUzhc,ProVax,1
"Not a great day to think anything vaguely positive about #Russia. But maybe we should be a little more interested in what this #RussianVaccine project is achieving, rather than so universally pissing on it. https://t.co/mqy2XxFxDF #vaccine",ProVax,1
y’all trust this vaccine Pfizer is saying is over 90% effective??? because i sure don’t. not yet at least.,AntiVax,0
Hope is on the horizon. Regulators have said they would approve a vaccine that is just 50% effective – protecting half those who get it https://t.co/mw4ckKshPM,ProVax,1
@user This is less suspicious than Iran releasing the hostages after Reagan won his election.,Neutral,2
These conspiracies about the COVID-19 vaccine are fucking stupid,ProVax,1
"Under the leadership of @user , we have developed a COVID-19 vaccine in record time. This is HUGE news as we fight to protect the lives and livelihoods of ALL Americans. #gapol https://t.co/67OI3Ky8mM",ProVax,1
Let's all hope this Covid19 vaccine concludes trials successfully and leads to mass immunisation and a return to near normal in the year ahead. Fingers crossed for everyone 💙🤞,ProVax,1
Covid19 Corona virus vaccine update: #COVIDー19 #CoronaVaccine #FDA https://t.co/xtVGfVchI3,Neutral,2
Two doctors discuss the importance of getting the COVID-19 vaccine after one of them brought the virus home to his family https://t.co/WjCRvuXzmk via @user,ProVax,1
"Pfizer Inc applied to US health regulators on Friday for emergency use authorization (EUA) of its COVID-19 vaccine, the first such application in a major step toward providing protection against the new coronavirus. https://t.co/MV4BNIAtqJ https://t.co/qG6BXzeqjE",Neutral,2
No way I'm taking a vaccine that Joe Biden tells me I need take. https://t.co/7QkfFQNml9,AntiVax,0
"@user In interviews, debates, at rallies Trump said time and time again that an announcement about a vaccine (he mentioned Pfizer specifically) was just weeks away. No one believed him as usual. Well he was right...again",Neutral,2
"Still some important questions over the effectiveness of the Pfizer vaccine. Does it prevent transmission? Big practical difference between ""don't get covid at all"" and ""get it low-level, can still infect others"".",AntiVax,0
There is a lot of skepticism about the covid vaccine and yet some liberals are wishing there were even fewer vaccine regulations.,Neutral,2
"Vaccine hesitancy may undermine fight against COVID-19, UK report says #UK #coronmavirus #vaccine https://t.co/0PH7GddSwr",Neutral,2
Correct me if I am wrong But won't People with #Antibodies against #SARSCoV2 Have NO BENEFIT with #mRNA #vaccine?! #Covid_19 #COVID19 #pandemia @user,AntiVax,0
I am extremely #PfizerProud that we are one step closer to potentially delivering a #COVID19 vaccine that could help halt this pandemic. #PFEColleague https://t.co/stSrxOgrHY,ProVax,1
No Thanks! Does Bill Gates own Pfizer Inc? Relationship between tycoon and potential COVID-19 vaccine explained! – HITC https://t.co/TTtk16xqDQ,AntiVax,0
@user confirmed as Hamilton’s seat and Pfizer announcing vaccine approval in UK.,ProVax,1
"Biden won against Trump, Pfizer just announced that its COVID19 vaccine 3rd phase trial is successful, Please Lord more good news pleasee!",ProVax,1
$HALB let's goo! No one wants a rushed vaccine. Period. https://t.co/MKK5DtWNFD,AntiVax,0
@user A week ago health experts and prisons were sounding the alarm due to the explosion of COVID in prisons and Cuomo excluded prisoners from vaccines. Prisons-nursing homes -Petri dishes. NYPost the only report on your outrage. Faux Stefanik does not care about COVID,Neutral,2
"@user Totally agree! Also, when the first vaccine against Covid is released, politicians need to be the first candidates to step up to the plate and lead by example.",ProVax,1
"I know at some point I’m gonna be faced with a choice to take this sh**, but is this the kinda side effects I’m gonna have to worry about? Australia Scraps Covid-19 Vaccine That Produced H.I.V. False Positives - The New York Times https://t.co/3vndKowSVn",Neutral,2
"@user ... 3-4 months supply of Biontech we have ordered. There are 3m health and social workers in the UK, about half over 45. those should be the priority, given their exposure rates and the importance of keeping them healthy.",ProVax,1
@user So we have flu vaccines and still have the flu. Why are so many pdople pushing for a covid-19 vaccine? What could Gates and Fauci be up to? Don't get the vaccine!,AntiVax,0
@user What are the plans for the rollout of the Moderna vaccine to the general public in Canada ? I understand the first batch going to territories & Northern communities.,Neutral,2
"According to the msm, covid-19 has officially run amok. Can I get the single shot vaccine now please? 8m in the high risk category.",ProVax,1
@user Thank you President Donald J Trump for all your hard work with the vaccine the FDA has just approved COVID-19 vaccine. Thank you and may God bless you Mr. Trump,ProVax,1
"Oh my, I can hear the racist cat calls from here. He should give the vaccine to Somalia first. Seems fairest to me. https://t.co/e3OzVaxkTC",Neutral,2
"Too good to be true. Initial test subjects for the COVID vaccine were 94 people which can be highly skewed, needs further testing on general population On a good note, Pfizer pharm didn’t take a single cent from American taxpayers $ to develop this vaccine which is shocking imo https://t.co/nNEFyGwBi4",ProVax,1
"Good news. Although, we won't get a vaccine until summer I think. https://t.co/LfpGkgRhL5",ProVax,1
"@user Bill Gates admits that 700,000 people will be harmed or killed by his coronavirus vaccines https://t.co/1dATbHy6I2 https://t.co/7Jg72PcBaA",Neutral,2
"Stocks surge to all-time highs amid COVID-19 vaccine hopes, Joe Biden victory https://t.co/pvhLXA0OE9",Neutral,2
"@user I'm so grateful that you are putting our children and teachers first, my question if the children return before there is a vaccine, would parents have the choice to send the children to school ? I'm unhappy playing Russian roulette with my childrens lifes.",ProVax,1
But according to press conferences/releases GPs are expected to deliver the Covid vaccine 12 hours a day 7 days a week including BHs (with targets) essentially at cost? (No actual letter yet...) https://t.co/L4imMSpWUD,Neutral,2
"All this news of a COVID-19 vaccine today, inject it into my veins! (Like, actually inject it into my veins so I can go pub).",ProVax,1
"Covid-19 vaccine candidate is 90% effective. Straight into my veins. 💉💉💉🧪🧪🧪🌡🌡🌡🦠🦠🦠🧬🧬🧬 https://t.co/xWLR9CEY1r",ProVax,1
"I love science, so even though I cannot personally receive a covid vaccine for medical reasons, I’m still rooting for it :) please work 🤞🏻",ProVax,1
@user Herd immunity isn't worth talking about without a vaccine because of the ENORMOUS number of people that would have to get it. Remedies for COVID? Tell me more.,ProVax,1
"@user Any vaccine cleared by the WHO is good with me. We've been in lockdown and wearing masks to limit the Covid-19 death toll until a safe vaccine is available. I don't understand why, when there's progress, people suddenly distrust the science.",ProVax,1
@user That is fine. But then they should also wait with the press release,Neutral,2
"Today we announced several important advances in our effort to battle #COVID19. From proceeding with our collaboration agreement with BioNTech SE to accelerate vaccine development, to antivirals that show potential to treat the virus, we... #PFEColleague https://t.co/Q7GcT7wJEA",ProVax,1
"Always a good idea to remain skeptical of science by press release, but this does seem like very good news. Not just for this particular vaccine, but for Covid-19 vaccines in general. https://t.co/rMoUtOMDni",AntiVax,0
Fewer people say they would take a COVID-19 vaccine now than 3 months ago 😳,AntiVax,0
@user There are people losing their lives to the virus and this is the protection that will help us get back to normal. We as a nation need to be open to taking the vaccine to help us get rid of the limits the virus has put on us. #coronavirus,ProVax,1
"Praying the news re the COVID19 vaccine is true. Also, what does 90% effective mean? Are other vaccines not 99% I guess there will always be a margine of error and given how minor COVID19 really is, that sounds good to me.",ProVax,1
Hackers 'try to steal Covid vaccine secrets in intellectual property war' https://t.co/aoTyWLevP3 #COVID19 #coronavirus #Hacking #vaccine #Russia #China #Iran #NorthKorea,Neutral,2
Trudeau says he hopes to see COVID-19 vaccines roll out in Canada in early 2021 https://t.co/d9hWYcHieX #cdnpoli #COVID19 #vaccine #nationalnews https://t.co/hP0gWQhORF,Neutral,2
"I live in southwestern Michigan, between Grand Rapids and Kalamazoo and equidrivingdistance between Chicago and Detroit. I have not seen contrails like this in years... Kalamazoo International must be a parking lot waiting for Pfizer's emergency approval. #Pfizer #vaccine 🖖🐢 https://t.co/d6x8FD4crN",Neutral,2
If vaccines are available for my 30th birthday I will fucking cry like an infant child https://t.co/LnRnXKK50Q,ProVax,1
"Concerned about global equitable access to potential #covid19 vaccines, some UK politicians support the IP waiver proposal currently on the table at the @user writes @user https://t.co/FLJ6q608Am",Neutral,2
no one requires a flu vaccine to do anything so i feel like they shouldn’t force us to get the covid one when the flu kills more ppl,AntiVax,0
"Thanks to President Donald Trump’s Operation Speed, a COVID-19 vaccine is close to release and, according to researchers, it is 90% effective in stopping the spread the virus. A So much for Joe Biden’s demonstrably false claim that “Trump has done nothing? https://t.co/xEFyKEoXnk",ProVax,1
Team Europe contributes €500 million to COVAX initiative to provide one billion COVID-19 vaccine doses for low and middle income countries https://t.co/FKvOLBYe7U,ProVax,1
Covid vaccine: First vaccine offers 90% protection #COVID19 https://t.co/i0rkqjKS5p,Neutral,2
That a HARD NO! You can shove that vaccine up your ass. 🙃 https://t.co/0DlUF04zms,AntiVax,0
Novavax on track to begin US trial of Covid-19 vaccine this month – Times of India https://t.co/WijbXEM926,Neutral,2
"I don’t know why so many people are worried about the covid vaccine being rushed and dangerous. Even if it could kill you, who wants to be stuck on the planet if all that’s left is a bunch of anti-vaxxers anyways.",ProVax,1
@user I appreciate your effort to conduct this whole process in such a good way & I know that though it may take time but togather we can fight & beat the Corona. I hope the indigenous vaccine in trial would also be a success & India leads the world in diminishing the enemy.,ProVax,1
"Crucial Results for Promising Covid Vaccines Due in Weeks. First results should be enough to “give us a very good idea of where we’re heading,” Airfinity Chief Executive Rasmus Bech Hansen said. “They are moving faster than one could have anticipated.” https://t.co/yZp3vnpXxV",ProVax,1
#Covaxin #Covid_19 Human trial starts today in INDIA 🤞Hope for the Best🤞 https://t.co/RIMq4gYmmT,ProVax,1
@user I blame the Illuminati. They've taken their eye off the GAA while they're working on controlling our minds through the Covid vaccine 🙄,AntiVax,0
"@user If covid has a cure, than its not a deadly pandemic and the whole narrative pushed on us is a hoax. Also if covid has a cure, ""lets vaccinate everyone"" narrative is also a hoax, therefore Pharma, Gates, China loose trillions in potential vaccine revenues.",AntiVax,0
"After all the crap we’ve been through with COVID, the only thing left is for the vaccine to be a suppository. *stolen post* https://t.co/orkmKWtHlG",Neutral,2
@user News said that Iowa won't be getting the Pfizer amount they thought. Happy to see this 👍,AntiVax,0
Another excellent conversation on an important topic with ⁦@user How to Fund the Search for a COVID-19 Vaccine and Boost the Recovery - Bloomberg https://t.co/XuQ2Sl2vrl,ProVax,1
"Do NOT take any Covid-19 vaccine, it’s a trap",AntiVax,0
@user I’m receiving my Pfizer vaccine today!! Thank you so much President Trump!!❤️🇺🇸,ProVax,1
"An excellent thread on today's developments of a #covid19 vaccine - it's a great start, but still lots to come and consider. 👇 https://t.co/WxI7tHLi6k",ProVax,1
"I don't want a vaccine for a virus with a >99% survival rate, but still, watching the left turn into anti-vaxxers overnight because Orange Man Bad has been a sight to behold. https://t.co/WaBdbtkaPV",AntiVax,0
@user 계획) vaccine warp speed spread 현실) corona warp speed spread,AntiVax,0
@user Pfizer is looking to get legal protection maybe or maybe there is a rat race to get indian vaccines approved first in india https://t.co/KqaqQGoh2j,Neutral,2
Why you guys are waiting for 2021.. you think Corona will vanish in 2021 ?.. or it's bcz of the vaccine ? If that's the case then I hope vaccine works without any side effects #AngelinaJolie https://t.co/Wfgg4NotUJ,Neutral,2
And this will be what saves American ... 90% effective vaccine ... https://t.co/J7g9slS89V,Neutral,2
Niggas drink lean and take perc but won’t get a COVID vaccine.,ProVax,1
"In a recent LinkedIn post, Pfizer’s CEO Albert Bourla outlines the economic and societal value that rapid, reliable delivery of a #COVID19 vaccine could bring: https://t.co/8rQQZth4XQ #PFEColleague https://t.co/07V2fAQIMB",Neutral,2
Vaccine scam targeting senior citizens: (NBC) – The government is warning senior citizens to watch out for COVID vaccine scams. It is important to know that Medicare covers the vaccine. https://t.co/29zhqj7zMX #scam #phishing,Neutral,2
Covid vaccine: First vaccine offers 90% protection - this is amazing news 📰 looks like 2021 is going to be better 🤙🏾 #COVID19 https://t.co/SNVHGnfIe7,ProVax,1
"Right. These gloves on moderna workers tells us everything we need to know👇 There's no vaccine (and certainly no ""virus"") What we've had over these past 6-8 months, under the guise of ""testing for virus"" is basically DNA collection on a level never seen before. https://t.co/5Kd4UgVcam",AntiVax,0
@user Do your research! The Pfizer vaccine is same type of messenger RNA as Moderna’s. Never used on humans before. Delivered through nanoparticles? No thanks! https://t.co/nYIZG3QTub,AntiVax,0
"Dolly Parton ‘saved the world’ by funding coronavirus vaccine, Twitter users say 👏👏 https://t.co/Y9hdzWCq4W",ProVax,1
News: #UK approves Pfizer/BioNTech COVID-19 vaccine and could begin vaccinations next week. @user,Neutral,2
 https://t.co/j0znXnWwax While AI can play a large role in the medical field as a whole the impact it can have on COVID can not be understated either. AI may be able to help find a vaccine immensely faster than previously thought.,ProVax,1
"@user umm.. why might I not be interested in a bridge? I don't get the analogy...I am not buying the covid, suncream, sat fats, fluoride, vaccine, Statins etc.. scams but what is wrong with a nice bridge?",AntiVax,0
Every nursing home in Ireland could have access to a coronavirus vaccine by Christmas or early in… #News https://t.co/Tgd9MvyX9Y,Neutral,2
California #Dental Association #CDA #professionals #phase1 #COVIDー19 #vaccine #distribution #plan #medical #health #healthcare 🦷 https://t.co/nBJwu78Fle,Neutral,2
"Me too - and I speak as someone with severe allergy issues, so concerned I may not be able to have the Pfizer vaccine!",ProVax,1
"@user Covid-19 vaccine from Pfizer and BioNTech is strongly effective, early data from large trial indicate : https://t.co/kpB1hOXOLZ",Neutral,2
"Special Assistant to the Prime Minister on National Health Services and one of Pakistan's top physicians of infectious disease, Dr. Faisal Sultan has announced that Pakistan is going to start vaccinating people from April 2021.The best part? Free of cost.#CovidVaccine #COVID19 https://t.co/9cZv8w91K5",ProVax,1
Dr. Fauci says it appears Covid strain from Danish mink farms won’t be a problem for vaccines #IPAC #COVID19 #Vaccine https://t.co/nLfU1vET29,Neutral,2
anti-vaxxers already refusing to take the new coronavirus pfizer vaccine pffffff,Neutral,2
Women Scientists lead the South African leg of the Phase 3 Janssen Efficacy COVID-19 vaccine trial. https://t.co/KicRo5lS2K https://t.co/GklRZEAexc,Neutral,2
Honestly can they like give me the vaccine for COVID-19 so I can go watch football again cos I’m bored asf.,ProVax,1
SANTA PLEASE I WANT THE CORONA VACCINE FOR CHRISTMAS,ProVax,1
Covid-19 vaccine: First person receives #Pfizer #COVID19 vaccine in UK - BBC News https://t.co/3KyEZykqgj,Neutral,2
"@user Yea, Trump announced one the other day from Pfizer https://t.co/MdatqxwKRL",Neutral,2
"The idea that old vaccines might have a role in the fight against COVID-19 has been floated since the early days of the pandemic. Vaccines stimulate the broad, innate immune response, which appears to play a key role in fighting COVID-19. https://t.co/6Flg0fFi5i",ProVax,1
"Accessible, affordable COVID-19 testing, vaccine for the poor https://t.co/nbtoa1YVUJ",ProVax,1
"I won't be taking any vaccine. I've had the most damaging one of them all, COVID-19 itself, and left with no bloody sense of smell.",AntiVax,0
"Moderna and other COVID-19 vaccines candidates like the Pfizer - BioNTech SE, AstraZeneca and NOVAVAX INC. are changing the way vaccines are made with revolutionary and technological breakthroughs. Moderna at the start of the week…https://t.co/XzHJNTEBRy https://t.co/ifdcIwZvvt",Neutral,2
"As a vaccine for COVID-19 gets closer and closer to approval, there is a concern rural counties may have to wait longer or don’t have the right storage. https://t.co/PHSEbcnrkg",Neutral,2
"@user With Covid19 there is a 99% survival rate. With odds like that it‘s better to get infected with the virus than to take a chance with a vaccine that could kill, sterilize, alter your DNA or damage your immune system.",AntiVax,0
"This is 100% false. Pfizer's vaccine was not produced through any public funds or with any help from Trump's Operation Warp-Speed. Hard to believe that Pence would lie, but there you go. https://t.co/r4Rl8BydFJ",Neutral,2
"@user Hunh. My understanding of herd immunity is through vaccination. Either way, for COVID-19 I know for sure that the only way is through a vaccine. A friend of mine got it, recovered, and was tested a few weeks after for antibodies. She didn't have any. Apparently, that's common.",ProVax,1
"@user But afande, he could be working out something on COVID vaccine. You guys have ruined his research.",ProVax,1
"I see a lot of people talking about Pfizer, comparing the vaccine and Viagra. ""Ohh y'all will take the blue pill but you won't take the vaccine!!"" Viagra was an accident. That wasn't it's intended use. 🙃 Maybe just do you and let other people worry about themselves.✌️#Pfizer",AntiVax,0
"@user And with the flu, we have a vaccine. Not enough people get it, but at least a little bit of herd immunity helps slow the spread. The only thing standing between Covid-19 and the elderly people in my life is the collective behavior of the whole community.",ProVax,1
It would be really a miraculous achievement by Moderna in association with Operation Warp Speed to develop the Coronavirus vaccine of 95% accuracy to mitigate the contagion within this year. It would be a commendable accomplishment by the Trump Administration. https://t.co/MoB9ZfuGXz,ProVax,1
@user Sorry but they never had any vaccines in the past so corona can't infect them,AntiVax,0
Amid surge in COVID-19 cases Mr. Trump made $ 2 billion contract with Pfizer & a German biotechnology company for 100 million doses by dec.2020 speaks Creator is Merciful first played havoc with lives but later gave wisdom to men to unlock vaccine is not less then a miracle.,Neutral,2
Stock market roars higher after Pfizer coronavirus vaccine news https://t.co/RIL5ud4HHG #stockmarket #stocks #finance #news,Neutral,2
Avoiding the coronavirus vaccine might prevent you from accessing some businesses https://t.co/5chwLINxQc,Neutral,2
"@user No interference, Pfizer didn't want any association with Trump, that's good business if you want your vaccine taken seriously. #bleach",ProVax,1
"He worries about the skyrocketing COVID numbers, the spread of the virus among students, the affects on high-risk teachers and adults, the lack of people wearing masks and the lack of a vaccine.",ProVax,1
"My backlog, while not finished, I finally completed a few games. My art has improved & I aim to continue! I’ve also met a few new friends online! I hope when COVID calms & vaccines are widely available I can safely meet them one day 🥺",ProVax,1
"Dear @user As someone who falls in the 3% for whom the shingles vaccine doesn't work, excuse me if your possible 90% effectiveness rate doesn't excite me. #CovidVaccine #COVID19",AntiVax,0
What we still don’t know about COVID vaccines after the U.K.’s emergency-use authorization of the Pfizer-BioNTech candidate https://t.co/8HpQYPIBMX,Neutral,2
#Exxon will be replaced w/ #Salesforce who has begun mass layoffs a day after adding $60 billion to its market cap. Also being dropped from the #Dow are #Pfizer & Defense Contractor #Raytheon. They will be replaced with #Honeywell & #Amgen. https://t.co/CEBQbChZLg,Neutral,2
Interpol warns that Covid-19 vaccines could be targeted by criminals https://t.co/Mu1loKBqVJ,Neutral,2
"@user No...more uncomfortable with getting coronavirus and it's side effects...like fever cough tiredness aches/pains diarrhea headache loss of taste/smell, rash to name a few...oh and the biggie death I'll be glad when a vaccine comes",ProVax,1
@user #AajKiBaat #Audit_Quiz #Auditgyan #Fraud #CARO_2016 During the course of Audit of COVAXIN Ltd. Statutory Auditor noticed a fraud has been committed against the company by Covid_Pharma Ltd. (a Vendor) which involves an amount of 1.25 crores. Auditor is required to report under.🤔,Neutral,2
"Do not take this vaccine, africa do not cost covid-19 and we have less case compare to those white people, the vaccine should be tested on them for like 1 year before us, this mad animals called leader can't even give you palliative and they wanna give you a depression vaccine. https://t.co/8rgOPcCmjO",AntiVax,0
@user Trump did very little for the vaccines—some funding. Pfizer and Moderna started their vaccines long before trump even talked about Covid,Neutral,2
Of course she is going to claim vaccines will save us all! https://t.co/008hLeogpq,AntiVax,0
AstraZeneca confirms trials of its COVID vaccine have resumed following confirmation from the regulator that it is safe to do so. @user,ProVax,1
@user Yes. Pfizer's is the vax I was referring to. Moderna is the vax that will be the magic bullet. Luckily it can be used with a pneumatic injection device as well.,ProVax,1
$Covid19 vaccine https://t.co/Dp0ZKnLZYi,Neutral,2
"Australia increases COVID-19 vaccine support to Pacific Islands and SE Asia, but opposes trade rule changes on vaccines. https://t.co/VgAdCCU3Ho https://t.co/6QO9veOroV",Neutral,2
"@user Mostly because #Fauci says it’s safe. Secondly, the side effects of the vaccine pale in comparison to the effects of #COVID19",ProVax,1
This is very encouraging!! I've been hoping for a vaccine in 1Q21 so I can confidently travel to my favorite nephew's wedding in northern California in April. 😍🤵👰 https://t.co/H8gK6xSdgm,ProVax,1
"Top #US infectious disease expert Anthony Fauci is ""cautiously optimistic"" that #vaccination against the #coronavirus will be a reality by the end of the year or by 2021 and places his doubts on those developed by #Russia and #China. #RussianVaccine #Careandwelfare #NewsUpdate",ProVax,1
BREAKING: COVID-19 vaccine '90% effective' https://t.co/D4BCIFtIwb,Neutral,2
"Scientists around the world were diligently working on a vaccine long before trump uttered the words “next dem hoax” and “gone by Easter”, among other ridiculous denials. #COVID19 #COVIDIOT https://t.co/IzIbUv7Nzb",Neutral,2
Awesome and simple 2 minute explanation of how the COVID RNA vaccines work.,ProVax,1
"The World Health Organization's Special Envoy on Covid-19 said the announcement yesterday of a vaccine by Pfizer and BioNTech was great news, but one vaccine may not be enough to combat the virus #News #World #Coronavirus https://t.co/ns15sUiGcO",ProVax,1
"If this holds up, this is AMAZINGLY good news: Pfizer's initial coronavirus vaccine trial results indicate it is over 90% effective, more than anyone hoped for, and with low side effects. https://t.co/kx5N3sw4gD",ProVax,1
The UK approves the BioNTech/Pfizer COVID-19 vaccine for emergency use https://t.co/3K9uL3vRfb,Neutral,2
Accounts like this spreading bull shit misinformation about coronavirus needs to be stopped and shutdown before they can fo more damage. #CovidVaccine #COVIDー19 #Covid19UK #coronavirus https://t.co/MhXE53YXho,ProVax,1
@user Genocide in a needle. #COVID19 #coronavirus #vaccine 💉🧪 https://t.co/gSuagZ0G8Q,AntiVax,0
@user Knock knock!!! Who’s there?? AstraZeneca! What the fuck do you want?? Can we come in?? We have just raised $3billion!!! Come in! Shoes off first!,Neutral,2
Spot on I’m certainly not getting the vaccine 💉 #ncyt $alnov https://t.co/P3KPzWchjg,AntiVax,0
This is exciting news! Though I’m not sure I’m mentally prepared for our next major polarization: vaccine advocates vs anti-vaxxers 😩 https://t.co/0r64Nh4Y7W,ProVax,1
"Good news finally, definitely worth reading 👍👍👍 Covid-19 vaccine candidate is 90% effective, says Pfizer https://t.co/hUvZr0o9dT",ProVax,1
"Thank you to 'young at heart' Ivy Smith, 97, who was one of the first people to have the #Covid19Vaccine today at #WilliamHarveyHospital. People will be notified as soon as the vaccine becomes available to them. Find out more: https://t.co/YEvHbLEm6o https://t.co/p5y8ZHKt4v",ProVax,1
"@user Your dad also promised: It will be disappear like a miracle. No one will mention COVID-19 after Nov. 3rd. disinfectant/UV can kill it Hydroxychloroquine can cure it If your dad kept the above promises, there is no need to have COVID-19 #vaccines. Pls help your dad to keep it",AntiVax,0
These are the most hopeful Covid-19 vaccine candidates globally https://t.co/bRA5UpP6Kh,Neutral,2
"In theory, manufacture of covid-19 vaccines using conventional approaches could be scaled up quickly by the four big companies, and by some of the Chinese and Indian companies that make vaccines for markets in the global south.",ProVax,1
No thanks!!!! Don’t trust them or the vaccine! 😈 https://t.co/WWAQrXzfrk,AntiVax,0
"""The day it works and every citizen will get this"" is the thing we all wait for. When will it happen? #vaccine #covid19 @user https://t.co/xFfpFA0o6D",ProVax,1
Brazil suspends trial of China's Sinovac COVID-19 vaccine following loss of life,Neutral,2
"@user You know...even pfizer wants nothing to do with you...they aren't a part of your smokescreen ""operation warp speed"" program.",Neutral,2
"Less than a year after an unknown coronavirus that has claimed 1.4 million lives began spreading across the globe, a number of highly promising COVID-19 vaccines are on the cusp of release. https://t.co/nkMtAR9hCs",ProVax,1
"🙋‍♂️. So after you get this vaccine do you still have to wear a mask? Because, if that’s the case then you can keep the vaccine I’ll just wear the mask 😷 #COVID19 #CovidVaccine",AntiVax,0
"If you voted for Trump, remember you voted for a man who doesn't think I deserve a COVID vaccine just because of where I live 😌",ProVax,1
@user Covid-19 has mutated into AT LEAST 40 different strains. Good luck with your vaccine shot! I ain't taking it. ¯\_(ツ)_/¯,AntiVax,0
"@user Why would you bring Cuomo into this? Why say I, I, I. My adiministration blah blah blah blah. Why bring up Pfizer and money? Why not talk about concern for your fellow Americans, reach out and convince NY the vaccine is safe. What’s wrong with you?",ProVax,1
Great news !! #vaccine #COVID19 #coronavaccine https://t.co/qlGQkg786y,ProVax,1
"We are very excited about the great news from .@user and their #Covid19 vaccine. What a great German startup story, showing how important intl. collaboration is. We also keep cheering for #PrimeVectorTechnologies, a #GermanAccelerator participant https://t.co/57Q57IfDXv",ProVax,1
Which one of his mates will be pocketing the contract for the ‘NHS’ led Covid vaccine program? #DowningStreetBriefing #ToryCorruption,AntiVax,0
"The biggest risk for the market is NOT #covid, whether #schools open, or social unrest. It is the US #election. Ironically the closer we get to the election, the higher the probability of a #vaccine increases which lowers the risk that most are worried about.",Neutral,2
"We will just do like the Democrats, cheat. Copy the vaccine cards, in bulk. All from those of the mindless.🙌🏼👌🏼 https://t.co/aUy2WwXqGo",AntiVax,0
Indonesia to Produce COVID Vaccine for Its Own Exclusive Use check out for more : https://t.co/pYuJ8Ny3MU https://t.co/PUmgViytnn,ProVax,1
"@user ..Worldwide, 11 COVID-19 vaccine candidates are currently in phase three trials, the final stage before regulatory approval. Four are Chinese. The most promising of these, developed by Wuhan-based Sinopharm, is already being given to frontline workers in the United Arab Emirate",Neutral,2
@user Love how he’s still taking credit for the vaccine when Pfizer wasn’t even part of Operation Warp Speed,Neutral,2
@user FIGHT AGAINST TYRANNY!!! The coronavirus vaccine is a NEW technology RNA vaccine. 👉👉🏽👉🏿 It LITERALLY changes your DNA!!!! 🙏🙏🙏🙏PLEASE do NOT take this vaccine. The Lord Jesus Christ created your unique individual DNA. Do not play God. 🙏✝️🙏,AntiVax,0
"@user A vaccine does not change the fact that you did nothing in the last year the virus has been circulating and killing thousands. The death toll could have been avoided in the US if you had put on hygiene measures just like all other countries did, including China.",Neutral,2
"@user Several states, including NY, are doing independent research concurrently with the FDA on Pfizers report. Keep in mind, the report from Pfizer indicates efficacy for only 7 days. We need a vaccine that lasts longer. The trial is not over and nowhere near ready for distribution.",ProVax,1
"First decide how to reduce covid19 and declare #vaccine will be available for all countries, even poor countries will get free vaccine. Provide @user fund. Under @user world leadership, Covid19 pandemic must be eradicated unitedly working together across the world. https://t.co/9TUYbpwKmZ",ProVax,1
Be careful about the Corona-Hype. As an example Novavax the vaccine manufacturer's stock has seen a massive rally over the past 20 years when global epidemics broke out (See Chart.) But it always ended with losses and once the hype settles a lot of Biotech stocks will collapse. https://t.co/7iPGS3MPJ7,Neutral,2
"Any vaccine suddenly being introduced, that too Chinese, is to be viewed with concern. Pfizer's timing is very suspect. When all the authoritative medical professionals told us that a vaccine is not going to be ready until next year, we assumed that to be true. Zero trust now. https://t.co/dp9zzloBFc",AntiVax,0
You may not have the answers but asking the right questions about COVID-19 & the vaccines will awaken you,ProVax,1
"@user Please do not pretend you all of the sudden care about saving lives!😡",Neutral,2
@user People who have been sick with covid donate blood to make the vaccine. So yes his blood and many others are the vaccine.,Neutral,2
I cried seeing the 1st covid vaccine happen today.,ProVax,1
Yup no thank you!!! How about a vaccine for cancer?? Amazing how we can find a bullshit vaccine for coronavirus that will cause cancer later in life.. fuck you,AntiVax,0
Good news today about a coronavirus vaccine should help you to expect more good news to come. https://t.co/NgXWDMiWZ4,ProVax,1
They want me to volunteer to give COVID vaccines in nursing homes... I don’t even trust nursing homes care to their patients & I don’t trust the vaccine. This is a lose lose.,AntiVax,0
@user Baffles me they would lead with “vaccine harms compensation program” - seems like terrible communications approach before the first shot is even given. And so removed from the reality of phase 3 results VS covid risk/infection reality #VaccinesWork #VaccinesSaveLives #COVID19,ProVax,1
DeSantis is telling his citizens that a second Pfizer vaccine isn't necessary.,ProVax,1
"@user Covid-19 is also altering your genes, better the vaccine which has had a trial of 40,000 people with no serious side effects than a virus which has killed hundreds of thousands worldwide.",ProVax,1
@user what's your take on the pfizer and moderna initial vaccine data?,ProVax,1
I can already hear y’all complaining about this vaccine 🥱 https://t.co/qXdSv1b6eN,ProVax,1
"@user There were meant to be stockpiles, but I heard these were mostly depleted by covid. Also, refrigeration for fresh stockpiles of drugs that need it could be needed for covid vaccines?",Neutral,2
Wantai's nasal spray COVID-19 vaccine to begin mid-stage trial in China https://t.co/YbGMbkKq9k https://t.co/PW44CsRZQP,Neutral,2
@user You said at the VP debate that you wouldn’t get a COVID vaccine developed under Trump yet I read you are getting it next week. What changed?,Neutral,2
@user Yea although the poorest countries won’t have the infrastructure ready to store the vaccine at -70. Hopefully more good news with the less temperamental one from Astra Zeneca.,ProVax,1
"While I understand the importance of coming up with a COVID vaccine, I will say this. I have seen a lot of people crapping on those individuals who wish to wait for before taking it and I think it is important to note that, for black people, that fear is justified. A thread",Neutral,2
@user Don’t bother me with this vaccine . You would have no chance administering this on me . I refuse . Over 70 percent will refuse . You are not going to solve the covid19 crisis with a vaccination .,AntiVax,0
Pretty ironic that it’s the makers of Viagra that have managed to unfuck the world 👍#coronavirus #vaccine,ProVax,1
"Fact:the world will be dealing with Covid 19 for a very long time, the only hope is a vaccine",ProVax,1
Quick! Find the vaccine for the COVID so we can experience that concert,ProVax,1
"@user does vaccine mean exposure to covid & resultant medical & contagious issues?. Do already infected need vaccine? With type of social distancing maintained, do we still need vaccine?? Yes, It does mean stimulus to healthcare sector provided stigma is downplayed",AntiVax,0
For this to qualify as a vaccine it would have to be tested for five years plus. And personally I ain't takin' nuthin' of this magnitude unless the drugs company itself has the guts to shoulder its liabilities. https://t.co/HNNI9DMwTv,AntiVax,0
"Seeing that a #Covid_19 vaccine isn’t likely to be found anytime soon, we can expect to be on some form of lockdown until 2021. That means no sport will be televised live, so people should consider downgrading their DSTv packages if fees don’t come down. Otherwise #DstvMustFall",ProVax,1
Pfizer and BioNTech’s Covid-19 vaccine found to be 90% effective - FT,Neutral,2
"Antivaxxers are willing to sell their souls to Trump, like he’s their god. 🤮 if you don’t vote for Biden, you’re voting for Trump. Wait til he demands we take the corona virus vaccine!",Neutral,2
"i understand people’s hesitation to receive a vaccine made in such a short period of time, but, man, fuck me up. i’m getting this as soon as the hospital has it available for staff. https://t.co/oKwOsYLd5k",ProVax,1
"Pfizer's Covid-19 vaccine is safe and effective, even after one dose, FDA says https://t.co/7M0c1pW8w3 via @user",ProVax,1
I do not think the people replying have read and understood the article. There's no way in hell I'm having that vaccine until proper due process has happened. Doesn't sound like much of that is happening. https://t.co/C0NiwhD7iW,AntiVax,0
@user And everyone there will need one... Look at the chin guards and shoulder to shoulder crowd!! #MaskOverNose #SixFeetApart !!!,Neutral,2
'A financial analyst recently told this paper that Pfizer’s involvement in the coronavirus pandemic was about “as much public relations as it is a financial return.”' https://t.co/5UjKSY34PF,Neutral,2
"Under @user leadership, we now have a vaccine for #COVID19 in under 1 year. No one can take that away. That’s a HUGE accomplishment.",ProVax,1
"Today, the Baker Administration released details of its plans to distribute the COVID-19 vaccine. 3 phases of distribution will prioritize healthcare workers, first responders, older adults, K-12 educators, and people with comorbidities. Learn more: https://t.co/E1IqgDZX0q",ProVax,1
"@user I won't take it as Covid19 survival rate is over 99.8% and fast-tracked vaccination won't be safe.. According to data from VAERS, more than 64,000 case reports of adverse events have been reported after individuals received fast-tracked Gardasil vaccine https://t.co/MJuaWvYx79",AntiVax,0
"Congrats to new Chief Digital Officers hired at @user Campaign, @user Signet Jewelers, and more! Also see who made the news. Learn more here: https://t.co/q8RVBQKVS0 #CDO #ChiefDigitalOfficer #Digital #JOBS https://t.co/8soiKFYlVc",Neutral,2
"Our governor, Bill Lee is an idiot. The Knoxville News-Sentinel: Tennessee schoolchildren won't be required to get a COVID-19 vaccine https://t.co/JMxsMZY99J",ProVax,1
"@user In your statistics include also the number of KEMRI scientists demoted or sacked. ""Fellow Kenyans, in the last 24 hours we have sacked 1 scientists who delayed results.."" On would think the results were positive results for Corona virus vaccine. Mshenzi!",Neutral,2
"Coronavirus Update There has been a soaring of Hope and a potential light at the end of a dark tunnel as a Covid-19 vaccine was announced yesterday. The announcement was made by the biopharmaceutical giant, Pfizer, https://t.co/CgQXXySSe0",ProVax,1
"Chinese pharmaceutical firm Sinovac Biotech on Tuesday stood by the safety of its Covid-19 vaccine after Brazilian regulators halted trials in the South American country citing an ""adverse incident"" involving a volunteer recipient. Here is China’s response. https://t.co/5VtXwQXY3b",Neutral,2
"The idiot who escaped to Hawaii whilst Australia burned has approved making a Covid19 vaccine “b4” trials are complete😡- Australia Coronavirus vaccine production begins in Australia before Oxford-AstraZeneca's products last stage of approval - ABC News https://t.co/51QKqyDJnx",AntiVax,0
The good news is two biotech firms just announced promising COVID vaccines and are asking for urgent FDA approval. The not as good news is Georgia lacks a plan to get a new vaccine to people most susceptible to the #coronavirus https://t.co/NZnpfx1MaS,ProVax,1
"they rushed that covid-19 vaccine out so quick, I wouldn’t dare take that shit",AntiVax,0
"Healthcare workers, uniformed personnel, as well as the poor will be among those to be prioritized in getting the COVID-19 vaccine once it is available, Health Secretary Francisco Duque III said. | @user https://t.co/Oz0IdPR4KR",Neutral,2
"via @user WHO chief urges vigilance as world waits for coronavirus vaccine: Ethiopian biologist Tedros Adhanom Ghebreyesus, who leads the World Health Organization, warned citizens to keep adhering to social distancing and mask-wearing rules in… https://t.co/InaMGp3bZS https://t.co/PHGwBB04sB",Neutral,2
"@user I don't even think we'll get herd-immunity at all not even with a vaccine, this is a Corona virus at the end of the day. We still haven't gotten herd-immunity with the other common cold virus.",Neutral,2
The EU has already requested 1 Million Doses of this new Pfizer vaccine! https://t.co/PnR3QnSg3A,Neutral,2
"In July, stock prices climbed higher as investors focused on COVID-19 vaccine progress and better-than-expected corporate earnings reports. https://t.co/pYYnlURxOh",Neutral,2
Here's the best roundup article on personal #coronavirus prevention; the vaccine is almost here; stay healthy until then... https://t.co/jU6H5s89Hg #CoronaVirusUpdates @user https://t.co/B0yRCkmYQQ,ProVax,1
"Vaccines don't always take 10 years to be produced. Alot of those years are spent doing nothing, waiting for approvals and money. If the Covid-19 vaccine is ready next year, I won't be surprised..",ProVax,1
#COVID19 vaccine breakthrough as Pfizer's claims that it's #vaccine 'prevents 90% of people from catching disease' Fingers crossed.,ProVax,1
"Lunatics are taking it way too far! Shill Marc Siegel (since Drs take an oath not to harm, he shouldn't be called Dr) wants kids to wear a yellow button if they have not had the COVID vaccine - ""No Hugs Please"" because they are untouchables. Very shameful https://t.co/b5xN7E7bQV",Neutral,2
The fuckin vaccine causes Inflammation around the spinal cord ...................why tf would you take it https://t.co/ofh97aq2m9,AntiVax,0
@user Well the old Pfizer shares will be rocketing up in value 💰💰💰💰,Neutral,2
"Reuters: Behind Pfizer's vaccine, an understated husband-and-wife 'dream team'. https://t.co/p5QTRt7dqA",Neutral,2
These are some companies that contribute to the insanity by advertising on Fox News Disney UniversalPics OscarMayer Nestle Kraft Heinz Hulu IHop RedLobster RubyTuesday GoldenCorral Arbys McDonalds Starbucks Procter&Gamble Tampax Always Sanofi Bayer Trivago Priceline Expedia GSK,Neutral,2
"Really? Amazing if true? ""The first coronavirus vaccine can prevent more than 90% of people from getting Covid-19"" 90% sterilizing immunity? @user https://t.co/MdImeHFlEp",ProVax,1
@user Headcock the only vaccine we need is one that protects us against you and the rest of this Government! #resign,AntiVax,0
"Brexit is not related to speed of Covid-19 vaccine delivery in UK, says health expert https://t.co/KYfO5b3uZj",Neutral,2
"The first Cheshire patient has received the Covid-19 vaccination. You will be invited to receive the vaccine when you are eligible. When invited, please attend the appointments. You can help by continuing to follow government guidance. #COVID19Vaccine https://t.co/uGxHfO1J52",ProVax,1
"Good news already: Biden Coronavirus Task Force named, plan posted on transition website AND a successful vaccine announced!",ProVax,1
"FDA Panel Approves Pfizer Vaccine For Nationwide Distribution https://t.co/4RAT93CXP3 #Pfizer, #FDA #coronavirusvaccine #covidvaccine https://t.co/Bd7m3VOfSx",ProVax,1
Renowned scientist tells Laura Ingraham the COVID-19 vaccine is 'downright dangerous' and will send you 'to your doom' - American Thinker https://t.co/itOGHHh21I,AntiVax,0
Great to see so many front line health care providers getting COVID vaccine all across the country!,ProVax,1
How scientists and health officials can address mistrust of a COVID-19 vaccine — and why it matters https://t.co/Q0FvxEDS5z via @user,Neutral,2
"BREAKING: North Carolina will get the Pfizer coronavirus vaccine after FDA approval, said Gov. Roy Cooper Tuesday. It will be free for everyone. https://t.co/mXXcdnPrDb",Neutral,2
Fuck you and your vaccine. But Grand Rising to all my beautiful melanated people who ain’t taking this shit 😎 https://t.co/wUcq8dFuIH,AntiVax,0
"@user Bless her, however I do hope this lady was able to give informed consent, & fully understood the indemnity policy given by Pfizer.",Neutral,2
"@user I'm sorry for your loss. Yes. It's not easy to watch someone minimize #Covid_19 , yet if a vaccine were perfected on his watch, he'd take a victory lap . https://t.co/OFGYNYyRuY",Neutral,2
"Countries need to plan for fast & equitable access to #COVID19 vaccine. This policy brief prescribes steps & actions to take to mobilize finance; facilitate regulatory approval; acquire, produce & deliver vaccines; & allocate fairly across populations. https://t.co/pg7TU6goCM",Neutral,2
"COVID Vaccine: 386 places identified for storage of vaccine, 3700 vaccinators to provide services for vaccination https://t.co/z75OLDRpzo via @user @user",ProVax,1
"Brent hits highest since March, spurred by coronavirus vaccine hopes https://t.co/YAyJFdcSVc",Neutral,2
"December historically has been a good month for stocks, but gains usually have occurred at the end of the month. We look at stocks, some high-profile IPOs, and more on COVID-19 vaccines. https://t.co/BUTMDzUqbX",Neutral,2
Here are the latest updates on the #Covid19 #vaccine front: https://t.co/LRciBPlJZy,Neutral,2
UHS receives approval from DHS to administer COVID-19 vaccine #news3now https://t.co/h7bWaNpu5V,ProVax,1
@user Distribution begins December 10th. Healthcare professionals and those who are an extremely vulnerable to Covid are 1st on the list. Anyone under 18 will not get the vaccine. But I do find it strange that they didn't mention teachers. Unless they decide to go to remote learning.,ProVax,1
"""There's never been a coronavirus vaccine!"" Yes because most previous coronaviruses have either been rare (SARS, MERS) or are very mild (a few common colds, but not the most common forms) so there's never been a major need for vaccine before",Neutral,2
Government under the leadership of PM @user launches ‘Mission COVID Suraksha’ to accelerate Vaccine Development with end-to-end focus. Take a look! #TransformingIndia #IndiaFightsCorona https://t.co/aCMHLZI05m,ProVax,1
Sir bharath biotech is likely to launch vaccine by August.Covid cases are increasing in Bangalore day by day.Even jee got postponed.If kcet counseling gets over before jee it may cause uncertainty in admissions .even kcet is held 2 shifts per day. #postponekcet2020,ProVax,1
"My immune system is running at 100% so far, without any assistance from a government sponsored vaccine. I think I'll truth myself and my fate to my god given protection. https://t.co/IyU58rv0KB",AntiVax,0
"Finally, some good news related to COVID-19 vaccine 👏🏼😅. Wait for me #Japan 😍",ProVax,1
@user What is Spanish-Cov19? There may or may not be a vaccine for COVID-19. No one wants to talk about that though because it means herd immunity and the deaths of millions are what will be required.,Neutral,2
More than half of FDNY say they'll refuse COVID-19 vaccine https://t.co/eU7UTOJZl0 via @user,Neutral,2
I wonder if they gon tell us the ingredients in the COVID-19 vaccine....,AntiVax,0
"Why I’m planning to get a COVID-19 RNA vaccine: low, mostly theoretical risks https://t.co/8d2vgjxuUq",ProVax,1
Tentative good news from Vaccine Developer Pfizer! This brief article summarizes how a vaccine is developed... https://t.co/nyfA0kU4QN,ProVax,1
@user He's coming off as an entitled Billionaire who cares more about his cars and money than he does about the health and lives of the common person.. COVID-19 isn't going anywhere. There's no cure/vaccine or treatment. Safety measures are mostly a joke,AntiVax,0
A double-blind #COVID19 #vaccination study with an effective rate of over 90%! This #vaccine could be an absolute game-changer across the world and bring us back to some level of #normality 😍 Fingers crossed 🤞 https://t.co/6eUflJuMTL,ProVax,1
I deadass don’t want a fucking vaccine I want this shit to go the fuck away https://t.co/kw8DtLcaDA,AntiVax,0
Covid-19 vaccine trial volunteer alleges side effects; DCGI and ethics committee probing matter; Serum Institute rejects charge | India News - Times of India https://t.co/kLdwjHrfNq,Neutral,2
@user But how? Isn’t Tr*mp’s fake ass science group still trying to catch up? Pfizer delivered. Tr*mp did not.,ProVax,1
"@user if you’re referring to the Pfizer vaccine, The Trump administration aka YOU get NO credit for this development. Pfizer did not want any politicization, so they chose to develop their vaccine independent warp speed. Easily fact checked. Quit lying.",Neutral,2
"@user If you were really intelligent, you'd understand that you can't mandate what people put into their body. The #COVID vaccine, for example. Heck, too many people won't even wear a damn face mask!",Neutral,2
UK has authorized AZ/Oxford vaccine. Importantly: UK is leading the way in taking a bold public health approach (vs individual health) to getting the population vaccinated - Prioritizing distribution of 1 dose & delaying dose 2 up to 12 weeks. 1/x https://t.co/ycRvQdzsaP,ProVax,1
@user That was Cuomo plan to kill as many elderly to get the numbers off to pull a pan demic off and people freely let these corrupt fuckers trample on our rights! I haven’t worn a mask yet! And I won’t! And I won’t get a vaccine for covid19 either! #Biteme,AntiVax,0
"Recently, I've been on Kara Marker Credle's podcast, Perspective2020, discussing the COVID-19 pandemic and recent vaccine development news. Check out the latter if you're burnt out on the bad COVID-19-related news and want to hear some good news! https://t.co/zFTqdfqO9e",Neutral,2
@user Don’t believe this. No way they made a coronavirus vaccine that is 90% effective. Do not spread this lie to the public or they will get careless. No vaccine was ever 90% effective! 30-50% at best. Then where is the cure for the common cold? HIV? Herpes? Cancer? Epstein Barr? Etc,AntiVax,0
"Good broader view on a possible vaccine, and on living with covid-19 forever https://t.co/1tAjRZor4N",Neutral,2
@user This is an hour well spent. You want to talk about a COVID vaccine? Yeah. Let's talk. https://t.co/ayzKAoyRSK,AntiVax,0
"A great ref here on the 000's of lives saved by vaccines in Ireland .and 000,000's worldwide...important facts at this point in time- from @user #vaccine #CovidVaccine",ProVax,1
"@user Oh I’m in the same boat as you, I’m just happy that progress is there. I need to see some side effects first. Like, yeah if I don’t catch the virus that’s great, but if it comes at the expense of my eyes bleeding green blood and my ears inverting I think I don’t want it.",AntiVax,0
Biden cheers vaccine progress but says masks remain a must https://t.co/1NuErd9FX6,Neutral,2
